video_id,channel_id,is_shorts,publish_time,views_3h,views_48h,subscriber_count_at_publish,effective_subscriber_count,min_abs_views_48h,viral_view_threshold_48h,audience_normalized_views_48h,viral_score_48h,is_viral_48h,viral_level_48h,growth_rate_48h
-2aB4AMQp_o,UCUyZxwyZWD0b22sthRIMYig,False,2026-05-29T08:20:35-07:00,726.0,970.0,40500.0,40500.0,200,20250.0,0.023950617283950617,-3.730755475856503,0,non_viral,1.3360881542699725
-33C4pGfikc,UC_f7ttDruDMot8fh0v7itzw,False,2026-05-29T12:03:16-07:00,111.0,119.0,1370.0,1370.0,200,685.0,0.08686131386861314,-2.4358039367802684,0,non_viral,1.072072072072072
-4obHL-lcIM,UCL9C44BZd_8hRa9OPMjIpMg,False,2026-05-09T10:48:45-07:00,366.0,1817.6022658304673,423000.0,423000.0,200,211500.0,0.004296932070521199,-5.449306322880583,0,non_viral,4.966126409372862
-7Kqq1s_jc8,UCaHvWPMrGgcd42waw4WYQ6w,False,2026-05-09T06:28:04-07:00,2114.7296137339054,18638.361018084393,687000.0,687000.0,200,343500.0,0.027130074262131577,-3.607060219301186,0,non_viral,8.81359058720291
-E8bGeQnVN4,UCAwVpzgGI9sEu4O4ZlB5ZWQ,False,2026-05-16T16:04:23-07:00,7486.557692307692,123470.0607826811,389000.0,389000.0,200,194500.0,0.3174037552254013,-1.1475751113460486,0,non_viral,16.492233928757997
-KB3GEOuc6o,UCkH1uDkyuO9sVjSqdqBygOg,False,2026-05-08T12:13:22-07:00,1748.8333333333333,17182.61265361857,1150000.0,1150000.0,200,575000.0,0.014941402307494408,-4.203561913956662,0,non_viral,9.825185926018433
-KbKF7i0RNI,UC_iyEDS9KWxboB-ZMOUDvMw,False,2026-05-18T01:17:40-07:00,29.0,648.0510460251047,112000.0,112000.0,200,56000.0,0.005786170053795578,-5.150751711846253,0,non_viral,22.346587793969128
-O9rx-mUlRc,UCQB0skuuxIbGjtsC0bCkCPg,False,2026-05-16T09:58:30-07:00,608.5454545454545,1126.0,18900000.0,18900000.0,200,9450000.0,5.9576719576719574e-05,-9.727358018900144,0,non_viral,1.8503137137735286
-OwWiqHLl68,UCCPio-KRsLJf4HSESixRjiw,True,2026-05-28T08:32:31-07:00,1.4150943396226423,2.0,314.0,1000.0,1000,1000.0,0.002,-5.81014249064711,0,non_viral,1.4133333333333324
-Pt4U1nsOwE,UCACRQnfs6_wOuX5ngWABkJg,False,2026-05-08T08:41:33-07:00,2636.0,9040.409556313993,41600.0,41600.0,200,20800.0,0.21731753741139406,-1.5263091188196753,0,non_viral,3.4295939136244282
-QznW4VHfqU,UCYWL3fexu3LiNpe6OKBsY3g,False,2026-05-17T23:21:01-07:00,18.0,57.0,12.0,1000.0,200,500.0,0.057,-2.8483117687688013,0,non_viral,3.1666666666666665
-VM0koZbzI8,UC8jr3VTOgwtvu-2Pq373k3g,False,2026-05-08T23:01:35-07:00,19402.076190476193,83287.99246158307,281000.0,281000.0,200,140500.0,0.296398549685349,-1.2160418309235066,0,non_viral,4.292736078547422
-XcKGwuswDs,UCr343bvrzu66OqJKbRzHQsQ,False,2026-05-17T09:10:00-07:00,36.0,92.37614678899082,5680.0,5680.0,200,2840.0,0.016263406124822327,-4.108246627637492,0,non_viral,2.5660040774719675
-ZcQwt9ulaw,UCjxsBstbtJbO-2ENavbQGhQ,False,2026-05-16T06:16:33-07:00,121.51485148514851,847.9866444073456,978.0,1000.0,200,500.0,0.8479866444073456,-0.16471132409657496,1,non_viral,6.978460937435175
-cLnxnB9J3c,UCkERgSJh3ZuH9PPg8CVLY1w,False,2026-05-29T06:15:06-07:00,10.297435897435895,199.0556038227628,11800.0,11800.0,200,5900.0,0.016869118968030745,-4.07734420560405,0,non_viral,19.33059897681213
-fDin9O4sjY,UCXnssuNZadEo3aZXEB4t72Q,False,2026-05-15T09:15:01-07:00,159.61165048543688,484.0,18500.0,18500.0,200,9250.0,0.02616216216216216,-3.641431172722119,0,non_viral,3.0323600973236013
-fe6GRejTf4,UCdNGHMQGglUXOLA8GCErH2w,False,2026-05-17T20:07:11-07:00,0.0,0.0,2.0,1000.0,200,500.0,0.0,-6.90875477931522,0,non_viral,0.0
-ihsoLu3tEQ,UCzWxqjXjzs0UGOI3At220hA,True,2026-05-17T20:00:00-07:00,374.0,485.0,43400.0,43400.0,1000,21700.0,0.011175115207373272,-4.492029137397206,0,non_viral,1.2967914438502675
-lONa6KUBf4,UCZXsCL1WTILfkPQrq9eOefQ,False,2026-05-14T08:01:36-07:00,4328.685714285714,15560.716306156406,118000.0,118000.0,200,59000.0,0.131870477170817,-2.0258792838864395,0,non_viral,3.5947900432693145
-ny7iccX7Y8,UCcCzh-DGFFkhDsMDvQgpvCg,False,2026-05-09T00:07:55-07:00,1156.4736842105265,5373.760806916426,452000.0,452000.0,200,226000.0,0.011888851342735457,-4.431970320234443,0,non_viral,4.6466779834984795
-reISarw2lk,UCt9bwX3_hGmMm-f4whzthcw,False,2026-05-29T10:18:27-07:00,44.32110091743118,65.0,806.0,1000.0,200,500.0,0.065,-2.7191000372887952,0,non_viral,1.4665700683088392
-xOsqmfrFWo,UCaqKXbtdWXgwlGDGnhvhYVA,False,2026-05-14T05:31:09-07:00,68.0,288.26855713094244,53800.0,53800.0,200,26900.0,0.005358151619534246,-5.225691813294393,0,non_viral,4.239243487219742
02XflykRIu8,UCPtMxMXEqzrlJAVwuo-oDDw,False,2026-05-16T11:36:15-07:00,2.0,5.0,397.0,1000.0,200,500.0,0.005,-5.116995310087166,0,non_viral,2.5
04me1Y64hj0,UCiWLfSweyRNmLpgEHekhoAg,False,2026-05-08T08:03:41-07:00,115616.12999999999,406457.60219646123,14300000.0,14300000.0,200,7150000.0,0.02842360854520708,-3.5605328019913074,0,non_viral,3.5155786843623056
06nT3AOrq9Y,UCMHNSahZp35u_qGTg0m1vNA,True,2026-05-16T06:15:00-07:00,29.118811881188122,159.3372287145242,1160.0,1160.0,1000,1000.0,0.13735967992631395,-1.9797577050385877,0,non_viral,5.471968752181891
07A6cjrNdc0,UCbxdaKZDeMf3D2gqMjmYFow,False,2026-05-08T08:36:30-07:00,130.66101694915255,308.8063781321184,16500.0,16500.0,200,8250.0,0.018715538068613237,-3.9752287484397097,0,non_viral,2.3634163068874026
0LB1j3yyh8k,UCtwfnch0AvUBQWNuiXBc7aA,False,2026-05-16T07:30:01-07:00,74.90196078431373,1352.0915903413822,2320.0,2320.0,200,1160.0,0.5827980992850785,-0.5396060861291838,1,non_viral,18.051484583091753
0MkvX3gkZXk,UCWY-Ki0awJxuYS9tofGdpHw,False,2026-05-29T09:57:32-07:00,3.0,8.0,4.0,1000.0,200,500.0,0.008,-4.711530201979,0,non_viral,2.6666666666666665
0N6fv0RjA8M,UCv4CLDX_aB4A8A8AyuR5xYQ,False,2026-05-10T03:47:55-07:00,196.0,1453.7173568281937,64800.0,64800.0,200,32400.0,0.02243390982759558,-3.7965094100601666,0,non_viral,7.416925289939764
0NdeFvU1WJw,UCMtL3F-DopdSVqHIS9mCqlQ,False,2026-05-14T12:49:16-07:00,2.0,21.0,60700.0,60700.0,200,30350.0,0.0003459637561779242,-7.92267299801815,0,non_viral,10.5
0PDpHpXaoC0,UCY-yVDTJWuwAq0R-0_EubQw,False,2026-05-30T04:07:48-07:00,22290.11320754717,22398.576470588236,124000.0,124000.0,200,62000.0,0.18063368121442125,-1.711247578969429,0,non_viral,1.0048659808064295
0RoH3tk8gYw,UCg8EwsqYmiw7G267xxPyXsg,False,2026-05-09T06:49:11-07:00,1464.0,3305.2388741881164,851000.0,851000.0,200,425500.0,0.0038839469731940263,-5.5506020521268855,0,non_viral,2.257676826631227
0TgRQcg-_cI,UCfbPQcdF5an7ui8bwwry1Cw,False,2026-05-09T08:57:46-07:00,470.1004366812226,1641.4103852596315,127000.0,127000.0,200,63500.0,0.012924491222516784,-4.348030050518854,0,non_viral,3.4916163806345915
0VEdu0dLUgE,UCo_eoras4bwDHz9E2eP9x7w,False,2026-05-16T02:00:05-07:00,3036.4077669902913,91061.04232365146,5180.0,5180.0,200,2590.0,17.579351799932713,2.866542970151615,1,super_viral,29.989727767661392
0WX4BwI5DZU,UCL0_NxCvkcXwZHpvqgMZY-A,False,2026-05-09T03:40:38-07:00,3546.3853211009173,6739.071251719395,1040000.0,1040000.0,200,520000.0,0.006479876203576341,-5.0389064573333595,0,non_viral,1.900264816578747
0ZKQg5dA3Gs,UCzp-utBxlCJRaPIvgyb37MA,False,2026-05-17T13:58:01-07:00,0.0,1.0,1040.0,1040.0,200,520.0,0.0009615384615384616,-6.254789888055024,0,non_viral,1.0
0_EN09gFQas,UCdS_NhHsjREaGuIbucS5rAA,False,2026-05-30T08:02:03-07:00,1.0,297.8827930174564,107000.0,107000.0,200,53500.0,0.0027839513366117417,-5.880541959251964,0,non_viral,297.8827930174564
0bRbs6xetv0,UCdVDU3XD3RqxL77phhxsGuA,False,2026-05-09T11:35:49-07:00,41751.0,46048.85314169891,6550.0,6550.0,200,3275.0,7.030359258274643,1.9501068638411478,1,super_viral,1.1029401245886066
0hXeawBjdjE,UCmorARX4_iz23iCYiXEeB1w,False,2026-05-29T16:04:15-07:00,16.0,84.42644628099174,52800.0,52800.0,200,26400.0,0.0015989857250187829,-6.426629680632508,0,non_viral,5.276652892561984
0iJzIglghEE,UCD1rbchGoEjBY1F5I1q48Dw,False,2026-05-08T18:42:56-07:00,297913.7692307692,1171706.8050555342,74200.0,74200.0,200,37100.0,15.791196833632537,2.759439998789267,1,super_viral,3.933040114530288
0nanDmZUc74,UCiN8U7U3TTx28SO4BtUt-aw,True,2026-05-28T06:30:09-07:00,0.0,0.0,1030.0,1030.0,1000,1000.0,0.0,-6.93828448401696,0,non_viral,0.0
0o5S8ojavws,UCZ9kMPP6vVQlNNz8bMaxNSg,False,2026-05-29T22:23:58-07:00,217.92384105960264,220.0,1240.0,1240.0,200,620.0,0.1774193548387097,-1.7255100836868547,0,non_viral,1.0095269931472506
0od8ZDF9Ntg,UCZxQdmgzby-iGjg1X4s564w,False,2026-05-15T11:09:43-07:00,5.0,13.0,4.0,1000.0,200,500.0,0.013,-4.269697449699962,0,non_viral,2.6
0oq2pv0sbow,UCFZivSxaFKJNb7O3UFREslw,False,2026-05-17T23:35:51-07:00,66.0,320.0,64300.0,64300.0,200,32150.0,0.004976671850699844,-5.299889339074296,0,non_viral,4.848484848484849
0qNRyUAczAs,UC9m70tRHsSNa6B-VW3g_yeg,False,2026-05-29T06:15:06-07:00,1.0,4.0,136.0,1000.0,200,500.0,0.004,-5.29931686688112,0,non_viral,4.0
0tGjIreazqY,UCMjCZM4l6qEUMrlc9pIfieQ,False,2026-05-16T21:09:02-07:00,1.0,1.0,39.0,1000.0,200,500.0,0.001,-6.215607598755275,0,non_viral,1.0
0tQ7DbLJY1g,UCNxBGANd7itrXCT-KiGSA-w,False,2026-05-09T07:48:58-07:00,7019.49173553719,27013.665901789813,168000.0,168000.0,200,84000.0,0.1607956303677965,-1.8275900316840925,0,non_viral,3.848379187488637
0ty5wKGzxLQ,UCByGc7P_siORkC1pum8T3_Q,False,2026-05-14T14:47:25-07:00,20.0,96.43421052631578,125000.0,125000.0,200,62500.0,0.0007714736842105263,-7.15689962983687,0,non_viral,4.821710526315789
0vSZ6JIAl2E,UCTQ-gSOpuLtgQarXw3XVmyQ,False,2026-05-14T00:12:10-07:00,12.0,154.4474123539232,4120000.0,4120000.0,200,2060000.0,3.7487236008233785e-05,-10.18505647384116,0,non_viral,12.870617696160267
0zgdED9TL6g,UCiekz-mXgiE3tiOFPa3baOQ,False,2026-05-14T17:30:02-07:00,0.0,8.0,602.0,1000.0,200,500.0,0.008,-4.711530201979,0,non_viral,8.0
10nA09n9gHI,UCS3Szm5r0bxP5TZrQkBjayg,True,2026-05-22T14:13:47-07:00,378.6600000000001,942.0,5740.0,5740.0,1000,2870.0,0.16411149825783972,-1.8063224075341795,0,non_viral,2.487719854222785
14LTB-gRhlU,UCueU-UlWO9yuXg2FRmeZnyw,False,2026-05-17T19:00:00-07:00,45.0,2636.559265442404,6790.0,6790.0,200,3395.0,0.38830033364394756,-0.9457442372720068,0,non_viral,58.590205898720086
14h19duHe-Y,UCIul30v9pU1JxKx6jlI7wBA,False,2026-05-08T15:42:51-07:00,239.9181818181818,702.0,201000.0,201000.0,200,100500.0,0.0034925373134328357,-5.65570827034255,0,non_viral,2.925997499147437
17djsS20gUQ,UCXjk9RSGtUWbll5iN_Fgmqw,False,2026-05-15T12:29:00-07:00,5.0,146.0,177000.0,177000.0,200,88500.0,0.0008248587570621468,-7.093478074478785,0,non_viral,29.2
1EQfmXpIVVI,UC8MkVDgX1CQMiFSHvU_lGAA,False,2026-05-10T04:00:01-07:00,23.0,3053.282352941176,6150.0,6150.0,200,3075.0,0.496468675274988,-0.7000700142190102,0,non_viral,132.75140664961637
1F5viyQTfa8,UCxgBOl_NSOut3hBgYQ7ibMw,False,2026-05-09T11:15:38-07:00,100562.52941176471,193268.2950379973,457000.0,457000.0,200,228500.0,0.4229065536936484,-0.8606010516349674,0,non_viral,1.9218718559339163
1HUzAwzlbUM,UC8RF3mIVGwKmRwbw5GEYaGQ,True,2026-05-16T19:28:11-07:00,1356.4455445544556,1912.1008333333332,160.0,1000.0,1000,1000.0,1.9121008333333331,0.6477258982672112,1,strong,1.4096406899706324
1Jumw0gDCIE,UCcwD5Szdd9qvAY6hDD9g21A,False,2026-05-17T00:39:52-07:00,30.0,62.0,476000.0,476000.0,200,238000.0,0.00013025210084033613,-8.930040507660152,0,non_viral,2.066666666666667
1KPpGkjDhL4,UCQcp58vT76rN_OD53k32Ing,False,2026-05-17T10:55:00-07:00,16.0,1485.1517931609676,610.0,1000.0,200,500.0,1.4851517931609677,0.39519058957537023,1,strong,92.82198707256047
1LJCJWEU0KQ,UCtdYQaGESiNB8TIB-hIkVJQ,False,2026-05-15T03:45:00-07:00,8.0,352.47284878863826,184.0,1000.0,200,500.0,0.35247284878863827,-1.0409481037497788,0,non_viral,44.05910609857978
1OeYrmUiPfw,UClF2w1SbxZRCSLwdCb5mmuA,False,2026-05-16T20:31:49-07:00,1085.6761904761906,7517.01001669449,22599.0,22599.0,200,11299.5,0.33262578064049253,-1.1006484287755445,0,non_viral,6.923804798000995
1XmWe1b8JMQ,UCGquK4W2oxYCnHCKYiqLYfw,True,2026-05-22T14:30:00-07:00,146.95,1322.922942206655,77300.0,77300.0,1000,38650.0,0.017114138967744566,-4.06710763704948,0,non_viral,9.002537885040185
1ZdQL8WeU70,UCWjems-9LdDPKzOANOQ2RQw,False,2026-05-14T03:45:01-07:00,5682.712871287128,141853.35,189000.0,189000.0,200,94500.0,0.7505468253968254,-0.28695147906958596,1,non_viral,24.962258909250572
1bfhulw01IU,UCqEadxYJJglGP-dA12cp-dg,False,2026-05-16T00:41:05-07:00,150.4368932038835,734.0,474.0,1000.0,200,500.0,0.734,-0.3088842801023839,1,non_viral,4.879122297515328
1cJPE1EcUfk,UC-Cl27-chwJ-Ofs4IBfHINg,False,2026-05-15T23:45:05-07:00,33.0,46.0,28.0,1000.0,200,500.0,0.046,-3.058607177605162,0,non_viral,1.393939393939394
1cRlVGFgGhw,UCZw_WaXzdyFwalUM1FGwyGw,False,2026-05-30T00:15:16-07:00,3155.0,3216.0,1020.0,1020.0,200,510.0,3.152941176470588,1.147666709074361,1,viral,1.0193343898573692
1kBYWkWgy74,UC5nwNW4KdC0SzrhF9BXEYOQ,False,2026-05-17T22:45:37-07:00,167.67000000000002,305.0,3270000.0,3270000.0,200,1635000.0,9.327217125382263e-05,-9.276715746731407,0,non_viral,1.8190493230750877
1ru-fmhDnEc,UCYUGo6ZfQZCTMrK9rMDijNQ,False,2026-05-08T23:11:34-07:00,10860.683673469388,43996.919137466306,1100000.0,1100000.0,200,550000.0,0.03999719921587846,-3.2189240274073256,0,non_viral,4.051026662800476
1tStsDJnCNw,UCn2mYERnrasqYZoFXRNpMIQ,False,2026-05-08T10:48:37-07:00,13992.349999999999,43355.0,36200.0,36200.0,200,18100.0,1.1976519337016576,0.1803583591939315,1,strong,3.0984788116363586
1tckviz4ags,UCdmwPkU7BOYoLmdN3lr-9Wg,False,2026-05-16T05:42:32-07:00,19.0,62.0,3100.0,3100.0,200,1550.0,0.02,-3.8963451927089165,0,non_viral,3.263157894736842
1uHy4uoq-dk,UCFqZSjDw9B1uGZnxD0NkJpQ,False,2026-05-20T02:44:32-07:00,11.0,25.861649070535655,529.0,1000.0,200,500.0,0.025861649070535654,-3.618055195073615,0,non_viral,2.3510590064123322
1ugzDx0uDUo,UCtvdpCqLj_cdc9dWIJclqDQ,False,2026-05-29T14:30:24-07:00,0.0,0.0,9.0,1000.0,200,500.0,0.0,-6.90875477931522,0,non_viral,0.0
211w6M2lc-o,UCP8Ds1SDPotydJC-H50pWjQ,False,2026-05-17T10:29:26-07:00,613.2330097087379,6391.578947368421,14800.0,14800.0,200,7400.0,0.43186344238975816,-0.8395569679491377,0,non_viral,10.422757493769254
2EuHi7Rv3Xk,UC44z-GFFGtFbFIY2UQsEFYg,False,2026-05-22T13:22:24-07:00,1.6972477064220175,6.612505504183179,1090.0,1090.0,200,545.0,0.006066518811177229,-4.965057629751907,0,non_viral,3.89601675651874
2LRT5TZ65wQ,UCZoPWdQSmy0OT0Zul-ArLng,False,2026-05-17T14:04:08-07:00,10.0,71.0,3650.0,3650.0,200,1825.0,0.019452054794520546,-3.9260902626395824,0,non_viral,7.1
2Ni5V2HrdRY,UCMS-Bl9e81xMdKjSItwKqDA,False,2026-05-29T12:00:07-07:00,0.0,2.0,4110.0,4110.0,200,2055.0,0.00048661800486618007,-7.222809298229769,0,non_viral,2.0
2NyUb2Ko7M8,UCIALMKvObZNtJ6AmdCLP7Lg,False,2026-05-22T11:47:45-07:00,403.23,1922.9868421052631,3160000.0,3160000.0,200,1580000.0,0.0006085401399067289,-7.403928109639102,0,non_viral,4.768957771260231
2PqvroC-mn4,UC3Y_we_V_TVptQ-wExHRpuQ,False,2026-05-18T05:00:21-07:00,1.0,7.0,12500.0,12500.0,200,6250.0,0.00056,-7.354122378410727,0,non_viral,7.0
2VsWgu3K9UE,UCHU233rZFGkYKHCca14ernw,True,2026-05-15T22:24:19-07:00,359.3333333333333,754.0,1070.0,1070.0,1000,1000.0,0.7046728971962617,-0.34963032119872395,0,non_viral,2.098330241187384
2WXKkNtMdwg,UCH4qURCnVhGFu0DECZbmcsQ,False,2026-05-29T20:04:50-07:00,255.0,1409.3868613138686,11200.0,11200.0,200,5600.0,0.1258381126173097,-2.0721390235458674,0,non_viral,5.527007299270073
2XOEpZjrx1k,UCeC9j-i1C5inM-bCTenVGTA,False,2026-05-16T05:51:00-07:00,81.49019607843138,438.30133555926545,2030.0,2030.0,200,1015.0,0.21591198796022928,-1.531097970404626,0,non_viral,5.378577505659898
2hqT5Wd7_0Y,UCBp86M0Lnb6tHK9Y-FJ6lbw,False,2026-05-18T01:30:01-07:00,8.0,93.36613844870725,19600.0,19600.0,200,9800.0,0.004763578492280982,-5.336153558396949,0,non_viral,11.670767306088406
2k23RhdxLpE,UCWM3hAGXUIgqsdEkTeUxATA,False,2026-05-09T11:25:36-07:00,60131.01444043322,205591.4586754242,784000.0,784000.0,200,392000.0,0.26223400341253084,-1.3385144425457423,0,non_viral,3.419058543891464
2rBRwRU1n88,UClgfG7uJqYxn5sJhN3IvNTw,False,2026-05-18T02:49:39-07:00,7.0,42.47666666666667,420.0,1000.0,200,500.0,0.04247666666666667,-3.1365303836011384,0,non_viral,6.068095238095238
2vyZT8w6HxA,UC90exWKwDEU4HQWaOC0PMyA,False,2026-05-29T10:00:08-07:00,1334.9764705882353,11075.640365448506,82500.0,82500.0,200,41250.0,0.13425018624786067,-2.0079719952542145,0,non_viral,8.296506050453614
2xzzDSGodxE,UCaStl8gORo5UnMkOxVMOsiw,False,2026-05-13T23:47:24-07:00,5.0,7.0,56.0,1000.0,200,500.0,0.007,-4.829313237635384,0,non_viral,1.4
2y0vCLqBLaY,UC5d9YUCgDdODjsx3iM_v0rQ,False,2026-05-17T00:00:22-07:00,8523.692307692307,50187.35880398671,551000.0,551000.0,200,275500.0,0.09108413576041145,-2.3959535205626565,0,non_viral,5.887983398778313
3-3-5RJxpUc,UCF4Q2gGmCjFucQyLgmTmjLg,False,2026-05-16T08:28:27-07:00,25.333333333333332,106.77185678601165,13300.0,13300.0,200,6650.0,0.00802795915684298,-4.815577943738187,0,non_viral,4.214678557342565
3-YQuY4OLdk,UCfoZumaOspNl--nEtSTUUWQ,False,2026-05-15T05:30:13-07:00,14.0,37.44925124792013,279.0,1000.0,200,500.0,0.03744925124792013,-3.2594155569492718,0,non_viral,2.6749465177085807
31Q5UibcrVU,UC996W_AaOWru7aWTC1FXelA,False,2026-05-14T02:30:05-07:00,15.0,93.90682196339435,1390.0,1390.0,200,695.0,0.06755886472186644,-2.684882603080955,0,non_viral,6.260454797559623
37mUc7TOt3k,UCozmwBf7ZVpIxwDYnlXihrg,False,2026-05-16T20:42:17-07:00,4.0,29.0,1110.0,1110.0,200,555.0,0.026126126126126126,-3.611818407977475,0,non_viral,7.25
38z07Cg5bF4,UCofLfAS4Eh_ShWbUXe3dwfQ,False,2026-05-15T03:30:01-07:00,1543.4141414141413,8423.585062240663,27599.0,27599.0,200,13799.5,0.3052134157846539,-1.186661548470159,0,non_viral,5.457760711277802
3C0vDv2VnKE,UCVlAuoyUrg0zTeMi70AW5tg,False,2026-05-14T15:00:04-07:00,16.0,135.0,410000.0,410000.0,200,205000.0,0.00032926829268292685,-8.011259991965854,0,non_viral,8.4375
3DfNNiqSq9E,UCx_vY4--R4XgUGUH-tRkRZg,False,2026-05-14T02:28:16-07:00,0.0,1.0,20.0,1000.0,200,500.0,0.001,-6.215607598755275,0,non_viral,1.0
3PIh9Kj8MVQ,UCFVQH7c09gAwNxsj-TiCsGA,False,2026-05-09T06:45:07-07:00,1630.3984962406014,17025.70528905289,145000.0,145000.0,200,72500.0,0.117418657165882,-2.1419576281079813,0,non_viral,10.442664985468909
3P_WEoJd7TA,UC8sYt4QHV6ZgOyL57ATacwQ,False,2026-05-08T07:40:24-07:00,1679.9126213592233,4242.557508597631,105000.0,105000.0,200,52500.0,0.04040530960569172,-3.2085679214243594,0,non_viral,2.525463202464044
3QfSJ4vK3ZE,UCbKOLQgbUXFHDqyC7N0cV1A,False,2026-05-14T18:52:03-07:00,0.0,0.0,34.0,1000.0,200,500.0,0.0,-6.90875477931522,0,non_viral,0.0
3YzfCmUnkbQ,UCFsNxYnUEs4tcqyddJhW43g,False,2026-05-14T03:30:01-07:00,5990.7040816326535,27265.361596009974,1500000.0,1500000.0,200,750000.0,0.018176907730673316,-4.007567287289136,0,non_viral,4.551278317953457
3dOq66WEagM,UCX-1WtlMZiQ0Vjtm3fWkUIA,False,2026-05-29T12:09:02-07:00,607.0,613.0,14400.0,14400.0,200,7200.0,0.042569444444444444,-3.155057999450241,0,non_viral,1.0098846787479407
3hekEBFQj9M,UCGSjbWFiT63Cd5UFl92dCLA,False,2026-05-18T00:09:36-07:00,5.0,38.471177944862156,540.0,1000.0,200,500.0,0.038471177944862156,-3.233184046030503,0,non_viral,7.694235588972431
3qeanANTEJs,UC6yZJ2PRzZf-8sja50wZcDQ,False,2026-05-14T22:23:20-07:00,29.0,174.0,67.0,1000.0,200,500.0,0.174,-1.743968805391706,0,non_viral,6.0
3rgobrOLWjo,UCMTFcOaJlwRjVNoSoS9D2Vg,False,2026-05-16T13:12:34-07:00,27197.22680412371,264714.8835274542,348000.0,348000.0,200,174000.0,0.7606749526650983,-0.2735482401302729,1,non_viral,9.733157186721607
3urPfk-8l9g,UCRN5ho3UGhUi7ZCBe2G2f2w,False,2026-05-08T12:27:34-07:00,59141.45454545456,192640.21359223302,1480000.0,1480000.0,200,740000.0,0.13016230648123853,-2.038968580539427,0,non_viral,3.2572789268173112
42MzuDFf6oE,UCQa62kyOcsyhVUqyvRCbDNQ,False,2026-05-08T13:01:31-07:00,12818.67032967033,51490.523600439075,584000.0,584000.0,200,292000.0,0.08816870479527239,-2.4284854913150404,0,non_viral,4.016838117855185
42homDOA7FI,UCCT1gJcViDf7pc71gzQh96g,False,2026-05-17T02:14:31-07:00,0.0,0.0,3.0,1000.0,200,500.0,0.0,-6.90875477931522,0,non_viral,0.0
49QcHrpAy1w,UC9DWR5r56dXZL1SYmUiUc2w,False,2026-05-08T09:27:35-07:00,7.3636363636363615,52.0,12600.0,12600.0,200,6300.0,0.004126984126984127,-5.471239541317571,0,non_viral,7.0617283950617304
4A6Rv9h2nd8,UC-ourMUBLQ1HIBmdVk1Wnfw,False,2026-05-17T05:52:03-07:00,21.0,400.0,1190.0,1190.0,200,595.0,0.33613445378151263,-1.0885871420487305,0,non_viral,19.047619047619047
4Are80fai3Q,UCGob03avAePOE8IUgdUgFjw,False,2026-05-29T09:58:58-07:00,24.0,339.0,287.0,1000.0,200,500.0,0.339,-1.079809161705013,0,non_viral,14.125
4CAdOte2zfA,UCmbagenu_49x_Mzb_-L3DVA,False,2026-05-08T08:59:03-07:00,83807.05555555555,177958.0,94000.0,94000.0,200,47000.0,1.8931702127659575,0.6382477661704851,1,strong,2.1234250364759797
4G8MT-z3p38,UC7tdFNggH_jwjJTDWqYelmA,False,2026-05-08T18:13:08-07:00,773.8469387755101,5589.355816226785,897000.0,897000.0,200,448500.0,0.006231165904377686,-5.078014039467384,0,non_viral,7.222818281184975
4GfAlNQzSZY,UC0knkah4oFeAO04PIQJtpRA,False,2026-05-14T07:00:14-07:00,50.932038834951456,2781.3504983388702,5240.0,5240.0,200,2620.0,0.5307920798356622,-0.6332162463542019,1,non_viral,54.6090547710453
4HfDCUaejOU,UChb0JSDGfsffclCj_VfgyMA,False,2026-05-18T05:30:04-07:00,16.0,159.0,633000.0,633000.0,200,316500.0,0.00025118483412322275,-8.28305346567007,0,non_viral,9.9375
4HiWCyangL4,UCvn82nqgEHedjvCzUlqnRnQ,False,2026-05-14T21:49:22-07:00,4.0,26.0,1400.0,1400.0,200,700.0,0.018571428571428572,-3.9491046803326775,0,non_viral,6.5
4IPHM5okEws,UCvwSFmIsQD_SayT9SCVhuvw,False,2026-05-15T05:30:05-07:00,21.0,1394.5217391304348,20500.0,20500.0,200,10250.0,0.0680254506892895,-2.6872053135470084,0,non_viral,66.40579710144928
4K3ik2hdZy4,UCBL4UfY_tDWNuZEKmoojzzA,False,2026-05-16T10:45:02-07:00,10.0,69.0,28.0,1000.0,200,500.0,0.069,-2.660259537265861,0,non_viral,6.9
4PB6PiqVxpk,UCzN1t92i_2F8oMryBeH1IJg,False,2026-05-14T13:29:54-07:00,4248.839999999999,29734.193011647254,31900.0,31900.0,200,15950.0,0.9321063640014813,-0.0703060630650878,1,non_viral,6.998190803053836
4R0qSGF2D6k,UCIPCtQv7G-fauKBpSP_3_Jw,False,2026-05-08T12:12:50-07:00,115551.59999999998,328986.0,66600.0,66600.0,200,33300.0,4.93972972972973,1.59729864385824,1,viral,2.8470916889078133
4SM8neoPbGk,UC1wRdPJoILdc0VTw8RZ5Blg,True,2026-05-16T17:20:20-07:00,504.55102040816325,919.5594347464671,729.0,1000.0,1000,1000.0,0.9195594347464671,-0.08377321283246086,0,non_viral,1.8225301258980258
4V8dJkDXFiY,UCpu3bemTQwAU8PqM4kJdoEQ,False,2026-05-19T23:05:22-07:00,399.4848484848485,878.8060086918183,3220000.0,3220000.0,200,1610000.0,0.0002729211207117448,-8.205190789577182,0,non_viral,2.1998481595107338
4W8C8SWs-ts,UClVDsSmadr_pCTJFrQIXPcw,True,2026-05-17T19:09:12-07:00,56.0,134.0,2380.0,2380.0,1000,1190.0,0.05630252100840336,-2.870001068048433,0,non_viral,2.392857142857143
4ZHV0VPLuC8,UCF4Wxdo3inmxP-Y59wXDsFw,False,2026-05-16T15:07:13-07:00,2150.5,5484.0,6170000.0,6170000.0,200,3085000.0,0.0008888168557536467,-7.02543718524678,0,non_viral,2.5501046268309695
4iQ25Dtw1Kc,UCCQvP4hsRW9emj0meGk15jg,False,2026-05-17T02:49:39-07:00,180.42268041237114,603.0,1030000.0,1030000.0,200,515000.0,0.0005854368932038835,-7.441496133144319,0,non_viral,3.342151877035598
4jJFv-rDj_Y,UCyfOVVBDfkHARtam2Zlo6sQ,True,2026-05-16T17:28:10-07:00,8309.242424242424,54285.647547797176,96000.0,96000.0,1000,48000.0,0.5654754952895539,-0.5700803128929586,1,non_viral,6.5331644903532275
4kDz-VuuQCM,UCirE2xLmVE5i8xSi_7bpvsA,False,2026-05-15T21:39:18-07:00,1394.093023255814,10013.078792958928,30500.0,30500.0,200,15250.0,0.32829766534291566,-1.1137674878040347,0,non_viral,7.182504055270308
4oJZ5Drxa88,UChwh1KpZf0Y5KsmaCCMSt6A,False,2026-05-29T10:13:46-07:00,14458.018348623853,18469.183486238533,542000.0,542000.0,200,271000.0,0.034075984291953014,-3.3791101180098835,0,non_viral,1.2774353331759654
4pzBkrec_Qk,UCJUBaGbM9SU9sHAHov8JKUA,False,2026-05-17T01:00:04-07:00,599.4313725490197,4467.080231596361,6070.0,6070.0,200,3035.0,0.7359275505101089,-0.3065644981651534,1,non_viral,7.452196258264839
4y-787PoFvg,UCWjeQjXU-wUddMeeEtHnL3A,False,2026-05-15T18:15:00-07:00,8.0,37.4675540765391,4130.0,4130.0,200,2065.0,0.009072046991898088,-4.676459652676234,0,non_viral,4.683444259567388
4z9JCabjhCw,UCxQfUu6vIJGZDODSwhr0m9w,False,2026-05-08T15:54:21-07:00,7105.967741935484,112523.00678294574,437000.0,437000.0,200,218500.0,0.25748971803877746,-1.3567688909170137,0,non_viral,15.835001068031495
51iONaGlY4o,UCF4Wxdo3inmxP-Y59wXDsFw,False,2026-05-09T02:37:07-07:00,32258.59292035398,123426.92043489004,6160000.0,6160000.0,200,3080000.0,0.020036837732936696,-3.9101748733847437,0,non_viral,3.8261718587549494
54EzS8shBVc,UChqUTb7kYRX8-EiaN3XFrSQ,False,2026-05-09T06:27:01-07:00,2329.2615384615387,5409.040229885058,4190000.0,4190000.0,200,2095000.0,0.0012909403889940472,-6.652199722540939,0,non_viral,2.3222124869059106
57lqHEFncSA,UCc2ts-DfbbtEFPYs-lSyLzA,False,2026-05-15T04:57:49-07:00,4.0,17.0,30.0,1000.0,200,500.0,0.017,-4.018383021419056,0,non_viral,4.25
5DwN7_azqVk,UCVDUN_yGSR_u-pV0n2kGhkw,False,2026-05-15T20:02:58-07:00,2619.9207920792082,16902.485049833886,96199.0,96199.0,200,48099.5,0.17570333423251683,-1.7389095410357207,0,non_viral,6.451525214401547
5LUvKH4od_E,UCgbOZAAoWN47WlHTvW1jmIg,False,2026-05-18T01:00:09-07:00,0.0,6.0,1170.0,1170.0,200,585.0,0.005128205128205128,-5.119703214542404,0,non_viral,6.0
5R-kfcLdx7Y,UCL0MLmvpoOr5G5bVqra8bEw,False,2026-05-17T04:30:38-07:00,454.28000000000003,1425.0,25000.0,25000.0,200,12500.0,0.057,-2.864042502076118,0,non_viral,3.1368319098353434
5TTETZfWUHE,UCFpSCG6dMtSDkrFsXorfs8g,False,2026-05-08T18:21:06-07:00,262292.25925925927,271898.14113997674,188000.0,188000.0,200,94000.0,1.4462667081913656,0.3689839109337818,1,strong,1.0366228187894126
5TssANqdlL8,UCF2e8f4ifh-_tzKRDqS4Wzg,False,2026-05-08T10:01:52-07:00,4247824.907563025,4672429.758333334,328000.0,328000.0,200,164000.0,14.24521267784553,2.6564180630836525,1,super_viral,1.0999581809538153
5UN26sbZA3o,UClErHbdZKUnD1NyIUeQWvuQ,False,2026-05-29T14:00:35-07:00,14128.0,64069.56596091205,1170000.0,1170000.0,200,585000.0,0.05476031278710432,-2.9047748134027405,0,non_viral,4.534935303009063
5UitcA4AU2U,UCldrSaTYnKUT1log9DaxvMg,False,2026-05-16T01:12:48-07:00,299.84375,2158.5,137000.0,137000.0,200,68500.0,0.015755474452554746,-4.150111511652939,0,non_viral,7.198749348619073
5UkBS1sikjc,UCAurjT2-IhXlPq-i9XgiseA,False,2026-05-16T11:24:40-07:00,1604.9611650485438,19292.835833333334,29900.0,29900.0,200,14950.0,0.6452453455964325,-0.43810626663136,1,non_viral,12.020749319968624
5V-AlD3G558,UCTMvYiNa1DQ8xt-eHj54XEg,False,2026-05-16T03:36:23-07:00,112.92156862745098,424.1465445462115,19700.0,19700.0,200,9850.0,0.021530281449046267,-3.8359907546712444,0,non_viral,3.7561163000272244
5c8h7VostFo,UCrtWuoUi3W7BTfVF8eEi0fw,False,2026-05-29T10:15:26-07:00,4.0,10.0,2530.0,2530.0,200,1265.0,0.003952569169960474,-5.4384744877467535,0,non_viral,2.5
5dS_qiIqeSE,UCzA0UZ94LKPzphQm-_1azYQ,False,2026-05-16T11:06:02-07:00,0.0,3.0,143.0,1000.0,200,500.0,0.003,-5.52246041819533,0,non_viral,3.0
5feuR6KpIYk,UCDF4emIFpwyaCEAr7MaWa3A,False,2026-05-22T10:05:15-07:00,0.0,0.0,1610.0,1610.0,200,805.0,0.0,-7.384610383176974,0,non_viral,0.0
5no06QiBjrg,UCKMh2p72n733ReD2uI-iUUg,False,2026-05-10T04:12:47-07:00,10252.0,64380.89140271493,193000.0,193000.0,200,96500.0,0.3335797482005955,-1.0978629660682913,0,non_viral,6.2798372417786705
5p8h-XE5GZE,UCQSVGDOQ8oppjzitV4h75Zw,True,2026-05-14T18:57:42-07:00,485.0,666.4874791318865,31900.0,31900.0,1000,15950.0,0.02089302442419707,-3.866872004000359,0,non_viral,1.374200987900797
5pr7KezC2fE,UCkgzZvqIZMq0BoGLtiTQkWQ,False,2026-05-22T08:30:02-07:00,341.6019417475728,1532.0525139664805,38200.0,38200.0,200,19100.0,0.040106086753049226,-3.2156008382915005,0,non_viral,4.484905753546895
5r-JkHx-ry4,UCetMicrNjXa_Pev2pjl-Vjw,False,2026-05-08T14:29:48-07:00,4801.5,15618.0964840556,40800.0,40800.0,200,20400.0,0.38279648245234316,-0.9602122917055116,0,non_viral,3.252753615340123
5vJo1EaUKaM,UCTB5ZO9efycqRA9fUFtb90w,False,2026-05-30T18:00:25-07:00,60.0,835.2092228864219,16000.0,16000.0,200,8000.0,0.05220057643040137,-2.951527650885085,0,non_viral,13.920153714773699
5w3hJLbL-Ps,UCiWLfSweyRNmLpgEHekhoAg,False,2026-05-08T22:22:03-07:00,24793.130081300813,168575.5140997831,14300000.0,14300000.0,200,7150000.0,0.011788497489495321,-4.440625149840182,0,non_viral,6.799283250924584
62oISQdtuF8,UCLokbPMY7AVM8cTxo4AQ88g,False,2026-05-18T01:32:40-07:00,2937.1134020618556,18932.83486238532,273000.0,273000.0,200,136500.0,0.06935104345196087,-2.6685249322632583,0,non_viral,6.446068731665061
67oRmKG3CuM,UCgUcR0bvoIiIXrPtFBPI1bQ,False,2026-05-29T12:16:57-07:00,21214.0,21224.0,935.0,1000.0,200,500.0,21.224,3.0541802318643274,1,super_viral,1.0004713868200246
6AtVBa0Ovzs,UC32TdiIsh_5X8tKr_9rKQyA,False,2026-05-14T05:02:27-07:00,5495.346534653466,13020.8745819398,10400000.0,10400000.0,200,5200000.0,0.0012520071713403654,-6.682930577759079,0,non_viral,2.3694364859123285
6AtcJlCTU-0,UCQGICCCbbn1WNTFWDIKZXpw,False,2026-05-29T14:14:42-07:00,1420.0,1439.0,2550.0,2550.0,200,1275.0,0.5643137254901961,-0.5718423255717644,1,non_viral,1.013380281690141
6BMM1BvmO4E,UClnXPmCfQZL0PKcg_8IpQFA,False,2026-05-14T11:39:55-07:00,5.0,21.0,572.0,1000.0,200,500.0,0.021,-3.8177123259569044,0,non_viral,4.2
6Bl5tZaXoFY,UCCavMoR-AufFuJcrsNbMKZQ,False,2026-05-17T17:00:06-07:00,11.0,13.0,7.0,1000.0,200,500.0,0.013,-4.269697449699962,0,non_viral,1.1818181818181819
6D3i43S-FaM,UCXDG9ue-emCN8Ad3h7lERqQ,False,2026-05-09T04:19:43-07:00,28192.653225806454,124355.58044164038,5160000.0,5160000.0,200,2580000.0,0.024099918690240384,-3.725538964714355,0,non_viral,4.410921506593432
6EuX1QgPczM,UCzrM6rupTQYNFGmJA9qfxtg,False,2026-05-18T04:00:15-07:00,0.0,0.0,39.0,1000.0,200,500.0,0.0,-6.90875477931522,0,non_viral,0.0
6NOpT5YCA4U,UCK1ejENR4sra6wiCJgOuUOg,False,2026-05-09T06:47:50-07:00,3749.5390625,7774.927675988428,61000.0,61000.0,200,30500.0,0.12745783075390865,-2.0598574912940926,0,non_viral,2.0735689231103795
6RXaSRXlEgM,UCM_Qka_P2Sjyy6zlKR-UWcw,False,2026-05-15T18:03:25-07:00,0.0,2.0,32.0,1000.0,200,500.0,0.002,-5.81014249064711,0,non_viral,2.0
6VwYPUaG8h8,UCcghzc-SdAJCKkbAPY1gacQ,False,2026-05-18T05:09:49-07:00,2.447916666666667,10.0,3.0,1000.0,200,500.0,0.01,-4.51085950651685,0,non_viral,4.085106382978723
6e3GFUkGzPg,UC4dz9pBMw3XySCH2W9T1sKQ,True,2026-05-15T19:16:48-07:00,1291.1941747572814,2615.2982456140353,876.0,1000.0,1000,1000.0,2.6152982456140355,0.9607609350256672,1,viral,2.0254879527362015
6iE2ak1cYnk,UCm9eG-APwbd7BAH0w7DNMBw,False,2026-05-16T03:30:05-07:00,4.505154639175258,48.477861319966586,1120.0,1120.0,200,560.0,0.043283804749970164,-3.1204510996031467,0,non_viral,10.760532146537205
6nvIGyp1ccw,UCiwt1aanVMoPYUt_CQYCPQg,False,2026-05-09T04:03:21-07:00,2114.5,6025.871794871795,1500000.0,1500000.0,200,750000.0,0.004017247863247864,-5.516992951280361,0,non_viral,2.8497856679459894
6nzZpGLg1o4,UC0AhdnL4UoseFVCsAL2X59A,False,2026-05-29T10:06:18-07:00,232888.0,233433.0,73800.0,73800.0,200,36900.0,3.163048780487805,1.1515271002580505,1,viral,1.0023401806877126
6oKdexMqWo0,UC2VmWn8dAqkzlQqvy02E1PA,False,2026-05-08T21:52:59-07:00,3062.554347826087,6973.910313901345,1460000.0,1460000.0,200,730000.0,0.004776650899932428,-5.343872930230921,0,non_viral,2.277154793628946
6p8YVRpstDQ,UC4obW4vyfduB2RPSp_JEc-Q,False,2026-05-29T10:03:32-07:00,0.0,16.86783042394015,5260.0,5260.0,200,2630.0,0.00320681186766923,-5.685074488775103,0,non_viral,16.86783042394015
6rJu4377LBE,UCRf7ceEvA0nEfyHPpvQ1E9A,False,2026-05-14T01:39:48-07:00,27.0,118.93023255813954,12400.0,12400.0,200,6200.0,0.009591147786946736,-4.638622215145376,0,non_viral,4.404823428079242
6vN3iHetLy0,UCWGXle5lMVN2_Gol7d7ehLg,False,2026-05-29T14:06:13-07:00,33717.0,35368.407258064515,47900.0,47900.0,200,23950.0,0.7383801097717018,-0.3032891362731487,1,non_viral,1.0489784754890563
6znjO6P_hEQ,UCbLj9QP9FAaHs_647QckGtg,False,2026-05-08T14:40:11-07:00,67814.66666666667,125860.14109206856,1930000.0,1930000.0,200,965000.0,0.06521250833785935,-2.730096555615832,0,non_viral,1.8559427816804903
74emaeQZjHM,UC0-ZCUCeCQBwKU15x0Aqk_g,False,2026-05-09T07:02:49-07:00,9115.268398268398,40840.19594912859,111000.0,111000.0,200,55500.0,0.3679296932353927,-0.9998479336439949,0,non_viral,4.480416172593106
792f8VRoqC0,UCiJQI_jFpNglw-sewLg5wPw,False,2026-05-29T12:00:11-07:00,0.0,24.0,112.0,1000.0,200,500.0,0.024,-3.68987895444702,0,non_viral,24.0
7AxUV0LYSFg,UCjqChZEeAlIB20UHEFMaeDA,False,2026-05-14T16:47:10-07:00,115.74257425742574,171.0,85399.0,85399.0,200,42699.5,0.0020023653672759634,-6.207606902963208,0,non_viral,1.4774165953806673
7BXTchOcHgk,UCgvTaPH-oBCAXaK0Vf5izcA,False,2026-05-29T12:09:03-07:00,16215.0,16349.0,548000.0,548000.0,200,274000.0,0.029833941605839416,-3.512049214420607,0,non_viral,1.008263953129818
7EHN1Rr536k,UCigy5sqeCgpDUcCPLD9alCQ,False,2026-05-17T22:08:47-07:00,4.0,52.0,154.0,1000.0,200,500.0,0.052,-2.9384628657630985,0,non_viral,13.0
7Eyx5qfiUQ0,UC-s_P2faPNf4yUG5mID9Nkw,False,2026-05-08T19:00:08-07:00,7019.85046728972,52478.711218836565,292000.0,292000.0,200,146000.0,0.17972161376313892,-1.7163305849891088,0,non_viral,7.475759129538548
7HEHu70YFAs,UC7_WiJnJxpm4MRNesRttzWg,False,2026-05-16T12:01:10-07:00,4802.0990099009905,31176.988304093567,1460000.0,1460000.0,200,730000.0,0.021354101578146278,-3.8464800568765476,0,non_viral,6.49236682538463
7KKQ9L-NoKo,UCNngyMNoVYWlfeBnQ2BChuA,False,2026-05-29T14:00:06-07:00,0.0,1.0,5.0,1000.0,200,500.0,0.001,-6.215607598755275,0,non_viral,1.0
7KN4FphRgpM,UCTHaNTsP7hsVgBxARZTuajw,False,2026-05-08T13:38:37-07:00,52782.57894736842,66563.48837209302,3040000.0,3040000.0,200,1520000.0,0.021895884332925337,-3.8214418956332086,0,non_viral,1.2610882169752655
7M8UboFsGNU,UC200tQ-6EVm-7FlaG7mzc-A,False,2026-05-29T19:59:21-07:00,1.0,59.0,3.0,1000.0,200,500.0,0.059,-2.81441021709312,0,non_viral,59.0
7PCIJryxbyA,UCmWg7OveYpVObrhjnJ1ihcA,False,2026-05-09T12:27:12-07:00,85284.0,319471.29029571015,63900.0,63900.0,200,31950.0,4.999550708853054,1.609335531004227,1,viral,3.7459698219561717
7PbYX0koD0A,UCwMx9TEXIOWHKh9ujxVHcWA,False,2026-05-17T01:12:11-07:00,2089.3564356435645,7330.0,74700.0,74700.0,200,37350.0,0.09812583668005355,-2.321381546688576,0,non_viral,3.508257315483947
7RS1NwHwnQo,UCwt0ewpvGxPe6GPq0jjJHiw,False,2026-05-16T02:09:39-07:00,0.0,0.0,103.0,1000.0,200,500.0,0.0,-6.90875477931522,0,non_viral,0.0
7TC8SO_tlfU,UCy2h-yNK9OF1kXDtT3AlF3Q,False,2026-05-22T11:11:13-07:00,2015.265306122449,11700.241787122208,153000.0,153000.0,200,76500.0,0.0764721685432824,-2.570749485495597,0,non_viral,5.805807181603559
7WvnMlvQ-IU,UCwgjjrddvYwdSdM0WkIk8cA,False,2026-05-14T08:05:00-07:00,646.75,8997.668053244593,57500.0,57500.0,200,28750.0,0.1564811835346886,-1.8547257666563457,0,non_viral,13.91212687011147
7_xTxKh8DEI,UCFmODKUuOEFh7-67cgCuAcQ,False,2026-05-14T03:15:00-07:00,1.0,13.0,9750.0,9750.0,200,4875.0,0.0013333333333333333,-6.54606779321986,0,non_viral,13.0
7dc9t_jXvkE,UCVgIcndDxhQoiAGizJyl3Yw,False,2026-05-14T12:00:05-07:00,17.757575757575758,130.0,323000.0,323000.0,200,161500.0,0.00040247678018575853,-7.810213374974083,0,non_viral,7.320819112627986
7dksMZCD1c0,UCuw_9BO3ufgtLJEiWoa5drQ,False,2026-05-14T03:30:03-07:00,11.0,70.0,7950.0,7950.0,200,3975.0,0.00880503144654088,-4.718373108860168,0,non_viral,6.363636363636363
7j8XWQxSSyQ,UCR6h55qFLd9qqURLL-wT3Nw,False,2026-05-16T22:54:02-07:00,22.0,106.0,9070.0,9070.0,200,4535.0,0.011686879823594266,-4.440008956153039,0,non_viral,4.818181818181818
7n6BQcIVTNc,UC6wvdADTJ88OfIbJYIpAaDA,False,2026-05-08T09:07:42-07:00,252782.0224719101,336282.4755011136,1180000.0,1180000.0,200,590000.0,0.2849851487297573,-1.255316083562592,0,non_viral,1.330325915635406
7o2kAeiRoQQ,UCjVhOIN6edw8wwfyZdMAJ2w,False,2026-05-17T20:09:37-07:00,86.94897959183675,691.7154742096506,474.0,1000.0,200,500.0,0.6917154742096505,-0.3681354355587638,1,non_viral,7.955417964152769
7oV224xswsI,UCDv34dflHZW14oUGxD6_5MQ,False,2026-05-17T21:56:02-07:00,0.0,0.0,4.0,1000.0,200,500.0,0.0,-6.90875477931522,0,non_viral,0.0
7oZ6Ta3DLHY,UCRS9U6EHMuTZDwzE1q45Cjw,False,2026-05-17T02:30:32-07:00,5.0,18.952539550374684,765.0,1000.0,200,500.0,0.018952539550374684,-3.915398348322636,0,non_viral,3.790507910074937
7slJJa3WjhQ,UCjXB7nX8bL2U2sje8d212Yw,False,2026-05-08T14:55:56-07:00,7764.825242718447,18481.167575993764,1930000.0,1930000.0,200,965000.0,0.009575734495333556,-4.648469447625013,0,non_viral,2.3801137821259646
7t0t87YAK-c,UCZxvapumXPegrpYWJUUbfsg,False,2026-05-10T04:00:11-07:00,0.0,44.0,45.0,1000.0,200,500.0,0.044,-3.102092289544901,0,non_viral,44.0
7whq5gdiYCI,UCC0LsAq7SZ7kkPMvRtqlZ7w,False,2026-05-14T00:46:29-07:00,0.0,1.0,69.0,1000.0,200,500.0,0.001,-6.215607598755275,0,non_viral,1.0
7yveQ0NQJVk,UCu1NQkTG2eQjuIDg2HkKKTg,False,2026-05-29T08:11:30-07:00,16.0,19.0,1700.0,1700.0,200,850.0,0.011176470588235295,-4.44323931884187,0,non_viral,1.1875
8-PFxnEZHc4,UCI_mwTKUhicNzFrhm33MzBQ,False,2026-05-19T23:29:47-07:00,181.3047619047619,948.1651542073866,2810000.0,2810000.0,200,1405000.0,0.00033742532178198813,-7.993112583989966,0,non_viral,5.229675956914199
8-bal_riBBI,UC2V3SuTNn0Pz7nGmm2fNKyw,True,2026-05-17T01:06:04-07:00,658.1538461538462,1308.0,324.0,1000.0,1000,1000.0,1.308,0.26826398659467987,1,strong,1.9873772791023843
80EnGs2CwHU,UCOCPTOp_c3b7vrqcuwfWC8Q,False,2026-05-29T08:00:36-07:00,2.0,12.0,19600.0,19600.0,200,9800.0,0.0006122448979591836,-7.318386506863739,0,non_viral,6.0
82Zi7ZrHeY8,UCRPNk3TA5cbyB-8hvNgsP5g,False,2026-05-14T08:47:27-07:00,6758.639175257732,147206.77128547578,5930000.0,5930000.0,200,2965000.0,0.024824076102103843,-3.695934661665664,0,non_viral,21.78053413834779
83Xac4TjXQ0,UCqBrQ5NkAMNLj0HmORf_Tkw,False,2026-05-16T05:30:23-07:00,50.88429752066116,94.47543713572023,5130.0,5130.0,200,2565.0,0.018416264548873337,-3.984186839304912,0,non_viral,1.8566717384151612
84ADHTIQMGI,UCqAE2Rzl2jrv2F4NWLEl71A,False,2026-05-20T01:00:04-07:00,4.0,104.07463344031211,3380.0,3380.0,200,1690.0,0.030791311668731395,-3.4712559103756133,0,non_viral,26.018658360078028
855daTXXirU,UCmorARX4_iz23iCYiXEeB1w,False,2026-05-29T08:18:54-07:00,24.0,69.0,52699.0,52699.0,200,26349.5,0.0013093227575475817,-6.623875492480095,0,non_viral,2.875
88yLSsQ7bbA,UCWvBDfvqCyIWRugvE0v6YnA,True,2026-05-17T03:27:53-07:00,4.0,78.0,300.0,1000.0,1000,1000.0,0.078,-2.539306926848199,0,non_viral,19.5
8HJX_jTlhIA,UCXIJgqnII2ZOINSWNOGFThA,False,2026-05-08T13:30:03-07:00,111269.0,139217.56646870717,15300000.0,15300000.0,200,7650000.0,0.009099187350895894,-4.6995630539300475,0,non_viral,1.2511801711950963
8K-dDaN27sE,UCoJdH6v5xVTwmzlE45bnRZw,False,2026-05-14T17:15:01-07:00,0.0,10.45635910224439,1150.0,1150.0,200,575.0,0.009092486175864686,-4.609841452779408,0,non_viral,10.45635910224439
8KDAxnOikzk,UCi8vYBOm47Py7JaE8MYm7rQ,False,2026-05-14T09:26:40-07:00,1.0,2.0,2.0,1000.0,200,500.0,0.002,-5.81014249064711,0,non_viral,2.0
8KnUI6hmKCM,UCcKnrz93C72AsdvGjDzv5Vw,False,2026-05-29T12:00:06-07:00,3.0,74.0,12.0,1000.0,200,500.0,0.074,-2.5912666657789103,0,non_viral,24.666666666666668
8M7-QcI01yY,UChqUTb7kYRX8-EiaN3XFrSQ,False,2026-05-08T08:38:09-07:00,2286.546391752577,3715.0,4190000.0,4190000.0,200,2095000.0,0.000886634844868735,-7.027808430628047,0,non_viral,1.6247210261728173
8O09THzY3jk,UCL8VdSBGZoe1OXGVAQTFEOg,False,2026-05-16T23:07:11-07:00,1.0,41.46410684474124,675.0,1000.0,200,500.0,0.041464106844741236,-3.1600956050433715,0,non_viral,41.46410684474124
8OtOxthhfuY,UCqfTInPU9VozDmDR02lfaMA,False,2026-05-16T00:56:06-07:00,5.0,107.0,2240.0,2240.0,200,1120.0,0.04776785714285714,-3.0325462466767075,0,non_viral,21.4
8_bRLTvYfs8,UChlgI3UHCOnwUGzWzbJ3H5w,False,2026-05-08T23:30:39-07:00,11275.411764705883,130259.80092059838,5330000.0,5330000.0,200,2665000.0,0.024438987039511893,-3.7115681030473606,0,non_viral,11.55255379039332
8bvfTkDTtQU,UCR3asjvr_WAaxwJYEDV_Bfw,False,2026-05-17T04:08:07-07:00,4402.917525773196,41092.40416666667,3150000.0,3150000.0,200,1575000.0,0.013045207671957671,-4.339310423219317,0,non_viral,9.33299429892238
8d6tzhXNSuM,UCEZ9k3C6dSOTphYb7bcu26A,True,2026-05-17T20:00:13-07:00,456.6923076923077,926.9201331114808,39.0,1000.0,1000,1000.0,0.9269201331114808,-0.07580911369014753,0,non_viral,2.0296381557098284
8pARtSBNQp4,UCL0_NxCvkcXwZHpvqgMZY-A,False,2026-05-09T04:27:38-07:00,1349.5307692307692,4043.0032346354815,1040000.0,1040000.0,200,520000.0,0.0038875031102264244,-5.549741852655108,0,non_viral,2.995858506390327
8ro5wWLZqT8,UCpu3bemTQwAU8PqM4kJdoEQ,False,2026-05-15T20:13:04-07:00,463.6153846153846,953.0,3220000.0,3220000.0,200,1610000.0,0.0002959627329192547,-8.124228556631262,0,non_viral,2.0555832088933137
8x-3n5od5Wg,UCMNXbF0XolZgjYnpQDxu5ww,False,2026-05-17T03:14:01-07:00,635.7575757575758,3631.3858333333333,30000.0,30000.0,200,15000.0,0.12104619444444444,-2.1113410276984403,0,non_viral,5.711903360343184
9-VnLdxFZKQ,UC5a6NhlRHh50TrZLZft03IA,False,2026-05-15T02:00:34-07:00,127.0495049504951,9172.189683860233,870.0,1000.0,200,500.0,9.172189683860234,2.215285564478428,1,super_viral,72.19382466255324
9-mgMoTdvkA,UCEy1KWC73dL89LDIMVPLmFA,False,2026-05-10T03:40:37-07:00,347.0,375.6188546255507,3800.0,3800.0,200,1900.0,0.09884706700672387,-2.311785788630286,0,non_viral,1.0824750853762268
907yQyNXlo8,UChwHdsFDar_tq9JdPFuPI1g,False,2026-05-14T03:41:55-07:00,7.0,18.0,823.0,1000.0,200,500.0,0.018,-3.96431580014878,0,non_viral,2.5714285714285716
91ff_teCIZk,UCIU8ha-NHmLjtUwU7dFiXUA,False,2026-05-09T01:15:06-07:00,931.4117647058824,3509.417034536484,3100000.0,3100000.0,200,1550000.0,0.0011320700111408014,-6.783422869375535,0,non_viral,3.7678470119439322
93Z1sSLJ6cY,UCZD5NonioHkwvVu-eKWYD-A,False,2026-05-17T01:00:16-07:00,8.386138613861387,18.0,30500.0,30500.0,200,15250.0,0.0005901639344262295,-7.38107576977683,0,non_viral,2.1463990554899643
97F7JPogOoM,UCXHGX75EE5rZ2oX0Aybmy4A,False,2026-05-16T02:10:00-07:00,4.530000000000001,42.75,396.0,1000.0,200,500.0,0.04275,-3.130263166511597,0,non_viral,9.43708609271523
9BswkBn8DeQ,UCjQ6TDtfKq5Vsyqpzk2NrMg,False,2026-05-15T16:30:02-07:00,6.0,47.0,283.0,1000.0,200,500.0,0.047,-3.0375537684073293,0,non_viral,7.833333333333333
9DY8awV6g6A,UCiE2Ko5NANcbA0Rfph7DXlw,False,2026-05-14T01:32:22-07:00,1.0,367.92527287993283,601.0,1000.0,200,500.0,0.3679252728799328,-0.9981606683036297,0,non_viral,367.92527287993283
9DuU6FmlOHc,UCD--LXwBSnhOhaDOG04czrw,False,2026-05-14T21:00:29-07:00,12.0,192.0,1550.0,1550.0,200,775.0,0.12387096774193548,-2.0839649742716535,0,non_viral,16.0
9IOvW_1qNvU,UC2TuODJhC03pLgd6MpWP0iw,False,2026-05-08T08:20:36-07:00,3676.9263157894743,58588.42857142857,2140000.0,2140000.0,200,1070000.0,0.02737777036048064,-3.5980072948015174,0,non_viral,15.934077416737416
9L61Z0M1TvI,UCh1rzZX6tbqEgk1tgOsJPMA,False,2026-05-17T15:00:38-07:00,3.0,37.0,37.0,1000.0,200,500.0,0.037,-3.2711686195888348,0,non_viral,12.333333333333334
9MS5bK_kuqw,UCqGLWrvVOqtrpxFdoTY5tYg,False,2026-05-09T07:05:32-07:00,984.8571428571428,1708.1363962670496,64600.0,64600.0,200,32300.0,0.026441739880294884,-3.632241679024437,0,non_viral,1.7344001702740568
9OCJyRTsBjI,UC7pymGbBtC0rJmLa3qdRdjg,False,2026-05-09T03:00:06-07:00,247.90654205607478,1372.4368794326242,37300.0,37300.0,200,18650.0,0.03679455440838134,-3.301703866445691,0,non_viral,5.536105937543948
9OeypYUdlhY,UCrpNycjkOVF5RZZCPboon0Q,False,2026-05-14T01:45:23-07:00,0.0,4.0,28.0,1000.0,200,500.0,0.004,-5.29931686688112,0,non_viral,4.0
9OmiFoSgVfA,UCCUH6kzLzA50sfI9BQ8n1CQ,False,2026-05-16T22:43:01-07:00,0.0,0.0,0.0,1000.0,200,500.0,0.0,-6.90875477931522,0,non_viral,0.0
9OrdT-DSkFY,UC4qSs4QuD5-gGEZUQX53hgA,False,2026-05-17T03:09:43-07:00,0.0,1.0,7100.0,7100.0,200,3550.0,0.00014084507042253522,-8.174843717622148,0,non_viral,1.0
9VENhGnGnrM,UCBmkx_0r-6M7LUUoe3zNTqA,False,2026-05-17T08:22:28-07:00,7.0,26.466334164588527,279.0,1000.0,200,500.0,0.026466334164588528,-3.595793736799363,0,non_viral,3.780904880655504
9Vhrch_iGoI,UCNAtAy920otLQA--ry6mjdg,False,2026-05-17T20:45:29-07:00,6.647058823529415,60.0,120000.0,120000.0,200,60000.0,0.0005,-7.584381490889483,0,non_viral,9.026548672566367
9WaQ4sIgLlE,UC5nwNW4KdC0SzrhF9BXEYOQ,False,2026-05-15T04:41:21-07:00,1048.5728155339807,15386.88029925187,3270000.0,3270000.0,200,1635000.0,0.00470546798142259,-5.3589653636791414,0,non_viral,14.674117115477742
9WdwS3UPg_I,UC6NcJWilLteT9RMI6TKUo_A,False,2026-05-16T13:45:00-07:00,15.087378640776699,291.12905911740216,3800.0,3800.0,200,1900.0,0.0766129102940532,-2.5658237810880316,0,non_viral,19.296198899029875
9cIPYhR6gYE,UC8BxSGcBKriJvoeyKOnJ6tA,False,2026-05-08T11:32:24-07:00,21154.41237113402,26042.0,246000.0,246000.0,200,123000.0,0.10586178861788618,-2.24558658288697,0,non_viral,1.2310434127461405
9eFF9RFk3O4,UCcOG2QcxMaU0b_2z3sBmjDQ,False,2026-05-17T15:30:19-07:00,1250.4901960784314,10066.17857142857,7310.0,7310.0,200,3655.0,1.3770422122337307,0.31990042257505813,1,strong,8.049786078288626
9fe-5GtbSRg,UCIALMKvObZNtJ6AmdCLP7Lg,False,2026-05-15T00:06:02-07:00,5600.833333333334,11678.805671392827,3150000.0,3150000.0,200,1575000.0,0.003707557355997723,-5.5972967097414905,0,non_viral,2.0851907165111427
9jH6-pO-X7Y,UCjCpwP4k61ctKTtrrgkg6kA,False,2026-05-18T01:04:12-07:00,2.0,26.0,175000.0,175000.0,200,87500.0,0.00014857142857142857,-8.77671010117071,0,non_viral,13.0
9kUg723J-eU,UCsfhoj4qmzCH4K3AB9oQVfg,False,2026-05-15T00:53:01-07:00,0.0,0.0,0.0,1000.0,200,500.0,0.0,-6.90875477931522,0,non_viral,0.0
9r5BjwIVsVo,UCiE3sYdYLH-qIMp3tUTSYvg,False,2026-05-22T15:00:12-07:00,8.0,20.0,6.0,1000.0,200,500.0,0.02,-3.8642323415917974,0,non_viral,2.5
9rOtgVuA2AA,UC5JDaP_XwqbSDv6-IzmW-aw,False,2026-05-15T23:25:04-07:00,3.0,32.0,495.0,1000.0,200,500.0,0.032,-3.41224721784874,0,non_viral,10.666666666666666
9t00xGZYWB0,UCxXTyFekH99JnS3qaXIQW7A,True,2026-05-08T18:49:38-07:00,485.7450980392157,1653.549107142857,257000.0,257000.0,1000,128500.0,0.006434043218454697,-5.0455514470424765,0,non_viral,3.4041498592938164
9thLFANVGyY,UCNb9uOjbsdxAJgK1TI--o6w,False,2026-05-09T11:31:59-07:00,41269.66666666666,105901.0,7330.0,7330.0,200,3665.0,14.447612551159619,2.670402205928843,1,super_viral,2.566073548772707
9u1EmhjfXu0,UCoCmcUHK07jCL1FnxUGWvmg,False,2026-05-18T06:43:47-07:00,786.1960784313726,1917.0,26900.0,26900.0,200,13450.0,0.0712639405204461,-2.6408804841767735,0,non_viral,2.4383230247406225
9uOiok6OKB8,UC2TuODJhC03pLgd6MpWP0iw,False,2026-05-17T01:55:00-07:00,501.5242718446602,892.1473771856786,2140000.0,2140000.0,200,1070000.0,0.0004168912977503171,-7.781565250985903,0,non_viral,1.7788717860139942
9y5YkbsVuRQ,UCuTAXTexrhetbOe3zgskJBQ,False,2026-05-08T16:00:38-07:00,1677.943925233645,9092.991509433963,3220000.0,3220000.0,200,1610000.0,0.0028239104066565103,-5.869523027339854,0,non_viral,5.419127166700647
9zUKTFAvep4,UC3P5RTVmGa6S_tOoLygYd8A,False,2026-05-14T05:34:17-07:00,11.0,51.47956630525438,681.0,1000.0,200,500.0,0.05147956630525438,-2.948330898714022,0,non_viral,4.679960573204943
A0Hfz_2thls,UCZ8pcVV62wDg5xHbA8KKrCA,False,2026-05-16T17:00:16-07:00,13.0,46.0,171.0,1000.0,200,500.0,0.046,-3.058607177605162,0,non_viral,3.5384615384615383
A4ruitA6ov8,UCy_iWstlraqSMNF-vh33AwA,False,2026-05-15T06:39:27-07:00,356.66315789473686,2320.2325,12400.0,12400.0,200,6200.0,0.1871155241935484,-1.6756788199057402,0,non_viral,6.505388764277071
A604LEq1KL0,UCTz99eMVnhMdbPZXawjmf_w,False,2026-05-16T02:08:24-07:00,40.93,219.49208992506246,2530.0,2530.0,200,1265.0,0.0867557667687994,-2.4405079396574134,0,non_viral,5.362621302835633
A7VYiewHldc,UCEmMFWaRKZ6XyUpiZdYY8Qg,False,2026-05-22T10:15:38-07:00,15.0,51.59597765363129,33500.0,33500.0,200,16750.0,0.0015401784374218296,-6.456690921757536,0,non_viral,3.439731843575419
A7Xg_VsLa2k,UCuVSj9jzGu2b4B2FVlk8d1Q,False,2026-05-15T04:00:28-07:00,5492.010752688172,35386.25870646766,224000.0,224000.0,200,112000.0,0.15797436922530206,-1.845298684325197,0,non_viral,6.443224585666947
A7i4x2hmiik,UC80ztI40QAXzWL94eoRzWow,False,2026-05-22T08:53:59-07:00,1473.5510204081631,8843.85966480447,764000.0,764000.0,200,382000.0,0.011575732545555589,-4.458732636628417,0,non_viral,6.001732917503449
A9uRpamClIA,UCvxrtdzXreRAj6WLnSVKZQQ,False,2026-05-15T05:53:53-07:00,225.6,2909.68,79800.0,79800.0,200,39900.0,0.036462155388471175,-3.3111493048444336,0,non_viral,12.897517730496453
AEhf8RHpWqQ,UC72nbKQLSDyiSARhg0Ywj4w,True,2026-05-08T11:30:46-07:00,1539.6526315789474,3392.0,548000.0,548000.0,1000,274000.0,0.00618978102189781,-5.084562625961775,0,non_viral,2.203094341170599
AO_1hzQegps,UCinjnmQEwCddOudyCC1v7qA,False,2026-05-08T23:58:16-07:00,38847.93939393939,533661.3020833334,1450000.0,1450000.0,200,725000.0,0.3680422772988506,-0.9995562792565931,0,non_viral,13.737184273063118
AR642jiyvvE,UCf4d3txBO3lclCLbs-4RghA,False,2026-05-15T02:30:06-07:00,26.548387096774196,177.29842061512886,2850.0,2850.0,200,1425.0,0.06220997214565925,-2.7719664221022775,0,non_viral,6.678312319646409
ASyWF1yB40Q,UCv0F5yCdnwnBTrcJO2Yr3lQ,False,2026-05-08T07:00:06-07:00,58352.68085106383,441270.7461928934,825000.0,825000.0,200,412500.0,0.5348736317489617,-0.625723708265328,1,non_viral,7.562133217480934
ATH0NVJfI5g,UClnRmcbZpJb6Va2gKcCrbUQ,False,2026-05-29T08:00:20-07:00,1.0,5.0,151.0,1000.0,200,500.0,0.005,-5.116995310087166,0,non_viral,5.0
AXlUFEgmrDg,UCXwRxm0zS0jBNTMOVI6xZJw,True,2026-05-08T13:19:39-07:00,2708.930693069307,6650.969610636277,1140000.0,1140000.0,1000,570000.0,0.00583418386897919,-5.143871425716053,0,non_viral,2.455201097485632
AZfIk0qlrHA,UCBcWMu-CwIcWtAzlo2wYfXQ,False,2026-05-17T03:31:50-07:00,3.0,360.51919866444075,4000.0,4000.0,200,2000.0,0.09012979966611019,-2.4039844603299123,0,non_viral,120.17306622148025
Ag2qca2u3A4,UC1OO5Fh2uim0N99bgV_u2pw,False,2026-05-14T04:00:35-07:00,18.0,77.42618849040868,55900.0,55900.0,200,27950.0,0.0013850838728158975,-6.569179639624913,0,non_viral,4.301454916133816
AkKmstEwE1s,UC4wEPe5mrHGAUjjTfXH_C-Q,False,2026-05-29T10:27:40-07:00,82675.71604938271,99887.72727272728,72100000.0,72100000.0,200,36050000.0,0.0013854053713277016,-6.581752497967921,0,non_viral,1.2081870232979142
AkUEAKhywfc,UCYQOA_bydsKp8CBSd693eFw,False,2026-05-16T18:53:42-07:00,4.0,13.0,29.0,1000.0,200,500.0,0.013,-4.269697449699962,0,non_viral,3.25
Avlvp99DhaM,UCz2IGn-ranovRu9zbc7hUPg,False,2026-05-30T18:00:02-07:00,200.0,11918.368330464717,138000.0,138000.0,200,69000.0,0.08636498790191824,-2.4490962636853837,0,non_viral,59.59184165232358
B6D3qHSxno8,UCHaWGNPXXfkkfn-VHSgspFg,False,2026-05-17T03:06:09-07:00,824.3490566037735,3971.7251461988303,687000.0,687000.0,200,343500.0,0.005781259310333086,-5.152883453804094,0,non_viral,4.818013818760097
BBVi_bqIbU4,UCBHorLChDCg6S2c8A6aObyg,False,2026-05-14T13:30:04-07:00,0.0,22.409658617818486,3110.0,3110.0,200,1555.0,0.007205678012160285,-4.889550798251318,0,non_viral,22.409658617818486
BFPoJIFNNVw,UCYkn7e_zaRR_UxOrJR0RVdg,False,2026-05-19T23:08:58-07:00,192.20618556701032,545.7358127503865,1210000.0,1210000.0,200,605000.0,0.00045102133285155905,-7.702166033128991,0,non_viral,2.839324921518316
BHRwskExvVw,UC7yD2SzcCKh0KU2q7HZU4yw,False,2026-05-16T00:26:08-07:00,331.65,1726.0215946843853,12800.0,12800.0,200,6400.0,0.1348454370847176,-2.00312498962757,0,non_viral,5.2043467350652355
BKtPN2DnZUg,UCpjS7XVpGomdr1vA7XRZeiA,False,2026-05-15T06:42:07-07:00,6.0,111.49211618257262,50.0,1000.0,200,500.0,0.11149211618257261,-2.1858716385034818,0,non_viral,18.582019363762104
BLU8G73Ttw4,UCQcPPb-fmLJB3BPzWNcgKdw,False,2026-05-15T00:19:23-07:00,1.0,7.0,2390.0,2390.0,200,1195.0,0.0029288702928870294,-5.700025425778488,0,non_viral,7.0
BM8h80SZk_I,UChF5O40UBqAc82I7-i5ig6A,False,2026-05-22T11:44:35-07:00,539.97,1856.0,487000.0,487000.0,200,243500.0,0.003811088295687885,-5.569303894098002,0,non_viral,3.4372279941478228
BZPmGaBryVg,UCpu3bemTQwAU8PqM4kJdoEQ,False,2026-05-09T03:26:11-07:00,973.1517857142858,3908.644190871369,3220000.0,3220000.0,200,1610000.0,0.0012138646555501147,-6.713690579018012,0,non_viral,4.0164794929728815
B_ELDblIt2U,UCTW3JesdsaJPGG0LSGAHd5g,False,2026-05-16T02:15:01-07:00,18.0,499.56666666666666,8200.0,8200.0,200,4100.0,0.06092276422764228,-2.796270587018287,0,non_viral,27.753703703703703
BcUe3Mmxx5w,UCzmosvcc7ez4Oc-sdLD2hnQ,False,2026-05-13T23:05:27-07:00,1.0,49.0,14.0,1000.0,200,500.0,0.049,-2.9967317738870745,0,non_viral,49.0
Bn_fd5nF48M,UCbh_P99sYVvW_fByvxCKBlw,False,2026-05-22T09:54:09-07:00,3.0,3.0,343.0,1000.0,200,500.0,0.003,-5.52246041819533,0,non_viral,1.0
Bu1CcL7XsWM,UCRS6ljmtIng4IwXuwfBjYMw,False,2026-05-17T12:25:36-07:00,0.5714285714285718,10.0,98.0,1000.0,200,500.0,0.01,-4.51085950651685,0,non_viral,10.0
Bw58mH1SJGc,UCJSDOfdi2XCvPmUAnP7BM_w,False,2026-05-14T05:36:58-07:00,116.85148514851485,403.0,18800.0,18800.0,200,9400.0,0.02143617021276596,-3.8402504609316344,0,non_viral,3.4488222335197425
C2fbCE7b1ag,UCxlprA9Y_T98gDqXMc46baw,False,2026-05-22T14:45:26-07:00,942.6057692307693,1536.0,1570000.0,1570000.0,200,785000.0,0.000978343949044586,-6.928999070728367,0,non_viral,1.629525354224684
C4CNR3nWjMw,UCN7D80fY9xMYu5mHhUhXEFw,True,2026-05-22T13:00:13-07:00,95.72380952380952,804.0,111000.0,111000.0,1000,55500.0,0.007243243243243243,-4.926452211844336,0,non_viral,8.399164262262461
C5-bM6LSK9M,UC6AG81pAkf6Lbi_1VC5NmPA,True,2026-05-09T00:45:55-07:00,109573.3103448276,173844.73684210525,3260000.0,3260000.0,1000,1630000.0,0.05332660639328382,-2.9313144450031086,0,non_viral,1.5865609635687308
C6iYsWMsLqQ,UCPtMxMXEqzrlJAVwuo-oDDw,False,2026-05-16T11:31:29-07:00,4.0,5.0,397.0,1000.0,200,500.0,0.005,-5.116995310087166,0,non_viral,1.25
CADQKS9rBEw,UCMwWmcvViHuxUotd_zbgOgg,False,2026-05-17T16:27:04-07:00,1.0,1.0,0.0,1000.0,200,500.0,0.001,-6.215607598755275,0,non_viral,1.0
CKcf59UFLI4,UCpNkCBxKeNANJPDJzhXz9jg,False,2026-05-17T10:00:12-07:00,17.592233009708735,4863.26433915212,1610.0,1610.0,200,805.0,3.0206610802187077,1.1050603850351246,1,viral,276.443833848051
CPJZyM-tOpo,UCa0vGaTSTNsKBopJxnnK4pA,False,2026-05-29T19:57:59-07:00,0.0,98.0,426.0,1000.0,200,500.0,0.098,-2.3136349291806306,0,non_viral,98.0
CQwmf0yjo9g,UCt8u7fTl6IQqRzB9B_ZfX3A,True,2026-05-15T17:00:19-07:00,1080.5454545454545,9884.375415282391,30800.0,30800.0,1000,15400.0,0.3209212797169608,-1.136490722805073,0,non_viral,9.147579468964016
CZwjx-UR0fo,UCz6hWUnjiD-SW15j4_csloA,False,2026-05-16T03:00:30-07:00,595.8823529411765,5640.449081803005,1820000.0,1820000.0,200,910000.0,0.0030991478471445086,-5.776451367614282,0,non_viral,9.46570921921531
CdYg33zXMK8,UCbXpMUhgHTjh5-X1X7xaXuQ,False,2026-05-17T21:38:32-07:00,31.483516483516485,86.46,377.0,1000.0,200,500.0,0.08646,-2.437573233330446,0,non_viral,2.7461989528795807
CgY3qinWqs4,UCvDPu4fdYcjhNPPZwx6HP_A,False,2026-05-16T10:39:48-07:00,15.0,61.0,1240.0,1240.0,200,620.0,0.049193548387096775,-2.9965384001595154,0,non_viral,4.066666666666666
ChygLe50z08,UCgDcxxFbUMQl-5JNNre-YCg,False,2026-05-09T04:00:06-07:00,165.23076923076923,1270.9047742605085,14900.0,14900.0,200,7450.0,0.08529562243359118,-2.4609127256805117,0,non_viral,7.691695561166951
CurTULlOZZ4,UCPibkYslKyJFp30ocgPryCA,False,2026-05-08T15:40:42-07:00,18329.260000000002,85917.91155492153,508000.0,508000.0,200,254000.0,0.16912974715535736,-1.777079453522589,0,non_viral,4.687473010635538
CwHc4zG3X_U,UCfxYiiAaLjIpjiF00u2qVJQ,False,2026-05-16T05:12:05-07:00,38.0,156.0,371.0,1000.0,200,500.0,0.156,-1.8525089739669127,0,non_viral,4.105263157894737
CwtSoNcGmi4,UCgSZIHsqRPJxTt6fSJUtwKw,False,2026-05-17T17:13:26-07:00,16.087378640776702,46.0,988.0,1000.0,200,500.0,0.046,-3.058607177605162,0,non_viral,2.859384429692214
CwtkEhRgy30,UC3Y_we_V_TVptQ-wExHRpuQ,False,2026-05-10T05:00:31-07:00,2.0,9.647548566142461,12500.0,12500.0,200,6250.0,0.0007718038852913969,-7.0682342360138435,0,non_viral,4.823774283071231
CzuYy5WOaFs,UCrIGSYWf5mLF8KBrg6uUVeA,False,2026-05-29T14:00:37-07:00,0.0,15.0,53.0,1000.0,200,500.0,0.015,-4.136166057075439,0,non_viral,15.0
D0K19QH8t_w,UCD9ka1QHdW5B4XibNY069Ng,False,2026-05-29T12:01:53-07:00,2992.0,3027.0,835.0,1000.0,200,500.0,3.027,1.1069028352421189,1,viral,1.0116978609625669
D1vuJo9JwS8,UCpUP2Phk-HpAF6IK-raIl_g,False,2026-05-29T08:02:45-07:00,3.0,4.0,1490.0,1490.0,200,745.0,0.0026845637583892616,-5.6977644023306375,0,non_viral,1.3333333333333333
DCYcLHK14OM,UCdlFoYnDTHd72S2FfdsdeDw,False,2026-05-16T02:15:20-07:00,231.5142857142857,687.0,11600.0,11600.0,200,5800.0,0.05922413793103448,-2.8250577423420626,0,non_viral,2.9674194742687896
DFfMBIZD3Xw,UCns-YkwnJ2I717GUJMi-jIA,False,2026-05-17T01:00:11-07:00,8.0,51.0,453.0,1000.0,200,500.0,0.051,-2.957511060733793,0,non_viral,6.375
DGiYgbHz8nA,UCHhEHM4-gODx2eNZUe5orMQ,False,2026-05-20T00:45:01-07:00,4.0,8.175822395073732,26.0,1000.0,200,500.0,0.008175822395073732,-4.692182755051043,0,non_viral,2.043955598768433
DJC9ez6kXFM,UCwjdpCAf4yfly4YRvTD1JMw,False,2026-05-16T22:34:28-07:00,9.0,35.0,2220.0,2220.0,200,1110.0,0.015765765765765764,-4.1221938854383176,0,non_viral,3.888888888888889
DX2gMxBXIRc,UC3P83RUWwKbZ4bkhNti4ZuQ,False,2026-05-14T22:38:59-07:00,3682.6938775510207,13562.0,835000.0,835000.0,200,417500.0,0.01624191616766467,-4.120087425474351,0,non_viral,3.6826302839536273
Da4sP5iaQUQ,UCmorARX4_iz23iCYiXEeB1w,False,2026-05-29T06:00:57-07:00,16.0,52.4001743679163,52699.0,52699.0,200,26349.5,0.0009943295768025256,-6.894556723251851,0,non_viral,3.2750108979947687
DcPR5enV3FI,UCRkM0O3abxJ29XWbQ4W-RVQ,False,2026-05-22T09:33:19-07:00,1092.75,7308.406332453826,10900.0,10900.0,200,5450.0,0.6704959938031033,-0.39969247075310754,1,non_viral,6.688086325741319
De6Rw-GxPN0,UC_Ta6OPkZKIxHKb60iGvLmw,False,2026-05-29T16:03:00-07:00,239.0,245.0,194.0,1000.0,200,500.0,0.245,-1.403423243382858,0,non_viral,1.0251046025104602
Dfk0CE_EIwk,UC0FBv8ckxw1hrZxbUm3G7hA,True,2026-05-22T15:15:11-07:00,378.6470588235294,2209.005811354493,92200.0,92200.0,1000,46100.0,0.023958848279332895,-3.7309758313923433,0,non_viral,5.833944196524216
Dg7RtROi5q4,UCRmlhQf3AWrUJFN5QPiH6jw,False,2026-05-14T01:46:05-07:00,116.17021276595746,883.4476744186046,741.0,1000.0,200,500.0,0.8834476744186046,-0.12379142583884484,1,non_viral,7.6047693585484275
Dhfw_F_5Nlw,UC3pLj9DxNdi364HcrKcgtWA,False,2026-05-15T04:12:36-07:00,37.0,125.0,368.0,1000.0,200,500.0,0.125,-2.0724728723637424,0,non_viral,3.3783783783783785
DhoLBMu_W9g,UCydzelD-F6fDJqPCUs5dqTg,False,2026-05-16T21:51:03-07:00,4.0,18.0,31.0,1000.0,200,500.0,0.018,-3.96431580014878,0,non_viral,4.5
Di9QLw0CV1s,UCk6L5w3vaugId7zIv1olJqQ,False,2026-05-16T18:32:00-07:00,2.0,32.0,428.0,1000.0,200,500.0,0.032,-3.41224721784874,0,non_viral,16.0
DiZqxJF8Y38,UCREjdu30qQ0Mfrbz9t-gt9A,False,2026-05-09T00:50:13-07:00,11296.01538461539,58772.69631363371,238000.0,238000.0,200,119000.0,0.24694410215812482,-1.3985804621307132,0,non_viral,5.2029582390334905
DiebqsFo4SU,UCZSDmkTnR847RfE799UUjkQ,False,2026-05-16T03:10:00-07:00,5057.102040816327,35153.121869782975,399000.0,399000.0,200,199500.0,0.08810306233028314,-2.4292220466275456,0,non_viral,6.9512383942540525
DkxewdLru9E,UC6DHkJto-brj1xXQ0cxsqJA,False,2026-05-17T15:15:01-07:00,76.0,248.0565723793677,67800.0,67800.0,200,33900.0,0.0036586515100201725,-5.60665215411246,0,non_viral,3.2639022681495753
DmaFT8RPf-Q,UC_IYjiKaQBPq-K1Iq4sM-UQ,False,2026-05-09T06:10:06-07:00,49331.01762114537,210225.54333333333,684000.0,684000.0,200,342000.0,0.30734728557504876,-1.1797736525771452,0,non_viral,4.261528617711339
DnQw5M---uw,UCxUkE-gLSCNh5qAt9Gl4oBg,False,2026-05-16T11:42:00-07:00,1672.2761904761903,60258.64612822648,726000.0,726000.0,200,363000.0,0.08300088998378304,-2.4888887309651597,0,non_viral,36.03390783855356
DqU8vB8m-9E,UC0_mTg-V3XafCl_VusbhHVg,False,2026-05-16T03:50:13-07:00,1.7272727272727277,6.0,0.0,1000.0,200,500.0,0.006,-4.962844630259907,0,non_viral,3.473684210526315
E-XnJODLNHg,UCOI3NdRFtdUvbschY0OcVUQ,False,2026-05-29T10:14:16-07:00,136.609756097561,143.0,2150.0,2150.0,200,1075.0,0.06651162790697675,-2.7038748296917294,0,non_viral,1.0467773611855025
E2kQDOlv0kc,UCxybCDk4Mv53bwShOXyw6fw,False,2026-05-30T04:09:38-07:00,4478.698113207547,4541.0,6150.0,6150.0,200,3075.0,0.7383739837398374,-0.3032472265428652,1,non_viral,1.013910713608655
E9i1o92p1hs,UCepcwD09CJjJUc4c1DWUdcg,False,2026-05-14T20:26:55-07:00,3162.049019607843,12964.341951626355,2080000.0,2080000.0,200,1040000.0,0.00623285670751267,-5.0778438598408435,0,non_viral,4.099981332115525
EDiskKunJaw,UCEFZjpiLyy-_IJ0ROqTkI8A,False,2026-05-17T15:00:12-07:00,30.0,692.702479338843,2370.0,2370.0,200,1185.0,0.29227952714719113,-1.2290239216011907,0,non_viral,23.0900826446281
EIchEHPzsGE,UCizwH1kNBgN6jAmQ5OQH8-g,False,2026-05-14T07:08:56-07:00,23.0,101.97171381031615,4870.0,4870.0,200,2435.0,0.020938750269058757,-3.856600206493577,0,non_viral,4.433552774361572
EM49CL_qLKo,UCI4uCTYCLFymEWkekk_XSUw,False,2026-05-30T00:13:46-07:00,130.0,130.0,1970.0,1970.0,200,985.0,0.06598984771573604,-2.711098983951569,0,non_viral,1.0
EScYGH-TWFM,UCgqt6HXSSlQjepIUA6s9JAw,False,2026-05-10T04:00:12-07:00,20.0,715.9022958743311,375000.0,375000.0,200,187500.0,0.0019090727889982163,-6.259744408259057,0,non_viral,35.79511479371656
EWHGFJ620Ss,UC7AmGcOFl8hJCI_mST7sYdw,False,2026-05-14T00:25:24-07:00,0.0,0.0,2.0,1000.0,200,500.0,0.0,-6.90875477931522,0,non_viral,0.0
Ed-AWrRSiUE,UCN0eCImZY6_OiJbo8cy5bLw,False,2026-05-19T22:00:22-07:00,16046.33980582524,99466.63296119765,597000.0,597000.0,200,298500.0,0.16661077547939307,-1.7920864940614187,0,non_viral,6.198711616781833
EiLKtdrwpBA,UCuLFhu8oe577xPWBmvgIhdw,False,2026-05-18T02:01:00-07:00,203.3398058252427,8776.0,141000.0,141000.0,200,70500.0,0.06224113475177305,-2.776632318941619,0,non_viral,43.15928189457601
EjlSi251EE4,UCZ92jP3mMWU0kqrR7ubHhMw,False,2026-05-16T06:30:21-07:00,3.0,16.961794019933556,12200.0,12200.0,200,6100.0,0.0013903109852404555,-6.521026246938618,0,non_viral,5.653931339977852
EkPJgZOJSc8,UCS3nuaXXw7nsiSzdJ5HJaoQ,False,2026-05-08T20:58:29-07:00,2453.296296296296,11164.73885164675,1030000.0,1030000.0,200,515000.0,0.010839552283152185,-4.524464993298309,0,non_viral,4.550913344018815
Em7z-ENltTs,UCORy0Yqzd8bVj2Gb4xyq6HA,False,2026-05-08T10:03:12-07:00,3803.1578947368416,32046.91842346471,401000.0,401000.0,200,200500.0,0.07991750230290452,-2.526731687597378,0,non_viral,8.426397039106416
En24UhtuV2Q,UCSMUqRwan5B0Oa-sMV9rH9Q,False,2026-05-14T07:33:30-07:00,15.0,49.0,20700.0,20700.0,200,10350.0,0.002367149758454106,-6.025914281837208,0,non_viral,3.2666666666666666
Ep6JI67yXRM,UCQ5c_h0BLu_4zvZy7_n-QRA,False,2026-05-14T03:19:40-07:00,10.285714285714283,22.916805324459233,36.0,1000.0,200,500.0,0.022916805324459232,-3.73417341582204,0,non_viral,2.2280227398779817
ErTk5tXTc5k,UCgMnEAGn2fn5mtw5mw4A9TA,False,2026-05-14T09:41:06-07:00,0.0,1.0,69.0,1000.0,200,500.0,0.001,-6.215607598755275,0,non_viral,1.0
F5_x_6nLi90,UCxONcDcOeaY-CB5Zj20zWDQ,False,2026-05-15T19:49:42-07:00,0.0,37.3511259382819,132.0,1000.0,200,500.0,0.0373511259382819,-3.2619708923949484,0,non_viral,37.3511259382819
FAe8JMScnoY,UCv3rFzn-GHGtqzXiaq3sWNg,False,2026-05-16T14:30:02-07:00,1318.5294117647059,20017.606666666667,13900000.0,13900000.0,200,6950000.0,0.0014401155875299761,-6.542982016665739,0,non_viral,15.181767268941929
FAeSTBZT3Dc,UCcwD5Szdd9qvAY6hDD9g21A,False,2026-05-15T20:50:29-07:00,248.73584905660377,644.0,475000.0,475000.0,200,237500.0,0.0013557894736842106,-6.601821871481947,0,non_viral,2.589092012440264
FCWqA_uGVwY,UCYnxZKlr1Uq5VSQFy7Jjsyg,True,2026-05-28T07:04:23-07:00,6.0,9.0,1230.0,1230.0,1000,1000.0,0.007317073170731708,-4.812997033190408,0,non_viral,1.5
FETUhrZWzds,UCpbUUKy8Sd2Z0dSYZIQe_tA,False,2026-05-30T04:11:13-07:00,11748.059259259258,11775.0,5710.0,5710.0,200,2855.0,2.0621716287215412,0.7236694223037947,1,viral,1.0022932077670197
FEw16BCghuI,UCnU-CwH1-7vY6Dqzkk_2RAQ,True,2026-05-17T19:04:36-07:00,193.81443298969072,960.0,38.0,1000.0,1000,1000.0,0.96,-0.040780370344927874,0,non_viral,4.953191489361703
FFFGlRCd1LY,UCEJFVE0ZTmy7tkjCMOUDG6g,False,2026-05-15T01:00:15-07:00,0.0,2.0,4210.0,4210.0,200,2105.0,0.00047505938242280285,-7.246843139493818,0,non_viral,2.0
FFKHhh1Bvkk,UC5nwNW4KdC0SzrhF9BXEYOQ,False,2026-05-19T21:45:49-07:00,517.1428571428571,948.4047262174315,3270000.0,3270000.0,200,1635000.0,0.00029003202636618703,-8.144465664469173,0,non_viral,1.8339317910281827
FGUBfHNYIog,UC9Smirfg9YpyCIR8uDXhy2Q,False,2026-05-15T00:28:45-07:00,1298.0,4723.783333333334,3740.0,3740.0,200,1870.0,1.2630436720142604,0.23346874914911808,1,strong,3.6392783769902417
FJa07V6QWlw,UCl3Mux04sO4FY9hgP3n4FlA,False,2026-05-17T07:54:23-07:00,1.0,17.0,260.0,1000.0,200,500.0,0.017,-4.018383021419056,0,non_viral,17.0
FKGWgwO0Odo,UCZnRNAuIqTufyp0WqgdIU7Q,True,2026-05-28T19:49:44-07:00,2.0,3.0,394.0,1000.0,1000,1000.0,0.003,-5.52246041819533,0,non_viral,1.5
FLL-ktCM0LE,UCpu3bemTQwAU8PqM4kJdoEQ,False,2026-05-09T08:45:02-07:00,1322.0,4988.092626447288,3220000.0,3220000.0,200,1610000.0,0.0015490970889587851,-6.469882894255905,0,non_viral,3.773141169778584
FO8-wfKt5r8,UCR9QvLrN3wTXWWvURmlX2MA,False,2026-05-09T00:37:54-07:00,7622.379310344828,27030.862947240752,9050.0,9050.0,200,4525.0,2.986835684777984,1.0941410305348942,1,viral,3.5462500417101266
FO_NAZdN_kI,UCjPg8EWPOdT5GZAbL67lf0A,False,2026-05-10T06:07:51-07:00,52949.0,55170.65891735958,525000.0,525000.0,200,262500.0,0.10508696936639919,-2.252950771326775,0,non_viral,1.0419584679098677
FUwp-U1Si1A,UCFu1C5PGMZLrF6xq0a8pxRA,False,2026-05-08T19:54:46-07:00,11434.363636363636,28949.182592242196,34100.0,34100.0,200,17050.0,0.8489496361361347,-0.1637501982149434,1,non_viral,2.5317703295859704
FWQVUEuV09c,UC2I2n8BLlHJwG_Ayn1TyDJg,False,2026-05-18T00:04:24-07:00,954.1428571428571,7865.512437810945,867000.0,867000.0,200,433500.0,0.009072102004395554,-4.702425312374164,0,non_viral,8.243537515298192
FXNRCf6khfk,UC8ROUUjHzEQm-ndb69CX8Ww,False,2026-05-09T05:26:12-07:00,2928.3552631578946,25271.408331476945,1630000.0,1630000.0,200,815000.0,0.015503931491703647,-4.16662268646245,0,non_viral,8.629898376546238
FZl6_2Ej4cw,UCa4kR_GYVvyqIkxfXurRMYw,False,2026-05-09T05:06:34-07:00,7799.080952380949,68354.6786454734,34900.0,34900.0,200,17450.0,1.95858678067259,0.6722091594908495,1,strong,8.764453025020298
F_whjNNLspk,UC3P6lzbP3s_gTAlhaco8Fjw,False,2026-05-17T01:59:54-07:00,361.4901960784314,1120.4271523178809,1850.0,1850.0,200,925.0,0.6056362985502058,-0.5011239163021806,1,non_viral,3.099467605131912
Fc7Xx9xaamk,UCCpxgtZztnUakrf-YBtXwkg,False,2026-05-30T03:59:58-07:00,0.0,4.0,163.0,1000.0,200,500.0,0.004,-5.29931686688112,0,non_viral,4.0
FdrVT4AZk_I,UCStlG5wqvYQWHy99BboJrxg,False,2026-05-14T06:49:24-07:00,96.47058823529412,2028.0,101000.0,101000.0,200,50500.0,0.02007920792079208,-3.9075873569386665,0,non_viral,21.021951219512196
FeFcdF6QClQ,UCic022l1ftnT0_9RyUmg0JQ,True,2026-05-16T05:41:23-07:00,7.0,20.0,3540.0,3540.0,1000,1770.0,0.005649717514124294,-5.127642014388481,0,non_viral,2.857142857142857
FgIN3s-JbTM,UCxc3AiaRFsEJ2SmyhXZrLCA,False,2026-05-17T01:53:54-07:00,8.0,53.0,168.0,1000.0,200,500.0,0.053,-2.919770732750946,0,non_viral,6.625
FkjMHNUwDrg,UC80ztI40QAXzWL94eoRzWow,False,2026-05-14T22:45:25-07:00,1191.6969696969695,6592.106779661017,756000.0,756000.0,200,378000.0,0.008719717962514573,-4.742018023015968,0,non_viral,5.531697190886782
Fxq9qS1rlZg,UCCj2OE6mkIuPY3vP4pazmqQ,False,2026-05-08T08:57:10-07:00,15430.203703703703,51447.94957983193,695000.0,695000.0,200,347500.0,0.07402582673357112,-2.603323238670832,0,non_viral,3.334236577024768
Fy1wtMPMTdU,UCmEBMzGiw3loRzs4e-JSggw,False,2026-05-08T14:12:31-07:00,21758.851851851854,56722.0,94500.0,94500.0,200,47250.0,0.6002328042328042,-0.5104306442327857,1,non_viral,2.606847106924555
FzC3-KTh7xM,UCg9fxwZK2bd_tiRjEQVD-IA,False,2026-05-17T13:00:07-07:00,11.313725490196077,35.0,2750.0,2750.0,200,1375.0,0.012727272727272728,-4.336200822468465,0,non_viral,3.0935875216637783
G-SZHNtamzs,UCdMJ5ZVu9wIHAzmUELIbXVg,False,2026-05-10T05:00:06-07:00,4.0,477.01037217815735,10400.0,10400.0,200,5200.0,0.04586638194020744,-3.080024802979616,0,non_viral,119.25259304453934
G0weTCxqPkg,UCby585TmFCMPFO0m5HDLz2Q,True,2026-05-10T05:00:25-07:00,402.0,601.387201233616,19500.0,19500.0,1000,9750.0,0.03084036929403159,-3.4773205953204007,0,non_viral,1.4959880627701891
G6r0q_QCMQo,UC8Z5kqQm2FxqPz0ykWETHng,False,2026-05-16T10:18:30-07:00,42.0,98.0,81.0,1000.0,200,500.0,0.098,-2.3136349291806306,0,non_viral,2.3333333333333335
G9C3UqpdNks,UCNC1-yZcO-UG2L-BXNZ4bOg,False,2026-05-09T13:47:31-07:00,13203.621621621623,62117.97381219603,87000.0,87000.0,200,43500.0,0.713999698990759,-0.3368681341404365,1,non_viral,4.704616323636129
GF8y7SbPGXs,UC6dwAQMtzVhVLBQJTCclbpA,False,2026-05-14T17:04:00-07:00,1.0,11.0,38.0,1000.0,200,500.0,0.011,-4.4238481295272205,0,non_viral,11.0
GGZRFZXqPns,UC52X5wxOL_s5yw0dQk7NtgA,False,2026-05-08T14:33:49-07:00,4728.000000000001,33353.68969746525,4450000.0,4450000.0,200,2225000.0,0.007495211167969719,-4.893461216790229,0,non_viral,7.054502897095017
GGkjXFjL5vA,UCsmZS0rXfOJx6RnUHcnAyMA,False,2026-05-15T17:00:13-07:00,3.0,70.48916666666666,95.0,1000.0,200,500.0,0.07048916666666666,-2.639208856246354,0,non_viral,23.496388888888887
GPUtISW5Utg,UC5NDs9I26-lRf-YfKRw0fEw,False,2026-05-16T15:15:00-07:00,27.484848484848488,42.0,6510000.0,6510000.0,200,3255000.0,6.451612903225806e-06,-11.92765005210101,0,non_viral,1.528114663726571
GWQERPvWSpM,UCrqcO8Vh-nM2fWFZnT1ss7A,False,2026-05-09T12:32:30-07:00,5932.0,38912.644783608615,211000.0,211000.0,200,105500.0,0.18442011745786074,-1.690517918035349,0,non_viral,6.559785027580683
GYqvM0ofPjY,UCc1jGFtUPHng-TOH3o4fyGw,False,2026-05-17T09:00:31-07:00,2.0,15.0,783.0,1000.0,200,500.0,0.015,-4.136166057075439,0,non_viral,7.5
Gb1FAX4s0OM,UCIul30v9pU1JxKx6jlI7wBA,False,2026-05-08T15:28:15-07:00,13.0,65.0,201000.0,201000.0,200,100500.0,0.0003233830845771144,-8.02141042012679,0,non_viral,5.0
Gr2AUhD3WOA,UCJitgRp8m5f07mngmtSQf-w,False,2026-05-18T00:05:49-07:00,1371.6,5779.311926605505,38900.0,38900.0,200,19450.0,0.14856842998985872,-1.9065623094659667,0,non_viral,4.213554918784999
GrNJ93QFrEM,UCdmt4TUBZVeHq_SYv29fK_w,False,2026-05-17T12:05:42-07:00,0.31372549019607765,5.0,314.0,1000.0,200,500.0,0.005,-5.116995310087166,0,non_viral,5.0
GtEGwtWjTQs,UCuHziQ26nUGwscWFPIaSm2g,False,2026-05-17T10:30:03-07:00,5187.048076923077,15739.364392678868,2390.0,2390.0,200,1195.0,6.585508114091577,1.8845167049870817,1,super_viral,3.034358687111949
Gu2AjXRT_5Q,UCWpcV8iCnC5JDYtlsqkkFwA,False,2026-05-29T10:24:41-07:00,55.9748427672956,60.0,263.0,1000.0,200,500.0,0.06,-2.797880915141909,0,non_viral,1.0719101123595505
GvmgIcuAu-4,UCFNcY_a-jIigMo1DAjKqEfQ,False,2026-05-09T04:10:57-07:00,15392.842696629214,91505.27401129944,472000.0,472000.0,200,236000.0,0.19386710595614287,-1.6405735658671077,0,non_viral,5.944663751506901
GwT6ditmkZA,UCOLqqrUx-wV2IViy6NPaDrg,False,2026-05-17T19:45:26-07:00,437.13684210526316,14780.628333333334,168000.0,168000.0,200,84000.0,0.08797993055555556,-2.4305848509120658,0,non_viral,33.81236013452771
H1eeRcJrEuE,UC5l1Yto5oOIgRXlI4p4VKbw,False,2026-05-08T22:26:47-07:00,577.2608695652174,1569.4456054087277,3750000.0,3750000.0,200,1875000.0,0.0004185188281089941,-7.778151981440495,0,non_viral,2.7187805170144412
H8DB47ldA5s,UCX9njoju5bVvpUm3kFwJQUQ,False,2026-05-16T07:06:45-07:00,15.598039215686274,91.92946058091286,1250.0,1250.0,200,625.0,0.07354356846473029,-2.5998577934887823,0,non_viral,5.893654920963615
HAvkKUn0RB0,UCqv0fWprtso0qLR3FzEwhzA,True,2026-05-28T07:35:39-07:00,0.0,24.0,248.0,1000.0,1000,1000.0,0.024,-3.68987895444702,0,non_viral,24.0
HB7kHFL3fL8,UC7eBNeDW1GQf2NJQ6G6gAxw,False,2026-05-08T10:00:17-07:00,11062.806722689076,53090.71713887599,4560000.0,4560000.0,200,2280000.0,0.011642701126946488,-4.453057191811052,0,non_viral,4.799027811811127
HCdohyfJrB0,UCPd07MaNltgsQsa_TUjv6AQ,False,2026-05-16T17:13:26-07:00,3.0,12.0,12400.0,12400.0,200,6200.0,0.000967741935483871,-6.860583036041236,0,non_viral,4.0
HGHO7cVVbko,UCJenlQ6sX3AptaBnSSscrlw,False,2026-05-29T12:03:31-07:00,596.1978609625669,2419.1923076923076,23400.0,23400.0,200,11700.0,0.10338428665351743,-2.2689317534933773,0,non_viral,4.0577004147356375
HHJxeOHDZT0,UCq545QWt1qKoR8_CH97obaw,False,2026-05-18T04:55:04-07:00,81.5,405.0,1390.0,1390.0,200,695.0,0.29136690647482016,-1.2314250323217104,0,non_viral,4.969325153374233
HHeZTXyK9-w,UC4aUGfFOM3ko_jQ_4A9WQuA,False,2026-05-30T00:20:29-07:00,310.0,315.0,1960.0,1960.0,200,980.0,0.16071428571428573,-1.825467612609434,0,non_viral,1.0161290322580645
HKAws9bN1Ds,UCkN0A1TTwhPkjLtqMn8I6mA,True,2026-05-16T19:32:00-07:00,388.54,945.0,39.0,1000.0,1000,1000.0,0.945,-0.05651221026334241,0,non_viral,2.432182014721779
HKtDdSXPte4,UCHjbBVD4yRI7vU-S9Pwpnkw,False,2026-05-15T08:00:21-07:00,985.4571428571428,18252.253122398,885000.0,885000.0,200,442500.0,0.02062401482756836,-3.8812454575254396,0,non_viral,18.521610254383173
HR3aSIZz1vo,UCrnM42HxLis91e_VHYQusXw,False,2026-05-18T05:30:05-07:00,196.2450980392157,1043.0,710000.0,710000.0,200,355000.0,0.0014690140845070422,-6.522206889024627,0,non_viral,5.314782434930309
HRO2BFcGgVo,UC9wo10MTzwv8UOkSmhNsMRA,False,2026-05-30T18:00:01-07:00,0.0,0.0,4.0,1000.0,200,500.0,0.0,-6.90875477931522,0,non_viral,0.0
HTvq8-suTDs,UCBVlCw5dnEcpzCyW3EMwNRg,False,2026-05-29T06:10:51-07:00,29.0,58.0,1320.0,1320.0,200,660.0,0.04393939393939394,-3.1086068606166055,0,non_viral,2.0
HVIV34M-wHw,UCECthTp9Kjh65crl8AcseyA,False,2026-05-15T15:00:17-07:00,0.45544554455445513,41.0,1800.0,1800.0,200,900.0,0.02277777777777778,-3.7584277268925876,0,non_viral,41.0
HYNq5SJxUno,UCt74xd1EKiaO8xy-2C2bJFA,False,2026-05-17T04:45:03-07:00,8.458333333333332,53.48502495840266,26500.0,26500.0,200,13250.0,0.002018302828618968,-6.187011854604227,0,non_viral,6.323352704441695
HYu7WnVtSJo,UC6hsPuCW1OdnQv1161pphpw,False,2026-05-20T00:00:09-07:00,277.5145631067961,2030.554972481761,5020.0,5020.0,200,2510.0,0.4044930224067253,-0.904827620927871,0,non_viral,7.316931226057283
HZ6jM5FWAQk,UCiMfrGQ1WsW_GMXGF9b2QLQ,False,2026-05-08T07:00:13-07:00,904.5188679245286,2903.0,10300.0,10300.0,200,5150.0,0.28184466019417476,-1.266151880939006,0,non_viral,3.2094410663440365
Ha6vG8TMjUQ,UCaKdrLPbvuGAm7UAxIfEoxw,False,2026-05-17T01:50:36-07:00,6.0,8.0,0.0,1000.0,200,500.0,0.008,-4.711530201979,0,non_viral,1.3333333333333333
HgU_NNffiEU,UCz2rR0tywsJecVVer8kbf2A,False,2026-05-08T22:18:04-07:00,98019.17557251909,144836.4831842024,27599.0,27599.0,200,13799.5,5.247888806993094,1.6577965354989388,1,super_viral,1.4776341704388822
HisWQVg5WC4,UC1VKVKhJLc7PjdPPVxTDk0Q,False,2026-05-08T22:17:21-07:00,23460.834710743802,134662.31988472622,329000.0,329000.0,200,164500.0,0.40930796317545964,-0.8932830536313574,0,non_viral,5.739877610708289
Hs6CU5OZB_4,UCuTAXTexrhetbOe3zgskJBQ,False,2026-05-08T17:00:00-07:00,725.2710280373832,1741.828729281768,3220000.0,3220000.0,200,1610000.0,0.0005409405991558285,-7.521627449417524,0,non_viral,2.4016245816343122
I--tI6Js6Qo,UCETPdcz9yjpT4Bs02RyFkEA,False,2026-05-16T06:00:26-07:00,301.44554455445547,2481.301574150787,7440.0,7440.0,200,3720.0,0.3335082760955359,-1.0978190645211194,0,non_viral,8.231342671918462
I-8BBcHkmrs,UCwmdNrmZ3xgsooUARTPcNWg,False,2026-05-14T19:17:41-07:00,0.0,0.0,582.0,1000.0,200,500.0,0.0,-6.90875477931522,0,non_viral,0.0
I1zB2geFqYs,UCTQ-gSOpuLtgQarXw3XVmyQ,False,2026-05-17T20:11:08-07:00,69.0,473.0,4120000.0,4120000.0,200,2060000.0,0.00011480582524271845,-9.07015664234905,0,non_viral,6.855072463768116
I6aXxKDyPak,UCiOR3zQCU-tLza5g1MuqABA,False,2026-05-14T05:15:02-07:00,165.5042735042735,412.44954128440367,701000.0,701000.0,200,350500.0,0.000588373097409991,-7.43572911386431,0,non_viral,2.4920778935279504
I9De72TnMDo,UCMNRAapvcYtQks_QmfiTGkA,False,2026-05-17T02:45:53-07:00,12411.288659793814,29301.0,281000.0,281000.0,200,140500.0,0.10427402135231317,-2.260702454967154,0,non_viral,2.360834624282018
I9LwnLJ9-q0,UC2xLESFeytXO0j7pgVBf7fg,False,2026-05-08T12:54:02-07:00,19192.115384615383,59560.971836419754,88699.0,88699.0,200,44349.5,0.6714954152405298,-0.398242575324776,1,non_viral,3.1034083863503916
I9xE2Pb3zUM,UCgmjmEpkx4zC-Rh_WUrhtzQ,False,2026-05-29T06:15:46-07:00,23.0,82.0,157.0,1000.0,200,500.0,0.082,-2.489914171518622,0,non_viral,3.5652173913043477
IDRo3zdU_Gs,UCVXxhhmqa51GtveM8X6lp9w,False,2026-05-08T09:50:09-07:00,1138.6875,3134.0,56700.0,56700.0,200,28350.0,0.05527336860670194,-2.8951626731776017,0,non_viral,2.752291563752127
IIcCn10A7B0,UC2fhSmyWOF5XcKMnqy3EkOg,True,2026-05-16T04:35:22-07:00,997.25,3239.3684210526317,694.0,1000.0,1000,1000.0,3.2393684210526317,1.1746875332080684,1,viral,3.248301249488726
IKm_15szFy0,UCIkON2qOZqxDS_hzpPj_MrA,False,2026-05-14T10:05:34-07:00,1.0,10.0,40000.0,40000.0,200,20000.0,0.00025,-8.198764459985208,0,non_viral,10.0
IN37bk0AzLc,UCKqC0XCrzP8eD4wTv6FYa9g,True,2026-05-15T15:00:00-07:00,24.0,57.904841402337226,1270.0,1270.0,1000,1000.0,0.04559436330892695,-3.071635986926246,0,non_viral,2.4127017250973846
IPhzf-uV6zI,UC4_py0t-VOTWDkAjXm0WcuA,False,2026-05-15T04:42:23-07:00,149.46464646464648,733.0,1840.0,1840.0,200,920.0,0.3983695652173913,-0.919555152618563,0,non_viral,4.90416976414138
IRF4ZApmrPQ,UCnvLgMU5pDIW5N-jWOOpC8A,False,2026-05-14T05:30:44-07:00,309.4024390243903,2551.9216013344453,37100.0,37100.0,200,18550.0,0.06878494882303086,-2.67640549408734,0,non_viral,8.247903957645521
IVIxQc-32EA,UC64F2oovpjsxy06vTdrJG-g,False,2026-05-08T20:56:37-07:00,125.6774193548387,976.9437317784256,60000.0,60000.0,200,30000.0,0.016282395529640427,-4.116664373321233,0,non_viral,7.77342291712813
IVMFNCiM3Rs,UCrNnmm8f6PXQJ747XCJSq6Q,False,2026-05-15T11:45:00-07:00,0.0,2.0,47.0,1000.0,200,500.0,0.002,-5.81014249064711,0,non_viral,2.0
IVrqkM-hzpQ,UC6mqBIpyFImadq67vlznJOw,True,2026-05-16T18:08:37-07:00,377.90909090909093,389.0,233.0,1000.0,1000,1000.0,0.389,-0.9426080401915282,0,non_viral,1.0293480875631464
IW9kLimm1Qc,UC9IH3-lOoiD_0Djc7V82evQ,True,2026-05-28T03:20:34-07:00,4.0,4.0,4040.0,4040.0,1000,2020.0,0.0009900990099009901,-6.694809552644373,0,non_viral,1.0
IbAn1DFjM8Y,UCGRAGBgAzx7197NCbaJX7ag,False,2026-05-15T19:39:19-07:00,0.0,0.0,4.0,1000.0,200,500.0,0.0,-6.90875477931522,0,non_viral,0.0
Ij9eIuHok4U,UChKibgdr8RYSXXre4rwYFSw,False,2026-05-16T16:02:11-07:00,0.0,27.0,226.0,1000.0,200,500.0,0.027,-3.5765502691400166,0,non_viral,27.0
IvSXUJJNBdg,UCIU9cV1CA6UxVmL3GPAuOCg,False,2026-05-08T14:12:30-07:00,404752.9259259257,1058147.327077748,536000.0,536000.0,200,268000.0,1.9741554609659477,0.6801397715766981,1,strong,2.6143043306162554
J3gUKO_mR4I,UC3EWyNiOL9Y0p0m_VSvDwwA,False,2026-05-14T07:00:22-07:00,3724.8058252427186,11403.116279069767,2040000.0,2040000.0,200,1020000.0,0.005589762881896945,-5.18673120969504,0,non_viral,3.0613988524695
J7-jo7QTA5g,UCe-PH4zHUkhKb_cJfa5FP_A,False,2026-05-14T16:12:54-07:00,10.0,48.0,161.0,1000.0,200,500.0,0.048,-3.016934481204594,0,non_viral,4.8
J8BvonmUUgg,UCd-dcO5EdF1y6AYPyC4ruJQ,False,2026-05-14T03:19:20-07:00,1259.0117647058823,9546.996658312448,103000.0,103000.0,200,51500.0,0.09268928794478104,-2.378407338432071,0,non_viral,7.58292887004334
J90vRHTkP38,UCNPSJeEMh5YhSn7kSjJ3S9A,False,2026-05-20T02:00:31-07:00,101.41666666666666,777.9222208008188,3340.0,3340.0,200,1670.0,0.23291084455114333,-1.4561142463991912,0,non_viral,7.670555998036011
JBRzy8w3t2g,UCeY0bbntWzzVIaj2z3QigXg,True,2026-05-08T08:51:59-07:00,9232.56,28128.29898074745,11900000.0,11900000.0,1000,5950000.0,0.0023637226034241557,-6.0474820616406255,0,non_viral,3.0466413411607887
JGLjf3NWy3Y,UC30W9WE2m8xuOIt-R-jyx9w,False,2026-05-10T04:00:34-07:00,2220.0,22213.775912787678,71700.0,71700.0,200,35850.0,0.3098155636372061,-1.1717470453756107,0,non_viral,10.006205366120575
JKKAVg7dQrg,UCv5C0sZ15tMa4tEAVU5FFNg,False,2026-05-17T21:36:26-07:00,0.0,2.4870292887029275,455.0,1000.0,200,500.0,0.0024870292887029274,-5.659704612258379,0,non_viral,2.4870292887029275
JMqEG8iDVG0,UCcZndpM85bLlT3jNvNsGb3A,False,2026-05-09T09:49:11-07:00,227597.3333333333,1749183.0774077408,51700.0,51700.0,200,25850.0,33.833328383128446,3.521427593024823,1,super_viral,7.6854286989642855
JUTRPiU_q6E,UCsOlx6HglzlHo-dJjCOdE2Q,False,2026-05-09T01:48:45-07:00,16459.08510638298,17496.399479317326,14200.0,14200.0,200,7100.0,1.2321408084026286,0.20873988404247612,1,strong,1.063023817316071
JV7Srvm73wU,UCNjLwWFmMcx3v85fIViIiEw,False,2026-05-14T01:54:37-07:00,2.0,5.0,192.0,1000.0,200,500.0,0.005,-5.116995310087166,0,non_viral,2.5
JW4YLVqdcU4,UCC36ds-oe1gmGx3qblvtvQg,False,2026-05-14T09:38:23-07:00,20.0,31.0,5.0,1000.0,200,500.0,0.031,-3.443018876515494,0,non_viral,1.55
Je-I-lxv_Uo,UC1EBG2fyOtI5Ein2yNUykVg,False,2026-05-16T05:30:06-07:00,0.0,1.0,430.0,1000.0,200,500.0,0.001,-6.215607598755275,0,non_viral,1.0
JeOi-pjorDk,UCCS0ACzm-0LONh90tTZWalw,False,2026-05-14T09:00:15-07:00,0.0,24.0,88.0,1000.0,200,500.0,0.024,-3.68987895444702,0,non_viral,24.0
Jjpy0gkQZ3w,UCzWhM3pfhKmD7hlDIdJfopQ,False,2026-05-10T04:00:37-07:00,3.0,3.0,1200.0,1200.0,200,600.0,0.0025,-5.704615460960093,0,non_viral,1.0
JmaI7OUFE9Y,UCX65vg9q8k-IuWqoViBL5vw,False,2026-05-08T05:50:00-07:00,12589.752577319588,36826.99853587116,641000.0,641000.0,200,320500.0,0.05745241581259151,-2.8567726313121167,0,non_viral,2.925156654961982
Jo8BxX7Be2U,UCBy_C4Tg58BRzyKky45Pfow,False,2026-05-14T14:36:21-07:00,69.73267326732673,155.47254575707154,79700.0,79700.0,200,39850.0,0.0019507220295742979,-6.233156843632237,0,non_viral,2.229550918850522
Jp7WSBF5_Pc,UCLS1LOupDlBPrVeBzAJse-w,False,2026-05-29T12:00:12-07:00,0.0,0.0,832.0,1000.0,200,500.0,0.0,-6.90875477931522,0,non_viral,0.0
JtgpbHRW5I8,UCLKsaKMS_5RQuM0wHLp2vVg,False,2026-05-17T06:17:52-07:00,2018.0,9544.902743142145,66200.0,66200.0,200,33100.0,0.14418282089338588,-1.936583538268744,0,non_viral,4.729882429703739
Ju__wQyLzkg,UCcQTRi69dsVYHN3exePtZ1A,False,2026-05-09T05:40:50-07:00,7788.483606557377,38434.49988487221,3590000.0,3590000.0,200,1795000.0,0.010705988825869697,-4.536926251336494,0,non_viral,4.934786002825114
JvfdAJTChyc,UC2f1cC0H-DVkiBNPjy7xxCA,False,2026-05-15T10:35:02-07:00,3.6599999999999993,15.0,531.0,1000.0,200,500.0,0.015,-4.136166057075439,0,non_viral,4.0983606557377055
JyUJnaOqFq4,UCahbDZKuzuzfTB6Q0BxbrWQ,False,2026-05-16T04:30:26-07:00,3.0,24.0,14800.0,14800.0,200,7400.0,0.0016216216216216215,-6.383574200168988,0,non_viral,8.0
K1_T0Kxy3Pk,UCF4Wxdo3inmxP-Y59wXDsFw,False,2026-05-15T17:30:25-07:00,9106.1,21908.13450292398,6170000.0,6170000.0,200,3085000.0,0.0035507511349957823,-5.640550628523654,0,non_viral,2.405874578900295
K1nmpnw4pLU,UCYkn7e_zaRR_UxOrJR0RVdg,False,2026-05-14T10:13:59-07:00,349.2142857142857,1669.505843071786,1210000.0,1210000.0,200,605000.0,0.0013797568951006496,-6.5852499844300345,0,non_viral,4.780748988137657
K7XQ-YiMnvI,UC_GcrznCXn6b-i1Y7DOn54A,False,2026-05-17T00:39:55-07:00,73.8989898989899,139.37271214642263,2560000.0,2560000.0,200,1280000.0,5.444246568219634e-05,-9.811217092310372,0,non_viral,1.8859894071208092
K8DGD5EiySU,UCBcWMu-CwIcWtAzlo2wYfXQ,False,2026-05-15T02:59:45-07:00,6.0,490.27937551355797,3990.0,3990.0,200,1995.0,0.1228770364695634,-2.0947841461699905,0,non_viral,81.71322925225967
KAPK3k4QQzk,UCJEJdZjjV_h0GwZFOLMvhxw,False,2026-05-17T15:28:50-07:00,4.0,202.40768588137007,53.0,1000.0,200,500.0,0.20240768588137006,-1.5935425093872881,0,non_viral,50.60192147034252
KG4khqOEas8,UCVRWcveLy_NHoDnwHn73mVw,False,2026-05-17T21:00:30-07:00,138.67368421052632,1101.3799999999999,139000.0,139000.0,200,69500.0,0.007923597122302157,-4.837009648471857,0,non_viral,7.942242295430392
KIGw7DTN9Ho,UCiCtfd2JP-IWrrVY-WENCMQ,False,2026-05-08T21:00:18-07:00,18834.909090909092,156270.34051849693,13600.0,13600.0,200,6800.0,11.490466214595363,2.4414505391581702,1,super_viral,8.296846019496998
KISZ6OuLd6o,UCsvS85562x_xFYmL5I-QTBQ,False,2026-05-14T21:58:21-07:00,1191.235294117647,7860.0,2820.0,2820.0,200,1410.0,2.7872340425531914,1.0248223927917612,1,viral,6.598192681842872
KJR7uA1FcQs,UCJt9_uuliE7wrj54TYNebDA,False,2026-05-10T05:00:36-07:00,3.0,413.14024014778323,86800.0,86800.0,200,43400.0,0.004759680186034369,-5.345168760536678,0,non_viral,137.7134133825944
KJXxmkMdiEA,UCIduQSMiEtISMIphxmNct5g,False,2026-05-14T14:20:37-07:00,201.98039215686273,1345.0,5300.0,5300.0,200,2650.0,0.2537735849056604,-1.3707582507831324,0,non_viral,6.659062226968256
KNRtvA81qAs,UCG4kGP4ETdKzseQshMCCBKg,False,2026-05-15T17:40:17-07:00,162.79611650485438,721.0,296000.0,296000.0,200,148000.0,0.002435810810810811,-6.016092972786042,0,non_viral,4.428852576335878
KWm2UB4RRe8,UCrMZ0Gyfqb4O9SAXmPhK-Zg,False,2026-05-14T04:33:17-07:00,45.0,195.0,24500.0,24500.0,200,12250.0,0.007959183673469388,-4.828354552795868,0,non_viral,4.333333333333333
KawSdYNTMfA,UCIul30v9pU1JxKx6jlI7wBA,False,2026-05-08T15:53:07-07:00,11.0,222.76266326855688,201000.0,201000.0,200,100500.0,0.0011082719565599845,-6.80047921098606,0,non_viral,20.251151206232443
KbFuA6L5GqE,UCjIZT41JtgaYmCwYTZrdSIQ,False,2026-05-14T20:00:45-07:00,1994.0,9668.425602660016,29100.0,29100.0,200,14550.0,0.3322483024969078,-1.1018036300789653,0,non_viral,4.848759078565705
KfQgXKzWAUw,UChmu7oXs-gNjWG5qlHVwgWg,False,2026-05-30T15:08:10-07:00,686.4912280701755,700.0,1110.0,1110.0,200,555.0,0.6306306306306306,-0.46050790260504026,1,non_viral,1.0196779964221825
KjVPqKjn5l8,UCDgxgWHRxU_PYotNhbmpKsA,False,2026-05-17T20:35:41-07:00,7.0,17.48376353039134,4870.0,4870.0,200,2435.0,0.003590095180778509,-5.574161834085759,0,non_viral,2.49768050434162
Kjzh2fcRkZg,UC5DOK_H_fkhHBw_7pl0TViQ,False,2026-05-09T00:19:33-07:00,650.125,3973.939543491672,230000.0,230000.0,200,115000.0,0.017277998015181182,-4.058074117933682,0,non_viral,6.1125776481317775
KkdCeZI94UM,UC2AVZr4HFk-cN5kWQ1KX9uw,False,2026-05-14T18:42:42-07:00,1.0,8.0,869.0,1000.0,200,500.0,0.008,-4.711530201979,0,non_viral,8.0
KtrMNBNvqCY,UC3TQRUN7LLuEiWliTWhgyCg,False,2026-05-29T09:59:34-07:00,328.0,332.0,381.0,1000.0,200,500.0,0.332,-1.1006122893347765,0,non_viral,1.0121951219512195
KzakJAjrJvU,UCZYuvKLicNJPZI1E_cF162Q,False,2026-05-22T09:45:00-07:00,18.0,80.64711033274956,3960.0,3960.0,200,1980.0,0.020365431902209484,-3.8818453697349655,0,non_viral,4.480395018486087
L0P5MLB1Hmk,UC2TuODJhC03pLgd6MpWP0iw,False,2026-05-08T23:10:00-07:00,3009.7111111111108,6253.310956117408,2140000.0,2140000.0,200,1070000.0,0.0029221079234193494,-5.8352905963486705,0,non_viral,2.0777113567583703
L3bB3KOOfcQ,UCpckeTB3GjRus0eqU-1lnRQ,False,2026-05-29T06:17:51-07:00,542.6923076923076,3280.15625,7960.0,7960.0,200,3980.0,0.4120799309045226,-0.8863587445853867,0,non_viral,6.044228384124735
L3k6Vzb7GRY,UCQK2si_zQf-jPB6iIEv3inw,False,2026-05-14T01:30:09-07:00,356.66336633663366,7687.391267842149,121000.0,121000.0,200,60500.0,0.06353215923836487,-2.756087246332692,0,non_viral,21.553632902647117
L6r9fj3rONU,UCPZHBp1ruUxTJ7aBvMiWLMA,False,2026-05-14T18:49:07-07:00,4.0,18.0,7.0,1000.0,200,500.0,0.018,-3.96431580014878,0,non_viral,4.5
L7jB5OdVuGE,UCTHaNTsP7hsVgBxARZTuajw,False,2026-05-09T07:02:56-07:00,192823.203125,483970.48709910776,3040000.0,3040000.0,200,1520000.0,0.1592008181247065,-1.8375871293185249,0,non_viral,2.5099183047248106
LCF0Rks3sCM,UCpmAcCUZtDEZNQWmqwX7DxQ,False,2026-05-09T07:00:06-07:00,1431.2687224669603,16012.470658113565,497000.0,497000.0,200,248500.0,0.03221825082115405,-3.4351617540077495,0,non_viral,11.187606077574436
LD8rX8nBgkg,UCLkRCRHQL8kDRbaQav4v8bg,False,2026-05-14T06:18:33-07:00,341.62,2248.0,395000.0,395000.0,200,197500.0,0.005691139240506329,-5.168402623566309,0,non_viral,6.580410982963526
LHfTiXkMGHY,UCXm1PxGtg7tYnqc38QSe0uA,False,2026-05-17T12:50:21-07:00,34.26530612244896,104.0,63900.0,63900.0,200,31950.0,0.0016275430359937403,-6.411129939537921,0,non_viral,3.0351399642644448
LJ0tXAsQeD0,UCt-vZVeCLOuZEHvaHChJ8Rw,False,2026-05-15T06:10:01-07:00,3.0,21.0,9620.0,9620.0,200,4810.0,0.002182952182952183,-6.080661035002949,0,non_viral,7.0
LJk0eIqocuY,UCNkLoS8K8QOpkTqCGqz3ycg,False,2026-05-08T08:25:34-07:00,251.39999999999998,676.0,13400.0,13400.0,200,6700.0,0.05044776119402985,-2.9854133371079525,0,non_viral,2.688941925218775
LMLcgvy5JE8,UCzcuO3x4WJwiFvnV7aHq8Gg,False,2026-05-17T09:19:54-07:00,22.435643564356443,126.0,7480.0,7480.0,200,3740.0,0.016844919786096257,-4.075934665413813,0,non_viral,5.616063548102381
LNfwZQ7lDWs,UCtdyo3ozkfiyt8h2WB1xKpQ,False,2026-05-19T21:08:00-07:00,138.8421052631579,1099.8546647322273,2570000.0,2570000.0,200,1285000.0,0.0004279590135144853,-7.755574720934868,0,non_viral,7.921621921877301
LYB01NDN2G8,UCIKhrdByqxGYzRPalK1BjCQ,False,2026-05-16T20:15:02-07:00,4912.13,18517.065054211842,151000.0,151000.0,200,75500.0,0.12262956989544266,-2.0985397142640636,0,non_viral,3.7696610338512704
LeOIQoAz3KU,UCBMiWGfsy5_fVuYRRxmPWRQ,False,2026-05-29T10:07:48-07:00,2.0,2.0,317.0,1000.0,200,500.0,0.002,-5.81014249064711,0,non_viral,1.0
Lge2TCWC2po,UC_GcrznCXn6b-i1Y7DOn54A,False,2026-05-14T21:22:44-07:00,95.35643564356435,173.0,2560000.0,2560000.0,200,1280000.0,6.7578125e-05,-9.59646290786614,0,non_viral,1.8142456650399752
LhCvGWiDV6M,UChqUTb7kYRX8-EiaN3XFrSQ,False,2026-05-09T07:31:27-07:00,5688.0,26555.827400940227,4190000.0,4190000.0,200,2095000.0,0.006337906300940388,-5.061169384371963,0,non_viral,4.6687460268882255
LheWm9wD_qU,UCYsZcYmeS3Ts7JmCbTsbl4Q,False,2026-05-22T08:48:36-07:00,4.0,5.0,7.0,1000.0,200,500.0,0.005,-5.116995310087166,0,non_viral,1.25
Lo3ufgRZL3I,UC6-bkbqTy73kmHhILAGbt3g,False,2026-05-14T00:00:30-07:00,4.0,28.97171381031614,15600.0,15600.0,200,7800.0,0.001857161141686932,-6.254836229858899,0,non_viral,7.242928452579035
LoGR92Bk76Q,UCbZMQXgA4ipzLWzdzTcqpUQ,True,2026-05-14T22:12:38-07:00,295.9207920792079,316.0,10.0,1000.0,1000,1000.0,0.316,-1.1498530054379401,0,non_viral,1.0678533190578159
LrsizkQV7QQ,UCoQBJMzcwmXrRSHBFAlTsIw,False,2026-05-09T02:20:00-07:00,2834.758620689655,9837.670594133868,2330000.0,2330000.0,200,1165000.0,0.004222176220658312,-5.467303376029335,0,non_viral,3.4703732876348066
LtaR4aPXhLk,UCRZK4yzTdobXDn8DIx86QiA,False,2026-05-17T16:00:31-07:00,0.0,0.0,42.0,1000.0,200,500.0,0.0,-6.90875477931522,0,non_viral,0.0
Ltw51upVqPk,UCExxWMXIf8UR5xb4eQTdh7A,False,2026-05-08T18:39:05-07:00,2758.2911392405063,6615.571756601607,108000.0,108000.0,200,54000.0,0.061255294042607475,-2.7925631120688372,0,non_viral,2.3984312832267594
Lvh0tI_4P30,UCuZpp36VVCiWrxkMNVnhLXw,False,2026-05-22T08:23:36-07:00,8.0,11.0,21.0,1000.0,200,500.0,0.011,-4.4238481295272205,0,non_viral,1.375
M-Q2yPro8B4,UCuUC85dZ6qxUFNKUphv00DQ,False,2026-05-09T11:54:36-07:00,4689.0,20070.86660738106,1670.0,1670.0,200,835.0,12.018482998431772,2.485896913722378,1,super_viral,4.280415143395406
M1pWfmfsIkM,UC-W-mflkiOqw79UxCaGeD7A,True,2026-05-27T20:34:34-07:00,3.0,6.0,552.0,1000.0,1000,1000.0,0.006,-4.962844630259907,0,non_viral,2.0
MBL0vezAVf4,UCrTOJfeRsSjoRZmT0877vsg,False,2026-05-15T02:29:01-07:00,262.76344086021504,3579.3602329450914,164.0,1000.0,200,500.0,3.5793602329450915,1.2744639187449778,1,viral,13.621987218721346
MCHnJLjMEBc,UCPI-KllDekRxVknYPebalsw,False,2026-05-15T22:03:58-07:00,313.00000000000006,8228.26794657763,15500.0,15500.0,200,7750.0,0.5308559965533954,-0.6332074766234452,1,non_viral,26.28839599545568
MDIzvsoolWw,UCbAKCtxhxKt5orBtdxj8Hkg,False,2026-05-15T23:12:31-07:00,485.1067961165048,3347.210657785179,352.0,1000.0,200,500.0,3.3472106577851792,1.207426570800152,1,viral,6.899945918261888
MI68Sq_Rwyw,UCwgQ0wS_Hq9JKenDMKUZdBQ,False,2026-05-15T23:01:32-07:00,0.0,87.0,14.0,1000.0,200,500.0,0.087,-2.4314179648370136,0,non_viral,87.0
MLvopK4cCic,UC1fdtWYJVuW536pLk67bpQA,False,2026-05-14T19:00:17-07:00,30.0,198.0,10200.0,10200.0,200,5100.0,0.019411764705882354,-3.936936208958027,0,non_viral,6.6
MSEZ4ehS77Y,UCCu_DKa47XYeCTYHg-Tc8tw,False,2026-05-29T08:00:06-07:00,2.0,3.0,4.0,1000.0,200,500.0,0.003,-5.52246041819533,0,non_viral,1.5
MSdqR-v1A3g,UCvP25S9UhH9nkq9ASYYDP8A,False,2026-05-16T04:42:07-07:00,302.65999999999997,1555.5459098497495,17600.0,17600.0,200,8800.0,0.08838329033237213,-2.425486512580477,0,non_viral,5.139582071795909
MT9-_IPpY2s,UCm_jnI7ubEWq57tEk6pDHBw,False,2026-05-09T02:49:13-07:00,129.22222222222223,871.7251207729469,10800.0,10800.0,200,5400.0,0.08071528896045804,-2.5157733625449543,0,non_viral,6.745938165912744
MWwyOhRQ5EE,UC7JIEy6zShH2YEpGPMjcYmA,False,2026-05-14T14:32:35-07:00,606.1800000000001,8477.377703826955,46800.0,46800.0,200,23400.0,0.18114054922707168,-1.7083854472256554,0,non_viral,13.984918182432533
MXYxM01TqGQ,UCUgSk8bH8nmIHFNpBXBHhBA,False,2026-05-17T07:09:07-07:00,0.0,0.0,4.0,1000.0,200,500.0,0.0,-6.90875477931522,0,non_viral,0.0
MYSB0E3qlGo,UCg4LOHz4PSstEEFkkVek-Ag,False,2026-05-30T19:59:21-07:00,4.0,81.0,1520.0,1520.0,200,760.0,0.053289473684210525,-2.9204040449950392,0,non_viral,20.25
MbkReMXBhmU,UCeE3lzDK-PMqghdfHm63dIA,False,2026-05-15T00:30:42-07:00,12.0,21.0,298.0,1000.0,200,500.0,0.021,-3.8177123259569044,0,non_viral,1.75
MjFrWpJX1PU,UC_GcrznCXn6b-i1Y7DOn54A,False,2026-05-15T12:11:32-07:00,37.0,96.0,2560000.0,2560000.0,200,1280000.0,3.75e-05,-10.180807228577287,0,non_viral,2.5945945945945947
MoyBWAscouI,UCEsPWx1K7BQIUSyDnxH2OBg,False,2026-05-15T20:23:34-07:00,108.61,133.0,1350.0,1350.0,200,675.0,0.09851851851851852,-2.310760538009288,0,non_viral,1.2245649571862627
N18F3yMrwsE,UC_GJyBR3dQ2lKfv81tC8sEQ,False,2026-05-09T06:33:10-07:00,20879.27819548872,51248.28824397442,86100.0,86100.0,200,43050.0,0.5952182142157307,-0.5188192957684663,1,non_viral,2.454504785277844
N2-j0acTs0k,UCom4hQ6DOjIAf-ZiQeqcqLw,False,2026-05-09T05:41:16-07:00,15784.047210300432,154361.85945945946,63300.0,63300.0,200,31650.0,2.438575978822424,0.8914049342984569,1,viral,9.779612123734983
N2b-Xhz-TRQ,UC3q1cSMEZ9ve2SYwlgPewlQ,False,2026-05-29T08:24:11-07:00,70.0,95.0,1950.0,1950.0,200,975.0,0.04871794871794872,-3.011749149155275,0,non_viral,1.3571428571428572
N2yO6rVO1qY,UCryVq2PKWkDBao4gI7Ww5tg,False,2026-05-15T17:15:01-07:00,57.0,173.0,7350.0,7350.0,200,3675.0,0.023537414965986395,-3.743536338159558,0,non_viral,3.0350877192982457
N5KBdAm7Es0,UCiDPJjBG7cemCYVg5jG0cWQ,False,2026-05-16T14:00:31-07:00,7047.766990291262,35212.215,410000.0,410000.0,200,205000.0,0.08588345121951219,-2.454738160434113,0,non_viral,4.996222924013665
N8paaLoYZ9U,UC-fzWbU1zavz77kP1gPPdSg,False,2026-05-10T03:44:38-07:00,5315.0,8346.944679351656,6670000.0,6670000.0,200,3335000.0,0.0012514159939057956,-6.683359926456307,0,non_viral,1.570450551148007
NH6tSnwHZ_c,UClPZECXX3FfZWvuThCpoGaA,False,2026-05-15T16:30:01-07:00,49.78846153846154,222.0,2930.0,2930.0,200,1465.0,0.0757679180887372,-2.5759271692507735,0,non_viral,4.458864426419467
NNxOS-R_crY,UCU1kccocfd3_fiv_RVSnDBA,False,2026-05-13T23:45:04-07:00,32.0,112.44804655029094,21400.0,21400.0,200,10700.0,0.005254581614499577,-5.239847936408468,0,non_viral,3.514001454696592
NOAWvkWnWVI,UC5NDs9I26-lRf-YfKRw0fEw,False,2026-05-18T00:37:48-07:00,39.0,58.0,6510000.0,6510000.0,200,3255000.0,8.90937019969278e-06,-11.611312723888851,0,non_viral,1.4871794871794872
NQ2MDlAJLQY,UCVXyVZaghlQeF4sCo-tGbSQ,False,2026-05-29T18:21:38-07:00,0.0,9.0,15.0,1000.0,200,500.0,0.009,-4.6061696863211745,0,non_viral,9.0
NQR8iUej9xQ,UCzJh287q2pcR1WuOCUpF1aw,False,2026-05-22T13:30:03-07:00,2.0,10.0,1160.0,1160.0,200,580.0,0.008620689655172414,-4.65914170889952,0,non_viral,5.0
NUMa_mSi6OA,UC4twJx3tfIIdmnC_zsuP45Q,False,2026-05-18T03:00:29-07:00,706.7407407407408,2140.9466666666667,555000.0,555000.0,200,277500.0,0.003857561561561562,-5.557254842679466,0,non_viral,3.0293239702337282
NUOgnwkYVFk,UC_Q0sTYIm0aDIOjPaCsV_XQ,False,2026-05-18T06:29:27-07:00,16.422680412371143,51.0,564.0,1000.0,200,500.0,0.051,-2.957511060733793,0,non_viral,3.1054613935969853
NUoBST-t7bQ,UCPfOXasbX_ckz5WtBzHVrVg,False,2026-05-16T23:17:52-07:00,0.0,0.0,5.0,1000.0,200,500.0,0.0,-6.90875477931522,0,non_viral,0.0
NXt0pD9aYDk,UCXIJgqnII2ZOINSWNOGFThA,False,2026-05-08T09:30:08-07:00,89959.5,167920.8875502008,15300000.0,15300000.0,200,7650000.0,0.010975221408509856,-4.512109256520192,0,non_viral,1.86662762187652
NbXUdr3tens,UC5ZsyMVLsVNknT_RE3IUhZA,False,2026-05-22T11:00:11-07:00,34.75,187.98122485471615,2530.0,2530.0,200,1265.0,0.07430087938921587,-2.5947220898130023,0,non_viral,5.4095316504954285
NcAn2gaP1DY,UC8Qx9yxvvAoCGkml5YsoENg,False,2026-05-30T00:02:27-07:00,469003.0,468824.1024,143000.0,143000.0,200,71500.0,3.2784902265734264,1.1873781596618986,1,viral,0.9996185576638102
Ni2pfZAO2Vk,UCNxHCPqeVqQGOpkM3MMkZtA,False,2026-05-16T20:42:11-07:00,12.0,41.0,5220.0,5220.0,200,2610.0,0.007854406130268199,-4.822774615127184,0,non_viral,3.4166666666666665
NnEqdeeh6sg,UCvU2R5Dhu0jKjqV9QMc2exA,True,2026-05-17T12:20:31-07:00,1631.8080808080808,10546.440833333334,210000.0,210000.0,1000,105000.0,0.05022114682539683,-2.9912290371543957,0,non_viral,6.463039960012133
NofYm5JV7MI,UC_GcrznCXn6b-i1Y7DOn54A,False,2026-05-14T09:45:37-07:00,60.0,111.92487479131887,2560000.0,2560000.0,200,1280000.0,4.372065421535894e-05,-10.028795434317956,0,non_viral,1.8654145798553146
Nvl54SW1i9g,UCRIO3jS2D38w5c036zeta8A,False,2026-05-16T04:13:17-07:00,24.0,151.31946755407654,13300.0,13300.0,200,6650.0,0.011377403575494476,-4.469614423890954,0,non_viral,6.304977814753189
NwJFYx_0m3Q,UCPRQsWFqV2qjs4H3gFfo15A,False,2026-05-17T16:50:00-07:00,5.0,14.0,30500.0,30500.0,200,15250.0,0.00045901639344262296,-7.61746454784106,0,non_viral,2.8
NwM7CAiIiRY,UC9tyQyymq_D-JBDVpJVIKQA,True,2026-05-16T17:10:32-07:00,807.0,972.0,231.0,1000.0,1000,1000.0,0.972,-0.028370697129215472,0,non_viral,1.204460966542751
Ny4xrbNvNTY,UCf0jyMJxnIgwfqqojNFUdiQ,False,2026-05-29T12:05:32-07:00,130878.7881773399,130986.2195945946,642000.0,642000.0,200,321000.0,0.2040283794308327,-1.5894901032259217,0,non_viral,1.0008208466685153
O2NvCwS4W3g,UCZoPWdQSmy0OT0Zul-ArLng,False,2026-05-14T12:28:52-07:00,79.51485148514853,588.8845836768343,3650.0,3650.0,200,1825.0,0.16133824210324227,-1.8228294847788558,0,non_viral,7.4059697361922865
O8ByDOFTrJo,UCnUec0N-ywOhTCjMHXtNN5g,False,2026-05-08T05:26:31-07:00,5542.95918367347,13823.837816662313,3530.0,3530.0,200,1765.0,3.9161013644935734,1.3648856992296725,1,viral,2.4939454465729765
O9a9La9VUKI,UCgnysg0nQxiD1ahcBMuwuUA,False,2026-05-08T19:01:21-07:00,18685.292035398234,1077710.3177638839,75000.0,75000.0,200,37500.0,14.369470903518451,2.6650934745427826,1,super_viral,57.67693198063067
OAzaCzVDEZ4,UCoLyxcukjae4SyxiO7uU5tg,False,2026-05-29T12:07:20-07:00,423.0,424.0,2340.0,2340.0,200,1170.0,0.1811965811965812,-1.7062442985664932,0,non_viral,1.0023640661938533
OBUYnGUCr-4,UC80ztI40QAXzWL94eoRzWow,False,2026-05-15T18:50:00-07:00,460.61386138613864,1308.4688279301745,757000.0,757000.0,200,378500.0,0.001728492507173282,-6.359742994317102,0,non_viral,2.840706582282525
OC99zMNVNqg,UCbAZjNzVr9N2RV9RgLD3VQw,True,2026-05-22T15:30:15-07:00,71.06060606060606,1190.200268216361,9910.0,9910.0,1000,4955.0,0.12010093523878518,-2.1186838238720913,0,non_viral,16.74908693012363
OGlvZtHMNC8,UCGujTvY6Lsm0P7dCWgAzYrA,False,2026-05-30T18:00:12-07:00,2.0,724.0,12.0,1000.0,200,500.0,0.724,-0.3225831244605457,1,non_viral,362.0
OGpsIGD7emA,UCkUu36EH-pmJ34VtfEes1fA,False,2026-05-17T20:22:37-07:00,2366.75,10036.815,22100.0,22100.0,200,11050.0,0.45415452488687785,-0.7892633952720072,0,non_viral,4.240758423999155
OJ0hUSiG06U,UCTPY4C9XdOypY-3iwBICd-Q,False,2026-05-17T17:15:28-07:00,9.0,114.46875,3650.0,3650.0,200,1825.0,0.031361301369863016,-3.453756451073062,0,non_viral,12.71875
OKvIRnMmGcE,UCqtVbpwnInuZVvyWVlU_GDQ,False,2026-05-14T01:37:26-07:00,7052.752475247525,47751.669449081804,4010000.0,4010000.0,200,2005000.0,0.011908146994783493,-4.4305117996202,0,non_viral,6.770643038540198
OMe2HXImz9A,UCOlgYWOPly2daltJv1g4hgg,False,2026-05-17T22:03:38-07:00,25.841584158415834,137.9217318900916,1400000.0,1400000.0,200,700000.0,9.851552277863686e-05,-9.21807281425669,0,non_viral,5.337201119118489
OYK7CcbkOk0,UCbh_P99sYVvW_fByvxCKBlw,False,2026-05-22T09:53:47-07:00,4.0,11.0,343.0,1000.0,200,500.0,0.011,-4.4238481295272205,0,non_viral,2.75
O_iOFpRl_AU,UCF4Wxdo3inmxP-Y59wXDsFw,False,2026-05-08T20:18:52-07:00,16703.322580645163,54016.527444794956,6160000.0,6160000.0,200,3080000.0,0.008768916792986194,-4.736523642655365,0,non_viral,3.233879198823961
OasywcEm8ws,UCSBVYdiP2tmEvl-dJAQ_w0A,False,2026-05-16T02:30:10-07:00,518.1600000000001,2414.539616346956,104000.0,104000.0,200,52000.0,0.02321672708025919,-3.762477808713105,0,non_viral,4.659834059647514
OcUewUGjagQ,UCuTAXTexrhetbOe3zgskJBQ,False,2026-05-08T21:05:39-07:00,6703.362637362637,21634.029061319383,3220000.0,3220000.0,200,1610000.0,0.0067186425656271375,-5.002823232166582,0,non_viral,3.2273398041659656
OdRlIjr8xT0,UCE7643EXRuki96_9dLSAFAA,False,2026-05-17T18:00:14-07:00,0.0,0.0,16.0,1000.0,200,500.0,0.0,-6.90875477931522,0,non_viral,0.0
OeX28E0p66U,UCdHjleMvPSs-JEjiQ8_D2cA,False,2026-05-14T11:41:52-07:00,5516.077669902913,26980.47,38500.0,38500.0,200,19250.0,0.7007914285714286,-0.35553388088346694,1,non_viral,4.891241859630101
OjDjmceOvnE,UCwCKQiQ7Y69E_ICB5DxTC8g,False,2026-05-30T02:12:30-07:00,2285.0,2381.0,49600.0,49600.0,200,24800.0,0.048004032258064516,-3.0360705238848595,0,non_viral,1.0420131291028447
OzvzCuhZZRU,UCTXdJFa9-aorFOCx0N_JoKA,False,2026-05-17T14:35:03-07:00,1.0,7.0,1950.0,1950.0,200,975.0,0.0035897435897435897,-5.496655798943275,0,non_viral,7.0
P0eCFEQcQN8,UCaXkIU1QidjPwiAYu6GcHjg,False,2026-05-09T13:37:25-07:00,41970.0,86210.33509378984,9820000.0,9820000.0,200,4910000.0,0.008779056526862509,-4.735374836549134,0,non_viral,2.0540942362113377
P2vwhOJskx0,UCqaZlsyggpisWGozbyAgdbw,False,2026-05-14T17:16:04-07:00,999.0291262135922,8533.597337770383,96600.0,96600.0,200,48300.0,0.08833951695414476,-2.4264609157638937,0,non_viral,8.541890435280363
P66Kfw0vb7Q,UCP8YFuAGFPT544GT5JPBJdA,True,2026-05-15T19:13:21-07:00,30.1747572815534,66.0,1650.0,1650.0,1000,1000.0,0.04,-3.2044438245291627,0,non_viral,2.187258687258687
P6ndCQpYUQo,UCOZosuCbpzK7Optwppn0whA,False,2026-05-15T00:30:11-07:00,1565.938144329897,26641.354409317802,40199.0,40199.0,200,20099.5,0.6627367449269336,-0.41136477512981173,1,non_viral,17.01303113777734
P8JlYAO0xaY,UCtn7r2yhcXHr5dR1a3H7QGw,False,2026-05-30T20:12:23-07:00,26.0,30.0,565.0,1000.0,200,500.0,0.03,-3.474767574830074,0,non_viral,1.1538461538461537
PAbHFSJJs1U,UCYR3S_hTVAUCF28VeVjrGZg,False,2026-05-14T05:58:03-07:00,11.0,79.11823480432973,25.0,1000.0,200,500.0,0.07911823480432974,-2.52525130065834,0,non_viral,7.192566800393612
PCrsBpulz9A,UC2TuODJhC03pLgd6MpWP0iw,False,2026-05-14T05:50:00-07:00,783.7647058823529,2573.008347245409,2140000.0,2140000.0,200,1070000.0,0.0012023403491800977,-6.723097223228748,0,non_viral,3.282883661300807
PJNa5WBT1og,UCYRJG_NglE_403Wxowhm9BQ,False,2026-05-30T00:21:41-07:00,109.7406015037594,114.0,566.0,1000.0,200,500.0,0.114,-2.1638226509519702,0,non_viral,1.0388133328765716
PQbrurtZAx8,UCbDM2dRJWwM5Son2jkrbiHw,False,2026-05-14T08:47:48-07:00,0.0,0.0,587.0,1000.0,200,500.0,0.0,-6.90875477931522,0,non_viral,0.0
PQl6LS5CiDo,UChypcqzwU_8ZD_pTiWquBOw,False,2026-05-08T17:54:22-07:00,12500.727272727274,47168.0721455458,49900.0,49900.0,200,24950.0,0.945251946804525,-0.05630261596987651,1,non_viral,3.773226238480697
PROqe10b7Kc,UCQK2si_zQf-jPB6iIEv3inw,False,2026-05-15T21:32:31-07:00,1683.8400000000001,9917.276063386154,122000.0,122000.0,200,61000.0,0.08128914806054224,-2.509650119159218,0,non_viral,5.889678391881743
PSevinBYfT0,UC9LQwHZoucFT94I2h6JOcjw,False,2026-05-15T15:10:36-07:00,6831.15306122449,34767.19866444074,12200000.0,12200000.0,200,6100000.0,0.002849770382331208,-5.860488175188259,0,non_viral,5.089506610792979
PVLQIK9E_7g,UCqaZlsyggpisWGozbyAgdbw,False,2026-05-15T19:55:52-07:00,316.5242718446602,2098.048414023372,96600.0,96600.0,200,48300.0,0.02171892768140137,-3.829104987278958,0,non_viral,6.628396621201378
PVXIUsWiB2k,UCPJmHIHYYOqVYy3g7rvUgdA,False,2026-05-15T09:08:41-07:00,8.0,56.48540450375313,12800.0,12800.0,200,6400.0,0.004412922226855714,-5.405747490991627,0,non_viral,7.060675562969141
Pabz6GAPXro,UCc0PfB8ObIq9weLpFySDrFg,False,2026-05-29T10:00:06-07:00,138.0,678.732558139535,377000.0,377000.0,200,188500.0,0.0018003516131022148,-6.318303694991488,0,non_viral,4.91835187057634
PfT3DLstItI,UChI63zf1_5SofTX1TQcRRow,False,2026-05-30T18:19:49-07:00,79.56270096463022,192.0,403000.0,403000.0,200,201500.0,0.00047642679900744415,-7.644004133410434,0,non_viral,2.4131910766246363
PflekIPHyOU,UCmESWdsegQeBHubuOVSZ0ig,False,2026-05-18T03:32:58-07:00,7.0,39.0,2910.0,2910.0,200,1455.0,0.013402061855670102,-4.287372489631688,0,non_viral,5.571428571428571
PfxcuSyJkiU,UCFpqgnzNS1dF36OD-kL49Og,False,2026-05-30T08:03:28-07:00,1732.0,1761.0,129000.0,129000.0,200,64500.0,0.013651162790697674,-4.293370628755624,0,non_viral,1.016743648960739
PhVLo56VhuI,UCOn1C_U2Z-WqGCuBZvEasGg,False,2026-05-14T20:45:02-07:00,241.11764705882354,1505.2766666666666,10800.0,10800.0,200,5400.0,0.13937746913580246,-1.9699979003251569,0,non_viral,6.242913718793202
Pj2EoU28W0A,UCBnYeOU4OILScQKxOd3QVsA,False,2026-05-14T02:46:29-07:00,368.91346153846155,3351.4398998330553,44900.0,44900.0,200,22450.0,0.07464231402746226,-2.594771657172119,0,non_viral,9.084623493696085
PjqtBQZsKog,UC4a-xoXsF56nPHGbT5f76dw,False,2026-05-16T02:30:11-07:00,8.0,54.0,13300.0,13300.0,200,6650.0,0.00406015037593985,-5.488261314120826,0,non_viral,6.75
PkEPZmC84QY,UCaXkIU1QidjPwiAYu6GcHjg,False,2026-05-09T14:00:42-07:00,3434.0,14779.204678362574,9820000.0,9820000.0,200,4910000.0,0.0015050106597110564,-6.498887739424275,0,non_viral,4.303787035050254
PlYrK9-9nTE,UCIhh4hvMYGlWpyBSU7yT4fQ,False,2026-05-14T07:15:04-07:00,335.75728155339806,3365.3216957605987,75600.0,75600.0,200,37800.0,0.044514837245510565,-3.1116488472879507,0,non_viral,10.02307881512135
PlgvvGWpm_c,UC9WRCK3qTW8V1y2yoUSBmSQ,False,2026-05-30T08:16:18-07:00,0.0,0.0,1210.0,1210.0,200,605.0,0.0,-7.099201743553092,0,non_viral,0.0
Pnk7RqKQaV4,UCPMfwRSVMTuzz-LiP6zvYHg,False,2026-05-17T23:49:05-07:00,306.3636363636364,4039.4096586178184,116000.0,116000.0,200,58000.0,0.03482249705705016,-3.3572527242785277,0,non_viral,13.185016689850446
Pt78ksPTsfE,UCC-UtWjMF9qgUrZLbnLXRHw,False,2026-05-17T05:00:45-07:00,2.0,25.0,212000.0,212000.0,200,106000.0,0.0001179245283018868,-9.006249732602676,0,non_viral,12.5
PvOoGgwf3YU,UC37k-Kxlc7rDpHLZTNytNDw,False,2026-05-08T06:00:06-07:00,16705.444444444445,84100.48910411622,444000.0,444000.0,200,222000.0,0.18941551600026174,-1.6638025415088276,0,non_viral,5.034316170623323
PwYaNi1Lyyk,UCLGkelzKc-0WAVEr6KIJ0Vw,False,2026-05-30T08:14:19-07:00,1.0,8.0,701.0,1000.0,200,500.0,0.008,-4.711530201979,0,non_viral,8.0
Pyr7F1g6q2I,UCjGp0ewMswgZPly8kabNmgQ,False,2026-05-16T21:45:02-07:00,6.693069306930694,415.36401673640165,2080.0,2080.0,200,1040.0,0.1996942388155777,-1.6090439085251482,0,non_viral,62.05882498576415
PzD4vDfl9to,UCPQS6YVd3ZVWEqzdTUXChlA,False,2026-05-20T01:05:47-07:00,3.0,85.39193446754884,17500.0,17500.0,200,8750.0,0.004879539112431362,-5.311118980753667,0,non_viral,28.463978155849613
Pzc8WdRtWgo,UC2YtO9r1tzEwUUID7vwkMAQ,False,2026-05-15T22:53:23-07:00,837.1322314049587,6632.0,203000.0,203000.0,200,101500.0,0.03266995073891626,-3.4211537145946096,0,non_viral,7.922284856801555
Q-U2c9km9nM,UCNb9uOjbsdxAJgK1TI--o6w,False,2026-05-08T11:46:19-07:00,63069.097826086945,224106.4063368538,7170.0,7170.0,200,3585.0,31.256123617413362,3.4420803146100116,1,super_viral,3.553347266117985
Q1L-4VRbqtA,UCgHqr968SKNmw9KZUDHiWJQ,False,2026-05-29T10:11:41-07:00,3600.6516853932585,3642.0,20600.0,20600.0,200,10300.0,0.17679611650485436,-1.7325321002802223,0,non_viral,1.011483564148812
Q3FAQkOyvYE,UC5nwNW4KdC0SzrhF9BXEYOQ,False,2026-05-08T21:14:27-07:00,7486.781818181818,38298.65582475938,3270000.0,3270000.0,200,1635000.0,0.011712127163534978,-4.447104659854137,0,non_viral,5.115503130029812
Q3kr4uvXJ_I,UCizfNyX_TBXo2AgyHLBDl5g,False,2026-05-15T08:56:21-07:00,1007.8800000000001,58650.83860232945,94400.0,94400.0,200,47200.0,0.6213012563806086,-0.47593274298924193,1,non_viral,58.19228340906601
Q42DxE2HznE,UCFefITK55npXlWfbO7nIt-g,False,2026-05-17T22:00:20-07:00,376.6862745098039,2568.4046822742475,349000.0,349000.0,200,174500.0,0.007359325737175494,-4.911400556592084,0,non_viral,6.818418551662414
Q7-ZoMK9j28,UCTHASqieIxyRAm82XBWtrrw,True,2026-05-17T23:30:16-07:00,43.0,254.47829716193655,104000.0,104000.0,1000,52000.0,0.002446906703480159,-6.009018330040696,0,non_viral,5.9180999339985245
QGk-rT0fawY,UCCS0i2NWk9c6YkdWZdFLaog,False,2026-05-15T23:00:16-07:00,38.81818181818182,185.0,4420.0,4420.0,200,2210.0,0.0418552036199095,-3.1683745201130407,0,non_viral,4.765807962529274
QHOGc2YoCOg,UCh6KtHON01NB_ULt2tiS1Ig,False,2026-05-17T21:39:54-07:00,13.630434782608695,43.0,17000.0,17000.0,200,8500.0,0.0025294117647058825,-5.956837810919467,0,non_viral,3.1547049441786283
QIn6gwxBv9E,UCKaBwsEFNYwsq0BhENSWgFg,False,2026-05-15T06:15:03-07:00,272.09090909090907,3507.3361134278566,68900.0,68900.0,200,34450.0,0.05090473314118805,-2.977528808376375,0,non_viral,12.890309805448188
QKkLXCcksBE,UCqxU4-4jxWBVbmWp--ZH3Bg,False,2026-05-15T03:00:46-07:00,374.2,4531.5375,446000.0,446000.0,200,223000.0,0.010160397982062782,-4.589039256977671,0,non_viral,12.109934526990916
QMBx32KALYo,UCpwdDQWuPGWXmgiVSm3BpgQ,False,2026-05-14T18:00:32-07:00,226.17142857142855,1162.0,176000.0,176000.0,200,88000.0,0.0066022727272727275,-5.019486803303665,0,non_viral,5.137695805962608
QStqH-uqaZQ,UC69KU8UuUjo76KPOMaVO8OQ,False,2026-05-18T06:01:17-07:00,166.08490566037736,1207.0,138.0,1000.0,200,500.0,1.207,0.18796659917954006,1,strong,7.267367225220108
QTKLUTQ0tT4,UCrZt6G3064J2NKM2OE32mHw,False,2026-05-14T16:24:13-07:00,16.0,25.0,5320.0,5320.0,200,2660.0,0.004699248120300752,-5.321319996574887,0,non_viral,1.5625
QWqEGxxKvhM,UCR3asjvr_WAaxwJYEDV_Bfw,False,2026-05-08T07:00:53-07:00,662.2727272727273,3771.015748031496,3150000.0,3150000.0,200,1575000.0,0.0011971478565179353,-6.727548509535611,0,non_viral,5.694052605126487
QYSWsjz_yxw,UCIsRhs1wK_uJQkc57onoY5Q,False,2026-05-22T08:25:03-07:00,67.11538461538461,352.86256983240224,0.0,1000.0,200,500.0,0.3528625698324022,-1.0398461623710782,0,non_viral,5.25755118374926
Q_P6hiQ4B6U,UCPd07MaNltgsQsa_TUjv6AQ,False,2026-05-16T17:13:36-07:00,2.0,8.0,12400.0,12400.0,200,6200.0,0.0006451612903225806,-7.228307816166552,0,non_viral,4.0
QbnVQ2y3vlo,UCR3asjvr_WAaxwJYEDV_Bfw,False,2026-05-09T06:30:06-07:00,3358.0,8203.44661877632,3150000.0,3150000.0,200,1575000.0,0.002604268767865498,-5.950481771402821,0,non_viral,2.442956110415819
QeX11aDX9c4,UC7_WiJnJxpm4MRNesRttzWg,False,2026-05-08T06:01:02-07:00,3383.6521739130435,26021.243608297154,1460000.0,1460000.0,200,730000.0,0.017822769594724078,-4.027240703967676,0,non_viral,7.690283241555748
QiPZWkqn7Mo,UCgJbyVohLMt-yAmt3frUm2w,False,2026-05-29T20:00:36-07:00,0.0,1.0,0.0,1000.0,200,500.0,0.001,-6.215607598755275,0,non_viral,1.0
QnXsk_OZk6w,UC2TuODJhC03pLgd6MpWP0iw,False,2026-05-09T01:05:35-07:00,50724.97321428572,90798.45821325648,2140000.0,2140000.0,200,1070000.0,0.042429186080960975,-3.159908256530418,0,non_viral,1.7900149070494695
QqxxNNHUblU,UCA8zyn_BmuMQPhWQdI0nfeA,True,2026-05-16T16:30:06-07:00,1925.4199999999998,14454.0,12100.0,12100.0,1000,6050.0,1.1945454545454546,0.17775228165239376,1,strong,7.506933552160048
QrcyaSK_C-c,UCaCMCvCPVMLOhX7lB4LzSSg,False,2026-05-15T19:00:33-07:00,1.0808080808080818,696.9334442595674,10.0,1000.0,200,500.0,0.6969334442595674,-0.360631033162802,1,non_viral,644.8262708569823
R-Tq_f5slMs,UC80ztI40QAXzWL94eoRzWow,False,2026-05-15T00:35:09-07:00,2935.4117647058824,14360.421487603306,756000.0,756000.0,200,378000.0,0.01899526651799379,-3.9634971508216115,0,non_viral,4.892131884278309
R6ehbI8Eba8,UC8kI2B-UUv7A5u3AOUnHNMQ,False,2026-05-09T11:06:07-07:00,109674.53220338986,697620.9524776604,2000000.0,2000000.0,200,1000000.0,0.3488104762388302,-1.0532256188676854,0,non_viral,6.360829068173569
RDDQxJ5a0dU,UCFe0zIh8H3aSQ8Y8aaldXwg,False,2026-05-29T12:00:39-07:00,0.0,4.0,20.0,1000.0,200,500.0,0.004,-5.29931686688112,0,non_viral,4.0
RIjS6-oigEU,UCNDi6Gn6bpQMLhOkB3RaKUw,False,2026-05-14T20:15:05-07:00,338.43564356435644,3485.7402164862615,133000.0,133000.0,200,66500.0,0.026208573056287682,-3.6413893826497716,0,non_viral,10.29956590793729
RIn0OgNqcAM,UCHfF8wFnipMeDpJf8OmMxDg,False,2026-05-09T07:34:00-07:00,598.2916666666666,2778.846153846154,1350000.0,1350000.0,200,675000.0,0.0020584045584045585,-6.185465026344839,0,non_viral,4.644634563152566
RJSAbv16xfA,UCxN1a-hPJutaQZ3mHviWFaA,False,2026-05-17T20:23:17-07:00,0.6979166666666659,52.0,2480.0,2480.0,200,1240.0,0.020967741935483872,-3.846125070139679,0,non_viral,52.0
RKZQlKb--Dk,UCc4LkJm9a3MCuLlxWKSelwA,False,2026-05-16T05:20:00-07:00,56.0,452.9608659450458,611000.0,611000.0,200,305500.0,0.0007413434794517935,-7.204842878846479,0,non_viral,8.088586891875817
RN0CMrs7uvw,UC7Js8T7-3cAOy5Hq0K6lQRQ,False,2026-05-14T20:00:19-07:00,422.7647058823529,5005.204488778055,875.0,1000.0,200,500.0,5.0052044887780545,1.6096785405793383,1,super_viral,11.839220301826483
ROdiZNfE3Iw,UCNtvVqkYf00d5LKCx8ySj8g,False,2026-05-30T04:09:20-07:00,23137.486891385768,37373.15371621621,3000.0,3000.0,200,1500.0,12.457717905405405,2.522033821951881,1,super_viral,1.615264176773255
RR4B58RWYko,UCi9JIaZDdYukE8eEA2VCnaw,False,2026-05-30T20:30:36-07:00,0.0,0.0,5.0,1000.0,200,500.0,0.0,-6.90875477931522,0,non_viral,0.0
RRmuGL1fCLA,UCDHrHWA8FhJf7x7KBUfkQzg,False,2026-05-17T02:25:16-07:00,2.0,10.0,7780.0,7780.0,200,3890.0,0.0012853470437017994,-6.56154487081856,0,non_viral,5.0
RVdoCr6yEbU,UCEX0s8i81dVNy9fYQARifvw,False,2026-05-15T05:05:58-07:00,172.0,1203.7491554054054,17000.0,17000.0,200,8500.0,0.07080877384737679,-2.647000790371356,0,non_viral,6.998541601194217
RXAur9vn-sg,UC1lQhj4n1EErpz4mXiEoBog,False,2026-05-16T04:15:28-07:00,46.45544554455446,95.49251247920132,3520.0,3520.0,200,1760.0,0.027128554681591286,-3.5970349047095453,0,non_viral,2.0555719864448707
RbnSNM6ZVa0,UCTkMXllS_R_tveWEiBTn5lg,False,2026-05-17T21:56:41-07:00,1.0,3.0,270.0,1000.0,200,500.0,0.003,-5.52246041819533,0,non_viral,3.0
Rf3-4dHpfLg,UCdh5nloZ9eo5YpZ2DRWwIew,False,2026-05-09T06:52:34-07:00,7003.533073929961,12219.48946716233,410000.0,410000.0,200,205000.0,0.02980363284673739,-3.513045591182548,0,non_viral,1.744760728359849
RjDMGG9CTYo,UC2OODDFSR29p05erciNtHyQ,False,2026-05-16T03:30:02-07:00,4.0,14.0,11.0,1000.0,200,500.0,0.014,-4.20070457821301,0,non_viral,3.5
RjRInBZBHOo,UCAJLrGIaHlsIyrFqzuyHhSw,False,2026-05-10T05:00:46-07:00,5.0,1081.2942174248265,128000.0,128000.0,200,64000.0,0.008447611073631458,-4.772955012942372,0,non_viral,216.2588434849653
RldEJP7jb9M,UCAfYfMovPcPm5RaAaSzcSqQ,False,2026-05-29T14:09:35-07:00,1.0,3.0,118.0,1000.0,200,500.0,0.003,-5.52246041819533,0,non_viral,3.0
Rq2k83EEn8g,UCjmsBzvisGU7ILqOJ08E59g,False,2026-05-29T16:18:42-07:00,2833.0,2856.0,98000.0,98000.0,200,49000.0,0.029142857142857144,-3.5352055594515077,0,non_viral,1.0081186021884927
RuqX0bhu4wM,UCmzls5wrL4QX3ESw13hi8lg,True,2026-05-17T16:00:32-07:00,2.1176470588235285,26.484033613445376,2910.0,2910.0,1000,1455.0,0.009101042478847209,-4.662646703558863,0,non_viral,12.50634920634921
S3-3Msm9fr8,UC2S2ofoW3j_5ZSAB2x-CLOg,False,2026-05-30T00:06:37-07:00,2986.8671875,3194.0,2470.0,2470.0,200,1235.0,1.2931174089068826,0.256964160823026,1,strong,1.069347848262838
S4EqSuJHa1Y,UCPARDnYdJQBJID-qyefVKcw,False,2026-05-16T06:30:23-07:00,302.53703703703707,1291.9724770642201,493000.0,493000.0,200,246500.0,0.0026206338277164707,-5.943567388981588,0,non_viral,4.270460535071793
S4m0RhzphyA,UCf91b_29YvfEf3WiQVB93yQ,True,2026-05-15T18:00:25-07:00,744.0873786407767,1029.9651162790697,5760.0,5760.0,1000,2880.0,0.17881338824289403,-1.7206157011286978,0,non_viral,1.3841991489769727
S6m1Lo3sYxQ,UCf9TD4ij7igYyMW9O1jl_gw,True,2026-05-22T09:13:15-07:00,430.6990291262136,1451.6349384098544,11600.0,11600.0,1000,5800.0,0.12514094296636677,-2.0777121950658293,0,non_viral,3.370416091614783
SAtlxYM3VhM,UC3ogxheLjnBFgb0QbJdpJ2Q,False,2026-05-19T21:08:24-07:00,11.157894736842112,71.77888163497019,981000.0,981000.0,200,490500.0,7.316909442912354e-05,-9.508902932227558,0,non_viral,6.433012976719023
SFaajknBcvs,UCkrhThVlONmZArYmZ2KgEkA,False,2026-05-14T06:16:46-07:00,1.0,1.0,10.0,1000.0,200,500.0,0.001,-6.215607598755275,0,non_viral,1.0
SIrx0qoRO9k,UCtmU4jurM43b268MbBAIklw,False,2026-05-08T09:04:37-07:00,5875.016949152542,13810.0,3040.0,3040.0,200,1520.0,4.542763157894737,1.513278967400563,1,viral,2.3506315163894227
SKUMC4dTabY,UCk8XGxi7fsTqQQRVq9LSraw,False,2026-05-09T09:00:06-07:00,8976.826254826256,203486.0,3160000.0,3160000.0,200,1580000.0,0.06439430379746836,-2.7427255022583825,0,non_viral,22.66792229498692
SMmvzFworFE,UC84IKRquTBFrGgWIIH2R3Mg,False,2026-05-15T21:34:52-07:00,31.455445544554458,95.46031746031746,220.0,1000.0,200,500.0,0.09546031746031745,-2.3396230735713983,0,non_viral,3.034778742049752
SS4h_Fo2T5M,UCdokt2U4QvDBxWxuJ-MBGHA,False,2026-05-08T16:15:51-07:00,44003.77669902913,54715.48739063304,718000.0,718000.0,200,359000.0,0.07620541419308223,-2.5743058829736842,0,non_viral,1.2434270759273316
SSxDyyAwFU4,UCDn8Lqf-x0zD8hmFUg08f6w,False,2026-05-08T23:37:04-07:00,59998.69672131148,144178.3795036029,2910000.0,2910000.0,200,1455000.0,0.049545834880963195,-3.0048504884641485,0,non_viral,2.4030251885853193
SUvFbQSLwS8,UC-eoXVXWKQ3T7UeUbSPHRvg,False,2026-05-15T06:11:06-07:00,6927.653465346534,62248.0370994941,85700.0,85700.0,200,42850.0,0.7263481575203512,-0.31972142720312924,1,non_viral,8.985443254468608
SkCdTQwIgTI,UCgizYG4LeUQnwFMBQBwJWSQ,False,2026-05-08T08:33:50-07:00,7511.990654205607,57067.42134831461,213000.0,213000.0,200,106500.0,0.26792216595452867,-1.317045938041188,0,non_viral,7.596844029134311
Sn278kURcXs,UCBlazf0UQHqd8ALhPBnZwoQ,True,2026-05-17T18:27:07-07:00,704.8673469387755,33094.21184320267,42699.0,42699.0,1000,21349.5,0.775058241251614,-0.25481030562049334,1,non_viral,46.950978772006046
Sn9hk3bOShw,UCR3asjvr_WAaxwJYEDV_Bfw,False,2026-05-08T07:16:01-07:00,362.0,2065.5120213713267,3150000.0,3150000.0,200,1575000.0,0.0006557181020226434,-7.329295877065505,0,non_viral,5.7058343131804605
SrBxwdsuYPE,UCUcpg5y1hBqbPR-4XuTq_2Q,False,2026-05-29T10:21:54-07:00,3.0,24.0,16800.0,16800.0,200,8400.0,0.0014285714285714286,-6.510317862561202,0,non_viral,8.0
Ss7gkNXmufY,UCKiw9OKbQecHMy_K1JqxKeA,False,2026-05-10T05:00:06-07:00,1291.0,14080.726926010679,1200000.0,1200000.0,200,600000.0,0.0117339391050089,-4.445199674905124,0,non_viral,10.90683727808728
SzLXazfWNfY,UC9KHyLgUYgvN-LXDzcRJAFA,False,2026-05-17T12:00:31-07:00,10.0,41.0,9600.0,9600.0,200,4800.0,0.004270833333333333,-5.431952920414256,0,non_viral,4.1
SzmY2zii-t4,UCa1akw0pJYIw89oeDjrsuTQ,False,2026-05-15T20:00:23-07:00,0.0,0.0,0.0,1000.0,200,500.0,0.0,-6.90875477931522,0,non_viral,0.0
T6gYAQwYG4U,UCqLbTRE9vKQqtRpr8CPxU4Q,False,2026-05-16T03:53:26-07:00,1.0,7.0,29.0,1000.0,200,500.0,0.007,-4.829313237635384,0,non_viral,7.0
T95_N5YVnQ8,UCD7Q_5296eWWZdAeg-EXs2w,False,2026-05-17T02:00:33-07:00,8.404040404040403,101.33892617449663,32400.0,32400.0,200,16200.0,0.003127744635015328,-5.757654454905028,0,non_viral,12.058357802013424
TAFdQsyz2KM,UCvdshrdrVmCp31YTWSf_lCw,False,2026-05-08T14:56:56-07:00,14150.82857142857,131540.89612403102,6280.0,6280.0,200,3140.0,20.946002567520864,3.0417961991064892,1,super_viral,9.295632086846174
TEx7U1MuVm4,UC_GcrznCXn6b-i1Y7DOn54A,False,2026-05-17T19:23:54-07:00,579.8888888888889,3358.0,2560000.0,2560000.0,200,1280000.0,0.00131171875,-6.636119617468376,0,non_viral,5.790764514274765
TJipYhJneRc,UC7TNdTB05_Z0GfG6bxQRLbg,False,2026-05-29T08:18:58-07:00,0.0,35.98830409356725,5270.0,5270.0,200,2635.0,0.0068289002075080174,-4.959373619762145,0,non_viral,35.98830409356725
TMZcRam9Vew,UC16nHvhw5zj9_QyJO-3nUuA,False,2026-05-19T23:23:35-07:00,124.27835051546391,1153.9400987279287,135000.0,135000.0,200,67500.0,0.008547704435021694,-4.761233705762777,0,non_viral,9.285125638872591
TMvW3HezA1s,UC6lucPKm_KbLOost4NRgJWQ,False,2026-05-15T05:31:57-07:00,537.4432989690721,4017.153846153846,13100.0,13100.0,200,6550.0,0.30665296535525544,-1.181866008274909,0,non_viral,7.474563091324391
TSutMJtd0dM,UCmiI3dpbPPhOTGjFXVEdMhQ,True,2026-05-15T03:18:01-07:00,665.6435643564356,5700.602990033222,14000.0,14000.0,1000,7000.0,0.4071859278595159,-0.8983813940103751,0,non_viral,8.564047329962152
TT_23eaBc4w,UCc_w9C7gVEeP-ZtSgoudvEQ,False,2026-05-15T08:23:02-07:00,52.0,273.93333333333334,1.0,1000.0,200,500.0,0.27393333333333336,-1.29222613528058,0,non_viral,5.267948717948718
Tb3lQvz_piU,UC8Bi3w4f_BjAdYQSwREPJRQ,False,2026-05-17T17:30:20-07:00,7.775510204081631,7375.603993344426,12400.0,12400.0,200,6200.0,0.5948067736568086,-0.5194637453194346,1,non_viral,948.5684925823542
TdH0V1jwm5o,UCY6BQwoP8RaAcN5AWTpU8Ew,False,2026-05-15T05:04:39-07:00,4373.63829787234,53032.711148648654,600000.0,600000.0,200,300000.0,0.08838785191441442,-2.4260035511208873,0,non_viral,12.12553657545199
TeXawI1nYWY,UCx4inBrThnqkFQ8MYAsZwkg,False,2026-05-17T11:00:21-07:00,0.0,1567.8073394495411,14.0,1000.0,200,500.0,1.567807339449541,0.44931617394043233,1,strong,1567.8073394495411
Tgc0H1FxTCs,UCpu3bemTQwAU8PqM4kJdoEQ,False,2026-05-08T04:36:25-07:00,7339.262295081967,37839.80584467574,3220000.0,3220000.0,200,1610000.0,0.011751492498346503,-4.44374890903384,0,non_viral,5.155805082757727
ThZlGwStqhw,UCVEPfelieDI_0C4fYZRGlgg,True,2026-05-14T22:45:01-07:00,30.03030303030301,370.96610169491527,26.0,1000.0,1000,1000.0,0.3709661016949153,-0.9899520536701951,0,non_viral,12.35305888590536
TjPzJjVcJ2U,UCF4Wxdo3inmxP-Y59wXDsFw,False,2026-05-08T20:16:00-07:00,2549.56,5255.434878587196,6160000.0,6160000.0,200,3080000.0,0.0008531550127576618,-7.066379201648395,0,non_viral,2.0613105314592306
TjhGj310ueY,UCKXrDf9DK3LIicSZYCb7rNA,False,2026-05-17T04:09:59-07:00,4.0,275.06,92.0,1000.0,200,500.0,0.27506,-1.2881365459197882,0,non_viral,68.765
TrmXqmSDazI,UCMqDFTENBCDbwDT5qnm7FSQ,False,2026-05-16T02:30:33-07:00,87.17525773195877,2152.103734439834,2200.0,2200.0,200,1100.0,0.9782289701999246,-0.022001403975902,1,non_viral,24.68709345324786
Tt4uz5mrmyE,UC0KzpaS8YA4JzaUVNy_77Ug,False,2026-05-29T10:19:25-07:00,12.372670807453416,29.0,157.0,1000.0,200,500.0,0.029,-3.507557397653065,0,non_viral,2.343875502008032
U-F91PPsQAc,UC5NDs9I26-lRf-YfKRw0fEw,False,2026-05-18T00:33:32-07:00,106.5050505050505,127.0,6510000.0,6510000.0,200,3255000.0,1.9508448540706605e-05,-10.836819903874954,0,non_viral,1.1924317147192716
U1K7-qsZ95I,UCDoTL_pndu118kDgTSDQi-g,False,2026-05-08T20:49:35-07:00,2437.1315789473683,52910.023405500295,20299.0,20299.0,200,10149.5,2.6065334945317646,0.9579908130645354,1,viral,21.709957666033315
U3zc2KayuDU,UCaLjq8bBXAA7lLlHaGHvI8w,False,2026-05-08T16:28:40-07:00,18261.638095238093,23137.565453137104,44200.0,44200.0,200,22100.0,0.523474331518939,-0.6472466876647562,1,non_viral,1.2670038324311366
U435T8PRsHc,UCJA7F5EP-XNDJ8hN3d5R_BA,False,2026-05-14T09:00:03-07:00,8.0,59.0,2040.0,2040.0,200,1020.0,0.02892156862745098,-3.5268506005877445,0,non_viral,7.375
U8eB4bHZLTg,UCYeoBJ1Xmt3-sorGVvONxzQ,False,2026-05-15T00:47:31-07:00,2.0,5.0,6.0,1000.0,200,500.0,0.005,-5.116995310087166,0,non_viral,2.5
U9MlARQ63bs,UCdXEWCjgRIXimqsYRwGcc9Q,False,2026-05-15T15:35:01-07:00,0.0,5934.0,33.0,1000.0,200,500.0,5.934,1.7798675277285483,1,super_viral,5934.0
UBO_sKnS3Xg,UCENwe4N7FQCfIWY5wEjimNA,False,2026-05-08T20:18:10-07:00,46.413223140495845,384.0997529339098,132000.0,132000.0,200,66000.0,0.0029098466131356805,-5.837062378040194,0,non_viral,8.275653508725625
UCXs-aRJpJU,UCgjbJnqsNv6PQCzaa-qPN5Q,False,2026-05-16T10:00:14-07:00,2.0,91.0,124.0,1000.0,200,500.0,0.091,-2.38696620226618,0,non_viral,45.5
UDjLLmQiuoE,UC7KX5qdaCeTm6IaoWhgz0Pg,False,2026-05-16T01:07:00-07:00,108.59595959595958,1549.6677740863788,674.0,1000.0,200,500.0,1.549667774086379,0.4376861598121362,1,strong,14.270031590973074
UFjZSIMNEhY,UC6ufe-myDRIIgZe8sW_fr5A,False,2026-05-14T21:02:30-07:00,845.4,4582.157322175733,945000.0,945000.0,200,472500.0,0.004848843727170087,-5.328797853421548,0,non_viral,5.420105656701836
UJMDVrYaSw8,UC-1y7mgzyJxkUM3v5S03oDg,False,2026-05-09T00:17:12-07:00,1585.142857142857,10731.91925777332,14100.0,14100.0,200,7050.0,0.7611290253739943,-0.2729301321853317,1,non_viral,6.770316763195137
UPo53xgRcjY,UC6TH1QqLoC-SMFPp2AasuaA,False,2026-05-17T04:00:48-07:00,745.2783505154639,5968.0,59900.0,59900.0,200,29950.0,0.09963272120200334,-2.306113790286357,0,non_viral,8.007746361976428
UQ1dEORbsTo,UCp1KrVaZDZ7BOI_QBuTWWmg,False,2026-05-08T12:16:00-07:00,426.56637168141594,1437.0,595000.0,595000.0,200,297500.0,0.002415126050420168,-6.02530982691763,0,non_viral,3.368760632338907
UR_8XBlqmhI,UCiUGixkUlxVKYJc1tMEbNYQ,False,2026-05-17T04:15:03-07:00,37.0,188.0,227000.0,227000.0,200,113500.0,0.000828193832599119,-7.0909626866805375,0,non_viral,5.081081081081081
URwBZPtkwl8,UClBVHwV_TvY87hHtGrAX0gg,False,2026-05-15T23:06:52-07:00,1.0,9.0,4.0,1000.0,200,500.0,0.009,-4.6061696863211745,0,non_viral,9.0
UTDR9KgYHYc,UCF45p1IjE4j58ax_AMOzoTg,False,2026-05-20T02:16:33-07:00,30.0,132.3121606425703,479.0,1000.0,200,500.0,0.1323121606425703,-2.0160613286653604,0,non_viral,4.410405354752343
UUV2cJaarLI,UCbchx02JV_oUCXEzRUxcWSA,False,2026-05-18T06:01:42-07:00,16.0,48.0,1940.0,1940.0,200,970.0,0.024742268041237112,-3.6791382850583836,0,non_viral,3.0
UWe0VgOgc3w,UCOMnKe5dfLNfydD-Cq9BQ-w,False,2026-05-16T10:42:59-07:00,4.0,47.89908256880734,896.0,1000.0,200,500.0,0.04789908256880734,-3.0189961443844737,0,non_viral,11.974770642201834
UX1vaBBd-qU,UCZwSByMjf-h7U9prKhXBTLg,True,2026-05-17T23:30:12-07:00,7.0,135.0,953.0,1000.0,1000,1000.0,0.135,-1.996099893579168,0,non_viral,19.285714285714285
UXw9Z4pkJzQ,UCwuJzXXG6ydvGLFiF5AeKUQ,False,2026-05-16T08:54:41-07:00,659.5757575757576,5658.567634854772,41200.0,41200.0,200,20600.0,0.1373438746323974,-1.9851150282099574,0,non_viral,8.579101899761438
UcMIAPS6Xg4,UCkS-zBh_7co4PC5qQraFoqA,False,2026-05-30T08:12:57-07:00,2.0,5.0,18400.0,18400.0,200,9200.0,0.0002717391304347826,-8.02840082071832,0,non_viral,2.5
UcTT9d6QeQ0,UCViUy5rCoEb8wrOauVuA4lQ,False,2026-05-30T02:20:29-07:00,287.72543352601156,1109.0,7660000.0,7660000.0,200,3830000.0,0.0001447780678851175,-8.839407377958688,0,non_viral,3.8543690295621427
UeBKU6STmw0,UCKs2nbiCJbfN_U_QShakr7A,False,2026-05-18T06:15:04-07:00,351.1764705882353,1914.0,683000.0,683000.0,200,341500.0,0.002802342606149341,-5.876778701065952,0,non_viral,5.4502512562814065
Ug50OTtQdlA,UCdVThx-ZnSP0zxILNUzrwkg,True,2026-05-16T18:44:16-07:00,4148.310344827586,36736.0,13799.0,13799.0,1000,6899.5,2.662221900137691,0.9791158294178057,1,viral,8.85565373521417
Uj7RM403Ezk,UCWElIIlFx2JiyI9UVrbrEcw,True,2026-05-09T13:38:05-07:00,1349.9144385026739,6149.311217008798,458000.0,458000.0,1000,229000.0,0.013426443705259384,-4.310368682588171,0,non_viral,4.55533405793453
UjVsD98Pxx4,UCwjdpCAf4yfly4YRvTD1JMw,False,2026-05-18T06:43:36-07:00,4.0,33.0,2220.0,2220.0,200,1110.0,0.014864864864864866,-4.179352299278266,0,non_viral,8.25
Un_bsC7JSxo,UCARkZtMKjs5AHfj4y_rva5g,False,2026-05-15T01:30:56-07:00,269.34736842105264,506.0,72500.0,72500.0,200,36250.0,0.0069793103448275865,-4.962844630259907,0,non_viral,1.878614975769892
UrMPUSh5614,UCdvrSqAotr5Iykjm5xxKM0A,False,2026-05-14T08:39:09-07:00,47.0,2245.2662229617304,9000.0,9000.0,200,4500.0,0.2494740247735256,-1.3880663009431125,0,non_viral,47.7716217651432
UsQinl_mIpY,UCrvhNP_lWuPIP6QZzJmM-bw,True,2026-05-08T18:00:35-07:00,2207.566037735849,6321.5115089514065,2460000.0,2460000.0,1000,1230000.0,0.0025697201255900025,-5.963800515553512,0,non_viral,2.86356620861723
Uu9ss4vuyKs,UCOTJtP0Z9DjpPU43B5m1V6A,False,2026-05-09T03:00:23-07:00,19738.89010989011,60061.929152704644,1010000.0,1010000.0,200,505000.0,0.059467256586836284,-2.822313768126577,0,non_viral,3.0428220035842237
UveSr0RM8Rk,UCPYdxtt_RZrT4oCLLbTmcpQ,False,2026-05-08T06:55:15-07:00,676.7857142857142,1749.6046939714681,31400.0,31400.0,200,15700.0,0.05571989471246714,-2.88687847187816,0,non_viral,2.5851678855515097
V0ntxo8dCao,UC6uwR7Di3lb27AUvKD5lRvA,False,2026-05-14T02:00:39-07:00,16.0,43.47324414715719,398.0,1000.0,200,500.0,0.04347324414715719,-3.113867026089434,0,non_viral,2.7170777591973243
V6UUtbaB8Uw,UC3oQ_d7s_QOqUTUFtXwUkNQ,False,2026-05-29T20:00:34-07:00,0.0,0.0,0.0,1000.0,200,500.0,0.0,-6.90875477931522,0,non_viral,0.0
VC4Fl0XobnU,UC2TuODJhC03pLgd6MpWP0iw,False,2026-05-08T23:35:00-07:00,5400.333333333332,7506.241515837104,2140000.0,2140000.0,200,1070000.0,0.0035075894933818243,-5.652693485147818,0,non_viral,1.389958925221364
VDsZcHisaHg,UCYPZqJnVOZko4rhjF3zDUBA,False,2026-05-15T03:00:48-07:00,117.52,1352.0,220000.0,220000.0,200,110000.0,0.006145454545454545,-5.091307742607925,0,non_viral,11.504424778761063
VDxcb3pg2hE,UCIcRb5FLznQfVywDlnZjRNA,False,2026-05-16T01:11:31-07:00,2851.6170212765956,43417.963302752294,260000.0,260000.0,200,130000.0,0.16699216654904728,-1.7897891890274469,0,non_viral,15.225734374146494
VIswmGTOtPU,UCaJtIaRQjOUrZzKzY_wEbTw,False,2026-05-29T06:20:31-07:00,408.74056603773585,4492.0,266000.0,266000.0,200,133000.0,0.01688721804511278,-4.080979438085105,0,non_viral,10.98985609269154
VNduKhmcTK8,UCLmatAmdCRGsvcsfOliCONA,True,2026-05-15T22:12:00-07:00,438.3838383838384,850.0,515.0,1000.0,1000,1000.0,0.85,-0.16234265074184595,0,non_viral,1.9389400921658986
VNiqPKcR2to,UCaklIGtczAXctqBGpKY9ErQ,False,2026-05-16T16:54:16-07:00,3.0,41.491680532445926,1390.0,1390.0,200,695.0,0.0298501298794575,-3.488469887332773,0,non_viral,13.830560177481976
VOWRZq4OIqs,UCNtyNnWf8gcIJ-I_miKjvdQ,False,2026-05-22T12:02:18-07:00,0.0,0.0,11.0,1000.0,200,500.0,0.0,-6.90875477931522,0,non_viral,0.0
VPQujNvsU-0,UC0AqHHcbq0IwsKup1owg3OA,False,2026-05-22T11:33:39-07:00,52.0,1216.0,13.0,1000.0,200,500.0,1.216,0.1953893136723064,1,strong,23.384615384615383
VQ783DNesbo,UCqdOrNru27X3z29Ov3pzp9A,False,2026-05-30T02:14:23-07:00,0.0,0.0,3.0,1000.0,200,500.0,0.0,-6.90875477931522,0,non_viral,0.0
VQ9gKHKzcIQ,UCE2Gz_zT4a4zOKIAYmO6-Nw,False,2026-05-29T06:00:18-07:00,4.0,17.0,12600.0,12600.0,200,6300.0,0.0013492063492063493,-6.551159696973529,0,non_viral,4.25
VUUyLArJwfA,UCmztw5nRSbe6q2UBCSYvv4A,False,2026-05-15T13:43:17-07:00,0.0,1576.0,339.0,1000.0,200,500.0,1.576,0.4545248076478181,1,strong,1576.0
VUpj20_I4hU,UCYkn7e_zaRR_UxOrJR0RVdg,False,2026-05-17T01:09:33-07:00,345.57692307692304,1339.7873227689743,1210000.0,1210000.0,200,605000.0,0.0011072622502222927,-6.805119469311151,0,non_viral,3.8769583074004825
VYZRuY2m0zg,UCcPOCqK4CigBw-F7PfrDUuA,False,2026-05-30T19:58:36-07:00,930.0,1026.0,3780.0,3780.0,200,1890.0,0.2714285714285714,-1.3033465939623747,0,non_viral,1.103225806451613
Vb-iKTXZdvI,UCrMZ0Gyfqb4O9SAXmPhK-Zg,False,2026-05-15T08:40:41-07:00,81.66336633663367,942.6955074875208,24700.0,24700.0,200,12350.0,0.038165810019737685,-3.2647954491408795,0,non_viral,11.543676801192968
Vev_ArszfZo,UCRI1YSyadnyT_oD875UpDGA,False,2026-05-29T10:17:10-07:00,5.0,101.0,413.0,1000.0,200,500.0,0.101,-2.2837819660309497,0,non_viral,20.2
Vjhmy_RTkSg,UCeCqIdN7j0dH-bj22FzLyUg,False,2026-05-29T20:00:31-07:00,15.0,141.0,1530.0,1530.0,200,765.0,0.09215686274509804,-2.377849338056423,0,non_viral,9.4
VnghcTdpmTU,UCdhAxlyxdyE8-mymyAvFytA,False,2026-05-15T01:17:44-07:00,3.0,8.0,889.0,1000.0,200,500.0,0.008,-4.711530201979,0,non_viral,2.6666666666666665
VoPo75RXA-U,UCWZQfMaJgZwaigPqlGNhWug,False,2026-05-16T09:15:03-07:00,67.68686868686869,1340.363560732113,9500.0,9500.0,200,4750.0,0.1410909011296961,-1.9577103770121393,0,non_viral,19.80241643224581
Vp9OhGj2LnQ,UCS-dDfoGUYIO1GIbGZYUcQw,False,2026-05-15T20:13:07-07:00,84.31067961165047,742.08153078203,2140.0,2140.0,200,1070.0,0.3467670704588925,-1.058222518018499,0,non_viral,8.801750077216617
VpaR_5QrWaw,UCD6u_MgK9M0ULAUfkeS2D9A,False,2026-05-17T16:15:01-07:00,4.0,12.0,4500.0,4500.0,200,2250.0,0.0026666666666666666,-5.847105515831396,0,non_viral,3.0
Vv8Rhtzp6-Y,UC2o5OWpmCFcv137mauahQLw,False,2026-05-14T18:30:32-07:00,751.4117647058823,6662.345575959933,50700.0,50700.0,200,25350.0,0.13140721057120183,-2.029323937113345,0,non_viral,8.866437669588137
Vxz9-w0YeAk,UC_JsHod-IAlWFWi7kDhb03Q,False,2026-05-15T04:00:20-07:00,217.79591836734696,1114.0118343195265,116000.0,116000.0,200,58000.0,0.009603550295857988,-4.644733793163621,0,non_viral,5.114934396706971
W09DxeDO7Vk,UC5nwNW4KdC0SzrhF9BXEYOQ,False,2026-05-08T21:00:06-07:00,440.3404255319149,853.8841040462428,3270000.0,3270000.0,200,1635000.0,0.00026112663732301005,-8.24933493975798,0,non_viral,1.9391453851069487
W1bXOSdjzwQ,UClw1kjaQzOZHaPJInykzvYw,False,2026-05-15T18:53:27-07:00,147.24752475247524,1349.035175879397,2210.0,2210.0,200,1105.0,0.6104231565065145,-0.4933142535574673,1,non_viral,9.161683214350397
W20pMDmd3PI,UCrfXMvVzFAlX-iF2eAFbXFQ,False,2026-05-14T23:01:35-07:00,118.64462809917356,409.0,9860.0,9860.0,200,4930.0,0.041480730223123735,-3.1801857026339757,0,non_viral,3.4472694343828363
W2NicvyeKec,UCA5Pda5WDHQCrIzuUMdKKiA,False,2026-05-19T22:44:40-07:00,7.551020408163267,72.32714669776179,45.0,1000.0,200,500.0,0.07232714669776179,-2.6138238884020835,0,non_viral,9.578459968081965
W8QAUy8M-ZQ,UCBp86M0Lnb6tHK9Y-FJ6lbw,False,2026-05-20T02:30:17-07:00,186.74074074074073,1464.4686904569676,19700.0,19700.0,200,9850.0,0.07433851220593744,-2.598494279346479,0,non_viral,7.842255978250322
WAG1SbAKWNc,UC3P6lzbP3s_gTAlhaco8Fjw,False,2026-05-15T22:20:48-07:00,44.0,406.48504983388705,1850.0,1850.0,200,925.0,0.21972164855885787,-1.513477068089787,0,non_viral,9.238296587133796
WB3Jar0dPU0,UCvs0dfHDjed-qDVtvGlWNeQ,False,2026-05-08T09:25:52-07:00,26.0,74.0,45599.0,45599.0,200,22799.5,0.0016228426061975043,-6.410174881966167,0,non_viral,2.8461538461538463
WCT2d9jI6fI,UCseJnykvfRbjum-ewCA0Vbg,False,2026-05-16T17:00:25-07:00,418.1010101010101,5836.75562969141,12500.0,12500.0,200,6250.0,0.4669404503753128,-0.7614622281186456,0,non_viral,13.960156729306377
WDjGNrGGvP4,UCjqChZEeAlIB20UHEFMaeDA,False,2026-05-14T16:48:52-07:00,302.9622641509434,492.0,85399.0,85399.0,200,42699.5,0.005761191583039614,-5.154592205733971,0,non_viral,1.6239646260198046
WGMR-IvFWlM,UCpmAcCUZtDEZNQWmqwX7DxQ,False,2026-05-08T08:00:06-07:00,985.4470588235293,4146.960551033188,496000.0,496000.0,200,248000.0,0.008360807562566911,-4.7839611628883105,0,non_viral,4.208202271143834
WGZq7Swry_Y,UC4lUbhVTe4sdXlSvh-jwp5A,False,2026-05-14T10:42:38-07:00,6305.9514563106795,14571.0,59700.0,59700.0,200,29850.0,0.24407035175879396,-1.4102468915307131,0,non_viral,2.3106743052102114
WMe9aeqwh1c,UCPypjnKlLPb0_zFK-ReKD-Q,False,2026-05-09T05:10:17-07:00,72360.8855721393,90959.0,16200.0,16200.0,200,8100.0,5.6147530864197535,1.7253468807139996,1,super_viral,1.2570188891527527
WPUNH_C72Go,UCpu3bemTQwAU8PqM4kJdoEQ,False,2026-05-08T18:36:45-07:00,719.25,2207.5414110429447,3220000.0,3220000.0,200,1610000.0,0.0006855718667835232,-7.284804646463522,0,non_viral,3.069226848860542
WSnAMtusMZ0,UC2JbvWG-Fv7CM13903JThTQ,False,2026-05-29T08:13:17-07:00,25.90967741935484,69.51827242524917,26.0,1000.0,200,500.0,0.06951827242524916,-2.6528829197423285,0,non_viral,2.683100653862953
WT6ZbhfX93M,UCu8-gf2iNkqpwpaUUUgk2Ng,False,2026-05-16T14:41:00-07:00,531.8526315789474,10070.760869565218,19900.0,19900.0,200,9950.0,0.5060683854052873,-0.6810344273643327,1,non_viral,18.935246855256615
WXRspakLYdQ,UCkf8Vb3GFOUwBxyJkNX1y6Q,True,2026-05-17T15:30:11-07:00,760.9607843137255,994.0,10200.0,10200.0,1000,5100.0,0.09745098039215687,-2.3274982965239266,0,non_viral,1.3062433971501455
WaF54DliwHE,UCAtsMyvywuuEtSXismV_ajQ,False,2026-05-20T02:34:41-07:00,193.43434343434345,1607.9658605974396,2260.0,2260.0,200,1130.0,0.7114893188484246,-0.340215543287294,1,non_viral,8.312721681417573
WavugkMx9wc,UCwpoAqT6JUlVnq9-lOsbtcA,False,2026-05-22T09:41:04-07:00,12.0,24.626373626373628,63.0,1000.0,200,500.0,0.024626373626373627,-3.6651327383616876,0,non_viral,2.0521978021978025
WbuTI-LSQEE,UCWIKNTaazVDX0wrpslkrAFw,False,2026-05-30T08:15:14-07:00,1274.2919708029196,8535.43216080402,24700.0,24700.0,200,12350.0,0.3455640550932802,-1.0625005879035,0,non_viral,6.6981762079423
WcYwz8QqITA,UCkyWzwfG4JCp2kneGbRoS7w,False,2026-05-30T08:20:59-07:00,1.0,6.0,1330.0,1330.0,200,665.0,0.004511278195488722,-5.2477756693397986,0,non_viral,6.0
WcZDiZohZks,UCIQIB0kPRitIH1Ievle0Q3A,False,2026-05-22T11:28:10-07:00,102.43999999999998,1277.6561403508772,1230.0,1230.0,200,615.0,1.0387448295535586,0.03798278885739936,1,strong,12.472238777341637
WhiNnPRRkwA,UCX-aRQ8LjZ_Gp448l3iq_Ow,False,2026-05-15T22:38:47-07:00,100.0,343.0,553000.0,553000.0,200,276500.0,0.000620253164556962,-7.382473431447703,0,non_viral,3.43
WjZ992f6L30,UCc2LH-7dNH3gZc6yFDFgHGg,False,2026-05-14T21:51:26-07:00,2498.0,15746.807692307691,2580000.0,2580000.0,200,1290000.0,0.006103413834227788,-5.098843904068442,0,non_viral,6.303766089794912
WuCx_wjYHh4,UCgff-vgkh7aFHyu-hfSCmJQ,False,2026-05-14T00:35:53-07:00,4.0,887.345,3160.0,3160.0,200,1580.0,0.28080537974683545,-1.2692835311617676,0,non_viral,221.83625
X0U3UaG6OE0,UCc_Ur8cfKRlMLEO1Jp3uY3A,False,2026-05-29T08:13:11-07:00,0.0,0.0,22.0,1000.0,200,500.0,0.0,-6.90875477931522,0,non_viral,0.0
XBJW0XyXFVM,UCBGchq7yt7b1L5ZIJkuR3LQ,True,2026-05-27T19:30:23-07:00,458.58011049723757,509.0,1860.0,1860.0,1000,1000.0,0.27365591397849465,-1.2944585309238796,0,non_viral,1.109947833210848
XDtWgiZDXmw,UCwqdNXcOwbDJKWPiuTxxcBg,False,2026-05-14T12:27:15-07:00,14.0,1602.9447650453421,36100.0,36100.0,200,18050.0,0.04440290207881834,-3.1138544926920684,0,non_viral,114.49605464609587
XE_RwmjcZNY,UC6fUGVKNeGFpD5VdkMgFb_g,False,2026-05-15T11:09:58-07:00,1.0,3.0,20.0,1000.0,200,500.0,0.003,-5.52246041819533,0,non_viral,3.0
XI7IJIs9Qto,UCMS-Bl9e81xMdKjSItwKqDA,False,2026-05-29T12:00:15-07:00,0.0,0.0,4110.0,4110.0,200,2055.0,0.0,-8.321421586897879,0,non_viral,0.0
XIHtrim81EQ,UCKQVSNdzGBJSXaUmS4TOWww,False,2026-05-20T00:00:19-07:00,3784.3203883495144,10347.27703826955,3390000.0,3390000.0,200,1695000.0,0.0030522941115839384,-5.791765459238359,0,non_viral,2.734249740092009
XKFVNTlReb0,UCuw_9BO3ufgtLJEiWoa5drQ,False,2026-05-17T00:00:34-07:00,47.96153846153847,1066.1618257261412,7990.0,7990.0,200,3995.0,0.13343702449638814,-2.013313283349378,0,non_viral,22.22951681546084
XLIvCVvu2m0,UCV-izhBTa0XwaAnsrhl-1VA,False,2026-05-17T03:50:12-07:00,11.0,32.456286427976686,896.0,1000.0,200,500.0,0.03245628642797668,-3.3985150753319977,0,non_viral,2.950571493452426
XO7uQP8XNfo,UCs6T2FPao5i4loqfFJkV9nw,False,2026-05-14T23:02:16-07:00,83.2,575.9051580698836,198000.0,198000.0,200,99000.0,0.0029086119094438563,-5.838349477933991,0,non_viral,6.921936996032254
XT3SaI1wWJQ,UC1iRhihu-TrS1TtafLI6idA,False,2026-05-16T02:45:01-07:00,3.0,21.0,12200.0,12200.0,200,6100.0,0.0017213114754098362,-6.318230741217018,0,non_viral,7.0
X_H_gkYZFEA,UCkHn8543wMOKllsYcoVxI7g,False,2026-05-17T08:16:36-07:00,0.0,0.0,88.0,1000.0,200,500.0,0.0,-6.90875477931522,0,non_viral,0.0
XdP59VU404Q,UCOzM_kTmMgul9xznM8Ba_iQ,False,2026-05-15T05:15:08-07:00,160.4056603773585,2209.06135986733,192000.0,192000.0,200,96000.0,0.011505527915975677,-4.46448030055747,0,non_viral,13.771716999702228
Xdhh3DZoKpI,UCbZvkG2uAgr6Oiva4FytscQ,False,2026-05-09T01:10:19-07:00,6930.270833333334,20512.915393322015,2490000.0,2490000.0,200,1245000.0,0.008238118631856231,-4.798934935526786,0,non_viral,2.9599009745273803
XfxWC-joLjY,UCnzh8EPWYG_LhKSyzMsqzsg,False,2026-05-17T17:00:27-07:00,7.0,43.0,5040.0,5040.0,200,2520.0,0.008531746031746031,-4.7411701201643695,0,non_viral,6.142857142857143
Xl9BAJHhKYg,UCBi2mrWuNuyYy4gbM6fU18Q,False,2026-05-08T20:16:17-07:00,4611.916666666667,32296.61434108527,19600000.0,19600000.0,200,9800000.0,0.0016477864459737382,-6.40829152814727,0,non_viral,7.002861646333289
Xnk3RVf4ZfU,UClLU_otME9TEsCuqIPln-wg,False,2026-05-15T15:34:00-07:00,122.83,1645.0,11500.0,11500.0,200,5750.0,0.14304347826086958,-1.944085885855566,0,non_viral,13.392493690466498
Xp-WHUKspeM,UCyJ8Pv20j9k5QHLTmq-MYsA,False,2026-05-17T04:39:23-07:00,12.0,227.52420701168614,3860.0,3860.0,200,1930.0,0.05894409508074771,-2.8270393527590967,0,non_viral,18.96035058430718
XqzthDoTxoo,UCReavmDwxYpJ-IHhfiUb4KQ,False,2026-05-08T07:07:02-07:00,1072.0,12183.894929191412,66800.0,66800.0,200,33400.0,0.1823936366645421,-1.7015209864138026,0,non_viral,11.365573627977064
XsjITyWTcmE,UC-_sf6yhq-gUJ0hx-mD2rEw,True,2026-05-17T00:26:08-07:00,757.0,907.0,1190.0,1190.0,1000,1000.0,0.7621848739495798,-0.27130419075400614,0,non_viral,1.1981505944517834
Y-VbMiBQ01Y,UCGSjbWFiT63Cd5UFl92dCLA,False,2026-05-14T20:33:56-07:00,3.87878787878788,85.0,402.0,1000.0,200,500.0,0.085,-2.454407483061713,0,non_viral,21.914062499999993
Y31RYhtAqaw,UCx_vY4--R4XgUGUH-tRkRZg,False,2026-05-14T02:28:20-07:00,44.0,127.48419301164725,20.0,1000.0,200,500.0,0.12748419301164726,-2.0529488941290026,0,non_viral,2.897368022991983
Y6_lfizxbZY,UCtOya0_gU46PK1y8qp8yWTg,False,2026-05-14T21:40:54-07:00,8.453608247422679,137.4544695071011,39900.0,39900.0,200,19950.0,0.003444974173110303,-5.663615133660916,0,non_viral,16.259857978279037
Y7d-sJ5sCMQ,UCbdwfXkU0_U0_470qfhoTXg,False,2026-05-20T03:00:18-07:00,0.0,0.8829089255554112,2.0,1000.0,200,500.0,0.0008829089255554112,-6.275936897482555,0,non_viral,0.8829089255554112
Y9yvaeOGP1U,UCpSEyE5qxM9IJ8WqsQ_jCdg,True,2026-05-16T03:15:04-07:00,671.8556701030927,6894.002493765586,27300.0,27300.0,1000,13650.0,0.2525275638741973,-1.3761264586340936,0,non_viral,10.261136134651863
YFUUvtoncW0,UCFJUl1KI2eO9JtASAx5XdcQ,False,2026-05-22T15:30:15-07:00,249.3939393939394,1471.5813953488373,2690.0,2690.0,200,1345.0,0.5470562807988243,-0.6028959597517405,1,non_viral,5.9006301393088245
YHgkOUqCrD0,UCCGda5_Ux5Ya6ECB2-fqACQ,False,2026-05-17T04:00:47-07:00,610.5294117647059,1388.305,12200.0,12200.0,200,6100.0,0.11379549180327869,-2.1727142934922794,0,non_viral,2.2739363137103767
YJhBw27I7dY,UCY7GIDaXNnMviPvijIQUWzg,False,2026-05-17T21:28:10-07:00,12106.260000000002,46076.61821219716,692000.0,692000.0,200,346000.0,0.06658470839912885,-2.7092600737549315,0,non_viral,3.8060159134362843
YOSykGeVyCQ,UCTSktV0WEDk-s34YUP9nINg,False,2026-05-17T04:05:33-07:00,792.7142857142857,15044.248535564855,323000.0,323000.0,200,161500.0,0.046576620853141966,-3.066593189768314,0,non_viral,18.978147368706793
YS2Iv5Dv83g,UCrPseYLGpNygVi34QpGNqpA,False,2026-05-09T09:47:21-07:00,33435.0,101127.02016580776,6890000.0,6890000.0,200,3445000.0,0.014677361417388644,-4.221439268543591,0,non_viral,3.0245856188367806
YXalXyz7_I4,UC2tUgKdfF1DRiCQ-0ArWPJQ,False,2026-05-14T03:00:01-07:00,24.0,110.0,1140.0,1140.0,200,570.0,0.09649122807017543,-2.330130148549742,0,non_viral,4.583333333333333
YYzpgTeNVIc,UCnQMBqHrgb87N3orBxZJysg,False,2026-05-14T13:59:21-07:00,0.0,1.0,41.0,1000.0,200,500.0,0.001,-6.215607598755275,0,non_viral,1.0
YcI0i9Smtrs,UCDluQSsDNDExZEcMntQBlFA,False,2026-05-17T18:15:22-07:00,20.326530612244902,2227.2764363030806,4350.0,4350.0,200,2175.0,0.5120175715639266,-0.6691773156253653,1,non_viral,109.57484475788246
YeEVLVRWN7I,UCdB4Va2-1AFS34U3G8uqpoA,False,2026-05-14T19:15:33-07:00,193.05714285714285,2262.4991680532444,3460.0,3460.0,200,1730.0,0.653901493657007,-0.42464564430822005,1,non_viral,11.719323794859191
Yf4GO4pm_HI,UCDC6LLRh1lcDuOiCxMAH_WQ,False,2026-05-10T04:01:01-07:00,3.0,16.29528105482304,7030.0,7030.0,200,3515.0,0.0023179631656931776,-6.007650529301825,0,non_viral,5.43176035160768
YfEFDkWpNcU,UCXnssuNZadEo3aZXEB4t72Q,False,2026-05-17T19:00:21-07:00,868.5,3140.0,20200.0,20200.0,200,10100.0,0.15544554455445544,-1.8611908875758143,0,non_viral,3.6154289004029936
YjpXucH7Mf8,UCI8oqZ8ZHFMfyx04YUv67mg,False,2026-05-17T06:50:47-07:00,0.0,1.0,337.0,1000.0,200,500.0,0.001,-6.215607598755275,0,non_viral,1.0
YkntQsgH_RY,UCi0WzLDToE2axxYG8fr5l5g,False,2026-05-20T03:00:41-07:00,2830.0,19101.756820839288,165000.0,165000.0,200,82500.0,0.11576822315660175,-2.1561188736815584,0,non_viral,6.749737392522716
YlCPPymxBOs,UCxsk7hqE_CwZWGEJEkGanbA,False,2026-05-09T10:47:22-07:00,47629.25773195876,122086.38015839933,16900000.0,16900000.0,200,8450000.0,0.0072240461632188955,-4.930331940913829,0,non_viral,2.5632643877311696
YpoQA1qFw5M,UCQHb8LB1utm28OYuhtJQmIg,True,2026-05-28T21:37:37-07:00,0.0,104.83779264214047,2240.0,2240.0,1000,1120.0,0.04680258600095557,-3.0527698098226264,0,non_viral,104.83779264214047
YsHO6qeOvN4,UCBguq1dtzQJ0Z1Q8NII4E9w,False,2026-05-30T18:00:35-07:00,0.0,0.0,0.0,1000.0,200,500.0,0.0,-6.90875477931522,0,non_viral,0.0
YtP1OHEGT84,UCca_xtCf50PHtTazNCDBGiQ,False,2026-05-16T07:00:56-07:00,0.0,8.453421269579554,17.0,1000.0,200,500.0,0.008453421269579554,-4.662378064220967,0,non_viral,8.453421269579554
YuK-4r6V0d8,UCWNgOwKXVY3rEhoidJRwvzA,False,2026-05-08T15:30:17-07:00,516.4455445544554,710.0,20400.0,20400.0,200,10200.0,0.03480392156862745,-3.3566667684354883,0,non_viral,1.3747819251931521
Z0m7S3uej4w,UCXJ46ISpHMQtXQLXg1gqf5Q,False,2026-05-08T16:07:57-07:00,592.6470588235294,1204.7348008385745,1160.0,1160.0,200,580.0,1.0385644834815297,0.03780747160555631,1,strong,2.0328031378913916
Z2Gnt4NjM_c,UCwf1LaD_Ln231AaPrt4dsaQ,False,2026-05-16T08:00:49-07:00,397.57142857142856,3179.0,3740.0,3740.0,200,1870.0,0.85,-0.1624717585739237,1,non_viral,7.99604743083004
Z4xt7m_eBsg,UCxxN41Nte7mpR-zzJydM9Bw,False,2026-05-16T02:24:57-07:00,16.0,182.97831526271895,18100.0,18100.0,200,9050.0,0.010109299185785577,-4.58890456551569,0,non_viral,11.436144703919934
Z6E6SaeJYfY,UCJwYT6jwajECOG3WiDrjfVQ,False,2026-05-22T09:32:58-07:00,41.86138613861386,2525.5597897503285,5210.0,5210.0,200,2605.0,0.48475235887722234,-0.7239131654066693,0,non_viral,60.3314897740736
Z7vAiX1BVJo,UCoS8_0Bdm2UREVhyqAaAw7g,False,2026-05-16T16:30:06-07:00,0.0,9.0,1310.0,1310.0,200,655.0,0.006870229007633588,-4.875960390769654,0,non_viral,9.0
ZE7KiUyD-lc,UCt1GlHiaellWG0ZG3xf7DWA,False,2026-05-08T07:04:32-07:00,983.1881188118813,2164.0,43900.0,43900.0,200,21950.0,0.04929384965831435,-3.0095167374105136,0,non_viral,2.2010030009466073
ZECpndnR-VA,UCnVJ112p6NFV8VcyYAgPlMg,False,2026-05-14T04:34:34-07:00,8.0,36.0,22599.0,22599.0,200,11299.5,0.0015929908403026682,-6.414787272616154,0,non_viral,4.5
ZG6WH0j-MJA,UCbb71hzzxVfRMZA4EtbpH5A,False,2026-05-14T20:32:00-07:00,0.0,1.0,22.0,1000.0,200,500.0,0.001,-6.215607598755275,0,non_viral,1.0
ZLWWuJhYDIo,UCJamGzz5CDXZruMmOOmbblQ,False,2026-05-14T23:00:34-07:00,1521.423076923077,6219.825145711907,4020.0,4020.0,200,2010.0,1.5472201855004744,0.43637193011968023,1,strong,4.088162747137285
ZLf17sAbowI,UC2YtO9r1tzEwUUID7vwkMAQ,False,2026-05-16T07:00:46-07:00,4342.217391304348,33776.61335531739,203000.0,203000.0,200,101500.0,0.16638725790796746,-1.793412648850083,0,non_viral,7.778655537366203
ZNtJEFO3S_o,UC5T8GAAxvALkOiguNJ2XOYg,True,2026-05-22T09:00:47-07:00,673.2929292929293,940.0,8840.0,8840.0,1000,4420.0,0.10633484162895927,-2.2402121318204244,0,non_viral,1.3961233797407584
ZSyNHfBt5LE,UC5CMYa_V6QGIT4rw5ktSn5A,False,2026-05-18T06:34:28-07:00,406.11111111111114,1237.0,53300.0,53300.0,200,26650.0,0.02320825515947467,-3.762457918459474,0,non_viral,3.0459644322845416
ZT5S3PLYd58,UCurRN6SRw1LdlizOIyw15MQ,True,2026-05-15T10:00:47-07:00,128.0,163.0,23800.0,23800.0,1000,11900.0,0.0068487394957983195,-4.9776164477594085,0,non_viral,1.2734375
Z_LgQPvY04w,UC_wIGmvdyAQLtl-U2nHV9rg,False,2026-05-29T08:00:27-07:00,1439.4782608695652,6941.2677824267785,17800000.0,17800000.0,200,8900000.0,0.0003899588641812797,-7.849325301516732,0,non_viral,4.822071976435179
ZbB6EOkzCw0,UCOKPJ3J2fUKAbvwSSpWeo6A,False,2026-05-17T05:31:06-07:00,134.3846153846154,1810.8398340248964,451000.0,451000.0,200,225500.0,0.004015165929101766,-5.517126744899609,0,non_viral,13.475053143860134
ZcpmY0ActiE,UC8Wg-XdAhKVn2aPuPEprZEQ,False,2026-05-17T15:10:16-07:00,4.0,32.0,31200.0,31200.0,200,15600.0,0.0010256410256410256,-6.851697863099513,0,non_viral,8.0
ZdRc4W1wYFo,UCMfdV5My3BVNSvZtHQ2yn2g,True,2026-05-20T00:50:07-07:00,579.6262626262627,1690.3504925026664,10.0,1000.0,1000,1000.0,1.6903504925026664,0.5245278174748469,1,strong,2.9162765759504374
Zd_WOcD3k_M,UC3P6lzbP3s_gTAlhaco8Fjw,False,2026-05-15T03:05:11-07:00,298.1,577.4758735440931,1850.0,1850.0,200,925.0,0.3121491208346449,-1.1630844720054876,0,non_viral,1.9371884385913891
ZeX0SdD1sFQ,UCrT4OR6R-THV3XUvfGPS9qQ,True,2026-05-08T11:42:56-07:00,375.53846153846143,800.7926879933527,46400.0,46400.0,1000,23200.0,0.017258463103305016,-4.058226209028883,0,non_viral,2.132385281424332
Zfv_k131lvA,UCNEqku73qMTwpPedkC_TUMA,False,2026-05-09T13:27:13-07:00,6792.430555555555,251792.47048138056,59300.0,59300.0,200,29650.0,4.246078760225642,1.445983020637497,1,viral,37.06956860610647
Zi_3U4dBdr8,UCPhuoopHgTkT1KESGjBy0UQ,False,2026-05-29T13:57:48-07:00,1.0,78.19365337672905,977.0,1000.0,200,500.0,0.07819365337672904,-2.53685861783796,0,non_viral,78.19365337672905
ZjsEORsO-CQ,UC22FMhcqiuFGlI445MINxTg,False,2026-05-15T10:53:02-07:00,3.8599999999999994,91.0,82.0,1000.0,200,500.0,0.091,-2.38696620226618,0,non_viral,23.57512953367876
ZjvnabElx0I,UCy-q3RBPU4uh91gPHy2Oheg,False,2026-05-19T23:43:08-07:00,5.0,36.18048034656304,182.0,1000.0,200,500.0,0.036180480346563036,-3.2929708776174,0,non_viral,7.236096069312607
ZmTqRETUNCQ,UCl7I7mCnHXKgVLe5NvRUMwQ,False,2026-05-08T07:34:46-07:00,13749.354838709678,14530.668704623615,85600.0,85600.0,200,42800.0,0.16975080262410766,-1.773366648868313,0,non_viral,1.0568254929107104
ZoaDXm-gYHQ,UCKnniBAOZslhdh9JTT6Sbcg,False,2026-05-15T20:03:03-07:00,1223.2549019607843,5581.0,76900.0,76900.0,200,38450.0,0.07257477243172952,-2.6229717452140893,0,non_viral,4.562417850158689
Zoqq1vi_pIQ,UCAanjlVj-9dI6-Akwd1f5EQ,False,2026-05-17T18:03:42-07:00,16.0,104.0,30200.0,30200.0,200,15100.0,0.003443708609271523,-5.6616699652400095,0,non_viral,6.5
ZpabXiKp_Ik,UCh7ufrGOADaD-mrmF4r1YRA,False,2026-05-30T16:00:30-07:00,0.0,0.0,4.0,1000.0,200,500.0,0.0,-6.90875477931522,0,non_viral,0.0
Zpze8e_wzXU,UCKISqGvkFQAqUR_f3zlEE1Q,False,2026-05-16T03:00:53-07:00,1.0,14.467889908256879,19800.0,19800.0,200,9900.0,0.0007307015105180242,-7.154721464125139,0,non_viral,14.467889908256879
ZqCnTMtEeMo,UC5wf8A9mOBcfMRY1VxmtEww,False,2026-05-14T22:37:45-07:00,2.0,4.0,667.0,1000.0,200,500.0,0.004,-5.29931686688112,0,non_viral,2.0
ZrFcBbosogE,UCdGhWSbGrDF5nJDI7NYU0GQ,False,2026-05-15T15:57:52-07:00,2.0,9.0,157.0,1000.0,200,500.0,0.009,-4.6061696863211745,0,non_viral,4.5
ZvHIuIIZ3Is,UCKV2yWPB3wn0RTZh3cTD8YA,False,2026-05-14T17:45:13-07:00,3450.7272727272725,30979.86605657238,420000.0,420000.0,200,210000.0,0.07376158584898186,-2.6068873022844894,0,non_viral,8.977778771860905
ZwSEHS-_Izk,UC0_z5GTrj1IZFkmMMg1rwLw,False,2026-05-29T16:06:36-07:00,115.0,120.0,333000.0,333000.0,200,166500.0,0.00036036036036036037,-7.920110226364333,0,non_viral,1.0434782608695652
_3n1mr9dzUA,UC7UcBJnl8dX-_hOrH7_bAsg,False,2026-05-17T08:24:11-07:00,5.0,83.84372402327516,915.0,1000.0,200,500.0,0.08384372402327515,-2.4679437559183004,0,non_viral,16.768744804655032
_49muG4RZgo,UCD1rbchGoEjBY1F5I1q48Dw,False,2026-05-09T02:35:07-07:00,217391.79999999993,1786533.8113625185,78800.0,78800.0,200,39400.0,22.671748875158865,3.1211074759242408,1,super_viral,8.218036795143695
_6VeAg9hVMg,UCqQo7ewe87aYAe7ub5UqXMw,False,2026-05-08T21:31:21-07:00,11645.56074766355,35507.449327648406,17500000.0,17500000.0,200,8750000.0,0.0020289971044370517,-6.200185539663261,0,non_viral,3.049011558741151
_ELXgAMakro,UCdEqVBX1Tboh4u5UOuIKu7Q,False,2026-05-08T18:30:34-07:00,5.0,216.2169556840077,4460.0,4460.0,200,2230.0,0.04847913804574164,-3.0222315852718875,0,non_viral,43.24339113680154
_GBdbgrChCU,UCj0ybrVdyXpYYH6N2zoBG1Q,False,2026-05-17T08:00:06-07:00,14.0,70.0,25299.0,25299.0,200,12649.5,0.0027669077829163206,-5.875879797674297,0,non_viral,5.0
_GXYRbzs9Vc,UCC2wat6yKuoPAbsPERIjxLQ,False,2026-05-17T02:30:16-07:00,219.23,1668.6344712739385,54800.0,54800.0,200,27400.0,0.030449534147334645,-3.4911037189682848,0,non_viral,7.611341838589329
_KsT-V0BzCc,UC6Gxa1HW-Pn2ITg0zBFsbKw,False,2026-05-17T02:00:35-07:00,129.3009708737864,669.9750415973377,863.0,1000.0,200,500.0,0.6699750415973378,-0.40002283886641177,1,non_viral,5.181515939670055
_LtfVoG9Xug,UCcwD5Szdd9qvAY6hDD9g21A,False,2026-05-22T16:06:38-07:00,43.0,99.0,477000.0,477000.0,200,238500.0,0.00020754716981132075,-8.470103680316248,0,non_viral,2.302325581395349
_NJmSbkshM8,UCD5W21JqNMv_tV9nfjvF9sw,False,2026-05-08T19:00:26-07:00,24767.29411764706,37495.75306859206,470000.0,470000.0,200,235000.0,0.07977819801828097,-2.5284804779712786,0,non_viral,1.513922065546748
_VYKXsnVS9U,UCILXmITgY0IuTCHBpTHYyLw,False,2026-05-29T12:00:09-07:00,1.0,987.0,1470.0,1470.0,200,735.0,0.6714285714285714,-0.3980150228535697,1,non_viral,987.0
_Xfat-75Ct0,UCdsL26Nn3jBVNc05cBtpJCQ,True,2026-05-17T17:45:02-07:00,4.0,8.0,476.0,1000.0,1000,1000.0,0.008,-4.711530201979,0,non_viral,2.0
_ZKIYRm1S-k,UCfmkz6A3aTJwJzox2xhAuRw,False,2026-05-08T20:28:16-07:00,873.375,1816.443146896128,396000.0,396000.0,200,198000.0,0.004586977643677091,-5.383986087505019,0,non_viral,2.079797506106916
_bWLB41sp6o,UCSFLs1nwzqSC3Tq6cXhJkLg,True,2026-05-08T06:43:17-07:00,568.0,2291.4988579259934,388000.0,388000.0,1000,194000.0,0.005905924891561839,-5.131365489969592,0,non_viral,4.034328975221819
_dYdZtpefuw,UCapQ4PrE_sEy64JghQbqlTA,False,2026-05-20T03:06:00-07:00,0.0,1.7682950627723932,3.0,1000.0,200,500.0,0.0017682950627723932,-5.890523149418545,0,non_viral,1.7682950627723932
_i64yBIWKD0,UCYiB80AmjJRm9ObwkvKroFw,False,2026-05-13T23:35:36-07:00,2.0,12.0,29.0,1000.0,200,500.0,0.012,-4.343805421853684,0,non_viral,6.0
_iODKFf-BAU,UCfOtMe6VEbaWfJGDpoHDBIQ,True,2026-05-16T17:09:08-07:00,210.0,403.9492089925062,40.0,1000.0,1000,1000.0,0.4039492089925062,-0.9049931299682061,0,non_viral,1.9235676618690771
_idDhQ2Rgqw,UCSvNw_lUljg11-uGjV7jUew,False,2026-05-17T23:53:46-07:00,28.0,133.48419301164725,1300.0,1300.0,200,650.0,0.10268014847049789,-2.2694418104540786,0,non_viral,4.76729260755883
_imn3uAyXOs,UCv1ocM_JachJQ3kczg9MhIg,False,2026-05-17T21:48:56-07:00,0.0,0.0,49.0,1000.0,200,500.0,0.0,-6.90875477931522,0,non_viral,0.0
_iy1lTTG3Wg,UCdr2csxr-M8x_XW802qpvng,False,2026-05-30T08:00:06-07:00,0.0,0.0,11.0,1000.0,200,500.0,0.0,-6.90875477931522,0,non_viral,0.0
_lKxiPGPHXI,UCdh5nloZ9eo5YpZ2DRWwIew,False,2026-05-09T00:25:05-07:00,9735.873949579833,20903.986996904026,410000.0,410000.0,200,205000.0,0.050985334138790306,-2.976171855920329,0,non_viral,2.1471094536722277
_lRdzmeBLKg,UCuPjVmSMrJYJguJL9qdeYXg,False,2026-05-14T13:21:23-07:00,0.0,7.0,1350.0,1350.0,200,675.0,0.005185185185185185,-5.129158796280363,0,non_viral,7.0
_mp8hstae3Y,UCIU8ha-NHmLjtUwU7dFiXUA,False,2026-05-08T08:57:34-07:00,296.1913043478261,845.0,3100000.0,3100000.0,200,1550000.0,0.0002725806451612903,-8.206393632429744,0,non_viral,2.8528859139216722
_uyzKbONiS0,UC2VAF5NWD7JZe-Lp1PAPU-A,False,2026-05-22T09:28:17-07:00,7.0,37.0,67400.0,67400.0,200,33700.0,0.0005489614243323443,-7.4808289738592,0,non_viral,5.285714285714286
a6lscKnG1Qg,UCIjIEN-07D-m9wdmfav4Hpw,False,2026-05-17T23:44:42-07:00,73.92307692307692,482.30749999999995,50800.0,50800.0,200,25400.0,0.00949424212598425,-4.655018221369957,0,non_viral,6.524451092611862
aCOlfP27Rfg,UCiT6tg7cpH6Q83QHFr_kVUA,True,2026-05-15T11:40:57-07:00,2.0,26.0,5.0,1000.0,1000,1000.0,0.026,-3.6129179133108913,0,non_viral,13.0
aFHHuuuuvxc,UCVYsBDCxU9pWE-IeZ3BJ7VQ,True,2026-05-19T21:30:00-07:00,149.5,393.23215079012505,758.0,1000.0,1000,1000.0,0.393232150790125,-0.931814828333045,0,non_viral,2.630315389900502
aKluhZa5rv4,UCioZhA_g5kCvUjU-wsCiQZw,False,2026-05-16T03:04:20-07:00,720.33,9152.20632279534,5030.0,5030.0,200,2515.0,1.8195241198400278,0.5984854641881139,1,strong,12.705574282336345
aKvoWLq3F0o,UCWkA9lJiNvQ-tRh1dhzToVA,False,2026-05-29T08:12:42-07:00,110.0,112.0,2630.0,2630.0,200,1315.0,0.04258555133079848,-3.147731462327952,0,non_viral,1.018181818181818
aLe0H7zbRro,UCAvR95D5DvjDTw30sjXJFgg,False,2026-05-15T17:00:18-07:00,1.2727272727272743,2.0,671.0,1000.0,200,500.0,0.002,-5.81014249064711,0,non_viral,1.5714285714285696
aLzRtoqzBiI,UCYThnwWgbTqcb7A041wUPQQ,True,2026-05-17T09:00:02-07:00,62.730769230769226,199.1489539748954,1000.0,1000.0,1000,1000.0,0.1991489539748954,-1.6096929200961627,0,non_viral,3.1746614367549237
aON9UR-SK58,UC7Br3kzDEYU_jYYtUbe1HEA,False,2026-05-16T14:31:58-07:00,128.0,481.8163606010017,376000.0,376000.0,200,188000.0,0.001281426490960111,-6.657710706381968,0,non_viral,3.7641903171953257
aT_TOf9lVMg,UC16TRDVXu9qu8blTL_76Yyg,True,2026-05-28T10:36:33-07:00,2.2013422818791946,20.0,1130.0,1130.0,1000,1000.0,0.017699115044247787,-3.986335038392698,0,non_viral,9.085365853658537
aULORrcN9wM,UCtbafYrdDNV1yxEi4_q2-hg,False,2026-05-15T01:30:09-07:00,886.5,20593.740050804405,110000.0,110000.0,200,55000.0,0.1872158186436764,-1.6754537508083693,0,non_viral,23.23038922820576
aX0bjYsNxrI,UC45j2TPkglLAdcFG0j54mBA,False,2026-05-14T04:30:02-07:00,5.0,10.0,106.0,1000.0,200,500.0,0.01,-4.51085950651685,0,non_viral,2.0
aYJSfKPXZnI,UCyQM2qoRd1Ngb4apsbca-aQ,False,2026-05-16T16:00:02-07:00,695.5555555555557,8155.508333333333,17300.0,17300.0,200,8650.0,0.47141666666666665,-0.7519481262276368,0,non_viral,11.725171725239615
a_GlYLSNdms,UCD1yX8s7Z7eXaHhxLzYGA9Q,False,2026-05-16T19:00:19-07:00,0.0,0.0,30.0,1000.0,200,500.0,0.0,-6.90875477931522,0,non_viral,0.0
aaPmMhMgQsg,UC8ROUUjHzEQm-ndb69CX8Ww,False,2026-05-14T05:52:39-07:00,307.3333333333333,6373.428809325562,1630000.0,1630000.0,200,815000.0,0.003910079024126111,-5.544041418804419,0,non_viral,20.737837774378185
acNGZNuWJeg,UCQ51H0TQlioxsqlVl2cgD8g,False,2026-05-16T19:30:10-07:00,632.7524752475248,16036.85845129059,1080.0,1080.0,200,540.0,14.848943010454251,2.6970655418558325,1,super_viral,25.344600106095474
ahyk4GKgzRg,UCmorARX4_iz23iCYiXEeB1w,False,2026-05-29T06:08:52-07:00,52.0,210.04886561954618,52699.0,52699.0,200,26349.5,0.003985822608010516,-5.520281037252391,0,non_viral,4.03940126191435
aiRfzNwjj-U,UCvu9pKtF3Y8KaJVD-WMiOrg,False,2026-05-16T11:30:02-07:00,2.294117647058818,15.0,123000.0,123000.0,200,61500.0,0.00012195121951219512,-8.947359042163026,0,non_viral,6.538461538461554
aloviHM0KMs,UCWZQfMaJgZwaigPqlGNhWug,False,2026-05-14T22:15:00-07:00,181.75,1345.0,8870.0,8870.0,200,4435.0,0.1516347237880496,-1.8856502983159134,0,non_viral,7.400275103163686
amHSGtnyZco,UCO3bfz4KY6zGT5IOaFJuxpA,False,2026-05-15T22:22:28-07:00,816.909090909091,7344.897925311203,990000.0,990000.0,200,495000.0,0.00741908881344566,-4.9035639012030146,0,non_viral,8.991083594304833
aqpJc_eiSuM,UCUQPlc6ur83fAUxWO_Tkscw,False,2026-05-08T08:04:37-07:00,33708.119999999995,61621.280658938376,2260.0,2260.0,200,1130.0,27.266053388910787,3.305216310855063,1,super_viral,1.8280841725654942
aqqaqXIAOKw,UCMS-Bl9e81xMdKjSItwKqDA,False,2026-05-29T12:00:06-07:00,2.0,4.0,4110.0,4110.0,200,2055.0,0.0009732360097323601,-6.711983674463778,0,non_viral,2.0
av6efhcRly4,UCVgSq4ATVI1mqKnQyj3oE7Q,False,2026-05-15T01:28:22-07:00,0.34951456310679613,401.0,1110.0,1110.0,200,555.0,0.36126126126126124,-1.0165637010206092,0,non_viral,401.0
avWpehVruI8,UCXm1PxGtg7tYnqc38QSe0uA,False,2026-05-17T12:46:50-07:00,64.0,144.0,63900.0,63900.0,200,31950.0,0.0022535211267605635,-6.08835654727487,0,non_viral,2.25
b1ldd214TbQ,UCc8Y-LsQ8fL1NfeN0gWO2bA,True,2026-05-16T18:07:30-07:00,1042.3030303030303,1355.0,8160.0,8160.0,1000,4080.0,0.16605392156862744,-1.7948275209689015,0,non_viral,1.300005814629608
b1thvLSSGlg,UCdm2Ns2sWJDHbPaZOxhRDuQ,False,2026-05-09T04:41:36-07:00,785.4329004329005,8673.603414634146,25400.0,25400.0,200,12700.0,0.3414804493950451,-1.0743889344326476,0,non_viral,11.043086442971244
b4AyxGSRS3Q,UCmorARX4_iz23iCYiXEeB1w,False,2026-05-29T06:05:35-07:00,9.0,46.0,52699.0,52699.0,200,26349.5,0.0008728818383650544,-7.022223132819396,0,non_viral,5.111111111111111
b6GCP9otK_Y,UCPRWWKG0VkBA0Pqa4Jr5j0Q,False,2026-05-15T21:00:37-07:00,9756.102040816326,58900.07679465776,2800000.0,2800000.0,200,1400000.0,0.02103574171237777,-3.861515681072742,0,non_viral,6.037255099243447
b7f1BeiYSm4,UCcbjV9pxJa5y7pTINthXyrw,False,2026-05-15T21:17:16-07:00,22.0,281.95986622073576,544000.0,544000.0,200,272000.0,0.0005183085776116466,-7.561401291959643,0,non_viral,12.81635755548799
b9VCBvpfNZg,UCgVstyPcfgQ8Dpmoy8qxAmA,False,2026-05-14T18:00:34-07:00,1259.8461538461538,9943.263552960801,1870000.0,1870000.0,200,935000.0,0.0053172532368774336,-5.23669838703376,0,non_viral,7.892442678501064
b9_DfQD0-Jc,UCEdzz4gOTNKBlQB2kq7pqyg,False,2026-05-16T07:51:37-07:00,17.0,69.94019933554817,2050.0,2050.0,200,1025.0,0.034117170407584475,-3.364245498813342,0,non_viral,4.1141293726793045
bR3CqRt6B-w,UCeA0fcfLVewbuD7H5YsrpdA,False,2026-05-08T08:14:22-07:00,10459.595959595961,36604.83080513419,149000.0,149000.0,200,74500.0,0.24567000540358516,-1.403745477998072,0,non_viral,3.499640994406841
bSCwkLZfJ4k,UCS3nuaXXw7nsiSzdJ5HJaoQ,False,2026-05-17T21:00:28-07:00,96.03157894736842,322.06,1040000.0,1040000.0,200,520000.0,0.0003096730769230769,-8.076894168169943,0,non_viral,3.3536884796667765
bVHIkijtD5s,UCrfXMvVzFAlX-iF2eAFbXFQ,False,2026-05-16T05:01:04-07:00,279.5882352941176,1441.6911519198663,9870.0,9870.0,200,4935.0,0.1460679991813441,-1.923090940485685,0,non_viral,5.156480030010042
b_T72OcJmRw,UC7h8_eBQMQfWU-QjqsvNrGg,False,2026-05-17T09:17:00-07:00,0.0,0.47662771285475825,13.0,1000.0,200,500.0,0.00047662771285475827,-6.518993863830829,0,non_viral,0.47662771285475825
bfTsFuyoUNU,UC4PMoffMhTUCFO6mKyCukCg,False,2026-05-15T02:17:26-07:00,0.0,5.0,14.0,1000.0,200,500.0,0.005,-5.116995310087166,0,non_viral,5.0
bgGDw3K_WXQ,UCn-1eGv3DrRMuMrILAWzeFw,False,2026-05-16T22:48:43-07:00,18.0,32.0,105.0,1000.0,200,500.0,0.032,-3.41224721784874,0,non_viral,1.7777777777777777
bsUBqySizT8,UCgnysg0nQxiD1ahcBMuwuUA,False,2026-05-08T06:12:10-07:00,945050.3846153846,970624.422253923,74500.0,74500.0,200,37250.0,13.028515734951988,2.5671280808216537,1,super_viral,1.0270610308771488
buyY2Ta0EiU,UCeulJ4YeUxe-H3k7trs7iMA,False,2026-05-14T23:50:59-07:00,7.0,16.0,420.0,1000.0,200,500.0,0.016,-4.075541435259004,0,non_viral,2.2857142857142856
bv3-U1Poqqw,UCnwI-VN5jXWIGQKOI9PMDMw,False,2026-05-16T19:48:37-07:00,11.0,80.0,194000.0,194000.0,200,97000.0,0.0004123711340206186,-7.7811694379989165,0,non_viral,7.2727272727272725
c08wpAwi80M,UCLquUzsWhbyjW5spIbr9e2Q,False,2026-05-15T00:41:10-07:00,4.0,217.0,9640.0,9640.0,200,4820.0,0.022510373443983402,-3.7892850538752914,0,non_viral,54.25
c0w7yX9wmWM,UCUFn97Duv5iGnXnQPaFjFfA,True,2026-05-15T03:18:04-07:00,14675.247524752476,148896.39534883722,3650000.0,3650000.0,1000,1825000.0,0.04079353297228417,-3.199225273632438,0,non_viral,10.146090898821049
c0ydAWT4Xfo,UC-m_c87PJyuvi6BEUuXikXw,False,2026-05-14T03:00:51-07:00,1694.264705882353,7684.187086092716,98600.0,98600.0,200,49300.0,0.07793293190763403,-2.551786682531592,0,non_viral,4.535411178320499
c4IwkxZvNVg,UC5NDs9I26-lRf-YfKRw0fEw,False,2026-05-16T02:48:53-07:00,2.0,1.0,6510000.0,6510000.0,200,3255000.0,1.5360983102918588e-07,-14.995702987234626,0,non_viral,0.5
c4UhZgXUpd0,UCwXuWyaCdqhTgQ8-G6CoexQ,True,2026-05-17T09:03:41-07:00,856.0588235294117,1396.6023294509152,7320.0,7320.0,1000,3660.0,0.1907926679577753,-1.655988784077386,0,non_viral,1.631432666849829
c4hsIHXcLt8,UCTeaKpS7ZVRWhJZrmYHe4JA,False,2026-05-15T05:01:08-07:00,172.69387755102042,1304.0,1440.0,1440.0,200,720.0,0.9055555555555556,-0.09913427624272764,1,non_viral,7.550933585440793
c5f2rLN7WIk,UC7iKZOEI9F-v9sfNZ0yBHQw,False,2026-05-15T06:01:08-07:00,39.090909090909086,157.92577147623018,1270.0,1270.0,200,635.0,0.12435100116238597,-2.0791220240372184,0,non_viral,4.039961595903563
c9CchyxaPT8,UCetXUjz9hodKvvIGZBH9tdg,False,2026-05-09T06:43:31-07:00,7574.0,57553.28905496625,31600.0,31600.0,200,15800.0,1.821306615663489,0.5995398941828842,1,strong,7.598797076177218
cDR2_0InkJ8,UC7NDgazJaVpBk0BYQ7o5ASA,False,2026-05-29T14:22:12-07:00,3060.8225255972693,8965.0,45900.0,45900.0,200,22950.0,0.19531590413943356,-1.633047257588304,0,non_viral,2.9289512622920295
cE8CcoyBaFY,UCNDi6Gn6bpQMLhOkB3RaKUw,False,2026-05-17T03:05:00-07:00,285.9811320754717,1609.701342281879,133000.0,133000.0,200,66500.0,0.012103017611141948,-4.413686946523207,0,non_viral,5.628697706732176
cFZG_2dlNhM,UCPXdU4DnfFaQxIMj9GazLnw,False,2026-05-17T14:04:02-07:00,0.0,0.0,12500.0,12500.0,200,6250.0,0.0,-9.433563920090563,0,non_viral,0.0
cGIgqqYxiy8,UCMHIF68OSsxkD6sKmFRzswQ,False,2026-05-18T06:15:02-07:00,16.0,182.0,57300.0,57300.0,200,28650.0,0.003176265270506108,-5.746587201716105,0,non_viral,11.375
cKspzXlBu3s,UCIFvaDcJWonDAhzDp1NIPkA,False,2026-05-14T22:18:01-07:00,1.0,10.0,72.0,1000.0,200,500.0,0.01,-4.51085950651685,0,non_viral,10.0
cMApolrskeg,UCR4vlBiZ4Ua8Uzm9z91Qn1g,False,2026-05-20T02:30:32-07:00,6315.601851851852,81942.74445341514,1690000.0,1690000.0,200,845000.0,0.048486831037523756,-3.02645143105506,0,non_viral,12.97465330709345
cNSRsGCnEz4,UCl_CPIOXOJoT1CIG2s2O_EQ,False,2026-05-18T04:30:33-07:00,504.5742574257426,4370.9226932668325,470000.0,470000.0,200,235000.0,0.009299835517589006,-4.677531934438855,0,non_viral,8.662595502922768
cQ8maBfwZ7Q,UCYiB80AmjJRm9ObwkvKroFw,False,2026-05-14T08:11:27-07:00,0.0,6.0,31.0,1000.0,200,500.0,0.006,-4.962844630259907,0,non_viral,6.0
cTJmAWlLL1c,UCzZFynnvRrnKWCT3a4c33Ww,False,2026-05-16T09:31:55-07:00,1.0,2.0,6450.0,6450.0,200,3225.0,0.000310077519379845,-7.673378147864132,0,non_viral,2.0
cWIA0V8Um7s,UCIU8ha-NHmLjtUwU7dFiXUA,False,2026-05-14T08:38:51-07:00,720.1546391752578,1866.0,3100000.0,3100000.0,200,1550000.0,0.0006019354838709678,-7.414824848494245,0,non_viral,2.5911101567532744
cXU4cfIGFWI,UCpR_4YnLJAphcr0VI5yR5SA,False,2026-05-14T12:29:02-07:00,197.14893617021278,2595.0,414000.0,414000.0,200,207000.0,0.0062681159420289855,-5.071896590439492,0,non_viral,13.162637599827326
cczCKUaZ8ec,UC_NGaQY8NyOWDcsMrTQDUbg,False,2026-05-17T00:37:24-07:00,0.0,0.0,57.0,1000.0,200,500.0,0.0,-6.90875477931522,0,non_viral,0.0
cfqKgEzo0B8,UCcy2ZtcNDXUqkHFDoq1Q2zQ,False,2026-05-17T05:00:53-07:00,224.4313725490196,1387.1009174311926,42699.0,42699.0,200,21349.5,0.03248555978901596,-3.4262623537100056,0,non_viral,6.180512562379069
ckulqG-2XrE,UC2YtO9r1tzEwUUID7vwkMAQ,False,2026-05-15T22:18:40-07:00,262.3265306122449,2037.0,203000.0,203000.0,200,101500.0,0.01003448275862069,-4.601241970337495,0,non_viral,7.765131476583165
crT0PJ-XhsA,UC7Qr4tQazxWR50nG1-KdXBw,True,2026-05-15T18:00:37-07:00,1861.9708737864075,27227.714522821578,674000.0,674000.0,1000,337000.0,0.0403972025561151,-3.2089594971420023,0,non_viral,14.623061459308817
ctQzY7e91zA,UCqaOC0lzyzUoJTBONXh3LGA,False,2026-05-08T10:58:51-07:00,73194.0,570160.0905077263,132000.0,132000.0,200,66000.0,4.319394625058533,1.4631094375111058,1,viral,7.789710775578959
cyBLTd7ndAk,UCqUmZZWr7Sp8UM3IAB27Q8Q,False,2026-05-17T09:53:16-07:00,0.0,0.0,181.0,1000.0,200,500.0,0.0,-6.90875477931522,0,non_viral,0.0
cywzaPeIAh8,UCvAnclelY8eSq8GyPE19KTw,False,2026-05-16T15:30:13-07:00,309.4646464646465,866.84,783000.0,783000.0,200,391500.0,0.0011070753512132823,-6.804881886239411,0,non_viral,2.8010954075137904
d1-KXv0RfRY,UCwMNZivJx_erTHL-PPHBYUA,False,2026-05-19T23:40:21-07:00,1.0,5.1000000000000005,2.0,1000.0,200,500.0,0.0051,-5.100466008135955,0,non_viral,5.1000000000000005
d1-jRWVytzA,UChWoDluh-gUgIpqzG1m-Sng,False,2026-05-08T09:00:06-07:00,844.9537037037037,4458.2692307692305,31100.0,31100.0,200,15550.0,0.14335270838486272,-1.9422550700052366,0,non_viral,5.276347344507993
d6UlOXiOq-A,UCs6T2FPao5i4loqfFJkV9nw,False,2026-05-16T00:44:40-07:00,234.87755102040816,1516.675,199000.0,199000.0,200,99500.0,0.007621482412060301,-4.876130291282904,0,non_viral,6.457300808063255
d8EdYuVvsDE,UC_hZA6OEILGjV2WP6-a6WFw,False,2026-05-17T02:56:57-07:00,929.1142857142856,3768.25,245000.0,245000.0,200,122500.0,0.01538061224489796,-4.174386249492159,0,non_viral,4.055744334081614
d9b9f2T5j-o,UCO3bfz4KY6zGT5IOaFJuxpA,False,2026-05-09T06:30:29-07:00,3369.3875968992243,6004.113350125945,990000.0,990000.0,200,495000.0,0.006064760959723177,-5.105094621917644,0,non_viral,1.7819598302229767
dBPhUCUVJjc,UCJA-ySshmTitzQqww96buVA,False,2026-05-29T12:04:16-07:00,1590.0,1615.0,15100.0,15100.0,200,7550.0,0.10695364238410596,-2.2348070066947496,0,non_viral,1.0157232704402517
dDLG_wy-La4,UCK-qc_POQZwWrMg-Pr-oYtg,False,2026-05-16T04:30:35-07:00,2203.64,24672.633861551294,470000.0,470000.0,200,235000.0,0.05249496566287509,-2.946999603861258,0,non_viral,11.196308771646592
dG8OSPd9vRs,UC8ROUUjHzEQm-ndb69CX8Ww,False,2026-05-09T05:47:45-07:00,1073.5114503816794,1676.099040037462,1630000.0,1630000.0,200,815000.0,0.0010282816196548845,-6.879270368336606,0,non_viral,1.5613238586710338
dGXxr7cX-us,UCFuBGqK7GOZb9GqIWE9K3Lg,False,2026-05-20T00:19:38-07:00,3.0,83.42761950748431,3850.0,3850.0,200,1925.0,0.021669511560385536,-3.8201935403967386,0,non_viral,27.80920650249477
dHVCT1ZwrWQ,UCdEJ4N_gom7Dws1fShMokYQ,False,2026-05-16T06:01:10-07:00,4774.139999999999,27944.424192212096,121000.0,121000.0,200,60500.0,0.2309456544810917,-1.465545337880135,0,non_viral,5.853289637968744
dHi6_iRs80c,UC80ztI40QAXzWL94eoRzWow,False,2026-05-14T07:43:15-07:00,823.5600000000001,3660.7196652719667,755000.0,755000.0,200,377500.0,0.004848635318241016,-5.328786182785521,0,non_viral,4.444994493749048
dK5WOdCnYww,UCqaKFGfiH0TrrJuTa0xLEDQ,True,2026-05-28T07:30:53-07:00,1.0,1.0,181.0,1000.0,1000,1000.0,0.001,-6.215607598755275,0,non_viral,1.0
dRp0-8qOmAM,UCantjb1gLVf1F4X5Ut8UcgA,False,2026-05-08T20:45:41-07:00,7421.977272727272,56854.70751681778,26600.0,26600.0,200,13300.0,2.13739501942924,0.7595678021654084,1,viral,7.660318191182767
dSCs8-HOG4U,UCvmb-5neSrLtrjnBvh0pR6w,False,2026-05-14T01:00:35-07:00,589.2233009708738,35128.517097581316,94400.0,94400.0,200,47200.0,0.37212412179641224,-0.9885099462872446,0,non_viral,59.618343401728055
d_EfUU3307s,UC6otK5fAm5IoNEPqCXcFdww,False,2026-05-09T12:08:48-07:00,1153.9281045751634,2755.62603985297,35100.0,35100.0,200,17550.0,0.07850786438327549,-2.544222137494728,0,non_viral,2.3880396264960515
d_jGtiFIw8Y,UCzXtesetfFHiQqSdcNXjn9g,False,2026-05-17T13:35:37-07:00,1.0,88.0,24.0,1000.0,200,500.0,0.088,-2.4201184095830808,0,non_viral,88.0
dcgsHkQ251Y,UCjioolUhN_VTvZIuzYMDYkw,False,2026-05-29T16:20:31-07:00,48.0,155.78125,212000.0,212000.0,200,106000.0,0.0007348172169811321,-7.2094947489396315,0,non_viral,3.2454427083333335
dgPkBW6oxVw,UCIQqTkKEgbsXxEA5agNEleg,True,2026-05-15T03:30:32-07:00,1220.6666666666667,1376.464553794829,1670000.0,1670000.0,1000,835000.0,0.0008242302717334306,-7.1003349747715205,0,non_viral,1.127633441120832
dgzUlo0yq8I,UCODc8Pa-_WUMaVRp9dvmNmw,False,2026-05-08T13:27:02-07:00,656.5714285714286,997.2184179456907,343000.0,343000.0,200,171500.0,0.0029073423263722763,-5.8395165335726595,0,non_viral,1.5188270073150207
diDxTMNrhdg,UCBBzYFEv4dR127L-XIHqCEw,False,2026-05-15T10:13:10-07:00,4.0,19.0,20.0,1000.0,200,500.0,0.019,-3.9130225057612296,0,non_viral,4.75
dr01N0_mH9g,UCx3ObAO2h_rYOjrRVSE8TnQ,False,2026-05-20T02:00:48-07:00,443.83505154639175,6410.613854419854,5840.0,5840.0,200,2920.0,1.0977078517842216,0.09320899554566786,1,strong,14.44368540088093
dw65aaTDW4o,UCmu3ZmEr9KmP-IhTt1rW8aw,False,2026-05-16T23:10:47-07:00,21.0,248.47078464106843,27100.0,27100.0,200,13550.0,0.009168663639891824,-4.6879840938476285,0,non_viral,11.831942125765163
dwafOxBnb28,UC2TwZ6f6PxBTRWcdjztcTiw,False,2026-05-18T02:30:16-07:00,138.84848484848484,2114.71679197995,405000.0,405000.0,200,202500.0,0.00522152294316037,-5.254495872420081,0,non_viral,15.23039156161902
dxdpjxvfjhs,UCKl0gSq0JOcdzXTrS4gk2cg,True,2026-05-15T05:01:09-07:00,1673.0,10619.03488372093,1320000.0,1320000.0,1000,660000.0,0.00804472339675828,-4.822645472628006,0,non_viral,6.347301185726796
dyhPLHgt7B0,UCDk2THbEGMFsveFERmolWPg,False,2026-05-16T20:02:35-07:00,0.0,5.0,154.0,1000.0,200,500.0,0.005,-5.116995310087166,0,non_viral,5.0
dzP04ginpvs,UC28hokqc58AWyDnWwgNKDGA,True,2026-05-17T03:15:49-07:00,474.0,576.0,87.0,1000.0,1000,1000.0,0.576,-0.5509125128071206,0,non_viral,1.2151898734177216
e5CJEC4KsFo,UCCf_k2G-Do3GAfFnSfQJTdw,False,2026-05-15T17:00:42-07:00,4.0,14.0,46.0,1000.0,200,500.0,0.014,-4.20070457821301,0,non_viral,3.5
e7DxrIIQtlM,UCepcwD09CJjJUc4c1DWUdcg,False,2026-05-22T10:12:52-07:00,24282.90099009901,204593.83852566915,2080000.0,2080000.0,200,1040000.0,0.09836242236811017,-2.319092027412431,0,non_viral,8.425428189535065
e9hYQbyMFJA,UCFZFHiZ4offFCFAXiVmNcZg,False,2026-05-22T16:00:26-07:00,2.0,92.2784206943499,3700.0,3700.0,200,1850.0,0.02494011370117565,-3.680769540734013,0,non_viral,46.13921034717495
eB1vXsbjT4E,UC4upfPJ1tba-hS6YezR3eLQ,False,2026-05-15T21:01:50-07:00,4253.079207920792,18495.098662207358,127000.0,127000.0,200,63500.0,0.145630698127617,-1.926635133721959,0,non_viral,4.34863724798793
eC3maUhMl3g,UCX9MdHO9vatVhQ68VfC75qA,False,2026-05-29T12:18:23-07:00,95.0,101.0,136.0,1000.0,200,500.0,0.101,-2.2837819660309497,0,non_viral,1.063157894736842
eGvccxXHiBY,UC7jAMs7ojn1T4S11QDDrpjw,False,2026-05-29T18:19:55-07:00,38.0,46.0,2640.0,2640.0,200,1320.0,0.017424242424242425,-4.028765310587074,0,non_viral,1.2105263157894737
eHjAf0W5108,UCepF4_i9hjtn81vDrfDjp4Q,False,2026-05-14T00:38:25-07:00,89.0,157.0,2460.0,2460.0,200,1230.0,0.06382113821138212,-2.7457280173640886,0,non_viral,1.7640449438202248
eKNYAQI7IFk,UCQF-bRy3HpnDpRiTK5Yz_Xg,False,2026-05-14T11:00:37-07:00,0.0,1.0,681.0,1000.0,200,500.0,0.001,-6.215607598755275,0,non_viral,1.0
epazy9vg86M,UCHTd4IK0mK3fD1t8qSJtAsQ,False,2026-05-14T14:15:06-07:00,37.78787878787879,379.3425,2880.0,2880.0,200,1440.0,0.13171614583333333,-2.0248205725157975,0,non_viral,10.038734963913392
epqpUN2U130,UC6h4jewYerCnrOyb9GwXcug,False,2026-05-14T04:48:00-07:00,3548.529411764706,27253.778423236516,223000.0,223000.0,200,111500.0,0.12221425301899783,-2.1019473950374756,0,non_viral,7.680302249399433
es46JoXT4-Q,UCjHIvVBkqIp9bahHw_RqOkg,True,2026-05-22T13:15:03-07:00,1341.0,25300.76707530648,34100.0,34100.0,1000,17050.0,0.7419579787479906,-0.2984524712044738,1,non_viral,18.86708954161557
euYgFPdAwD0,UCK91OUnOLJzurakkIX_ClYg,False,2026-05-20T02:54:39-07:00,436.0,1926.7956947289695,2500.0,2500.0,200,1250.0,0.7707182778915878,-0.26031342878630426,1,non_viral,4.419256180571031
exiU_VpZ7kU,UCiM0WWVu_go-VX7DlIGPBxQ,False,2026-05-16T23:20:06-07:00,1347.8979591836735,12328.19567027477,78400.0,78400.0,200,39200.0,0.15724739375350472,-1.8498666008829634,0,non_viral,9.146238100798882
eztrO7Cc2LE,UCDSl-Bg1TPngM8lkHYpp0gw,False,2026-05-22T11:30:35-07:00,96.43564356435644,545.0,73000.0,73000.0,200,36500.0,0.007465753424657534,-4.895609442921935,0,non_viral,5.651437371663244
f0oZJUQYkOs,UCuTAXTexrhetbOe3zgskJBQ,False,2026-05-08T16:30:00-07:00,873.6603773584907,4806.325203252032,3220000.0,3220000.0,200,1610000.0,0.0014926475786496995,-6.506996110455569,0,non_viral,5.5013656654361975
f477bWqsK7k,UC0FCCZhGfa-BnohSaQjwXGA,False,2026-05-15T00:00:39-07:00,60.584158415841586,377.0,162000.0,162000.0,200,81000.0,0.0023271604938271606,-6.060463591415388,0,non_viral,6.222748815165876
f7Zgsu6Vno8,UCFFrmIg4IEzvdjw1SCcC0fg,False,2026-05-19T22:31:41-07:00,4.0,35.730284828521604,52.0,1000.0,200,500.0,0.03573028482852161,-3.3051531648575287,0,non_viral,8.932571207130401
f99vlVFJU5k,UC0DEC-JA_KMMAdRn3PddfeQ,False,2026-05-15T22:53:01-07:00,0.0,0.0,0.0,1000.0,200,500.0,0.0,-6.90875477931522,0,non_viral,0.0
fAKBMoJR1mQ,UCcbjV9pxJa5y7pTINthXyrw,False,2026-05-17T22:46:04-07:00,286.88,1131.1548117154812,544000.0,544000.0,200,272000.0,0.0020793286980063993,-6.174828355193306,0,non_viral,3.9429545862921125
fD2QZIX2sTs,UCJPJAOXwC7qhus81x1PMxPQ,False,2026-05-14T01:00:22-07:00,2.0,522.0,8420.0,8420.0,200,4210.0,0.06199524940617577,-2.7789024009650687,0,non_viral,261.0
fFRNYKCg3is,UCo-RDlyRDeQ3ZrBK9w6tmGw,False,2026-05-09T09:00:06-07:00,353.0,3160.4312662107995,0.0,1000.0,200,500.0,3.1604312662107996,1.150025357068035,1,viral,8.953063077084417
fGhQqmfcybs,UCq3Uedsk9-QXHNTcPS6AgYQ,False,2026-05-17T04:30:35-07:00,577.64,2450.4545454545455,7970.0,7970.0,200,3985.0,0.30745979240333066,-1.1791284150322738,0,non_viral,4.242182926138331
fGunQxuR0z0,UCK1Zh_2KvKKFkDBCSYuLjAw,False,2026-05-14T05:30:45-07:00,39.0,556.0,232000.0,232000.0,200,116000.0,0.002396551724137931,-6.031931721056701,0,non_viral,14.256410256410257
fHNB-kbO87U,UCKMhajQBwJ9JxMqS2vZVy6g,False,2026-05-14T20:02:01-07:00,44.757894736842104,442.9941812136326,1660.0,1660.0,200,830.0,0.26686396458652567,-1.3193636526416475,0,non_viral,9.897565196447577
fOrCkQEw6N8,UCUzyRc77mAKkzrHFjDsEEVA,False,2026-05-17T20:15:04-07:00,635.5670103092783,1559.0,19100.0,19100.0,200,9550.0,0.08162303664921466,-2.505054868441553,0,non_viral,2.4529278183292784
fQ-LyvuvziM,UC2YtO9r1tzEwUUID7vwkMAQ,False,2026-05-16T04:00:58-07:00,446.05882352941177,1511.3083333333334,203000.0,203000.0,200,101500.0,0.007444868637110017,-4.8995737240081345,0,non_viral,3.3881368411798323
fbCu0e8qr8A,UCyYi6s9Tt-3-Vd_EN4ZhMnQ,False,2026-05-17T11:05:50-07:00,0.3673469387755103,22.0,2350.0,2350.0,200,1175.0,0.009361702127659575,-4.6271018326109195,0,non_viral,22.0
fbbhhn1wBN0,UCCpcp-ZlzZU4WAreMmAdgPQ,False,2026-05-29T20:00:03-07:00,2.0,41.0,3.0,1000.0,200,500.0,0.041,-3.171085161031852,0,non_viral,20.5
fc9dqSKxWp4,UCk3ixxkYfPW5Xk6edg0hZTw,False,2026-05-17T14:00:28-07:00,38.0,101.0,50.0,1000.0,200,500.0,0.101,-2.2837819660309497,0,non_viral,2.6578947368421053
fd8Dhmg766U,UCPs7d6fot_7G4lsZVjmBwsA,False,2026-05-16T13:45:04-07:00,0.0,1.0,16.0,1000.0,200,500.0,0.001,-6.215607598755275,0,non_viral,1.0
fooFjZGVTsk,UCuw_9BO3ufgtLJEiWoa5drQ,False,2026-05-13T23:01:17-07:00,24.0,355.32972522897586,7950.0,7950.0,200,3975.0,0.04469556292188376,-3.1051964892394723,0,non_viral,14.805405217873995
fuMoOxeqtmI,UCOTJtP0Z9DjpPU43B5m1V6A,False,2026-05-14T02:35:00-07:00,12376.923076923078,68117.52921535893,1010000.0,1010000.0,200,505000.0,0.06744309823302864,-2.6964573354564134,0,non_viral,5.503591546299975
fuWGo5zTEtY,UCXTRFt1vLvZpahQtiKJjLaQ,False,2026-05-10T12:04:37-07:00,146606.0,164219.35700389105,2720000.0,2720000.0,200,1360000.0,0.06037476360437171,-2.807178360722016,0,non_viral,1.1201407650702635
fxSt6JS3hgM,UCyqFRci2okrcabvO9e2Ue0A,True,2026-05-27T19:30:02-07:00,396.70866141732284,465.0,690.0,1000.0,1000,1000.0,0.465,-0.7645691451895749,0,non_viral,1.1721448136239132
fyNyHmGB38A,UCuzqko_GKcj9922M1gUo__w,False,2026-05-20T01:12:35-07:00,1064.0408163265306,4547.135449869032,1270000.0,1270000.0,200,635000.0,0.0035804216140701037,-5.632055609115993,0,non_viral,4.273459608032194
g0dIRjd53K4,UCkRfArvrzheW2E7b6SVT7vQ,False,2026-05-29T18:08:04-07:00,4611.188191881919,27491.386287625417,10100000.0,10100000.0,200,5050000.0,0.0027219194344183582,-5.906381697768321,0,non_viral,5.96188772690399
g7DaklPy-64,UCFnspr3LcLLJJfJxoB0fIuA,False,2026-05-13T23:24:26-07:00,0.0,7.0,3.0,1000.0,200,500.0,0.007,-4.829313237635384,0,non_viral,7.0
g7nwzXDsWGM,UCpkARz4a6YE6rFUrZfRqOWQ,False,2026-05-17T12:07:07-07:00,18.316831683168328,97.0,81300.0,81300.0,200,40650.0,0.0011931119311193112,-6.720946116912685,0,non_viral,5.295675675675673
gBBFMjHmR1Y,UCvsKDemB0-bA_UhG609cKYw,False,2026-05-17T05:35:59-07:00,38.0,5338.226744186047,3950.0,3950.0,200,1975.0,1.3514498086546953,0.30111212659812914,1,strong,140.4796511627907
gEwwFHUlQMw,UC6AG81pAkf6Lbi_1VC5NmPA,False,2026-05-08T18:10:30-07:00,7577.7962962962965,35678.9501953125,3260000.0,3260000.0,200,1630000.0,0.010944463250095859,-4.514893869269624,0,non_viral,4.708354355309187
gUvmnIa6lgs,UCU_I_foIeKin0EdgpymjJJw,True,2026-05-19T23:00:19-07:00,1242.4368932038835,1630.3319916986352,48300.0,48300.0,1000,24150.0,0.03375428554241481,-3.3880554104419573,0,non_viral,1.312205071031401
gXKVMq0-tmY,UC_6NBDDE1RMtl_u37HQeTFQ,True,2026-05-15T21:00:39-07:00,126.46464646464646,326.889816360601,26900.0,26900.0,1000,13450.0,0.01215203778292197,-4.407241113401576,0,non_viral,2.584831614991973
gXM6lXSr_Tc,UCWHgNyjUJoEttoIUwcbj1VA,True,2026-05-17T19:35:08-07:00,1797.2549019607843,24686.954924874794,271.0,1000.0,1000,1000.0,24.686954924874794,3.2053159694951763,1,super_viral,13.735922988965902
gdr051P_nIE,UC6duK5pWAnsghAnVndCjIEA,False,2026-05-29T12:10:49-07:00,1359.539603960396,1360.0,315.0,1000.0,200,500.0,1.36,0.30722022333624555,1,strong,1.000338641138708
ghmFcD4-c2U,UCEEfxpQiUuo8UxE7iQX4cKA,False,2026-05-16T02:02:42-07:00,24.0,355.77851790174856,2300.0,2300.0,200,1150.0,0.15468631213119502,-1.8639838988165378,0,non_viral,14.824104912572857
ghuj2-r29rQ,UCP3MOjimNiqqkhBcuXzO0RA,False,2026-05-09T08:06:58-07:00,9907.59111111111,48730.89541413196,361000.0,361000.0,200,180500.0,0.13498862995604421,-2.002546976065851,0,non_viral,4.9185412344562245
gqmoD3oR1a4,UC8VKZLxBaNdlvBOXDwJKjkg,False,2026-05-29T08:07:04-07:00,247.0,422.17456359102243,176.0,1000.0,200,500.0,0.42217456359102246,-0.8609700055136527,0,non_viral,1.7092087594778236
grOx4112iSE,UCMqmTAEAnJ0Eg0PbSbbdMhw,False,2026-05-15T06:53:45-07:00,206.125,10688.484647302905,2730000.0,2730000.0,200,1365000.0,0.003915195841502896,-5.54279673946291,0,non_viral,51.85438276435612
gwXfS5ZdeM8,UCzdEIq0UCUtfBg3EEeCTuIA,False,2026-05-09T05:17:52-07:00,149.53731343283582,552.7676696990902,2410.0,2410.0,200,1205.0,0.22936417829837769,-1.4710516481677693,0,non_viral,3.6965199989858317
gxYEO_COwGM,UCBi2mrWuNuyYy4gbM6fU18Q,False,2026-05-08T19:00:41-07:00,256355.75,869073.6929243639,19600000.0,19600000.0,200,9800000.0,0.04434049453695734,-3.115855821935053,0,non_viral,3.390108054624731
gyfq9aMXgZE,UCO75u3MhY3YgYe7rvBFw50g,False,2026-05-15T23:56:30-07:00,1.0,42.45348837209302,3380.0,3380.0,200,1690.0,0.01256020366038255,-4.3542356694759095,0,non_viral,42.45348837209302
h-9LGqQn37I,UCHOk4NaAhM2skXqB54-Y0hA,False,2026-05-17T01:58:06-07:00,1159.5333333333333,5777.438240270728,38200.0,38200.0,200,19100.0,0.15124183875054262,-1.8887282477520504,0,non_viral,4.982554683151895
h7YXAL2ijng,UCzZFynnvRrnKWCT3a4c33Ww,False,2026-05-16T09:28:57-07:00,1.0,11.0,6450.0,6450.0,200,3225.0,0.0017054263565891472,-6.287083786744242,0,non_viral,11.0
h7rJ1lgpqCE,UCV4w74w1WKR3m_zNwJ5o2ag,False,2026-05-17T04:20:43-07:00,2.0,10.0,2130.0,2130.0,200,1065.0,0.004694835680751174,-5.266451359300246,0,non_viral,5.0
hC0Nee7Q5mo,UC_OGoPs7cZpcza0neaE3t6w,False,2026-05-08T07:02:17-07:00,566.4343434343434,1815.5097222222223,11000.0,11000.0,200,5500.0,0.1650463383838384,-1.8010692529195191,0,non_viral,3.205154742586087
hCgT6NzQz88,UCxY65yhcj8lQNA9_ols7TWw,False,2026-05-15T23:00:34-07:00,8.0,64.0,1090.0,1090.0,200,545.0,0.05871559633027523,-2.820462715937434,0,non_viral,8.0
hCuM1HwtRP4,UCZ_93uL-Pl23rQqqgBQr9Vg,False,2026-05-14T19:45:10-07:00,4.0,27.0,1840.0,1840.0,200,920.0,0.014673913043478261,-4.185859671057875,0,non_viral,6.75
hD4pCLUX0eU,UCnvLgMU5pDIW5N-jWOOpC8A,False,2026-05-16T22:16:03-07:00,359.57142857142856,2858.0833333333335,37100.0,37100.0,200,18550.0,0.07703728661275831,-2.5631428627919943,0,non_viral,7.94858296914316
hERwjK5YVQw,UC7_WiJnJxpm4MRNesRttzWg,False,2026-05-22T09:01:21-07:00,7740.538461538461,31146.03247480403,1460000.0,1460000.0,200,730000.0,0.021332898955345226,-3.8474734245946234,0,non_viral,4.023755276143107
hH802_rsVK4,UCdmR8M-3qMnCI2ljRABG9RA,False,2026-05-17T04:19:00-07:00,371.0873786407767,16162.453333333333,91700.0,91700.0,200,45850.0,0.17625358051617593,-1.7357805576955982,0,non_viral,43.55430624596654
hHDuXWgy6UE,UC_GcrznCXn6b-i1Y7DOn54A,False,2026-05-15T14:42:03-07:00,40.0,141.0,2560000.0,2560000.0,200,1280000.0,5.5078125e-05,-9.799691149479408,0,non_viral,3.525
hLtK6ZldOUM,UCoNYj9OFHZn3ACmmeRCPwbA,False,2026-05-19T22:52:32-07:00,1231.157894736842,6758.523465703971,1430000.0,1430000.0,200,715000.0,0.004726240185806973,-5.354478028223358,0,non_viral,5.489566768483902
hMXP1SdZhY8,UCyQ-_y0AHNmoqY-80KOi0Lw,False,2026-05-16T02:00:23-07:00,34.58252427184467,1221.741908713693,4920.0,4920.0,200,2460.0,0.2483215261613197,-1.3924159587542828,0,non_viral,35.32830336819493
hUsKyCQfnTs,UCt2Iap2KFVKTChkq9-FihOA,False,2026-05-18T01:00:42-07:00,318.8019801980198,1610.6616541353383,1910.0,1910.0,200,955.0,0.8432783529504388,-0.17036093517969952,1,non_viral,5.0522322763958245
hWFNoImlY5k,UC8hfcSkUY_-Svu4l7Sb9hjA,True,2026-05-17T16:00:38-07:00,329.3298969072165,353.0,1140.0,1140.0,1000,1000.0,0.30964912280701756,-1.1703634367283016,0,non_viral,1.071873532634215
hXp-QZYUddA,UCcwGYg6V0a-1S8OIdDUoddw,False,2026-05-18T03:10:11-07:00,197.18279569892474,2817.1214642262894,205000.0,205000.0,200,102500.0,0.01374205592305507,-4.286944341637543,0,non_viral,14.286852228871464
hYr6WNjzkR8,UCXrtZnDB8c8l-6IyVC5MjrQ,False,2026-05-14T16:00:43-07:00,1.0,5.0,123.0,1000.0,200,500.0,0.005,-5.116995310087166,0,non_viral,5.0
hb8EAJ0fOYM,UC4dQUfQeA-Jy2T_C-Jdf5rw,True,2026-05-16T05:35:01-07:00,1070.0,2916.0,488000.0,488000.0,1000,244000.0,0.005975409836065574,-5.1197617641457915,0,non_viral,2.725233644859813
hewzHJwWcjQ,UC5zWdVw4EUprXWdomk93flA,False,2026-05-29T20:00:06-07:00,4.0,239.0,8100.0,8100.0,200,4050.0,0.029506172839506174,-3.519103866488501,0,non_viral,59.75
hktPrvzYvAI,UC8ICYyD976wFlNRHPZ5brog,True,2026-05-16T04:33:48-07:00,3003.5454545454545,17683.0,1320000.0,1320000.0,1000,660000.0,0.013396212121212121,-4.312727497191892,0,non_viral,5.887375525893641
hnVcUuDL7FI,UCADymzuZziXFW1zoZkuxU1g,False,2026-05-14T16:30:14-07:00,1.0,2.0,29.0,1000.0,200,500.0,0.002,-5.81014249064711,0,non_viral,2.0
hoY8Lhe6jBY,UC_ngMeNZeBNYeh9TdoIpzyw,True,2026-05-17T18:16:42-07:00,256.0,272.0,105.0,1000.0,1000,1000.0,0.272,-1.2992829841302607,0,non_viral,1.0625
hvzFBMLBGyA,UCW1mS2APWWnklEIpOj7Itgw,False,2026-05-09T01:53:34-07:00,6343.018691588784,75045.02984293194,92000.0,92000.0,200,46000.0,0.8157068461188254,-0.20369779003577726,1,non_viral,11.831122292363107
hxuH-CYsCY4,UCDd5m4pN1iL7xwfo3EMVsPw,False,2026-05-18T02:00:26-07:00,1111.0485436893205,15379.711185308848,20800.0,20800.0,200,10400.0,0.739409191601387,-0.3018868585489205,1,non_viral,13.842519548461274
i3X12N4G5F8,UCg3AuCsiRoadNnMRBf42Fag,False,2026-05-17T10:51:19-07:00,1.0,17.0,1.0,1000.0,200,500.0,0.017,-4.018383021419056,0,non_viral,17.0
iBumALiul88,UCBeqONCHMkI2UvJPnmIH1Ag,False,2026-05-17T10:04:03-07:00,6.0,30.0,36.0,1000.0,200,500.0,0.03,-3.474767574830074,0,non_viral,5.0
iCFiGYO4ZtI,UC15cplPoZs5Zf8z9Sa8Aggw,False,2026-05-30T04:15:19-07:00,220.13432835820896,365.4818258664412,58500.0,58500.0,200,29250.0,0.006247552578913526,-5.072850195352737,0,non_viral,1.6602672949387458
iCo_Ifshhks,UCj2uoCbQWax2LGGj3XLSkiw,False,2026-05-08T19:09:23-07:00,4643.142857142857,17050.316880552815,4290.0,4290.0,200,2145.0,3.9744328392897006,1.3797076311336216,1,viral,3.672149965044296
iHJjm1XU-Ww,UC80ztI40QAXzWL94eoRzWow,False,2026-05-18T01:15:44-07:00,2051.0873786407765,15026.177257525083,760000.0,760000.0,200,380000.0,0.019771285865164582,-3.9234593701593123,0,non_viral,7.3259566676689785
iKqfrhofGuM,UCHyFuvaP40uvL0RE48NbsMw,False,2026-05-08T12:09:35-07:00,4292.954545454546,10589.921882137962,47300.0,47300.0,200,23650.0,0.2238884118845235,-1.4965342289612824,0,non_viral,2.466814351284188
iRom-jrxN3s,UCXvkgJnFT_aWGTKdbFQfJ-A,False,2026-05-15T04:50:34-07:00,4395.553398058252,14611.687188019967,351.0,1000.0,200,500.0,14.611687188019967,2.6808906365127356,1,super_viral,3.3241974024191627
iTr9m3I6rng,UCYd14YrYHqoM8G54josAVOQ,False,2026-05-15T02:01:03-07:00,2696.09900990099,28058.966749792187,38500.0,38500.0,200,19250.0,0.7288043311634335,-0.3163403252769843,1,non_viral,10.407246412965602
iWV8bpQGWgA,UCwt0ewpvGxPe6GPq0jjJHiw,False,2026-05-16T08:25:00-07:00,1.0,2.0,103.0,1000.0,200,500.0,0.002,-5.81014249064711,0,non_viral,2.0
idNpTUrr3r0,UC5l7RouTQ60oUjLjt1Nh-UQ,False,2026-05-15T15:24:58-07:00,4883.484848484848,41865.46076794658,544000.0,544000.0,200,272000.0,0.07695856758813709,-2.564466037698711,0,non_viral,8.572865907618363
idhvVQcUWO0,UCQwd4gkGMvdztelbOV6LI3A,False,2026-05-18T05:46:12-07:00,2018.76,2083.0,88300.0,88300.0,200,44150.0,0.023590033975084936,-3.746462308682978,0,non_viral,1.0318215141968337
ieHGeFaDjMk,UCEEfxpQiUuo8UxE7iQX4cKA,False,2026-05-15T23:40:42-07:00,28.0,433.8538205980066,2300.0,2300.0,200,1150.0,0.18863209591217678,-1.6660891600246055,0,non_viral,15.494779307071665
igO1LNYZ50s,UCTHCOPwqNfZ0uiKOvFyhGwg,False,2026-05-08T21:07:30-07:00,197.9,1235.6289222373807,2230000.0,2230000.0,200,1115000.0,0.0005540936871019645,-7.497368246500949,0,non_viral,6.2437034979150114
igUAEx45USE,UCWRolz2BSYj-FbByMgevpog,False,2026-05-17T03:50:52-07:00,6.0,26.0,3450.0,3450.0,200,1725.0,0.007536231884057971,-4.850582457093674,0,non_viral,4.333333333333333
ijDYTS9-Sc4,UChGYNeCS9AmTQ-dbHHMdlhw,False,2026-05-29T14:00:15-07:00,3.0,1061.0,1560.0,1560.0,200,780.0,0.6801282051282052,-0.3851727187135481,1,non_viral,353.6666666666667
ijEgOVZwFVI,UCL0_NxCvkcXwZHpvqgMZY-A,False,2026-05-16T17:49:36-07:00,120.0,221.0,1040000.0,1040000.0,200,520000.0,0.0002125,-8.452054850783277,0,non_viral,1.8416666666666666
ijFz4XszuGw,UCln0PYcX1PCMe-FI-MgcAcQ,False,2026-05-15T04:30:35-07:00,319.78217821782175,2258.6722129783693,27200.0,27200.0,200,13600.0,0.083039419594793,-2.488033973072082,0,non_viral,7.063158508601626
ijv7Gtu3IXk,UC3GeULpLgXi1TNDAv0nyN5Q,False,2026-05-18T03:15:06-07:00,7565.950495049505,38801.70784641068,186000.0,186000.0,200,93000.0,0.20861133250758432,-1.5672620159928616,0,non_viral,5.128464410624828
im_FCu9nMKI,UC3aYjI5335CrLcFx2Vaj4vA,False,2026-05-22T15:18:44-07:00,1.0,43.1269557443004,3.0,1000.0,200,500.0,0.0431269557443004,-3.1216839422269804,0,non_viral,43.1269557443004
imqOEKmoYaM,UC_uf5KV73X9eMO6sLXRzPEQ,False,2026-05-17T11:50:00-07:00,651.940594059406,4952.0,90300.0,90300.0,200,45150.0,0.05483942414174972,-2.90315508095264,0,non_viral,7.595784102299304
inMC82cffYU,UCpu3bemTQwAU8PqM4kJdoEQ,False,2026-05-08T19:23:51-07:00,401.66279069767444,1097.539468897781,3220000.0,3220000.0,200,1610000.0,0.0003408507667384413,-7.983155407088982,0,non_viral,2.732489775792756
ipWXRxjjj9Q,UCMpuxj_U02VaHfaPD5Jjx_Q,False,2026-05-08T08:16:23-07:00,21754.069306930694,47449.31507656066,496000.0,496000.0,200,248000.0,0.09566394168661424,-2.3468947776376226,0,non_viral,2.181169619674037
istgWf1jeag,UCN-In00HkSuEFSsWb5LHDyw,False,2026-05-18T05:01:10-07:00,306.8269230769231,2776.0,3530000.0,3530000.0,200,1765000.0,0.0007864022662889519,-7.14768222488876,0,non_viral,9.047445941711063
itbGTHSKcwI,UCyMJCUxEJGZJSBtw7QKC_lw,False,2026-05-09T01:18:03-07:00,5239.411764705882,58533.45212903226,86900.0,86900.0,200,43450.0,0.6735725216229259,-0.3951540335130215,1,non_viral,11.171760258151437
itrEMe4zWx8,UC-6rZgmxZSIbq786j3RD5ow,False,2026-05-09T07:01:55-07:00,34517.944237918215,70274.64190981432,508000.0,508000.0,200,254000.0,0.13833590927128803,-1.9780581650739748,0,non_viral,2.0358872308686657
j-z2EQnn2So,UC5T0tXJN5CrMZUEJuz4oovw,False,2026-05-08T12:09:36-07:00,30495.000000000004,168146.50704225354,1270000.0,1270000.0,200,635000.0,0.13239882444271933,-2.021931354574413,0,non_viral,5.513904149606608
j0WeebRy0iY,UCwBK7Cdk0wq8rCjxcvaoHzg,False,2026-05-15T02:01:43-07:00,674.0097087378641,895.0,1810000.0,1810000.0,200,905000.0,0.0004944751381215469,-7.610897542753114,0,non_viral,1.3278740475058697
j19FZnuHrDU,UC8ROUUjHzEQm-ndb69CX8Ww,False,2026-05-09T05:31:18-07:00,207.71052631578948,503.0253671562083,1630000.0,1630000.0,200,815000.0,0.00030860451972773516,-8.081464587815773,0,non_viral,2.421761554787269
j8QqmEjlAmI,UC_4_X9_7AqrdgH7Nc0NmWAA,False,2026-05-10T04:01:08-07:00,117.0,3022.242671292281,10600.0,10600.0,200,5300.0,0.28511723314078125,-1.2546183487263267,0,non_viral,25.83113394266907
j934n_UwLLY,UCdb5Tn3UvekSgdcUVdACUHA,False,2026-05-17T13:31:12-07:00,143.93069306930693,1079.0,9550.0,9550.0,200,4775.0,0.11298429319371728,-2.1796848199164716,0,non_viral,7.496663685767352
j9Aa2k7O478,UCNJXCsBISJNgjbRMb7KAfIA,False,2026-05-17T00:07:01-07:00,0.5049504950495046,378.0,15.0,1000.0,200,500.0,0.378,-0.9712185742327941,0,non_viral,378.0
j9MCNrxVKs8,UC8wAlSksnxQRAKtUinCfYpg,False,2026-05-15T06:48:41-07:00,340.7368421052632,1612.3794829024187,242000.0,242000.0,200,121000.0,0.006662725135960407,-5.010610821623437,0,non_viral,4.732037407344139
j9cAuTqV78M,UCV-qZtDFhw86vQrmNwcWtdA,False,2026-05-29T16:19:54-07:00,64.0,73.0,3400.0,3400.0,200,1700.0,0.021470588235294116,-3.827759691803025,0,non_viral,1.140625
jBGc11WCwgA,UCsShT8KBLUBgXRFr-rRfMqw,True,2026-05-16T20:57:04-07:00,4295.153846153846,14181.850622406639,445000.0,445000.0,1000,222500.0,0.03186932724136323,-3.446042997255468,0,non_viral,3.3018259951517153
jDQ8fLZcHDI,UC_GcrznCXn6b-i1Y7DOn54A,False,2026-05-15T12:14:30-07:00,42.0,125.0,2560000.0,2560000.0,200,1280000.0,4.8828125e-05,-9.919236300129192,0,non_viral,2.9761904761904763
jEOiD6SZ8Vk,UC-n3zWnMLLJr8Q15T6vbU3g,False,2026-05-29T12:07:51-07:00,9.0,12.0,1410.0,1410.0,200,705.0,0.00851063829787234,-4.687104594391277,0,non_viral,1.3333333333333333
jIWhDrZRrmg,UCiB3ipcBz4X02umnW6cxLgg,False,2026-05-17T16:15:02-07:00,0.0,24.0,70.0,1000.0,200,500.0,0.024,-3.68987895444702,0,non_viral,24.0
jJbn-p_RmOM,UCIALMKvObZNtJ6AmdCLP7Lg,True,2026-05-08T06:56:31-07:00,2572.242424242424,4519.571296296296,3140000.0,3140000.0,1000,1570000.0,0.0014393539160179288,-6.543340018530461,0,non_viral,1.7570549547356131
jQlu2OT3fhc,UCaR2IVj2eRm1hH2U2DZ5LPQ,False,2026-05-17T14:34:50-07:00,0.0,1.0,42.0,1000.0,200,500.0,0.001,-6.215607598755275,0,non_viral,1.0
jQmNEbX_06I,UClF-o0t2emxt65ljsYXxyHQ,False,2026-05-17T13:32:00-07:00,0.0,1.0,198.0,1000.0,200,500.0,0.001,-6.215607598755275,0,non_viral,1.0
jRFwOB6ASWI,UC8-9__CMFf3VNrvJ2r2uCdg,False,2026-05-16T15:00:42-07:00,257.2631578947368,3392.5808333333334,13100.0,13100.0,200,6550.0,0.25897563613231556,-1.3508029062454199,0,non_viral,13.187200456901257
jU5ysw_fWnk,UCCWSG8MXoqvIEBPRnOSxwzw,False,2026-05-08T11:41:53-07:00,67262.43434343435,190916.35326998323,2850000.0,2850000.0,200,1425000.0,0.06698819412981867,-2.703233995129949,0,non_viral,2.838380072525862
jYsgMjCGBHI,UCXWU9YY5HGD0YwnezX1aN1Q,False,2026-05-16T13:00:32-07:00,5.0,17.0,1180.0,1180.0,200,590.0,0.01440677966101695,-4.183745058301198,0,non_viral,3.4
jbfymzxFYpo,UCjZ28F4BAnRBQj38kMVB-Sw,False,2026-05-15T15:58:20-07:00,4.894736842105263,41.0,70300.0,70300.0,200,35150.0,0.0005832147937411095,-7.422871684165285,0,non_viral,8.376344086021506
jcEYEu-OldY,UCDKjhgRoPF1CQk7HluMz23A,False,2026-05-29T08:19:17-07:00,328.4029850746269,1302.453634085213,2820000.0,2820000.0,200,1410000.0,0.0004618629908103592,-7.679475135105291,0,non_viral,3.9660225189160236
jpgHoWZZrFM,UCqabCTn79r1LOAIbMQ50oXA,False,2026-05-29T06:20:07-07:00,2.0,75.0,1360.0,1360.0,200,680.0,0.05514705882352941,-2.885241662365135,0,non_viral,37.5
jt2bXGY03xE,UCXm1PxGtg7tYnqc38QSe0uA,False,2026-05-17T13:51:42-07:00,32.0,88.0,64000.0,64000.0,200,32000.0,0.001375,-6.5780176174876,0,non_viral,2.75
jxrQrGl6-8I,UCEwbt8TRKYmreEGozyMeajA,False,2026-05-14T02:52:42-07:00,194.6326530612245,2037.9382303839734,21500.0,21500.0,200,10750.0,0.09478782466902202,-2.355670248620026,0,non_viral,10.470690289274897
k0m6gbsFL8g,UC_GcrznCXn6b-i1Y7DOn54A,False,2026-05-17T19:25:00-07:00,89.0,212.97748123436196,2560000.0,2560000.0,200,1280000.0,8.319432860717264e-05,-9.389647425472472,0,non_viral,2.3930054071276623
k3xi1gSFYF4,UCgUV6rhSm1Q7gDPaV9h7dTg,False,2026-05-16T08:39:38-07:00,8.0,33.46051537822111,1790.0,1790.0,200,895.0,0.018693025350961515,-3.9507152152334992,0,non_viral,4.182564422277639
k833hrS7qAs,UCgi-ChJ65n4TLMVAE5Izi_Q,False,2026-05-08T08:04:51-07:00,5201.0,52300.13281715307,61800.0,61800.0,200,30900.0,0.8462804662969753,-0.16690151474239556,1,non_viral,10.055784044828508
kC-gA0ox9Ok,UCoSJ47wcWDHKbJaU-2EEzbw,False,2026-05-14T13:19:34-07:00,146.3877551020408,846.6577851790174,75900.0,75900.0,200,37950.0,0.011154911530685341,-4.494708139399334,0,non_viral,5.783665338599171
kCZSk92XZ8M,UCcqRyFXgLcG6gA5oQtXkNsA,True,2026-05-16T09:01:08-07:00,4.0,49.0,0.0,1000.0,1000,1000.0,0.049,-2.9967317738870745,0,non_viral,12.25
kFJAdYvrSNI,UClrE564OBmmUC1x6cwBnJJA,False,2026-05-14T11:00:40-07:00,1.0,7.0,6.0,1000.0,200,500.0,0.007,-4.829313237635384,0,non_viral,7.0
kP0AZlkxySA,UC2TuODJhC03pLgd6MpWP0iw,False,2026-05-09T00:30:06-07:00,10533.106194690265,30982.15124500461,2140000.0,2140000.0,200,1070000.0,0.014477640768693742,-4.235118026800155,0,non_viral,2.941406900523105
kRWAuHzJbog,UCApKg-T_qGMl1jovaAeIOig,False,2026-05-17T10:40:37-07:00,0.0,104.0,2.0,1000.0,200,500.0,0.104,-2.2547944291576973,0,non_viral,104.0
kSraPjJdsD4,UCX9OQTv_N1PCrgfXlT8KE8A,False,2026-05-14T03:34:49-07:00,62.0,2112.873121869783,59800.0,59800.0,200,29900.0,0.03533232645267196,-3.342500515614902,0,non_viral,34.07859873983521
kVcPLhBVjiE,UCa-W2A5iRRhHYFIoPBcDGdQ,True,2026-05-16T21:00:41-07:00,432.2427184466019,855.4728487886383,4770.0,4770.0,1000,2385.0,0.17934441274394933,-1.7174885884427917,0,non_viral,1.9791492424974677
kXd8JO8HqY8,UC5DOK_H_fkhHBw_7pl0TViQ,False,2026-05-08T09:20:16-07:00,1151.6701030927836,2439.8780694326842,230000.0,230000.0,200,115000.0,0.010608165519272541,-4.545725817648835,0,non_viral,2.118556401594908
kadbSjGJpgk,UCdsi_mZ-1KZjHXI2BKqdcGg,False,2026-05-15T16:50:35-07:00,1410.7777777777778,38337.421227197345,6460.0,6460.0,200,3230.0,5.934585329287515,1.7806684539775919,1,super_viral,27.17467047686667
kbM8sOcpvaY,UCaysddji-z_Za5b6EMmcc3g,False,2026-05-17T01:30:31-07:00,10.0,30.0,53300.0,53300.0,200,26650.0,0.0005628517823639775,-7.4497231672188695,0,non_viral,3.0
kdRHYQ1MEek,UCSC-2AO4J04bQgIws5Fj4Vw,False,2026-05-29T12:15:07-07:00,51761.60396039604,51734.0,52000.0,52000.0,200,26000.0,0.9948846153846154,-0.005128414108835244,1,non_viral,0.9994667097175512
kdnzVHRCdlo,UCVbsFo8aCgvIRIO9RYwsQMA,True,2026-05-15T03:48:12-07:00,3436.9700000000003,6490.2441860465115,9820000.0,9820000.0,1000,4910000.0,0.0006609209965424146,-7.321722282665588,0,non_viral,1.8883621870561893
keF__l0yIio,UCkoHT6ugZz-6UwmPExH37LA,False,2026-05-14T06:01:27-07:00,1636.2745098039215,5122.2,23400.0,23400.0,200,11700.0,0.21889743589743588,-1.518999512673016,0,non_viral,3.1304038346315157
kh_ITt9_t90,UCeOFmgRMNMmjLAk-ID3MDDw,False,2026-05-14T01:14:00-07:00,97.93693693693695,1616.7710241465445,482000.0,482000.0,200,241000.0,0.003354296730594491,-5.696896897948329,0,non_viral,16.508286604752684
kjJZG7PBagI,UCCqASHJXWs5_Lst_jWp40dw,False,2026-05-19T23:06:20-07:00,30287.285714285714,52335.54073630838,731000.0,731000.0,200,365500.0,0.07159444697169409,-2.6367200249807947,0,non_viral,1.727970648476535
knC__76-7Fk,UC_GcrznCXn6b-i1Y7DOn54A,False,2026-05-17T16:20:13-07:00,25.0,93.0,2560000.0,2560000.0,200,1280000.0,3.6328125e-05,-10.212223424810666,0,non_viral,3.72
kojvRakNUmo,UC19jU1UIFZQ-Se5BVHjlMmA,False,2026-05-29T22:02:19-07:00,87.0,89.0,1050.0,1050.0,200,525.0,0.08476190476190476,-2.4576877005466864,0,non_viral,1.0229885057471264
krVeKN_iLS0,UCIALMKvObZNtJ6AmdCLP7Lg,False,2026-05-08T16:31:43-07:00,1601.923076923077,7300.696629213483,3140000.0,3140000.0,200,1570000.0,0.002325062620768625,-6.063871661262663,0,non_viral,4.557457679701094
krWgX6U7FJI,UCFoyS8M_EtXUd1uDep1ZpyA,False,2026-05-15T18:32:44-07:00,0.0,0.0,0.0,1000.0,200,500.0,0.0,-6.90875477931522,0,non_viral,0.0
krZCDgsTTdw,UCNBmxc6FvKyxtCpUygcdINA,True,2026-05-08T14:15:08-07:00,466.4077669902913,1380.0,549000.0,549000.0,1000,274500.0,0.0025136612021857923,-5.985292388574342,0,non_viral,2.958784346378018
krke1eE0K6s,UCOPl0j81mxrHu7pSw6tahyQ,False,2026-05-16T08:32:16-07:00,6.524752475247526,14.0,81.0,1000.0,200,500.0,0.014,-4.20070457821301,0,non_viral,2.145675265553869
kx-SlEHM80E,UCRer2rLUSkO94jhrW8cRdAw,False,2026-05-30T00:14:56-07:00,809.7744360902255,832.0,7230.0,7230.0,200,3615.0,0.11507607192254495,-2.161098976008108,0,non_viral,1.0274466109563603
l0gN24PizwY,UCQJBE1vNkYDwiv-dpTB0uNQ,False,2026-05-29T12:16:34-07:00,179.61160714285714,319.03346938775513,6070.0,6070.0,200,3035.0,0.05255905591231551,-2.9428530329692713,0,non_viral,1.7762408257613689
l31AYgo1eis,UC8oiTPFeDkEMVD22IiJvGjg,False,2026-05-17T08:46:00-07:00,986.5306122448981,10191.003338898163,34000.0,34000.0,200,17000.0,0.2997353923205342,-1.2047865095186978,0,non_viral,10.330144054737483
l7iSFmFtm7c,UCG5TzzXLMQK7VRjTtZYXhYg,False,2026-05-14T19:00:43-07:00,33.0,1031.0,6450.0,6450.0,200,3225.0,0.15984496124031009,-1.832736490490734,0,non_viral,31.242424242424242
l7uFuSKznY8,UC-W40LTuJ5N1XtZquhOl7Yw,False,2026-05-15T00:00:42-07:00,956.0,3885.863900414938,292000.0,292000.0,200,146000.0,0.013307753083612801,-4.319154589705851,0,non_viral,4.064711192902655
lAKj-wR5Sn8,UCkHn8543wMOKllsYcoVxI7g,False,2026-05-17T08:15:32-07:00,0.0,0.0,88.0,1000.0,200,500.0,0.0,-6.90875477931522,0,non_viral,0.0
lAeL8VCGyvo,UC7xpeYGGwMo_h3rXmRLfZyg,False,2026-05-29T14:25:13-07:00,54404.01408450704,199706.7935483871,644000.0,644000.0,200,322000.0,0.31010371669004205,-1.1708450129565584,0,non_viral,3.6708099008683037
lAwn0H_JLtY,UCBwgo5mdKlofvRxz4QWJPKA,False,2026-05-15T23:20:20-07:00,45.0,127.0,21300.0,21300.0,200,10650.0,0.00596244131455399,-5.114479035032667,0,non_viral,2.8222222222222224
lBlh_EcLpgc,UCR3asjvr_WAaxwJYEDV_Bfw,False,2026-05-08T07:14:09-07:00,1308.4444444444443,11242.723063223508,3150000.0,3150000.0,200,1575000.0,0.0035691184327693677,-5.6353480262771924,0,non_viral,8.5924344063359
lESChw4z6G4,UCC80QOBgn2rVCFBZ_c1XJ1A,True,2026-05-16T05:21:39-07:00,2137.0198019801983,23812.331114808654,154000.0,154000.0,1000,77000.0,0.15462552671953672,-1.8667135411620404,0,non_viral,11.14277513607677
lJYDcVK6FaE,UCKOp-tpoghZFzTq57YzQFtg,True,2026-05-16T17:31:09-07:00,661.0,887.0,1800.0,1800.0,1000,1000.0,0.49277777777777776,-0.707125602183786,0,non_viral,1.3419062027231468
lJZmeg_eK3U,UCQDKpfTS6haXS6BAHebR8Hw,False,2026-05-16T05:01:12-07:00,3709.0291262135925,38506.857142857145,626000.0,626000.0,200,313000.0,0.061512551346417164,-2.788489666438343,0,non_viral,10.381923633521675
lKyVB6FqiLQ,UCqDez6rNasidBh12p4fLsgg,False,2026-05-16T10:33:07-07:00,3.0,41.0,232.0,1000.0,200,500.0,0.041,-3.171085161031852,0,non_viral,13.666666666666666
lLcFBQA8D84,UCcgd0a7i_tQ0pwqqScu6skg,False,2026-05-14T10:01:03-07:00,0.0,0.0,207.0,1000.0,200,500.0,0.0,-6.90875477931522,0,non_viral,0.0
lP-W0rMqJaU,UCr8m1agE_bswss4dTgPRvQQ,False,2026-05-30T16:04:49-07:00,0.0,0.0,108.0,1000.0,200,500.0,0.0,-6.90875477931522,0,non_viral,0.0
lPZFNIrauak,UCJUeRIt6jKSE-4jP7QB70kw,False,2026-05-16T06:57:36-07:00,4.0,48.0,3270.0,3270.0,200,1635.0,0.014678899082568808,-4.201030729427757,0,non_viral,12.0
lSgfJEh6JWw,UCtncu9Jg74Iqxea_FSuSVRg,False,2026-05-14T15:30:21-07:00,120.82000000000001,2287.3030807660284,24800.0,24800.0,200,12400.0,0.09222996293411405,-2.383073444824091,0,non_viral,18.93149379875872
lWIII0lIv88,UCERTKUMXl6x8G79BmG6KtpQ,False,2026-05-29T14:04:56-07:00,737.1567164179104,7158.685245901639,2180000.0,2180000.0,200,1090000.0,0.003283800571514513,-5.718614594561947,0,non_viral,9.711212129610745
lcgj2U-urao,UCcxOyvYPtsltsv1twHyopkg,False,2026-05-16T04:01:09-07:00,2396.4851485148515,13908.98,40599.0,40599.0,200,20299.5,0.3425941525653341,-1.071161498487891,0,non_viral,5.8039082815178995
ljq5EZWV22k,UCF_1cX89M4PlvRrxw_vBYKw,False,2026-05-30T08:05:57-07:00,4.0,132.41543798785776,17500.0,17500.0,200,8750.0,0.007566596456449015,-4.876545447305082,0,non_viral,33.10385949696444
lp_X_uTxNx4,UCyihut68UC8ohao0apY3Pbw,False,2026-05-17T18:00:41-07:00,0.0,4.0,4.0,1000.0,200,500.0,0.004,-5.29931686688112,0,non_viral,4.0
lpdhsex2OJY,UC64sTVJkeSA_wu51XasucGQ,False,2026-05-29T08:15:28-07:00,10.0,47.0,2130.0,2130.0,200,1065.0,0.022065727699530517,-3.793145621190726,0,non_viral,4.7
lsXgZkXRlRY,UCoe5u1Hr0tHkJVzgsiKoMJg,False,2026-05-08T22:00:44-07:00,345.91743119266056,1185.0206816195748,113000.0,113000.0,200,56500.0,0.010486908686898892,-4.5567929296794105,0,non_viral,3.425732775402033
luzHPN1Xhqo,UCAf2d1Wb5HDRxavBeiP7tXQ,False,2026-05-14T02:00:55-07:00,111.83,518.9732441471572,73400.0,73400.0,200,36700.0,0.0070704801654926045,-4.949915481799469,0,non_viral,4.640733650605
lzIIC5T2RSE,UCnwI-VN5jXWIGQKOI9PMDMw,False,2026-05-08T10:27:34-07:00,580.5263157894736,878.0,194000.0,194000.0,200,97000.0,0.004525773195876289,-5.396833694986179,0,non_viral,1.5124206708975523
m2ZOV0nplso,UCWMJzlp-TM2KPG9eQ2SAYQw,False,2026-05-14T15:35:26-07:00,0.0,24.0,305.0,1000.0,200,500.0,0.024,-3.68987895444702,0,non_viral,24.0
m3FwWZ0pRUU,UCSEjGqfxaFvHoaBftW51r2w,False,2026-05-29T10:09:36-07:00,862938.9090909091,863429.0,54700.0,54700.0,200,27350.0,15.784808043875685,2.759030838072892,1,super_viral,1.0005679323344074
mDykoVw6PiI,UCqurUbT3yNOF0qKtZQFojpA,False,2026-05-20T01:39:10-07:00,8.0,277.31265706015205,10400.0,10400.0,200,5200.0,0.02666467856347616,-3.6209120869411597,0,non_viral,34.664082132519006
mEcw_9_7OS8,UCZ4v24R1mXG2d9X45dUSNLQ,False,2026-05-14T02:49:14-07:00,1.0,37.0,9750.0,9750.0,200,4875.0,0.0037948717948717947,-5.5475389631087335,0,non_viral,37.0
mFfHIU4D1V4,UC3914ixkntF-sp44gder2Yg,False,2026-05-18T03:32:17-07:00,5.0,10.93588676103247,28.0,1000.0,200,500.0,0.01093588676103247,-4.429205223077734,0,non_viral,2.1871773522064943
mJRdbi3q1Go,UCfFZlWY3qK0mWZPjAwjBZqQ,False,2026-05-30T02:16:20-07:00,2.896551724137931,28.92624900872324,819.0,1000.0,200,500.0,0.02892624900872324,-3.5100187907731577,0,non_viral,9.986443110154452
mMbpqZoArLM,UCfl6va7Vmb77SQUhB5aPR-Q,False,2026-05-14T04:47:05-07:00,32.0,439.5178719866999,92300.0,92300.0,200,46150.0,0.004761840433225351,-5.344859238068237,0,non_viral,13.734933499584372
mOUzZcPoKHs,UCpu3bemTQwAU8PqM4kJdoEQ,False,2026-05-16T09:24:10-07:00,2191.1458333333335,51635.28297161937,3220000.0,3220000.0,200,1610000.0,0.016035802165099183,-4.132912365345193,0,non_viral,23.565425078561724
mSbsCo1Mx1Y,UCDk2THbEGMFsveFERmolWPg,False,2026-05-16T20:02:35-07:00,0.0,0.0,154.0,1000.0,200,500.0,0.0,-6.90875477931522,0,non_viral,0.0
mTqSeBHRfLE,UCS7zpE9o9GII787rRCHHJ0Q,False,2026-05-18T04:30:34-07:00,471.6237623762376,1659.8711554447216,88000.0,88000.0,200,44000.0,0.018862172220962745,-3.9700059209003653,0,non_viral,3.5194816034747634
mXZhIRgwQeQ,UCYIVkruUoN04UjV9pkBTswg,False,2026-05-14T23:47:13-07:00,11437.720000000001,48305.396321070235,1200000.0,1200000.0,200,600000.0,0.0402544969342252,-3.2125136882108336,0,non_viral,4.223341393308302
mYu4RepxzEg,UClj81pcB9jG2k0U4tacfhRQ,False,2026-05-17T03:00:06-07:00,2.857142857142857,100.0,84.0,1000.0,200,500.0,0.1,-2.2936342624739607,0,non_viral,35.0
mbi8pr7hj1o,UCXm1PxGtg7tYnqc38QSe0uA,False,2026-05-17T13:54:21-07:00,145.6341463414634,236.0,64000.0,64000.0,200,32000.0,0.0036875,-5.598593846084608,0,non_viral,1.6204990788812594
meAGA4VO2Es,UCJpbvB2E_LRw6EPWnRtDpcA,False,2026-05-14T08:08:03-07:00,938.7708333333333,5606.377295492488,16600.0,16600.0,200,8300.0,0.3377335720176198,-1.0853798295517958,0,non_viral,5.972040349385043
mj8dwrxWUBE,UCD9MHz39P05QpzYbHMqKHRg,False,2026-05-15T17:45:05-07:00,0.0,3.0,2.0,1000.0,200,500.0,0.003,-5.52246041819533,0,non_viral,3.0
mjCrPfjvC7k,UCY6-r6xoKtdeGu08i5Z5VNA,False,2026-05-14T00:13:28-07:00,661.8737864077669,19029.520938023452,4340.0,4340.0,200,2170.0,4.384682243784206,1.4779393191836316,1,viral,28.7509814239716
n3JFpVmubgw,UCDCJyLpbfgeVE9iZiEam-Kg,False,2026-05-19T22:30:46-07:00,539.08,1594.5279338629464,1340000.0,1340000.0,200,670000.0,0.0011899462193007062,-6.733220964725111,0,non_viral,2.9578688392501045
n5WudFj--a4,UCouaZqnOJay2Lacj8fomO3Q,False,2026-05-08T22:01:00-07:00,7224.95652173913,71429.88732394367,166000.0,166000.0,200,83000.0,0.4303005260478534,-0.8432634410582942,0,non_viral,9.886549089813716
nArju2nKMiY,UCktykI2Hmmw3pfSvSxeX_HA,False,2026-05-15T00:45:29-07:00,2.0,4.0,17.0,1000.0,200,500.0,0.004,-5.29931686688112,0,non_viral,2.0
nEEhLtL8Zgg,UCxbsdkSon12Zy3oiTtvfJ0A,False,2026-05-30T16:09:23-07:00,21.21645021645022,195.0,91700.0,91700.0,200,45850.0,0.0021264994547437297,-6.1481739040799885,0,non_viral,9.190981432360742
nIA-Rp1pTME,UCmun9nQarOveaLLPgGrxrbw,False,2026-05-15T22:15:06-07:00,0.0,0.0,3390.0,3390.0,200,1695.0,0.0,-8.128880142125638,0,non_viral,0.0
nJpgMT4bQ0g,UC1M2vOZevdQWwRsW4DUBNsw,False,2026-05-08T08:31:41-07:00,5499.270833333333,17324.96067090804,222000.0,222000.0,200,111000.0,0.07804036338246864,-2.550475892847702,0,non_viral,3.1504105173170154
nLLbT_jRKf8,UCakPogolAs1lVmSRYx3m6Dg,False,2026-05-30T08:08:44-07:00,4.0,17.0,269.0,1000.0,200,500.0,0.017,-4.018383021419056,0,non_viral,4.25
nM9BMSTd-30,UCBHyZqX3kt4AiAzgK0Qrcag,False,2026-05-08T23:01:11-07:00,1872.8,3483.679125934445,19900.0,19900.0,200,9950.0,0.17505925255951985,-1.7423940146532573,0,non_viral,1.8601447703622624
nNRwDBzARA4,UCdDKJ7BIqSOdP16eMsTtK2g,False,2026-05-15T16:46:06-07:00,1458.6153846153845,18562.888240200165,12800.0,12800.0,200,6400.0,1.450225643765638,0.37169490824336116,1,strong,12.726376285339214
nNasUkJQH3g,UClk8k4D7hkHMdAKezh6pr-w,False,2026-05-29T20:08:58-07:00,3867.0,7389.0,101000.0,101000.0,200,50500.0,0.07315841584158415,-2.615002682822233,0,non_viral,1.9107835531419706
nWf7Ai-nYhU,UCXFxwj7DwumpUu5RNWlznTw,False,2026-05-16T01:44:57-07:00,137.64705882352942,428.977518734388,373000.0,373000.0,200,186500.0,0.0011500737767677963,-6.7656034542797014,0,non_viral,3.1165033412327334
nZdUHL9PHbE,UC8WrYj06hdjp5kxn7DOcxzw,False,2026-05-16T01:39:16-07:00,0.0,26.490848585690518,1.0,1000.0,200,500.0,0.026490848585690518,-3.5949016087279775,0,non_viral,26.490848585690518
n_8CeJhFVzA,UCco8sj7mScFDZzI_vA8KVNA,False,2026-05-14T14:15:07-07:00,4.38235294117647,94.0,2340.0,2340.0,200,1170.0,0.040170940170940174,-3.2044565758903696,0,non_viral,21.449664429530202
n_u7YnBLEe8,UCzpwkXk_GlfmWntZ9v4l3Tg,False,2026-05-08T05:59:06-07:00,3667.6990291262136,28359.658276863505,1160000.0,1160000.0,200,580000.0,0.024447981273158195,-3.711173233319469,0,non_viral,7.7322752089666045
naEJqMvfQbA,UCPgL6iFGdFI3n8SuboH3oig,False,2026-05-29T12:00:26-07:00,1.0594059405940588,1368.2889637742207,5990.0,5990.0,200,2995.0,0.2284288754214058,-1.4759667425355962,0,non_viral,1291.5624798242652
ncGd0I_58pU,UCzmfBS0hMneF-4E4hnLPxug,False,2026-05-29T10:19:30-07:00,502.0,520.0,4080.0,4080.0,200,2040.0,0.12745098039215685,-2.0583472936524396,0,non_viral,1.0358565737051793
nhCd8kPitag,UCNlIUl-OlG_nkpTgRz6ZjDw,False,2026-05-16T14:57:32-07:00,13.0,23.0,2.0,1000.0,200,500.0,0.023,-3.7307009489672747,0,non_viral,1.7692307692307692
nl1iT_GPuuU,UC4sbZOuKSY_vdgzl31SyN3Q,False,2026-05-17T17:25:40-07:00,60.88235294117647,1221.497085761865,1330.0,1330.0,200,665.0,0.9184188614750864,-0.08503498088380113,1,non_viral,20.06323715744126
nmCF87MmbQc,UCejiBH2HaVENsgNBBipTR6Q,False,2026-05-15T18:30:39-07:00,16.0,140.0,334.0,1000.0,200,500.0,0.14,-1.959994888937052,0,non_viral,8.75
nmRxagU64hc,UCWlV3Lz_55UaX4JsMj-z__Q,False,2026-05-08T19:09:02-07:00,27682.86538461539,291997.68403908797,3080000.0,3080000.0,200,1540000.0,0.09480444286983375,-2.3559359051002176,0,non_viral,10.547957372987993
noFqfdcfEwY,UCPiBGCMgHnnshwMAzq3C3lw,False,2026-05-30T16:04:33-07:00,116.0,140.0,2190.0,2190.0,200,1095.0,0.0639269406392694,-2.743353449217298,0,non_viral,1.206896551724138
nox1AFkFIus,UCvGgS9ODLmJAugjdp3LXF_A,False,2026-05-14T16:30:15-07:00,574.1616161616162,4743.99,9270.0,9270.0,200,4635.0,0.5117572815533981,-0.6698019240467339,1,non_viral,8.26246455086028
ntpzhNXCC70,UClQ3NafOy_42dJ0toK3QUKw,False,2026-05-17T12:09:44-07:00,436147.75,4942905.032581453,21000000.0,21000000.0,200,10500000.0,0.23537643012292633,-1.446569061398332,0,non_viral,11.333097631665996
nuoT76iQDCA,UC0Cbaofl1u2ZSCUjZ9yy-wg,False,2026-05-09T00:38:32-07:00,10762.063157894736,34803.079262672814,235000.0,235000.0,200,117500.0,0.14809820962839496,-1.909855169351827,0,non_viral,3.2338668480255377
nwi22TNhrng,UCCOIN8Zd-oE5czKMucGAlpw,False,2026-05-14T08:41:21-07:00,16.0,776.1596009975063,2780.0,2780.0,200,1390.0,0.27919410107823966,-1.2749201182701855,0,non_viral,48.50997506234415
nyhJqbqQf8E,UC7tdFNggH_jwjJTDWqYelmA,False,2026-05-08T15:31:34-07:00,5958.0,92924.00559910414,897000.0,897000.0,200,448500.0,0.10359420914058433,-2.26726420044805,0,non_viral,15.596509835364913
o6xbsc30LUg,UCXUVnTEsLZBim_WlWxBvEwA,False,2026-05-15T06:36:07-07:00,189.22772277227722,770.72,19600000.0,19600000.0,200,9800000.0,3.932244897959184e-05,-10.14241838528638,0,non_viral,4.072976140644622
o9f5irzKzeQ,UCF4Wxdo3inmxP-Y59wXDsFw,False,2026-05-08T20:22:08-07:00,15784.349999999999,59254.810594394825,6160000.0,6160000.0,200,3080000.0,0.009619287434155004,-4.643968374554724,0,non_viral,3.7540228513936165
oCtxwpfHEls,UCTBbuMEc805yl3utRp35rDg,False,2026-05-08T08:24:55-07:00,36.0421052631579,59.0,16700.0,16700.0,200,8350.0,0.003532934131736527,-5.6288793146295175,0,non_viral,1.6369742990654204
oGXTLfeSEuY,UCBg9RPGHnrhXVmXirKQY8GA,False,2026-05-16T11:54:05-07:00,31.0,47.0,10.0,1000.0,200,500.0,0.047,-3.0375537684073293,0,non_viral,1.5161290322580645
oKt_c0LyMOY,UC_lEiu6917IJz03TnntWUaQ,True,2026-05-09T09:10:55-07:00,2539.589519650655,10337.301267010793,5540000.0,5540000.0,1000,2770000.0,0.001865938856861154,-6.283894392186253,0,non_viral,4.070461461202119
oMU4bm2NBUE,UCJpattGlAv8_orhE_gO1npg,False,2026-05-29T06:06:34-07:00,7.0,24.0,5360.0,5360.0,200,2680.0,0.004477611940298508,-5.368029978959337,0,non_viral,3.4285714285714284
oMteHKRPI24,UC4LjkybVKXCDlneVXlKAbmw,False,2026-05-08T20:46:34-07:00,12712.576923076924,15570.773910500146,746000.0,746000.0,200,373000.0,0.02087235108646132,-3.869267030018987,0,non_viral,1.2248322275426933
oQL_b7xFy_g,UCL0_NxCvkcXwZHpvqgMZY-A,False,2026-05-08T21:44:36-07:00,2398.1844660194174,3819.0818915801615,1040000.0,1040000.0,200,520000.0,0.003672194126519386,-5.606705093698286,0,non_viral,1.5924887954591727
oVOMsZJp1mg,UCruvvvnGpeDKldng1LSVRnQ,False,2026-05-16T21:43:42-07:00,2.0,15.0,275.0,1000.0,200,500.0,0.015,-4.136166057075439,0,non_viral,7.5
oXzB2GOk1L4,UCPdu6LtZqVTF8sZbtL8rauw,False,2026-05-18T01:48:47-07:00,0.0,0.0,4.0,1000.0,200,500.0,0.0,-6.90875477931522,0,non_viral,0.0
obB0yvXV-BE,UCpu3bemTQwAU8PqM4kJdoEQ,False,2026-05-08T06:11:10-07:00,4362.063063063063,8260.218390804597,3220000.0,3220000.0,200,1610000.0,0.002565285214535589,-5.965564867502286,0,non_viral,1.8936494661781047
ob_Yo3RQ3cc,UC2_ftIcdj8OdC1p1GZ4ORfg,False,2026-05-30T18:18:05-07:00,1549.0,1555.0,3280.0,3280.0,200,1640.0,0.4740853658536585,-0.7460298282227642,0,non_viral,1.0038734667527438
ocFzfy_GOYw,UCYkn7e_zaRR_UxOrJR0RVdg,False,2026-05-22T08:30:29-07:00,243.873786407767,728.3077094972067,1220000.0,1220000.0,200,610000.0,0.0005969735323747596,-7.4222664953551805,0,non_viral,2.9864124399144987
ojWZysVRfwI,UCAJTSEi89cP1jjd6thlxBBg,False,2026-05-14T00:00:48-07:00,411.8888888888889,1481.865112406328,17400.0,17400.0,200,8700.0,0.08516466163254759,-2.4625515727103204,0,non_viral,3.5977302432309015
on7r-v9273I,UCWZVAVi7zBuMaIQfLmsefeA,True,2026-05-16T04:44:16-07:00,4.0,17.0,20.0,1000.0,1000,1000.0,0.017,-4.018383021419056,0,non_viral,4.25
onCla0jYemA,UC_GcrznCXn6b-i1Y7DOn54A,False,2026-05-15T13:31:45-07:00,181.14705882352942,5565.0,2560000.0,2560000.0,200,1280000.0,0.002173828125,-6.131086264994833,0,non_viral,30.720896249391135
oo7sxt0G0TQ,UCKgvEdPzRV2j8Z5xnLRPHSw,False,2026-05-14T21:01:01-07:00,108.29411764705883,3410.362343096234,36800.0,36800.0,200,18400.0,0.09267288975804984,-2.3784132931033426,0,non_viral,31.491667481062454
ooHlQU7NpN0,UCMJnMEgyClpkTg-Ej3U3u0w,False,2026-05-08T09:57:14-07:00,6901.297872340425,36933.92121212121,18400.0,18400.0,200,9200.0,2.007278326745718,0.6967524668646341,1,viral,5.351735556894007
ooWP6ur-wsE,UCzwG2cNftEhprJEBgagnFTA,False,2026-05-14T02:08:30-07:00,91.12,143.0,2510.0,2510.0,200,1255.0,0.05697211155378486,-2.8586230595815847,0,non_viral,1.5693590869183494
oomTghT7Gu0,UC_STxKuF95Ba6Jsnz8g7NXw,False,2026-05-16T00:00:47-07:00,1.0,17.0,323.0,1000.0,200,500.0,0.017,-4.018383021419056,0,non_viral,17.0
or1fNDi1NOA,UC8ROUUjHzEQm-ndb69CX8Ww,False,2026-05-09T05:33:14-07:00,631.0065789473684,1281.060080106809,1630000.0,1630000.0,200,815000.0,0.0007859264295133798,-7.147867685539289,0,non_viral,2.0301849819756965
osXzyfWHeOg,UCSL7fa2GLhniFzw1_4EwQLw,False,2026-05-15T09:29:27-07:00,2111.057142857143,24494.31973355537,183000.0,183000.0,200,91500.0,0.13384874171341732,-2.0110095492889393,0,non_viral,11.602869120067643
otDjaEoNUAc,UCoNYj9OFHZn3ACmmeRCPwbA,False,2026-05-08T23:20:02-07:00,277.680412371134,730.711784687745,1430000.0,1430000.0,200,715000.0,0.0005109872620194021,-7.577799001875282,0,non_viral,2.6314848009916934
owhk9kDrZiQ,UCXm1PxGtg7tYnqc38QSe0uA,False,2026-05-22T16:08:05-07:00,553.0,1384.92944646098,76700.0,76700.0,200,38350.0,0.018056446498839373,-4.013543751055137,0,non_viral,2.5043932124068355
oypBNMM4b4U,UCiXbPeP-Oi9NVV-lEsPBejQ,False,2026-05-30T20:00:08-07:00,0.0,69.0,670.0,1000.0,200,500.0,0.069,-2.660259537265861,0,non_viral,69.0
p5-tNBzMC6c,UCIKec8L8ISj6ENBqSKJtZNA,False,2026-05-14T04:54:55-07:00,797.8019801980198,4636.532554257095,0.0,1000.0,200,500.0,4.636532554257095,1.5331829473617287,1,viral,5.811633299163129
p8kDo0lCb0U,UCnLN4e9bOcN8a9v3EQ1QApg,False,2026-05-08T09:10:38-07:00,6816.7422680412365,31710.912265386294,92899.0,92899.0,200,46449.5,0.34134826279493097,-1.0748312542821754,0,non_viral,4.651915976647053
pEq7S4riRik,UCVH_aeHYl6n2T_Ms1lnHgxw,False,2026-05-29T10:19:17-07:00,0.0,124.0,2890.0,2890.0,200,1445.0,0.042906574394463666,-3.141044004714044,0,non_viral,124.0
pFwetim9dzQ,UClMs26ViHFMy7MS897Alcxw,False,2026-05-14T10:45:14-07:00,7.0,47.0,285000.0,285000.0,200,142500.0,0.0001649122807017544,-8.68904695710867,0,non_viral,6.714285714285714
pGX34Qu9Btk,UCQK2si_zQf-jPB6iIEv3inw,False,2026-05-15T15:25:41-07:00,816.4040404040404,8633.39534883721,122000.0,122000.0,200,61000.0,0.07076553564620663,-2.64827555557029,0,non_viral,10.574905220415765
pGcsiGJdEho,UCv1tOT645xHOJrwdGlzjMaA,False,2026-05-08T06:43:03-07:00,156604.3125,167547.2091624248,261000.0,261000.0,200,130500.0,0.641943330124233,-0.4432531129838324,1,non_viral,1.0698760876232243
pKgLTqdXxD0,UCaAj0cvEbcgsScBHXUz39yQ,False,2026-05-29T14:00:30-07:00,4.0,4.0,272.0,1000.0,200,500.0,0.004,-5.29931686688112,0,non_viral,1.0
pN-xbVI8Gg8,UCLi7ULqlbpBLA1PkOE4QlKw,False,2026-05-10T03:40:23-07:00,43461.0,57244.776674937966,314000.0,314000.0,200,157000.0,0.18230820597114003,-1.7020423007734191,0,non_viral,1.3171527731745236
pS4obSXjtlA,UCBuotNL7-vTwIWzwXbcm0Fg,False,2026-05-08T16:46:25-07:00,1095.4210526315792,5292.9669669669665,10300.0,10300.0,200,5150.0,0.5138802880550453,-0.6656731138276797,1,non_viral,4.831901810040472
p_DBV6EVO4g,UCpeRzRS1b1NvY4og1huE7jw,False,2026-05-08T07:30:07-07:00,6101.666666666667,102740.1592920354,1300000.0,1300000.0,200,650000.0,0.07903089176310416,-2.5379075039589196,0,non_viral,16.838048504567396
p_fuj8THyxs,UCBu0KdNokE4MqdkacvH37_A,False,2026-05-08T15:25:35-07:00,205.72448979591837,638.5888644227745,2160000.0,2160000.0,200,1080000.0,0.00029564299278832154,-8.124793672035766,0,non_viral,3.104097451189519
paiPBrr33X8,UC2RbHv4m_52hBImrXucmhHg,False,2026-05-14T04:01:15-07:00,11.0,52.0,11000.0,11000.0,200,5500.0,0.0047272727272727275,-5.335449543187313,0,non_viral,4.7272727272727275
pe-DanXi76I,UC6wWnbsZU8drnF3x2gnhypg,True,2026-05-14T20:21:02-07:00,823.2277227722773,1114.0,152.0,1000.0,1000,1000.0,1.114,0.10785490457899893,1,strong,1.3532100161162293
pufR0WugQMg,UCjJCUFquka_STzAG_5OGElQ,False,2026-05-08T06:20:59-07:00,203663.42105263157,422635.2803605313,1930000.0,1930000.0,200,965000.0,0.2189820105494981,-1.518763848180285,0,non_viral,2.075165379114947
py2eJRC8foI,UC0LICABPZF817slOgTYc5Qw,False,2026-05-16T14:30:18-07:00,0.0,49.883333333333326,69.0,1000.0,200,500.0,0.04988333333333333,-2.9792193488024434,0,non_viral,49.883333333333326
pzzGxaqRKqE,UCOOBxdh2hM8UPmRWFleTz2A,False,2026-05-15T20:58:14-07:00,14.0,53.0,8400.0,8400.0,200,4200.0,0.006309523809523809,-5.047121978800572,0,non_viral,3.7857142857142856
q-UDxkHFGxQ,UCMgY5Vihm0_1izlYRX5ocyQ,False,2026-05-08T14:23:20-07:00,1567.1308411214955,9146.108374384237,23700.0,23700.0,200,11850.0,0.3859117457546092,-0.9520794366601137,0,non_viral,5.8362123534235035
q1tShLk92bg,UChlARp4TpO2G0LGey5b0e_w,False,2026-05-15T15:47:36-07:00,2.0,43.0,272.0,1000.0,200,500.0,0.043,-3.1245651453969594,0,non_viral,21.5
q3qYej4WZvw,UCKnniBAOZslhdh9JTT6Sbcg,False,2026-05-14T10:00:08-07:00,804.4466019417476,6080.45,76500.0,76500.0,200,38250.0,0.07948300653594771,-2.532060658255764,0,non_viral,7.558550170170652
q5qdFcpSOHk,UCgjg08rZ4ONRHVHOMW0ocQA,False,2026-05-30T04:09:29-07:00,53013.28301886792,53151.3826745164,118000.0,118000.0,200,59000.0,0.45043544639420674,-0.7975301659751501,0,non_viral,1.0026050010069991
q8y5fgdhrxM,UCISmbRO71QP3w5bLCAttQjA,False,2026-05-17T07:59:33-07:00,1.0,6.0,170.0,1000.0,200,500.0,0.006,-4.962844630259907,0,non_viral,6.0
qGOFqxAdi4c,UCMaecqm8-riJJAEf6DPFctg,True,2026-05-19T23:00:25-07:00,2.0,52.264104660670476,7280.0,7280.0,1000,3640.0,0.007179135255586604,-4.917760848621977,0,non_viral,26.132052330335238
qOHxU3PRq7Y,UCZOUC7fj-yxmNahzHbe-yJg,False,2026-05-15T01:09:12-07:00,24.0,446.8751040799334,576.0,1000.0,200,500.0,0.4468751040799334,-0.8042403713040098,0,non_viral,18.61979600333056
qOULXLKXB8U,UC22p8kPm77aZ-lWMk0DR8GA,False,2026-05-14T01:17:01-07:00,99.66071428571429,1276.0,19900.0,19900.0,200,9950.0,0.06412060301507538,-2.7462564046737734,0,non_viral,12.803440243683927
qOzYmFArgTU,UCiOaJH-ytGcugQ-69EhyCng,False,2026-05-16T09:01:17-07:00,64.0,831.0,14100.0,14100.0,200,7050.0,0.05893617021276596,-2.830168555016021,0,non_viral,12.984375
qPAu3lVcFZA,UC6hWBu1hfbNNk8Yeokd5aZQ,False,2026-05-18T00:28:05-07:00,53.0,139.44648829431438,545000.0,545000.0,200,272500.0,0.00025586511613635664,-8.263716358512884,0,non_viral,2.631065816873856
qPcJKeHjmN4,UC-0iKDyZ2nYP5j2QO7NNBiw,False,2026-05-17T06:52:39-07:00,0.0,4.0,131.0,1000.0,200,500.0,0.004,-5.29931686688112,0,non_viral,4.0
qPuQcyDTcqQ,UCnnsAecPZHFZ5py3sdJzx1g,False,2026-05-17T13:37:00-07:00,12.0,313.0,142.0,1000.0,200,500.0,0.313,-1.1593617934069673,0,non_viral,26.083333333333332
qRaho7T22E0,UC8r0UHqwUeAArogHqgFXDVw,False,2026-05-15T22:36:58-07:00,2612.1176470588234,24276.003333333334,107000.0,107000.0,200,53500.0,0.22687853582554518,-1.483308642835496,0,non_viral,9.293610247864404
qVgT2khDxl0,UC2TuODJhC03pLgd6MpWP0iw,False,2026-05-15T01:41:56-07:00,351.3620689655172,531.4657762938231,2140000.0,2140000.0,200,1070000.0,0.00024834849359524444,-8.298798228640216,0,non_viral,1.51258722336924
qWyCrO2Qwi8,UCP1b7MjjxHiJqpUBCSwBNEA,False,2026-05-17T12:52:27-07:00,7.0,45.0,582.0,1000.0,200,500.0,0.045,-3.0801133828261253,0,non_viral,6.428571428571429
qaQtH29Hijk,UCb_OjYZ3x1MFNcW5BzpxysQ,True,2026-05-22T09:01:11-07:00,392.2403846153846,1062.6578006258383,2200.0,2200.0,1000,1100.0,0.48302627301174467,-0.7271980793075334,0,non_viral,2.7092003840141
qbutq7FIsm4,UCB8-vcejM22MzXnzvyiXr8A,False,2026-05-08T22:02:46-07:00,13175.315789473683,82909.47033410138,27700.0,27700.0,200,13850.0,2.9931216727112413,1.0962928413145185,1,viral,6.292788093955308
qelA4Hzrf8s,UChlgI3UHCOnwUGzWzbJ3H5w,False,2026-05-08T17:17:18-07:00,26689.315789473687,175822.64922159657,5330000.0,5330000.0,200,2665000.0,0.03298736383144401,-3.4116252051287184,0,non_viral,6.587754088883063
qf1f4HeEgLs,UCDgxgWHRxU_PYotNhbmpKsA,False,2026-05-17T20:35:42-07:00,5.0,17.0,4870.0,4870.0,200,2435.0,0.003490759753593429,-5.600682775910378,0,non_viral,3.4
qj-iRd-2dLU,UCwDyCMbrFn0RkqXdCKxjIbg,False,2026-05-09T05:00:06-07:00,4723.615384615385,22931.558319643278,466000.0,466000.0,200,233000.0,0.049209352617260255,-3.01163011854754,0,non_viral,4.854662467721312
qm2zGZ9PCjQ,UC-WIsMmvXzEOYjjztmQGAYw,False,2026-05-20T02:15:03-07:00,1681.0396039603957,17338.04449799197,0.0,1000.0,200,500.0,17.33804449799197,2.8519613655790046,1,super_viral,10.31388222927343
qprPJqS9ayY,UCEh5UPBv0alseI62OJhnKow,False,2026-05-08T22:19:32-07:00,893.55,2473.6209987195903,20200.0,20200.0,200,10100.0,0.12245648508512823,-2.099644855668015,0,non_viral,2.768307312091758
quHeXRlGp6I,UC6zQhfK0n2NY_9PCbHdTdYA,False,2026-05-22T09:01:12-07:00,234.90291262135923,2559.036954087346,117000.0,117000.0,200,58500.0,0.021872110718695267,-3.8221607881921225,0,non_viral,10.89401968468678
qw949ROgyQM,UCwIdAI4fCV4lisP3TZzOGuw,False,2026-05-08T08:00:06-07:00,404.35483870967744,4493.339401820546,177000.0,177000.0,200,88500.0,0.02538609831537032,-3.673336688039436,0,non_viral,11.112367088666687
r2US2Nf7t-U,UCKTwmxWX2B_A2BmVpnDZtEw,False,2026-05-29T10:00:06-07:00,20.0,398.0,153.0,1000.0,200,500.0,0.398,-0.9197933624253567,0,non_viral,19.9
r4qC5WE1WKs,UCuVsS289NCOTnouZjhJvodg,False,2026-05-14T03:08:00-07:00,87.69090909090909,2066.5681063122925,299000.0,299000.0,200,149500.0,0.006911599017766864,-4.974073829109123,0,non_viral,23.56650338942071
r6S9EXDGyNU,UCeHLt-eeWp_gUDpAye60j2w,False,2026-05-14T16:30:15-07:00,7.0,28.445833333333333,3010.0,3010.0,200,1505.0,0.009450442967884828,-4.6274751111328705,0,non_viral,4.063690476190476
rGGvbvi5cUQ,UC6hWBu1hfbNNk8Yeokd5aZQ,False,2026-05-10T03:46:10-07:00,174.0,469.8060595384886,544000.0,544000.0,200,272000.0,0.0008636140800339865,-7.052260118040928,0,non_viral,2.7000348249338426
rJFysSesqoA,UCtG8kXwcxCeaatwHNgOW0Aw,False,2026-05-15T19:43:16-07:00,0.0,2.0,0.0,1000.0,200,500.0,0.002,-5.81014249064711,0,non_viral,2.0
rOhq24BIoJU,UCxUmJSN1YYkK-XXQ4p-qnHA,False,2026-05-29T14:06:15-07:00,3.0,12.0,54.0,1000.0,200,500.0,0.012,-4.343805421853684,0,non_viral,4.0
rVWOdAB19MI,UCKd-j95bXlOhXa0m-guwUNg,False,2026-05-29T10:15:29-07:00,9.0,11.0,2060.0,2060.0,200,1030.0,0.005339805825242718,-5.146039931102459,0,non_viral,1.2222222222222223
rZbUSwOYVk8,UCWIdr2JMYuMOpV1B0U_NEXw,False,2026-05-17T04:15:10-07:00,0.0,0.0,0.0,1000.0,200,500.0,0.0,-6.90875477931522,0,non_viral,0.0
r_aLH-OwJW4,UCaXR4nSPYe1jKhAbi2tA85Q,False,2026-05-15T17:45:07-07:00,114.60606060606062,1088.1466666666668,94500.0,94500.0,200,47250.0,0.011514779541446208,-4.463215901437341,0,non_viral,9.494669487043891
r_xevi3rSQI,UCCjG8NtOig0USdrT5D1FpxQ,False,2026-05-08T20:21:31-07:00,23398.55118110236,423286.29959888925,2670000.0,2670000.0,200,1335000.0,0.15853419460632556,-1.8417829821592626,0,non_viral,18.090278168194995
rdbCYs6xNXk,UCdmlujHI6Qx5BhXGan6Y_NA,False,2026-05-20T00:10:28-07:00,0.0,2.6537646832274215,9450.0,9450.0,200,4725.0,0.00028082165960078534,-7.858117778886553,0,non_viral,2.6537646832274215
rgVRyI-lfrA,UC5Plcx6lK2krKlgY8-RVt3Q,False,2026-05-29T10:30:04-07:00,0.0,16.0,27799.0,27799.0,200,13899.5,0.0005755602719522284,-7.3995779556225125,0,non_viral,16.0
rgYvSAB6bsM,UCKUySOTPbm8MgIRMNaXHcww,False,2026-05-14T21:21:21-07:00,289.05940594059405,1861.2869057547957,1170000.0,1170000.0,200,585000.0,0.001590843509192133,-6.442954630783942,0,non_viral,6.439115515712772
rh1lXhado00,UCIojX831-ePevzWPB1MRtng,False,2026-05-14T13:45:05-07:00,3.0,29.0,2230.0,2230.0,200,1115.0,0.013004484304932735,-4.309007812770377,0,non_viral,9.666666666666666
ri5qD_cBhIw,UCu7bOZngnqeDwXj4hpx9XNQ,False,2026-05-16T23:04:53-07:00,4.0,99.98084929225645,819.0,1000.0,200,500.0,0.09998084929225645,-2.2938238914201508,0,non_viral,24.995212323064113
rm9gPXZw0tI,UCThqrNqzKngrnnfJaqhHGnQ,False,2026-05-29T08:18:12-07:00,586.9629629629629,5349.0952380952385,56600.0,56600.0,200,28300.0,0.09450698300521623,-2.3589122906349864,0,non_viral,9.11317336121728
rt8gJoL0_wQ,UCoKb_3ceiATK6aNZUrv77RQ,False,2026-05-18T04:28:03-07:00,225.14563106796118,1314.91,16200.0,16200.0,200,8100.0,0.08116728395061729,-2.510544527221544,0,non_viral,5.840264338076757
rtWH2cieEaU,UCnxBP5BsR7r1C_nr3qWETug,False,2026-05-09T05:25:59-07:00,2568.1315789473683,6137.308411214954,49600.0,49600.0,200,24800.0,0.12373605667772083,-2.0894617936763105,0,non_viral,2.38979515750923
rywN5kOId6w,UCHBA57jUyETKYC4SnxoOS8w,False,2026-05-29T12:12:10-07:00,244.0,245.0,492.0,1000.0,200,500.0,0.245,-1.403423243382858,0,non_viral,1.0040983606557377
s2EKy_s4L0s,UC_GcrznCXn6b-i1Y7DOn54A,False,2026-05-16T04:53:18-07:00,111.82692307692308,202.4879267277269,2560000.0,2560000.0,200,1280000.0,7.909684637801832e-05,-9.43991153207728,0,non_viral,1.8107260859573169
sClNRANL11I,UCuTAXTexrhetbOe3zgskJBQ,False,2026-05-09T02:03:45-07:00,5755.387096774193,46193.9212962963,3220000.0,3220000.0,200,1610000.0,0.014345938290775248,-4.24426708570391,0,non_viral,8.026205799812717
sFZyRAnXEDo,UCmorARX4_iz23iCYiXEeB1w,False,2026-05-29T10:13:54-07:00,65.04545454545455,693.6882793017456,52800.0,52800.0,200,26400.0,0.013138035592836092,-4.330822182949175,0,non_viral,10.6646695629898
sHfjKtdDFM0,UCjq-hv609ECQZtbAxOHkxsQ,False,2026-05-15T02:15:17-07:00,346.7857142857143,20733.567027477104,252000.0,252000.0,200,126000.0,0.08227605963284565,-2.4976308435177437,0,non_viral,59.78783488870844
sJTqDw7P9O0,UC6hWBu1hfbNNk8Yeokd5aZQ,False,2026-05-10T03:51:20-07:00,96.0,315.4932182490752,544000.0,544000.0,200,272000.0,0.0005799507688402117,-7.449404550050117,0,non_viral,3.2863876900945335
sJkcJbJ6gNc,UC5Jw-E-I4-I110aDIxYCG3g,False,2026-05-17T03:01:11-07:00,1072.3207547169811,2783.4937447873226,42300.0,42300.0,200,21150.0,0.0658036346285419,-2.720744648829851,0,non_viral,2.5957659893675875
sMt4gpUYC_g,UC5fkmrA5VDTr2IU7lPmpsHA,False,2026-05-09T01:14:14-07:00,15981.371681415929,30403.765151515152,1740000.0,1740000.0,200,870000.0,0.017473428247997212,-4.047041622387521,0,non_viral,1.9024502875976799
sQHoJ5qemeY,UCq8cveuaw5Ztv44nw2txiIg,False,2026-05-14T00:27:49-07:00,2936.866666666666,23258.0,13700.0,13700.0,200,6850.0,1.6976642335766423,0.5292233310339594,1,strong,7.919324450094207
sUs9qc-TLlU,UCz1MOwO9D1sy8i4C1qTLnYw,False,2026-05-16T19:48:26-07:00,3.380952380952381,38.0,50.0,1000.0,200,500.0,0.038,-3.245193133185574,0,non_viral,11.23943661971831
sVZvWDzBVbA,UCoNYj9OFHZn3ACmmeRCPwbA,False,2026-05-08T17:00:06-07:00,1764.0,18856.62645647704,1430000.0,1430000.0,200,715000.0,0.01318645206746646,-4.328513003932951,0,non_viral,10.689697537685396
s_yEbkBceKw,UC1J6F7AMqLbhC5NRDlA2hBA,False,2026-05-22T12:03:49-07:00,0.0,0.0,10.0,1000.0,200,500.0,0.0,-6.90875477931522,0,non_viral,0.0
sa3R9SVinCQ,UCuyfUcL4Bk7AnTXjw0Cm5Xg,False,2026-05-30T04:08:38-07:00,11.54275092936803,104.0,6290.0,6290.0,200,3145.0,0.016534181240063592,-4.092914969412507,0,non_viral,9.009983896940419
sc_hlDvSSuM,UCVH9TXVR4kxzB89uQDUPI6A,False,2026-05-16T15:35:40-07:00,3.0,37.0,697.0,1000.0,200,500.0,0.037,-3.2711686195888348,0,non_viral,12.333333333333334
sl-31apPzTM,UCCemgFdgBHhb9xCuh94U1Jg,False,2026-05-16T22:39:46-07:00,20.596153846153847,109.0,2760.0,2760.0,200,1380.0,0.03949275362318841,-3.2228678461377376,0,non_viral,5.292250233426704
slM4vvg3-uc,UCQ_C-A4xPqrmzz0Fi9KEPAQ,False,2026-05-14T18:07:00-07:00,0.0,0.0,0.0,1000.0,200,500.0,0.0,-6.90875477931522,0,non_viral,0.0
smRs1LoA_OE,UCSyEt4ixyczOA-rdazLCslw,False,2026-05-30T18:02:31-07:00,0.0,415.0,44.0,1000.0,200,500.0,0.415,-0.8780695190539571,0,non_viral,415.0
spksHYb1XpI,UC2TuODJhC03pLgd6MpWP0iw,False,2026-05-15T01:41:38-07:00,129.96521739130446,342.4628857381151,2140000.0,2140000.0,200,1070000.0,0.0001600293858589323,-8.737237795804507,0,non_viral,2.6350349163577684
szyxk4-QCEQ,UCI7uUDMlJJsH9oXrmaEkzpA,False,2026-05-14T15:33:36-07:00,6175.504950495049,178572.70927318296,77500.0,77500.0,200,38750.0,2.3041639906217157,0.8347106135874345,1,viral,28.91629278976903
t-yiV1ciBzk,UCAb4rGHWoC7jrUvkN2HkE7w,False,2026-05-15T17:08:08-07:00,206.03061224489795,1455.4,7120.0,7120.0,200,3560.0,0.20441011235955056,-1.587080527680846,0,non_viral,7.063998811351593
t23bU6S1D08,UCrK8qpdtAYU_fOqt5dbPArQ,False,2026-05-15T09:11:13-07:00,9.0,30.0,1540.0,1540.0,200,770.0,0.01948051948051948,-3.906199630834969,0,non_viral,3.3333333333333335
t9NCsyggtxI,UCi2qOeYbDe6U5_56fTjhCFg,False,2026-05-22T16:00:33-07:00,322.0,2848.2586050724635,17900.0,17900.0,200,8950.0,0.1591205924621488,-1.8377977553404676,0,non_viral,8.845523618237465
tDYnYRafiQg,UCRvMZBNAd5cqnvXLJx-objw,False,2026-05-30T04:05:07-07:00,983110.7918215614,1003057.7552039967,14200.0,14200.0,200,7100.0,70.6378700847885,4.25749698104895,1,super_viral,1.0202896393248582
tKc_07_J54s,UCbX_-W4L9BMpNOzgx568jAw,False,2026-05-14T09:23:17-07:00,1.0,14.0,23.0,1000.0,200,500.0,0.014,-4.20070457821301,0,non_viral,14.0
tL1BcAFMhEg,UC7ygrwibLuqSxPgtDSECjqg,False,2026-05-16T18:44:00-07:00,0.0,48.0,357.0,1000.0,200,500.0,0.048,-3.016934481204594,0,non_viral,48.0
tLR69aan3FM,UC4DlpfjU0Pv7rkfbFXvCwsg,False,2026-05-30T18:08:46-07:00,0.0,18.0,5660.0,5660.0,200,2830.0,0.0031802120141342758,-5.696916854870219,0,non_viral,18.0
tOBzbNaIx0k,UChZk0u0b-7vNcFggXT8vfIQ,False,2026-05-30T18:10:44-07:00,634.0,638.0,111000.0,111000.0,200,55500.0,0.0057477477477477475,-5.157390034885365,0,non_viral,1.0063091482649842
tODU4pYgX_E,UCwxi7vXJxOeRteUYwhilZwQ,False,2026-05-14T14:30:15-07:00,7.171717171717171,98.03419516263553,22799.0,22799.0,200,11399.5,0.004299933995466272,-5.439050618763566,0,non_viral,13.669556790282982
tOLhzGnBkbA,UC7bBZ6f0I7ybXWRaERODHPQ,True,2026-05-16T05:15:27-07:00,172.0,180.0,31.0,1000.0,1000,1000.0,0.18,-1.7102577480493943,0,non_viral,1.0465116279069768
tRGoqBTSdEk,UCRNj8PFozUMWCzHKAegEugA,False,2026-05-22T09:45:06-07:00,8.816326530612244,69.0635129215944,3620.0,3620.0,200,1810.0,0.019078318486628287,-3.9451033516376706,0,non_viral,7.833592900828995
tZlh5GZ4hzA,UCQSfRgU35iFm6sjeCKaBE0A,False,2026-05-16T10:15:04-07:00,17.0,88.0,3440.0,3440.0,200,1720.0,0.02558139534883721,-3.6548810360653405,0,non_viral,5.176470588235294
tcAy2UmFjnQ,UC_sbCPEN2Szi-8NvYpuNHtw,False,2026-05-14T18:26:50-07:00,0.0,11.0,8.0,1000.0,200,500.0,0.011,-4.4238481295272205,0,non_viral,11.0
tfFzWg4MTE4,UCBqzeyzKYwW9LUo09fQ_dhw,False,2026-05-15T23:27:39-07:00,57.64,446.0,561.0,1000.0,200,500.0,0.446,-0.8061961847016512,0,non_viral,7.737682165163081
ttFBgMCPxK0,UCL0_NxCvkcXwZHpvqgMZY-A,False,2026-05-13T22:32:51-07:00,3532.0000000000005,120838.76254180603,1040000.0,1040000.0,200,520000.0,0.11619111782865965,-2.152511562219722,0,non_viral,34.212560176049266
tzrZOw-lVSs,UCTDWueSkFEt2wRwyQr1XWmQ,True,2026-05-17T10:19:02-07:00,1.0,4.0,7570.0,7570.0,1000,3785.0,0.0005284015852047556,-7.322642525669207,0,non_viral,4.0
tztmOxLL4JY,UCk_egGHKLRHpqGtRzpN74Ew,False,2026-05-17T00:18:31-07:00,1059.5510204081634,13803.14261884904,25500.0,25500.0,200,12750.0,0.5412997105430997,-0.6137489301948467,1,non_viral,13.027350597550038
u2ZuHy1h1dw,UCYbN-4QeDOp3oRU4TpPvj-g,False,2026-05-08T08:14:31-07:00,282.8118811881188,888.4238178633975,0.0,1000.0,200,500.0,0.8884238178633975,-0.11818092189919849,1,non_viral,3.141394958836408
u4QwDiF7E7o,UCXA8jBbuArlxWfUsIS8T0sQ,False,2026-05-29T08:31:50-07:00,127.78106508875739,121.58228905597326,85700.0,85700.0,200,42850.0,0.0014186964884010883,-6.549837221270039,0,non_viral,0.9514890877730717
u4RZgu8ID2I,UCNvI7Uoghq2j5ktrFN8IfDQ,False,2026-05-15T23:06:41-07:00,155.17821782178217,972.8139534883721,1220.0,1220.0,200,610.0,0.7973884864658788,-0.22620520155906032,1,non_viral,6.269010993576571
u6IY7yxMWC8,UCjIxD2JsiU6RmvOXaLNthHg,True,2026-05-08T10:14:30-07:00,628.4285714285714,987.8299881936246,160000.0,160000.0,1000,80000.0,0.006173937426210153,-5.086412930087166,0,non_viral,1.571904959617043
u9aVtQqSjZc,UCfDv_J11-Mbvxp0qtUaqtfg,False,2026-05-15T08:22:12-07:00,4.0,13.0,60.0,1000.0,200,500.0,0.013,-4.269697449699962,0,non_viral,3.25
uD92JGv-1P0,UCyuLxYiJ2zJm2dpoWvpHj7g,False,2026-05-29T10:00:22-07:00,2.9485714285714284,129.0,6030.0,6030.0,200,3015.0,0.021393034825870648,-3.837133662995405,0,non_viral,43.75
uDLtM0CZ81Q,UCBp86M0Lnb6tHK9Y-FJ6lbw,False,2026-05-18T01:03:25-07:00,24.0,272.3022481265612,19600.0,19600.0,200,9800.0,0.013892971843191899,-4.272757545568659,0,non_viral,11.345927005273383
uIKpDmXFiLU,UCwD_JhT030LvugnHKxWN0Zw,False,2026-05-17T04:45:10-07:00,4.0,6.0,41.0,1000.0,200,500.0,0.006,-4.962844630259907,0,non_viral,1.5
uJOyP-Bh82k,UCoBcy10UwHBh5p43SykfrZA,True,2026-05-17T03:28:13-07:00,198.1304347826087,1385.4587155963302,618.0,1000.0,1000,1000.0,1.3854587155963303,0.32575330931196156,1,strong,6.992659745164713
uM9VrHpuRck,UCmorARX4_iz23iCYiXEeB1w,False,2026-05-29T06:06:19-07:00,41.62011173184357,72.0,52699.0,52699.0,200,26349.5,0.0013662498339626938,-6.581911293381063,0,non_viral,1.7299328859060403
uMyyVCUab5Q,UCTHCOPwqNfZ0uiKOvFyhGwg,False,2026-05-08T18:23:14-07:00,403.35555555555555,4376.007036747459,2230000.0,2230000.0,200,1115000.0,0.0019623349940571565,-6.233392147012603,0,non_viral,10.849006481936843
uPPiPNSsfQY,UC0EOeoDDmKsk91afGHQbroA,False,2026-05-29T10:16:21-07:00,151.0,156.0,18900.0,18900.0,200,9450.0,0.008253968253968255,-4.790724304352649,0,non_viral,1.033112582781457
uTVnB_kZjik,UCU2XaJHAD6lNlqAgoCJqU2g,True,2026-05-15T04:30:53-07:00,880.0,1568.2545757071548,112.0,1000.0,1000,1000.0,1.5682545757071549,0.4496012137342502,1,strong,1.782107472394494
uX7jTzh5GWw,UCU09evAyoTH4HYC4e1S5qtA,False,2026-05-08T07:58:27-07:00,24472.884615384617,71248.5321637427,68600.0,68600.0,200,34300.0,1.0386083405793396,0.03788114111922525,1,strong,2.911325464222271
ugsJQGynz4I,UCrQAVnFz4pxoAbNvHUoarUQ,False,2026-05-15T07:34:29-07:00,46.4,284.93333333333334,4630.0,4630.0,200,2315.0,0.061540676745860334,-2.7847694230660816,0,non_viral,6.14080459770115
ui0FaCqziSs,UCbA2-BNB1WP_H7hj3w52kbw,False,2026-05-20T01:30:33-07:00,38.64,4832.949202524019,1650.0,1650.0,200,825.0,2.9290601227418294,1.0742826089149,1,viral,125.07632511708123
uj8oNuGb1sw,UCnNiyBBzeWO6kQZtBrLQ8NA,False,2026-05-30T02:00:38-07:00,0.0,3.0,7010.0,7010.0,200,3505.0,0.00042796005706134097,-7.4689412620870765,0,non_viral,3.0
uvVSuJF8kKE,UCX-mOZ8FxoKeY_E7IbUmpKQ,False,2026-05-18T06:38:56-07:00,2469.723404255319,15231.0,22700.0,22700.0,200,11350.0,0.6709691629955947,-0.39901049833148505,1,non_viral,6.167087364421892
uvZikBvJdYM,UCbM7SQSOEpla-sDOkpdNouQ,False,2026-05-22T13:15:06-07:00,5.862745098039215,85.0,12400.0,12400.0,200,6200.0,0.0068548387096774195,-4.971185097249265,0,non_viral,14.498327759197325
uyzS0lb4eL0,UC3dtGgmaJfzWFgx7YWIUpKg,False,2026-05-08T21:43:13-07:00,9117.772277227723,33715.309671419716,64500.0,64500.0,200,32250.0,0.522717979401856,-0.6486990407622457,1,non_viral,3.6977573738736678
v3tB2DtFfLQ,UCMPOuf_7-Y13BbyaBU82Sew,False,2026-05-15T19:00:13-07:00,222.56,903.0,17600.0,17600.0,200,8800.0,0.05130681818181818,-2.968881637201794,0,non_viral,4.057332854061826
v4RSOkFibW8,UCmorARX4_iz23iCYiXEeB1w,False,2026-05-29T10:10:20-07:00,44.0,172.72425249169436,52800.0,52800.0,200,26400.0,0.0032712926608275445,-5.716816122542998,0,non_viral,3.9255511929930536
vEwTNGW5jKk,UCQPTbtadNWcPYuoS3JqkpYw,False,2026-05-14T09:18:16-07:00,9844.76,84115.3119266055,11900000.0,11900000.0,200,5950000.0,0.007068513607277773,-4.952093256262653,0,non_viral,8.544170901739149
vJ155vSOf2U,UCbgv59YQlj6a5fy5KsMGRcg,False,2026-05-19T23:18:53-07:00,0.0,0.8146062082713666,75.0,1000.0,200,500.0,0.0008146062082713667,-6.31288630027849,0,non_viral,0.8146062082713666
vKIbulG4Tyw,UCDKjhgRoPF1CQk7HluMz23A,False,2026-05-29T08:19:21-07:00,4130.099999999999,36995.216374269,2820000.0,2820000.0,200,1410000.0,0.01311887105470532,-4.333676871281618,0,non_viral,8.957462621793422
vMFCtUWl_SE,UCkZaejONoPI-39C4IU_MEZA,False,2026-05-16T01:35:18-07:00,13.0,710.2179700499169,80100.0,80100.0,200,40050.0,0.008866641323968999,-4.7240646662682515,0,non_viral,54.632151542301294
vO_ySEppyJQ,UCcmrMhsODg7SSkuZ5F5IJMg,False,2026-05-14T08:00:00-07:00,280.1980198019802,2763.7004991680533,17000.0,17000.0,200,8500.0,0.16257061759812078,-1.816339855313072,0,non_viral,9.863383406924855
vQ3pigNGV2I,UCqBrQ5NkAMNLj0HmORf_Tkw,False,2026-05-15T08:14:46-07:00,6.0,76.0,5120.0,5120.0,200,2560.0,0.01484375,-4.197299589608866,0,non_viral,12.666666666666666
vSksNcGMH7w,UCmorARX4_iz23iCYiXEeB1w,False,2026-05-30T20:00:10-07:00,107.0,280.0,53400.0,53400.0,200,26700.0,0.0052434456928838954,-5.24723008203096,0,non_viral,2.616822429906542
vSoyUSLNZaE,UCLZbqoB9tcrrDTNElSP9Y0Q,False,2026-05-29T10:18:08-07:00,0.9157303370786517,257.0,881.0,1000.0,200,500.0,0.257,-1.355795194393603,0,non_viral,257.0
vUI2-hWQqIs,UCYiB80AmjJRm9ObwkvKroFw,False,2026-05-14T08:11:29-07:00,0.0,10.62301918265222,31.0,1000.0,200,500.0,0.01062301918265222,-4.45576723525045,0,non_viral,10.62301918265222
vUJ8OLpRkA8,UCR0eIp1nqcNvNMQrY86WfUw,False,2026-05-17T15:15:16-07:00,0.0,0.0,1.0,1000.0,200,500.0,0.0,-6.90875477931522,0,non_viral,0.0
vYzq85yXHqE,UCq9CX0od4ZLSVJ1tS4604CQ,False,2026-05-15T23:29:30-07:00,1.5480769230769231,13.0,102.0,1000.0,200,500.0,0.013,-4.269697449699962,0,non_viral,8.39751552795031
vcIMuAIZvPM,UC-yMToYJCQj9ezW7RKKByMg,False,2026-05-16T01:18:38-07:00,8.0,57.3575,147.0,1000.0,200,500.0,0.0573575,-2.8421668941381624,0,non_viral,7.1696875
vcbM-kcO5rk,UCngoFKlTPRHju2cYhTSizHA,False,2026-05-30T14:12:29-07:00,6710.883870967742,48457.051020408166,33500.0,33500.0,200,16750.0,1.4464791349375572,0.3691232071318691,1,strong,7.220666003481361
ve7AvnGR8nQ,UCmbPcRtn6NaKR9cwujRRegw,False,2026-05-16T18:30:44-07:00,12.0,200.7190635451505,2360.0,2360.0,200,1180.0,0.08505045065472479,-2.4599645822378013,0,non_viral,16.726588628762542
vjNa5tbawVo,UCP1bQQ2UFnIjvkfOCKnJ-tg,False,2026-05-29T12:12:01-07:00,11368.76,11445.0,42300.0,42300.0,200,21150.0,0.2705673758865248,-1.3071704024478255,0,non_viral,1.0067060963552754
vonr-do3pOI,UCvgl126rsuy6rcBuR8sBrgQ,False,2026-05-17T05:40:49-07:00,1.0,2.0,3060.0,3060.0,200,1530.0,0.00065359477124183,-6.927884650277302,0,non_viral,2.0
vrLbAiQTx_I,UCJZTvwnKU0PBH4dhDJkFyZw,False,2026-05-16T05:36:40-07:00,152.11764705882354,469.8767693588676,561000.0,561000.0,200,280500.0,0.0008375699988571615,-7.082881543431486,0,non_viral,3.0889037428850536
w3WKDekjHaQ,UCnkGBfcmoiIGEwL9B-G1fpA,False,2026-05-17T02:35:26-07:00,3561.8999999999996,10534.152119700748,179000.0,179000.0,200,89500.0,0.05885001184190362,-2.8326739058064074,0,non_viral,2.957453078329192
w8TWGA5u6ZA,UC3ti8PjJczdDKHSwk7TESkw,False,2026-05-09T00:48:16-07:00,41009.01176470588,135979.10014814814,1020000.0,1020000.0,200,510000.0,0.13331284328249818,-2.015050334080202,0,non_viral,3.3158346006566686
wDmEUP11yiE,UCDv19Rjs-Zexw0oqU21UJ-g,False,2026-05-17T13:00:27-07:00,2.9117647058823524,75.825,644.0,1000.0,200,500.0,0.075825,-2.567224671298672,0,non_viral,26.040909090909096
wEOfpbUgiyg,UCERjySEZWls0L6WBw0EafQg,False,2026-05-18T00:49:29-07:00,0.0,0.0,1.0,1000.0,200,500.0,0.0,-6.90875477931522,0,non_viral,0.0
wJ17IQ__MIo,UCPQJZNC8PRXTjy10plpNkvg,False,2026-05-29T08:15:24-07:00,848.2648648648649,3616.797391304348,32800.0,32800.0,200,16400.0,0.1102682131495228,-2.2045936175174745,0,non_viral,4.263759517943174
wOmjGqygQK0,UCY18ujuIEIqOBywA0RfbINQ,False,2026-05-17T23:01:00-07:00,1389.6,2992.9251247920133,1170000.0,1170000.0,200,585000.0,0.002558055662215396,-5.968174605227071,0,non_viral,2.1538033425388696
wOsu7s-HFV4,UChDxCpaqsnkWTThTXdDeBBg,False,2026-05-17T05:08:39-07:00,4.0,27.0,94.0,1000.0,200,500.0,0.027,-3.5765502691400166,0,non_viral,6.75
wSnnWUWO50w,UC3oQ_d7s_QOqUTUFtXwUkNQ,False,2026-05-19T21:32:31-07:00,0.0,0.0,0.0,1000.0,200,500.0,0.0,-6.90875477931522,0,non_viral,0.0
wWgwtCP6oWo,UCSVH9VHDXlyjeebNDKOTq3g,False,2026-05-14T17:44:29-07:00,5.755102040816326,129.4792013311148,1880.0,1880.0,200,940.0,0.06887191560165681,-2.668344992013176,0,non_viral,22.498159096541226
wXeXhcgFUsI,UCgVstyPcfgQ8Dpmoy8qxAmA,False,2026-05-17T03:15:06-07:00,243.0603448275862,1045.1878130217028,1870000.0,1870000.0,200,935000.0,0.0005589239641827288,-7.488541341524893,0,non_viral,4.300116556500001
w_4OhK0uIqY,UC4HDUf2ftTOLbNW8u5DMe3A,False,2026-05-17T03:30:34-07:00,716.6893203883495,3638.59,4720.0,4720.0,200,2360.0,0.7708877118644069,-0.2601496036222013,1,non_viral,5.076941844240642
w_6-XbQEQBA,UCxmhG9cAorjs-U5DYmwo8Rg,True,2026-05-22T09:24:39-07:00,1102.9072164948454,1823.03679369251,482.0,1000.0,1000,1000.0,1.82303679369251,0.6000525630961473,1,strong,1.652937587521017
w_WahtZA5mM,UCkwavwTxp3PnjX5Yd69TJuw,True,2026-05-18T03:12:40-07:00,18383.597826086956,18697.473815461348,47300.0,47300.0,1000,23650.0,0.3952954295023541,-0.9280895305399799,0,non_viral,1.0170736975614747
wa2Fod41L1U,UCjPg8EWPOdT5GZAbL67lf0A,False,2026-05-09T03:14:57-07:00,28852.909090909092,165484.92722674907,524000.0,524000.0,200,262000.0,0.31581092982204023,-1.1526074333770069,0,non_viral,5.73546766828062
waFN-zJHF_w,UCQIUpdrt5UOD2ykffc1wjBA,False,2026-05-15T01:00:57-07:00,41121.921568627455,310926.3014950166,751000.0,751000.0,200,375500.0,0.4140163801531513,-0.8818478557181706,0,non_viral,7.561083958008107
wcKlMnx4dFc,UCSo699f_wjovxFrB4W1ZhfQ,False,2026-05-16T23:03:02-07:00,3596.6699999999996,23507.903413821816,64200.0,64200.0,200,32100.0,0.3661667198414613,-1.004639568827825,0,non_viral,6.536018988070025
whYiTzpXItM,UC6F0flcFCjl9njMvIu3PIsQ,False,2026-05-30T04:18:00-07:00,410640.76981132076,411027.7064760303,1340000.0,1340000.0,200,670000.0,0.3067370943850972,-1.1817625817157165,0,non_viral,1.0009422753247013
wjSlj-R2YjY,UCXm1PxGtg7tYnqc38QSe0uA,False,2026-05-15T08:44:00-07:00,47.0,108.0,58200.0,58200.0,200,29100.0,0.0018556701030927835,-6.280309933473358,0,non_viral,2.297872340425532
wk8E1sh9lZc,UCqsIoUJIRLTtHFXg9Pq2G2w,False,2026-05-30T00:00:06-07:00,11.0,200.0,24.0,1000.0,200,500.0,0.2,-1.6054498712561447,0,non_viral,18.181818181818183
wle-b-plOJk,UCXs0PlIGUDSXfBaF7j-1euA,False,2026-05-08T13:45:41-07:00,25624.246913580246,89619.06616325062,1290000.0,1290000.0,200,645000.0,0.06947214431259738,-2.666819024927147,0,non_viral,3.4974321963684574
wmeni8fxP8E,UCZjQtTF-s4NFazg8-mw-8XA,False,2026-05-17T03:33:15-07:00,20.0,100.0,1000.0,1000.0,200,500.0,0.1,-2.2936342624739607,0,non_viral,5.0
wopdtDKIvWo,UCs6T2FPao5i4loqfFJkV9nw,False,2026-05-16T00:00:47-07:00,230.2921348314607,1040.171238570241,199000.0,199000.0,200,99500.0,0.005226991148594176,-5.252963579428582,0,non_viral,4.516746693635414
wru6DkvceVc,UCAvjYgmwadC682OoC4Cc6TQ,False,2026-05-08T10:20:29-07:00,12438.222222222223,64943.311958405546,1250000.0,1250000.0,200,625000.0,0.05195464956672444,-2.957369466712537,0,non_viral,5.221269631473325
wxpPsybUH-U,UCfunlZCUa2Wb2A0Fnt0JHUg,False,2026-05-08T18:06:54-07:00,784.5849056603773,1662.5038834951456,39900.0,39900.0,200,19950.0,0.04166676399737207,-3.177475235232027,0,non_viral,2.118959811106527
wzqA6uM4xxY,UCdhGbKNYGK7dglu2HJf3B3Q,False,2026-05-09T03:01:25-07:00,3742.8999999999996,26512.317182699124,89000.0,89000.0,200,44500.0,0.29789120429999016,-1.2110004636642273,0,non_viral,7.083362414891963
x4PFhw5coKo,UCGcBPEu0WeynqsMJJYVT17A,True,2026-05-17T03:38:29-07:00,91.5047619047619,251.0,7370.0,7370.0,1000,3685.0,0.03405698778833107,-3.3758795736778646,0,non_viral,2.7430266444629474
x8pHo9YcxPQ,UCSmVsrsayjE5VWatZeACCGg,False,2026-05-18T03:15:07-07:00,185.48,884.99,15100.0,15100.0,200,7550.0,0.05860860927152318,-2.83581058191612,0,non_viral,4.771350010782834
xISLjhbmEFo,UCg7YusuckSZnW8AsZCWKSRA,False,2026-05-14T10:08:36-07:00,29.0,254.0,1770.0,1770.0,200,885.0,0.14350282485875707,-1.938036092624408,0,non_viral,8.758620689655173
xIUMtgHL_sw,UC9AQtwi5kt-Whdm99ghD9OQ,True,2026-05-14T21:06:22-07:00,723.46,4091.065326633166,67800.0,67800.0,1000,33900.0,0.060340196558011296,-2.807527131662809,0,non_viral,5.654860429924482
xOCXRtogZCw,UCQB0skuuxIbGjtsC0bCkCPg,False,2026-05-16T09:36:10-07:00,758.030303030303,1315.0,18900000.0,18900000.0,200,9450000.0,6.957671957671958e-05,-9.572320421054659,0,non_viral,1.7347591445132922
xRes4UNziv4,UCciCVcKTtGBuR0N_ut4LCsg,False,2026-05-16T08:40:24-07:00,219.55670103092783,5409.489609310058,10500.0,10500.0,200,5250.0,0.5151894866009579,-0.6631309011637327,1,non_viral,24.63823506142065
xTY74Nc20eI,UCwoPZHR0GHnMT79Ykc-qRqw,False,2026-05-16T19:00:47-07:00,10.0,18.0,5350.0,5350.0,200,2675.0,0.0033644859813084112,-5.640599759144864,0,non_viral,1.8
xUXvq5uwRHE,UC8Bi3w4f_BjAdYQSwREPJRQ,False,2026-05-17T16:00:53-07:00,124.42268041237114,1131.0,12400.0,12400.0,200,6200.0,0.09120967741935485,-2.3937911347396437,0,non_viral,9.089982600049714
xVi9DzgOCW4,UC3prwMn9aU2z5Y158ZdGyyA,False,2026-05-17T22:59:52-07:00,1212.28,2212.17387687188,0.0,1000.0,200,500.0,2.21217387687188,0.7934281283099036,1,viral,1.8248043990430265
xXZwjvCq4W4,UCt4bWJILlEo1hvsR224ASyA,False,2026-05-09T00:34:07-07:00,6773.188679245282,21291.08396946565,88300.0,88300.0,200,44150.0,0.24112212875952038,-1.422416073561724,0,non_viral,3.1434358287857496
xYKVdQxTPwk,UCPli4zx1L4CO4w7UuTi92uw,False,2026-05-13T22:31:25-07:00,1.0,24.0,79100.0,79100.0,200,39550.0,0.0003034134007585335,-8.059604971032664,0,non_viral,24.0
xYng1HOzGxE,UC_9t49hgHsgHgCvfplGbsFg,False,2026-05-30T17:14:11-07:00,307.0,326.0,13899.0,13899.0,200,6949.5,0.023454924814734872,-3.74968394822153,0,non_viral,1.0618892508143323
x_7vdc_6YbM,UC30W9WE2m8xuOIt-R-jyx9w,False,2026-05-10T04:01:29-07:00,60.0,1540.3535301225616,71700.0,71700.0,200,35850.0,0.02148331283295065,-3.8398437484403756,0,non_viral,25.672558835376027
xdUlEf93Nvs,UC1ILtaApPJIbXRBSz8q2xsA,False,2026-05-16T10:15:46-07:00,409.4423076923077,1891.0,64100.0,64100.0,200,32050.0,0.029500780031201247,-3.5228254937992745,0,non_viral,4.618477290874078
xeOAgAtwqAw,UC6mKt23kUUH4jhRwnP6UDqA,False,2026-05-19T21:19:00-07:00,14.0,185.1798595292331,219000.0,219000.0,200,109500.0,0.0008455701348366809,-7.070118381799225,0,non_viral,13.227132823516651
xep6bDuz-NQ,UC6DHkJto-brj1xXQ0cxsqJA,False,2026-05-14T14:00:58-07:00,137.28,452.0,67800.0,67800.0,200,33900.0,0.006666666666666667,-5.00844009759922,0,non_viral,3.2925407925407923
xgnkV_VqDiA,UC19PxMHpMCzIMOz63LgMglw,True,2026-05-14T20:20:00-07:00,2767.25,3233.279534109817,1120.0,1120.0,1000,1000.0,2.8868567268837655,1.0595850493560492,1,viral,1.1684089020181831
xlbnaHARozI,UCEfBqIWV5IvYYpfD5V67rZg,False,2026-05-14T06:31:05-07:00,145.86868686868686,699.1843853820598,7790.0,7790.0,200,3895.0,0.08975409311708084,-2.4093807922845114,0,non_viral,4.793245215208359
xn-uBaIjbQI,UCe2iCbwp3_rBI-UFbi9kyaQ,False,2026-05-14T02:52:12-07:00,6.0,106.0,139.0,1000.0,200,500.0,0.106,-2.2359259448533146,0,non_viral,17.666666666666668
xow8h1Qp3-c,UCbATDExtWstHnwWELZnXNZA,False,2026-05-13T22:34:00-07:00,61.60000000000002,241.0,212000.0,212000.0,200,106000.0,0.0011367924528301887,-6.775408544467471,0,non_viral,3.912337662337661
xpLv8qt3CD4,UCvixJtaXuNdMPUGdOPcY8Ag,False,2026-05-08T12:00:06-07:00,8748.699029126214,49077.097520661155,3570000.0,3570000.0,200,1785000.0,0.01374708614024122,-4.286908298616993,0,non_viral,5.609645200649083
xqnhpsvrwVw,UCzHmx_mVWWCaoV80pImVrnA,False,2026-05-17T12:00:46-07:00,16.0,113.0,13500.0,13500.0,200,6750.0,0.00837037037037037,-4.774320587362751,0,non_viral,7.0625
xrEhaybLNYY,UCH4wMeic7VI1IoKYY-EpkLg,False,2026-05-17T09:09:06-07:00,250737.21568627452,259988.90697674418,86700.0,86700.0,200,43350.0,2.998718650250798,1.098177393196469,1,viral,1.0368979581477267
xrwwBqSrVvo,UCi4-4miHWaGLAk5qqx6g3Mw,False,2026-05-13T23:15:23-07:00,4.0,44.0,17.0,1000.0,200,500.0,0.044,-3.102092289544901,0,non_viral,11.0
xwnjptdE5DM,UCG80JDVsQwm9X7WFLLEi3wQ,False,2026-05-14T05:01:38-07:00,3.0099009900990095,51.95269709543569,270.0,1000.0,200,500.0,0.051952697095435686,-2.9393557719184655,0,non_viral,17.260600021838833
xyHC6222BgA,UCKoS1r1M9eJBIPWXRat8uEA,False,2026-05-17T20:05:02-07:00,85.03030303030303,405.0,775000.0,775000.0,200,387500.0,0.0005225806451612903,-7.5542664390555005,0,non_viral,4.763007840342124
y2qGsoGLEUk,UCKSI33h7L-yoM1MXIvtU4Xg,False,2026-05-15T03:01:35-07:00,1076.92,3779.3383458646617,85300.0,85300.0,200,42650.0,0.04430642843921057,-3.116372662644576,0,non_viral,3.5093956337189964
y4GEBz_H0H4,UCblMKYOwmANnAqypPz8rAVw,False,2026-05-22T13:19:00-07:00,0.0,0.0,16.0,1000.0,200,500.0,0.0,-6.90875477931522,0,non_viral,0.0
y4lBRcahiqc,UCXTi_-AaTJDG-aBXC2cWQOQ,True,2026-05-17T10:16:01-07:00,948.8285714285714,1472.0,1280.0,1280.0,1000,1000.0,1.15,0.13966011456589644,1,strong,1.5513866722876328
y5PT6UelDBU,UCD8al0rwa1WeG1bIUkxYFsw,True,2026-05-22T11:00:00-07:00,5.0,18.0,17500.0,17500.0,1000,8750.0,0.0010285714285714286,-6.825574321969718,0,non_viral,3.6
y8b2-Qdel6A,UC2YtO9r1tzEwUUID7vwkMAQ,False,2026-05-14T17:01:00-07:00,904.2727272727273,3066.360465116279,203000.0,203000.0,200,101500.0,0.015105223966090044,-4.192393496714368,0,non_viral,3.3909686454487855
y8okNpKvfcg,UCNqkJom6KcXtNoPl6IPlauA,False,2026-05-17T19:12:58-07:00,4.0,20.9783693843594,5640.0,5640.0,200,2820.0,0.0037195690397800354,-5.547757873851321,0,non_viral,5.24459234608985
y9amAwHMgAY,UCib5ktx2na_eMmmG53TzitA,False,2026-05-09T04:38:33-07:00,14181.934782608694,55614.38533927687,21800.0,21800.0,200,10900.0,2.551118593544811,0.9365040374106623,1,viral,3.921494929413777
yDgCOy-kTnM,UCXRoo1Gp89SCbhdR_xEIp0w,False,2026-05-14T10:37:53-07:00,861.8446601941747,8357.693333333333,55500.0,55500.0,200,27750.0,0.15058906906906905,-1.8930989235680773,0,non_viral,9.69744748601254
yJB3VjOYkC8,UCvZxV5OJQayc91h6IGsWKAQ,False,2026-05-15T20:36:32-07:00,43.07692307692307,200.3461217681401,5180.0,5180.0,200,2590.0,0.038676857484196935,-3.2477279408493827,0,non_viral,4.650892112474682
yJjju_Lcugk,UCjB8BLyjTa56lRkzgrYtHCA,False,2026-05-30T14:17:13-07:00,85.0,87.0,163.0,1000.0,200,500.0,0.087,-2.4314179648370136,0,non_viral,1.0235294117647058
yOMFBPzID6Q,UChzJWdC0QqHSrOjHPnMUFGw,False,2026-05-16T14:00:00-07:00,5.427184466019417,22.0,3420.0,3420.0,200,1710.0,0.006432748538011696,-5.002193969048456,0,non_viral,4.053667262969589
yOgV4WDqN0U,UCdtFTeMwiEB8Ur3EiJ4FT0A,False,2026-05-18T00:30:25-07:00,437.11965811965814,3404.7903091060984,145000.0,145000.0,200,72500.0,0.023481312476593783,-3.7512636237511785,0,non_viral,7.789149368738899
yPv-zdqVItE,UCx8Mq6RmQ3hBkDEFGIjBfzg,False,2026-05-15T23:51:52-07:00,20.0,98.0,640.0,1000.0,200,500.0,0.098,-2.3136349291806306,0,non_viral,4.9
yT9WCHC16dU,UCQR03Z11tSo0eF5T7GUgwug,False,2026-05-14T15:30:25-07:00,55.8,5741.574521232306,28200.0,28200.0,200,14100.0,0.20360193337703214,-1.5914498056703152,0,non_viral,102.89560073893023
yTQPUaiRQ9g,UC6yf4fnxPISZlouEnwS-JRg,False,2026-05-29T14:21:48-07:00,770.0,818.4894480519481,5360.0,5360.0,200,2680.0,0.1527032552335724,-1.8782242818071513,0,non_viral,1.0629733091583742
yWMGmbRwE20,UC4AS-_V3hbJQlp7FtSk1wwg,False,2026-05-29T10:00:39-07:00,0.0,6.811305070656694,4130.0,4130.0,200,2065.0,0.0016492264093599743,-6.270702734988378,0,non_viral,6.811305070656694
yakN0ryNXOs,UC6qmoN6IyayHvlu67OAzvlQ,False,2026-05-18T02:13:13-07:00,0.0,4.0,215.0,1000.0,200,500.0,0.004,-5.29931686688112,0,non_viral,4.0
ycrtGV1qJlM,UCnnvCRNuLJ0XjhUbl1HjhKA,False,2026-05-18T02:30:24-07:00,6.0,10.0,339.0,1000.0,200,500.0,0.01,-4.51085950651685,0,non_viral,1.6666666666666667
yhDovrDFxCo,UCmorARX4_iz23iCYiXEeB1w,False,2026-05-29T10:10:54-07:00,16.0,62.0,52800.0,52800.0,200,26400.0,0.0011742424242424242,-6.731150682517412,0,non_viral,3.875
yndCujkWU9w,UCXOBLGJdYA1mfhOrDwQESTg,False,2026-05-08T08:49:15-07:00,14652.04,25619.778786159954,516000.0,516000.0,200,258000.0,0.04965073408170534,-3.002705009871331,0,non_viral,1.7485468771693193
yngY3455LJ4,UCWq-c83UrFD-eekbWbOufBQ,False,2026-05-08T14:20:40-07:00,645.6923076923075,2539.1197703035273,18700.0,18700.0,200,9350.0,0.13578180589858435,-1.9963657647850308,0,non_viral,3.9323989771200694
yoy7KdXBGmY,UCfsffkPNp4LiiSb0EZM8WzA,False,2026-05-15T13:00:43-07:00,0.0,127.0,2.0,1000.0,200,500.0,0.127,-2.0567245153956035,0,non_viral,127.0
yrLeW8tVNT8,UCb8FrfmT04CDTG7sJVBvUVQ,False,2026-05-16T02:30:27-07:00,115.77551020408163,3498.8896265560165,100000.0,100000.0,200,50000.0,0.03498889626556016,-3.3524487532096803,0,non_viral,30.22132763991624
ywpRCuMw-lw,UCNxBGANd7itrXCT-KiGSA-w,False,2026-05-08T07:45:37-07:00,6837.64705882353,39181.18155619597,168000.0,168000.0,200,84000.0,0.23322131878688077,-1.4557478404480761,0,non_viral,5.730214095451922
z0A4_e6ZD1Y,UCDNtVb4RYNfnx3vfI1yKvLQ,False,2026-05-22T09:26:14-07:00,1.0,20.0,13000.0,13000.0,200,6500.0,0.0015384615384615385,-6.428259118838746,0,non_viral,20.0
z1vqAXvVkbc,UCtQAOduV-OAv9pQqrJNGuWA,False,2026-05-14T17:50:03-07:00,345.5882352941177,10553.714404662782,16900.0,16900.0,200,8450.0,0.6244801422877385,-0.4708001686663401,1,non_viral,30.538407639024218
z2RSOwqTIGY,UCJe9gEnXF6rXw5plEIBacIA,True,2026-05-16T00:00:53-07:00,685.4444444444445,1063.0,21300.0,21300.0,1000,10650.0,0.04990610328638498,-2.9967186290506937,0,non_viral,1.5508186091749068
z7TriYWQ0bA,UCYSRg9O3MHNBSjBsfbnCfPQ,True,2026-05-16T15:30:23-07:00,542.2323232323231,1091.9633333333334,39.0,1000.0,1000,1000.0,1.0919633333333334,0.08789316148555848,1,strong,2.013829287829959
zCL0m4mJK9Q,UCozyj6886vTJQ6WaZpf8IKw,False,2026-05-18T04:01:26-07:00,89.47368421052632,1601.6218905472638,12300.0,12300.0,200,6150.0,0.13021316183311088,-2.0380395902225814,0,non_viral,17.9004799531753
zDwiIQZNnEU,UCWAGnGldyiOHNtt0nsT9lAQ,False,2026-05-18T04:45:06-07:00,23.0,132.47996661101837,52200.0,52200.0,200,26100.0,0.002537930394847095,-5.968905527034422,0,non_viral,5.759998548305147
zGoKc15KlqU,UCL3zX1zidfmq73cc-vlY_Mw,False,2026-05-16T10:21:03-07:00,0.0,15.0,1380.0,1380.0,200,690.0,0.010869565217391304,-4.457974431169511,0,non_viral,15.0
zH6gmRGk5n8,UCPWXiRWZ29zrxPFIQT7eHSA,False,2026-05-08T18:00:29-07:00,3155.7555555555555,9650.218683651805,2140000.0,2140000.0,200,1070000.0,0.004509447983014862,-5.4014773794670035,0,non_viral,3.057974077448128
zJKmSVG0x5E,UCpwKhq8igBeaj__3e79BwQw,False,2026-05-18T04:10:16-07:00,675.7272727272727,3739.1334991708127,32500.0,32500.0,200,16250.0,0.11505026151294809,-2.1621495523382492,0,non_viral,5.533495020971201
zJNvm0Syq2o,UCNxBGANd7itrXCT-KiGSA-w,False,2026-05-08T14:37:16-07:00,6877.666666666666,39177.627411575566,168000.0,168000.0,200,84000.0,0.23320016316414027,-1.4558385527485154,0,non_viral,5.6963544920625555
zMNWstWZnAw,UCKRjB8kWRt5WiYXc5rz0Wig,False,2026-05-15T03:01:35-07:00,1.0,1.0,16.0,1000.0,200,500.0,0.001,-6.215607598755275,0,non_viral,1.0
zU_CV46G54M,UCL6KNRcRpz_lr9MIaroKNBQ,False,2026-05-17T10:28:28-07:00,9.0,42.0,542.0,1000.0,200,500.0,0.042,-3.147554663621658,0,non_viral,4.666666666666667
zUwtSxnF3Qc,UCz-BzHLWnzx1NEjdgtpd9gQ,False,2026-05-22T13:00:09-07:00,8.0,32.51926444833625,1020.0,1020.0,200,510.0,0.031881631812094365,-3.416417486456935,0,non_viral,4.064908056042031
za7p0pj9QNI,UCD9AfUzxg0MvLYylLmrj2eg,False,2026-05-16T20:20:07-07:00,8.0,58.465833333333336,3920.0,3920.0,200,1960.0,0.014914753401360545,-4.188700084365635,0,non_viral,7.308229166666667
zagi67Xtncs,UCm1YwlyizNdLK3mRnHhKc2A,False,2026-05-17T02:41:39-07:00,0.0,0.0,137.0,1000.0,200,500.0,0.0,-6.90875477931522,0,non_viral,0.0
zcJtUlNahHw,UC6_bHS_xZcxEdwkBaX0sw7w,False,2026-05-29T08:01:01-07:00,37558.049999999996,41801.43718592965,79500.0,79500.0,200,39750.0,0.5258042413324484,-0.6428149564830559,1,non_viral,1.1129820953412026
zd-XS6RmtjY,UCKwM4Ay2TLaDUOuSwUXdc9Q,False,2026-05-17T21:36:36-07:00,1.0,35.977405857740585,65.0,1000.0,200,500.0,0.035977405857740584,-3.2984477056886656,0,non_viral,35.977405857740585
zghkeVBaf24,UCC0LsAq7SZ7kkPMvRtqlZ7w,False,2026-05-14T00:49:37-07:00,1.0,1.0,69.0,1000.0,200,500.0,0.001,-6.215607598755275,0,non_viral,1.0
zoS5RV0M2x4,UCIALMKvObZNtJ6AmdCLP7Lg,False,2026-05-08T16:01:11-07:00,845.0000000000001,14971.082937522835,3140000.0,3140000.0,200,1570000.0,0.004767860808128291,-5.345791067838142,0,non_viral,17.717257914228206
zxgXvKvzWdA,UCuG-z9aRM1IoisRnrcYcKtg,False,2026-05-29T06:15:32-07:00,1.0,7.0,142.0,1000.0,200,500.0,0.007,-4.829313237635384,0,non_viral,7.0
