sample_id,video_id,channel_id,publish_time,input_window_start_h,input_window_end_h,target_window_start_h,target_window_end_h,views_48h,views_72h,next_24h_views,log_next_24h_views
Hms0wBGcivw_first48h,Hms0wBGcivw,UCVZqteUtWfSnwQ0ShjHixVw,2026-05-07 03:00:14+00:00,0,48,48,72,51342.862468931235,53344.00243309003,2001.1399641587923,7.601971869598653
Tgc0H1FxTCs_first48h,Tgc0H1FxTCs,UCpu3bemTQwAU8PqM4kJdoEQ,2026-05-08 11:36:25+00:00,0,48,48,72,37839.80584467574,39075.76932515337,1235.9634804776288,7.1204148493031925
Vl3jhQABSU0_first48h,Vl3jhQABSU0,UCpmAcCUZtDEZNQWmqwX7DxQ,2026-05-08 10:00:51+00:00,0,48,48,72,25137.623682076235,25236.45613032295,98.8324482467142,4.6034932632058325
vGmp2epBKCg_first48h,vGmp2epBKCg,UCoLrcjPV5PbUrUyXq5mjc_A,2026-05-06 22:22:15+00:00,0,48,48,72,236900.0,247217.7230527144,10317.723052714398,9.24171529617763
PvOoGgwf3YU_first48h,PvOoGgwf3YU,UC37k-Kxlc7rDpHLZTNytNDw,2026-05-08 13:00:06+00:00,0,48,48,72,84100.48910411622,85547.5908888889,1447.1017847726762,7.2780088638264955
mQv7y1dLe1A_first48h,mQv7y1dLe1A,UCZFHPeF9g1R5E_CzE1KpfUg,2026-05-07 09:52:09+00:00,0,48,48,72,11007.34338358459,11722.89599352489,715.5526099402996,6.574451670867553
pufR0WugQMg_first48h,pufR0WugQMg,UCjJCUFquka_STzAG_5OGElQ,2026-05-08 13:20:59+00:00,0,48,48,72,422635.2803605313,422832.31736526947,197.03700473817298,5.288453905849321
PY29Ef-eiF0_first48h,PY29Ef-eiF0,UC7mJ2EDXFomeDIRFu5FtEbA,2026-05-07 16:24:14+00:00,0,48,48,72,121731.5629510826,129815.4431209053,8083.8801698227035,8.997750950605477
0_OqGHPMvBE_first48h,0_OqGHPMvBE,UCQeRaTukNYft1_6AZPACnog,2026-05-07 20:00:01+00:00,0,48,48,72,591810.2146422629,619904.6726804124,28094.458038149518,10.243363206604345
VLM723q949g_first48h,VLM723q949g,UC8p1vwvWtl6T73JiExfWs1g,2026-05-07 18:12:04+00:00,0,48,48,72,36559.551207327226,36695.11026293469,135.5590556074676,4.91675716287548
7rJbqT5hiO0_first48h,7rJbqT5hiO0,UCGX7nGXpz-CmO_Arg-cgJ7A,2026-05-07 17:27:15+00:00,0,48,48,72,286994.94342762063,318662.5534804754,31667.610052854754,10.36308125012165
QeX11aDX9c4_first48h,QeX11aDX9c4,UC7_WiJnJxpm4MRNesRttzWg,2026-05-08 13:01:02+00:00,0,48,48,72,26021.243608297154,29588.12197414806,3566.8783658509055,8.17972640283039
CI4IeaxjXVk_first48h,CI4IeaxjXVk,UCDBAVzfX3yZ1hah0FHnOoaA,2026-05-07 13:00:22+00:00,0,48,48,72,373157.86942675157,403315.26832774316,30157.398900991597,10.314218733875588
Kdl3alC4trs_first48h,Kdl3alC4trs,UCBjPppB6FOLloYBUvgbqE_A,2026-05-07 22:11:53+00:00,0,48,48,72,213912.54588235295,214631.98159509202,719.4357127390685,6.579856185558735
X-7MEZiJClk_first48h,X-7MEZiJClk,UCczKsS4gTjJzU5zayrNnwEA,2026-05-06 19:00:35+00:00,0,48,48,72,181664.0,201052.525,19388.524999999994,9.87248825077315
pjAN1io4h8Y_first48h,pjAN1io4h8Y,UChY4PXxJI0aJYsGT1X6INWA,2026-05-07 07:46:18+00:00,0,48,48,72,209579.0314049587,385777.84185045725,176198.81044549856,12.079373916691916
B-u6nmRSiQs_first48h,B-u6nmRSiQs,UCt0H6f2yOF26wi_Ng8HssJQ,2026-05-07 16:15:01+00:00,0,48,48,72,11181.0,12857.229347198152,1676.229347198152,7.424898512876742
PxtfZXkAS0g_first48h,PxtfZXkAS0g,UCt0H6f2yOF26wi_Ng8HssJQ,2026-05-08 10:00:44+00:00,0,48,48,72,6603.035992479183,7477.81797752809,874.7819850489068,6.775117184446795
zbyDQaEsUTA_first48h,zbyDQaEsUTA,UCt0H6f2yOF26wi_Ng8HssJQ,2026-05-07 16:01:51+00:00,0,48,48,72,16319.320126782884,17654.55574614065,1335.2356193577652,7.197611700341413
0nfr3O1gB08_first48h,0nfr3O1gB08,UChY4PXxJI0aJYsGT1X6INWA,2026-05-07 10:00:02+00:00,0,48,48,72,2278.0,2419.537595496582,141.53759549658207,4.9596057929583965
fB3Yg5511DU_first48h,fB3Yg5511DU,UC31opT8RH0KAOTRPjyTJqQQ,2026-05-07 09:00:54+00:00,0,48,48,72,97285.0,113342.06764192725,16057.06764192725,9.683966659086439
ziPdvpOBW1I_first48h,ziPdvpOBW1I,UCL0_NxCvkcXwZHpvqgMZY-A,2026-05-07 14:29:26+00:00,0,48,48,72,10338.934713375796,10384.046052631578,45.111339255781786,3.8310588905979888
obB0yvXV-BE_first48h,obB0yvXV-BE,UCpu3bemTQwAU8PqM4kJdoEQ,2026-05-08 13:11:10+00:00,0,48,48,72,8260.218390804597,8284.57799598304,24.359605178442507,3.2331575607744294
x-R-UWyR4_g_first48h,x-R-UWyR4_g,UCwIdAI4fCV4lisP3TZzOGuw,2026-05-08 10:48:32+00:00,0,48,48,72,812.0863222698073,1152.794103072349,340.7077808025416,5.833955929721056
cHpGws5nyZA_first48h,cHpGws5nyZA,UClNdVSK1uy2xFHTaXZYXopw,2026-05-07 09:00:00+00:00,0,48,48,72,248690.0,270361.1101728991,21671.11017289909,9.983781467403684
ChVes6QSsr8_first48h,ChVes6QSsr8,UCTln5ss6h6L_xNfMeujfPbg,2026-05-07 23:43:46+00:00,0,48,48,72,82147.0,82298.68074389771,151.6807438977121,5.028349100132071
btgy7kFI-c0_first48h,btgy7kFI-c0,UCqQo7ewe87aYAe7ub5UqXMw,2026-05-07 20:17:47+00:00,0,48,48,72,65763.0,65951.47669664759,188.47669664758723,5.244266044124751
hBkOHSJnjLQ_first48h,hBkOHSJnjLQ,UC8wcaRAR4KX6yuisEdlzx3w,2026-05-07 14:34:48+00:00,0,48,48,72,16570.0,16595.721860465117,25.72186046511706,3.2854819744300343
DxWbCLRU8Ts_first48h,DxWbCLRU8Ts,UCoLrcjPV5PbUrUyXq5mjc_A,2026-05-07 21:38:15+00:00,0,48,48,72,153701.98598130842,155130.17023857663,1428.1842572682071,7.264859111022962
O8ByDOFTrJo_first48h,O8ByDOFTrJo,UCnUec0N-ywOhTCjMHXtNN5g,2026-05-08 12:26:31+00:00,0,48,48,72,13823.837816662313,13834.860103626943,11.02228696462953,2.486762174289626
CfWy0VaafFw_first48h,CfWy0VaafFw,UCiEm9noegBIb-AzjqpxKffA,2026-05-07 10:00:21+00:00,0,48,48,72,43277.999159663865,45524.29643952527,2246.2972798614064,7.717483564218245
l5I__op3SsY_first48h,l5I__op3SsY,UC2TuODJhC03pLgd6MpWP0iw,2026-05-08 11:53:40+00:00,0,48,48,72,12635.025974025973,12947.089178115208,312.0632040892342,5.746405100152589
ZmTqRETUNCQ_first48h,ZmTqRETUNCQ,UCl7I7mCnHXKgVLe5NvRUMwQ,2026-05-08 14:34:46+00:00,0,48,48,72,14528.0,14550.0,22.0,3.1354942159291497
1nilpDdhbLc_first48h,1nilpDdhbLc,UCJNSLcZtWJmOHVq3YBEYbeA,2026-05-07 04:04:21+00:00,0,48,48,72,34026.74252491695,35890.78635093787,1864.0438260209266,7.531039831008745
FVbD8-sILXQ_first48h,FVbD8-sILXQ,UCg40OxZ1GYh3u3jBntB6DLg,2026-05-07 22:15:01+00:00,0,48,48,72,62189.036575875485,62437.269916765756,248.23334089027048,5.518389569658492
seCg9nC1UGA_first48h,seCg9nC1UGA,UCXCLaaClAWQiTkl3pw9ZdLw,2026-05-07 21:40:21+00:00,0,48,48,72,127151.0,129609.71938168847,2458.7193816884683,7.807802549935285
n_u7YnBLEe8_first48h,n_u7YnBLEe8,UCzpwkXk_GlfmWntZ9v4l3Tg,2026-05-08 12:59:06+00:00,0,48,48,72,28359.658276863505,33720.94256120527,5361.2842843417675,8.587145335730984
t8gHon4atu8_first48h,t8gHon4atu8,UC5nwNW4KdC0SzrhF9BXEYOQ,2026-05-08 11:00:07+00:00,0,48,48,72,14713.711566424323,15306.759050587389,593.0474841630657,6.386959255836101
YWvQDrp4XGY_first48h,YWvQDrp4XGY,UClQ5uf3vMejw6-BalB-xeOg,2026-05-07 13:36:02+00:00,0,48,48,72,8948.0,9172.99770852429,224.99770852428992,5.42052485994783
LI5zgcZU3X4_first48h,LI5zgcZU3X4,UCeBPTBz1oRnsWsUBnKNNKNw,2026-05-07 14:41:03+00:00,0,48,48,72,331618.8714057508,383025.01211556385,51406.140709813044,10.847532366109597
YqS83Wc0l_g_first48h,YqS83Wc0l_g,UCdokt2U4QvDBxWxuJ-MBGHA,2026-05-07 23:24:51+00:00,0,48,48,72,58469.92403100775,58909.0,439.0759689922488,6.086947368809402
yPFkZCFg31A_first48h,yPFkZCFg31A,UCDq-_Ozntz1f_KiexzPgpSw,2026-05-07 15:07:05+00:00,0,48,48,72,8196769.539732494,8197721.303058388,951.7633258933201,6.859366526424269
qw949ROgyQM_first48h,qw949ROgyQM,UCwIdAI4fCV4lisP3TZzOGuw,2026-05-08 15:00:06+00:00,0,48,48,72,4491.0,4567.1659574468085,76.16595744680853,4.345958394061843
IN7YeEgoMcY_first48h,IN7YeEgoMcY,UCwIdAI4fCV4lisP3TZzOGuw,2026-05-08 10:56:24+00:00,0,48,48,72,25903.530066815147,36544.08352668214,10640.553459866991,9.272521754105599
t3bOXryrKQw_first48h,t3bOXryrKQw,UCGKL5LoNqNAR8yCj8wiWScA,2026-05-06 18:39:30+00:00,0,48,48,72,12998.814509480626,14912.082352941177,1913.2678434605514,7.557090501334431
3rDZlVHFx0s_first48h,3rDZlVHFx0s,UC2TuODJhC03pLgd6MpWP0iw,2026-05-08 11:53:01+00:00,0,48,48,72,1938.7695225637672,2273.131367292225,334.361844728458,5.815210082418363
JmaI7OUFE9Y_first48h,JmaI7OUFE9Y,UCX65vg9q8k-IuWqoViBL5vw,2026-05-08 12:50:00+00:00,0,48,48,72,36826.99853587116,37076.43524699599,249.4367111248357,5.523206238403224
QI5KY_rKGR8_first48h,QI5KY_rKGR8,UC8rk-fIWJXYlSF8tkfG9wWg,2026-05-07 09:00:06+00:00,0,48,48,72,75194.6214642263,81392.40136054422,6197.779896317923,8.732107760750846
5g5Smb0GnLw_first48h,5g5Smb0GnLw,UCsZ0adX615jzhh1nitOQ3Eg,2026-05-07 14:54:26+00:00,0,48,48,72,2405.229314420804,2490.1941407958025,84.96482637499867,4.453938216952428
ePZeyh5q9R8_first48h,ePZeyh5q9R8,UCGIY_O-8vW4rfX98KlMkvRg,2026-05-06 22:21:17+00:00,0,48,48,72,2566566.9323990108,2687397.7218337217,120830.78943471098,11.702154687435081
DpDdnp_45vE_first48h,DpDdnp_45vE,UCIr2L5vnVPAC1-FCLf5mcng,2026-05-07 15:43:06+00:00,0,48,48,72,79261.0,79456.09340899171,195.09340899171366,5.278591122192346
3JsvwbrGZGM_first48h,3JsvwbrGZGM,UCo5E9pEhK_9kWG7-5HHcyRg,2026-05-07 21:40:45+00:00,0,48,48,72,59103.0,60285.0,1182.0,7.075808863978387
gIxr2aTckX0_first48h,gIxr2aTckX0,UC9tnW2dpPDNc_aEOnhsRs4g,2026-05-08 12:00:06+00:00,0,48,48,72,6075.246739697444,6321.042110243671,245.79537054622688,5.508559533938878
hPmsZqYYZiM_first48h,hPmsZqYYZiM,UC4wpY8jmg-n4W-UddQBr1Ag,2026-05-08 11:33:30+00:00,0,48,48,72,60832.97729645095,80567.95879185203,19734.98149540108,9.890198720602402
OblHI0ed0ac_first48h,OblHI0ed0ac,UCZRYEa3YILhcdYd7MHkFGzg,2026-05-07 08:31:44+00:00,0,48,48,72,3819.404522613065,3911.9598121085596,92.55528949549443,4.538552593029676
r9okBpTebXg_first48h,r9okBpTebXg,UChqUTb7kYRX8-EiaN3XFrSQ,2026-05-08 11:55:02+00:00,0,48,48,72,5707.454652071931,5911.192974238876,203.73832216694427,5.3217326865129655
LJk0eIqocuY_first48h,LJk0eIqocuY,UCNkLoS8K8QOpkTqCGqz3ycg,2026-05-08 15:25:34+00:00,0,48,48,72,676.0,681.0,5.0,1.791759469228055
m-f98AArA48_first48h,m-f98AArA48,UCmFA-w0lm-HBBxrb9c69poA,2026-05-08 12:34:55+00:00,0,48,48,72,11948.758307372793,12328.799459824442,380.0411524516494,5.942907380977978
2q5ZosbG2nY_first48h,2q5ZosbG2nY,UCk5C4AR3uvmKwZYkIlSobbg,2026-05-07 10:14:24+00:00,0,48,48,72,31008.321546052633,34084.16640706127,3075.8448610086343,8.031659955139245
ztgsjERJcps_first48h,ztgsjERJcps,UCyoSQyaCrZHro6F_nBiXIYg,2026-05-07 04:25:22+00:00,0,48,48,72,204707.06532663316,215670.2106490478,10963.145322414639,9.302385711841826
2Lubw14IhnI_first48h,2Lubw14IhnI,UC_v7qcdPJUANBAa--1pv_UQ,2026-05-07 20:24:10+00:00,0,48,48,72,21419.0,21757.0,338.0,5.82600010738045
oCtxwpfHEls_first48h,oCtxwpfHEls,UCTBbuMEc805yl3utRp35rDg,2026-05-08 15:24:55+00:00,0,48,48,72,59.0,65.41405269761606,6.414052697616057,2.003377212555459
bsUBqySizT8_first48h,bsUBqySizT8,UCgnysg0nQxiD1ahcBMuwuUA,2026-05-08 13:12:10+00:00,0,48,48,72,970624.422253923,974019.3289672544,3394.906713331351,8.130326077481312
yFE7Kdt8Xq0_first48h,yFE7Kdt8Xq0,UCgjsiInAgdceEq2lpRNNYvw,2026-05-07 09:01:31+00:00,0,48,48,72,24113.223684210527,32554.535691151705,8441.312006941178,9.041011484548509
KNU4Zw_HKtg_first48h,KNU4Zw_HKtg,UC5l1Yto5oOIgRXlI4p4VKbw,2026-05-07 00:00:00+00:00,0,48,48,72,1851.0,1872.4586065573772,21.458606557377152,3.1116739063071814
ywpRCuMw-lw_first48h,ywpRCuMw-lw,UCNxBGANd7itrXCT-KiGSA-w,2026-05-08 14:45:37+00:00,0,48,48,72,39181.18155619597,39677.789782048276,496.60822585230926,6.209813072342009
WGMR-IvFWlM_first48h,WGMR-IvFWlM,UCpmAcCUZtDEZNQWmqwX7DxQ,2026-05-08 15:00:06+00:00,0,48,48,72,4142.0,4234.761053621825,92.76105362182534,4.540749563199707
8hyRKquHF1U_first48h,8hyRKquHF1U,UCMJiPpN_09F0aWpQrgbc_qg,2026-05-07 08:30:29+00:00,0,48,48,72,792340.2342569269,923955.9256775253,131615.69142059842,11.787649124333566
vssft_vWMWo_first48h,vssft_vWMWo,UC67Wr_9pA4I0glIxDt_Cpyw,2026-05-06 23:41:12+00:00,0,48,48,72,135859.40661157024,142286.32823802374,6426.921626453492,8.768406534258727
u2ZuHy1h1dw_first48h,u2ZuHy1h1dw,UCYbN-4QeDOp3oRU4TpPvj-g,2026-05-08 15:14:31+00:00,0,48,48,72,886.0,934.0,48.0,3.8918202981106265
FlhdlwKyGyE_first48h,FlhdlwKyGyE,UCExxWMXIf8UR5xb4eQTdh7A,2026-05-07 23:32:15+00:00,0,48,48,72,22670.0,22800.29407806191,130.2940780619101,4.877439677945151
BK6AkX_aK90_first48h,BK6AkX_aK90,UChqUTb7kYRX8-EiaN3XFrSQ,2026-05-08 11:10:28+00:00,0,48,48,72,2319.0,2753.582121131976,434.5821211319758,6.076683345983171
07A6cjrNdc0_first48h,07A6cjrNdc0,UCbxdaKZDeMf3D2gqMjmYFow,2026-05-08 15:36:30+00:00,0,48,48,72,308.0,339.4575230296827,31.457523029682704,3.479932250785493
xNKJxjTOzhQ_first48h,xNKJxjTOzhQ,UCCk96NNITxAavc1ED1VvnEg,2026-05-08 12:51:54+00:00,0,48,48,72,31042.690360272638,31223.830690194325,181.14032992168723,5.204777433501199
NvCPzprtuXQ_first48h,NvCPzprtuXQ,UCb5NLtXAsTBrmaZVhyFa-Wg,2026-05-07 10:44:33+00:00,0,48,48,72,45299.36113360324,45118.11976630964,0.0,0.0
xJNzZdBhHEU_first48h,xJNzZdBhHEU,UCi6Nwwk1pAp7gYwe3is7Y0g,2026-05-08 10:38:14+00:00,0,48,48,72,9121.0,9894.881527669524,773.8815276695241,6.6527101501447214
GPjVI7kpIbw_first48h,GPjVI7kpIbw,UC5Fms2Bl_HM6DPYgyL5DOyg,2026-05-08 12:40:01+00:00,0,48,48,72,362675.7113801453,364771.70451612904,2095.9931359837647,7.648259757641324
FLekkNKo32E_first48h,FLekkNKo32E,UCmgDmqjxbkqIXu4rNbrKodA,2026-05-08 09:23:21+00:00,0,48,48,72,6870.495655715449,6976.754259163655,106.25860344820558,4.675242773222071
9IOvW_1qNvU_first48h,9IOvW_1qNvU,UC2TuODJhC03pLgd6MpWP0iw,2026-05-08 15:20:36+00:00,0,48,48,72,58429.0,61768.0,3339.0,8.113726085970747
uX7jTzh5GWw_first48h,uX7jTzh5GWw,UCU09evAyoTH4HYC4e1S5qtA,2026-05-08 14:58:27+00:00,0,48,48,72,70901.0,78456.28014184398,7555.280141843978,8.930134303350215
3lf9HdiQtjk_first48h,3lf9HdiQtjk,UCzYfz8uibvnB7Yc1LjePi4g,2026-05-07 20:20:51+00:00,0,48,48,72,493962.0,576473.0762250454,82511.07622504537,11.320699940095885
iFmjYBMQ4x4_first48h,iFmjYBMQ4x4,UCiOki3bA8llEHVgXBQ3x6wg,2026-05-08 09:18:06+00:00,0,48,48,72,44737.415954415956,44895.90652048471,158.49056606875092,5.071984773571269
X-FN-1Zbtjg_first48h,X-FN-1Zbtjg,UCdZGwKwvi_i5BLvFzCj4FXw,2026-05-07 08:00:35+00:00,0,48,48,72,58271.71416596815,60468.767028493894,2197.052862525743,7.6953271849590505
wWTIYj0swhA_first48h,wWTIYj0swhA,UCoLrcjPV5PbUrUyXq5mjc_A,2026-05-06 22:47:21+00:00,0,48,48,72,105173.39406430339,108026.16630552546,2852.7722412220755,7.9563969914963595
NS1Syihzbrk_first48h,NS1Syihzbrk,UCnVJ112p6NFV8VcyYAgPlMg,2026-05-07 17:02:01+00:00,0,48,48,72,57.0,71.89783653846155,14.897836538461547,2.766183033204839
XG58-insqGU_first48h,XG58-insqGU,UCmAQ_4ELJodnKuNqviK86Dg,2026-05-07 21:36:26+00:00,0,48,48,72,206837.63000785545,208092.20377160818,1254.5737637527345,7.1353479293630055
vdT4cq7PF0s_first48h,vdT4cq7PF0s,UCiWXd0nmBjlKROwzMyPV-Nw,2026-05-08 11:55:27+00:00,0,48,48,72,237494.0,282040.44242424244,44546.44242424244,10.704310022143076
aehY3OXOhJQ_first48h,aehY3OXOhJQ,UCiWXd0nmBjlKROwzMyPV-Nw,2026-05-07 11:00:03+00:00,0,48,48,72,32516.633638634474,39076.11340701586,6559.479768381385,8.788819014687862
yndCujkWU9w_first48h,yndCujkWU9w,UCXOBLGJdYA1mfhOrDwQESTg,2026-05-08 15:49:15+00:00,0,48,48,72,25611.0,25867.211814687438,256.21181468743816,5.549899927107196
nJpgMT4bQ0g_first48h,nJpgMT4bQ0g,UC1M2vOZevdQWwRsW4DUBNsw,2026-05-08 15:31:41+00:00,0,48,48,72,17315.0,17771.871401946573,456.8714019465733,6.126588362911561
04me1Y64hj0_first48h,04me1Y64hj0,UCiWLfSweyRNmLpgEHekhoAg,2026-05-08 15:03:41+00:00,0,48,48,72,406058.0,417423.0643506645,11365.0643506645,9.338387383521885
8nXS_0nPHl0_first48h,8nXS_0nPHl0,UCaS8sePfGIHBU1R6uz04d0g,2026-05-08 11:00:19+00:00,0,48,48,72,39906.230562642675,40448.19550561798,541.9649429753044,6.297044756109965
uIn7RlD0lDo_first48h,uIn7RlD0lDo,UC5Fms2Bl_HM6DPYgyL5DOyg,2026-05-07 12:45:10+00:00,0,48,48,72,243505.0,244219.82363977487,714.8236397748697,6.573433823456987
d-zYS06_VAQ_first48h,d-zYS06_VAQ,UC5fkmrA5VDTr2IU7lPmpsHA,2026-05-07 10:20:08+00:00,0,48,48,72,6681.26913372582,6708.261834715165,26.992700989344485,3.3319437972405574
BY_2HPiEpeo_first48h,BY_2HPiEpeo,UCexpzYDEnfmAvPSfG4xbcjA,2026-05-08 12:36:04+00:00,0,48,48,72,4712.0,4742.8568608094765,30.85686080947653,3.4612527688514234
WB3Jar0dPU0_first48h,WB3Jar0dPU0,UCvs0dfHDjed-qDVtvGlWNeQ,2026-05-08 16:25:52+00:00,0,48,48,72,74.0,76.0,2.0,1.0986122886681098
oVcfN6FI_lY_first48h,oVcfN6FI_lY,UCGKL5LoNqNAR8yCj8wiWScA,2026-05-08 10:02:01+00:00,0,48,48,72,27947.389891696752,28250.293162813578,302.90327111682564,5.716709463658256
ipWXRxjjj9Q_first48h,ipWXRxjjj9Q,UCMpuxj_U02VaHfaPD5Jjx_Q,2026-05-08 15:16:23+00:00,0,48,48,72,47202.0,50192.697403760074,2990.697403760074,8.003596198872941
D6QLAoePQZM_first48h,D6QLAoePQZM,UCmnZL4tFRl4sm-uJOxTLHmg,2026-05-08 11:00:06+00:00,0,48,48,72,326088.0160299225,347182.1688888889,21094.15285896638,9.956798570750076
BUiqx2E4I5E_first48h,BUiqx2E4I5E,UCuTAXTexrhetbOe3zgskJBQ,2026-05-08 10:33:14+00:00,0,48,48,72,22766.90501672241,25623.44942160965,2856.5444048872414,7.957717935316288
7n6BQcIVTNc_first48h,7n6BQcIVTNc,UC6wvdADTJ88OfIbJYIpAaDA,2026-05-08 16:07:42+00:00,0,48,48,72,336111.0,348243.7411847673,12132.741184767277,9.403745378520952
lc--p7eVBHY_first48h,lc--p7eVBHY,UCzzF1kdBgwv5RB6rbB6kVSA,2026-05-07 22:53:00+00:00,0,48,48,72,700045.5035294117,821260.0626450116,121214.55911559984,11.70532571991917
8M7-QcI01yY_first48h,8M7-QcI01yY,UChqUTb7kYRX8-EiaN3XFrSQ,2026-05-08 15:38:09+00:00,0,48,48,72,3715.0,3914.039751552795,199.03975155279522,5.298516104562306
49QcHrpAy1w_first48h,49QcHrpAy1w,UC9DWR5r56dXZL1SYmUiUc2w,2026-05-08 16:27:35+00:00,0,48,48,72,52.0,53.0,1.0,0.6931471805599453
d1-jRWVytzA_first48h,d1-jRWVytzA,UChWoDluh-gUgIpqzG1m-Sng,2026-05-08 16:00:06+00:00,0,48,48,72,4457.0,4545.68604929409,88.68604929408957,4.4963152307049565
5pJZdzw4Kag_first48h,5pJZdzw4Kag,UC05cNJvMKzDLRPo59X2Xx7g,2026-05-06 22:26:52+00:00,0,48,48,72,372016.14285714284,379540.7252747253,7524.582417582453,8.926063484307406
eWRizNQrh6I_first48h,eWRizNQrh6I,UCfdLDnGcRM3okEOtocWNHuQ,2026-05-08 12:48:14+00:00,0,48,48,72,97858.0,98638.50588812561,780.5058881256118,6.661222684222927
3l5982osFNk_first48h,3l5982osFNk,UC6kZpTl39-_SqfBrF1-N2oQ,2026-05-07 13:05:50+00:00,0,48,48,72,68923.0,70296.48378127896,1373.4837812789629,7.225833507811393
u0j71OZ1Y5U_first48h,u0j71OZ1Y5U,UCDCJyLpbfgeVE9iZiEam-Kg,2026-05-08 12:56:46+00:00,0,48,48,72,488.0,490.0,2.0,1.0986122886681098
-Pt4U1nsOwE_first48h,-Pt4U1nsOwE,UCACRQnfs6_wOuX5ngWABkJg,2026-05-08 15:41:33+00:00,0,48,48,72,9014.0,9861.228782287822,847.2287822878225,6.743150389838761
BNIomgSPGtU_first48h,BNIomgSPGtU,UCAVR6Q0YgYa8xwz8rdg9Mrg,2026-05-08 13:02:24+00:00,0,48,48,72,617462.0,632901.279287948,15439.27928794804,9.644734912012842
0Q-fxRJakCY_first48h,0Q-fxRJakCY,UCe3uJZIjfYwNNR0S6W3GvEA,2026-05-08 11:50:35+00:00,0,48,48,72,228823.2222664016,232995.77333974975,4172.55107334815,8.336522528749914
SIrx0qoRO9k_first48h,SIrx0qoRO9k,UCtmU4jurM43b268MbBAIklw,2026-05-08 16:04:37+00:00,0,48,48,72,13810.0,13813.914677381234,3.9146773812335596,1.5922261118178092
kXd8JO8HqY8_first48h,kXd8JO8HqY8,UC5DOK_H_fkhHBw_7pl0TViQ,2026-05-08 16:20:16+00:00,0,48,48,72,2439.8780694326842,2519.866666666667,79.98859723398255,4.394308369873619
igGfDRY9WTE_first48h,igGfDRY9WTE,UCMYlXK0jyerVnc3dmz-vjCA,2026-05-07 23:05:42+00:00,0,48,48,72,488.6177156177156,491.07182940516276,2.45411378744717,1.2395659228550377
4CAdOte2zfA_first48h,4CAdOte2zfA,UCmbagenu_49x_Mzb_-L3DVA,2026-05-08 15:59:03+00:00,0,48,48,72,177958.0,177972.73132926258,14.731329262576764,2.755654218431617
Fxq9qS1rlZg_first48h,Fxq9qS1rlZg,UCCj2OE6mkIuPY3vP4pazmqQ,2026-05-08 15:57:10+00:00,0,48,48,72,51438.0,52773.69430051814,1335.6943005181383,7.19795490512315
7F7LQhYP3Ew_first48h,7F7LQhYP3Ew,UCTHCOPwqNfZ0uiKOvFyhGwg,2026-05-07 21:00:05+00:00,0,48,48,72,1272.7011217948718,1336.383152173913,63.68203037904118,4.169483425357853
N6q21mPok1E_first48h,N6q21mPok1E,UC-f4h9oSW5JreShkauu0m1A,2026-05-07 20:59:48+00:00,0,48,48,72,112778.15292233787,136174.38354037266,23396.23061803478,10.060372944685286
fm5Yto58HvQ_first48h,fm5Yto58HvQ,UCpu3bemTQwAU8PqM4kJdoEQ,2026-05-07 00:32:02+00:00,0,48,48,72,4265.44784768212,4401.607128764961,136.15928108284152,4.921142886131884
k8PC_N_XJiY_first48h,k8PC_N_XJiY,UCV4vOEEG8DXZyLSl5P9lLmg,2026-05-08 13:10:30+00:00,0,48,48,72,1958.0,2129.164711403097,171.16471140309704,5.148451643020301
muaXx9dp4k4_first48h,muaXx9dp4k4,UCQhaZjODkIjuv38d-i5TVRw,2026-05-08 11:26:29+00:00,0,48,48,72,16937.05359957961,17949.970194789956,1012.9165952103467,6.921575927523911
p8kDo0lCb0U_first48h,p8kDo0lCb0U,UCnLN4e9bOcN8a9v3EQ1QApg,2026-05-08 16:10:38+00:00,0,48,48,72,31710.912265386294,32108.407233757534,397.49496837124025,5.987694871729578
aqpJc_eiSuM_first48h,aqpJc_eiSuM,UCUQPlc6ur83fAUxWO_Tkscw,2026-05-08 15:04:37+00:00,0,48,48,72,61621.0,61637.61792232101,16.617922321012884,2.8689166976083462
bR3CqRt6B-w_first48h,bR3CqRt6B-w,UCeA0fcfLVewbuD7H5YsrpdA,2026-05-08 15:14:22+00:00,0,48,48,72,36596.0,36757.0,161.0,5.087596335232384
JBRzy8w3t2g_first48h,JBRzy8w3t2g,UCeY0bbntWzzVIaj2z3QigXg,2026-05-08 15:51:59+00:00,0,48,48,72,28111.0,28853.053193632884,742.0531936328844,6.6107676352007045
coH9yuEWgMw_first48h,coH9yuEWgMw,UCp1KrVaZDZ7BOI_QBuTWWmg,2026-05-08 13:39:15+00:00,0,48,48,72,11421.0,11456.906491680338,35.90649168033815,3.6083874618696923
-J4VoHt5x-A_first48h,-J4VoHt5x-A,UCDvm7YoLE5r3ZZ6MWyD2vGQ,2026-05-08 12:31:30+00:00,0,48,48,72,69160.0,70362.56339348489,1202.5633934848884,7.093041930106669
_8l52WlwuDk_first48h,_8l52WlwuDk,UCMOcj8AJi-jnlbuONEEpgww,2026-05-07 19:08:22+00:00,0,48,48,72,73747.98014888338,73758.02370003537,10.04355115198996,2.401846651444648
gAK5IDoDBx4_first48h,gAK5IDoDBx4,UCAAvO0ehWox1bbym3rXKBZw,2026-05-08 01:00:05+00:00,0,48,48,72,1286186.0,1334688.8584686774,48502.85846867738,10.789398629816363
k833hrS7qAs_first48h,k833hrS7qAs,UCgi-ChJ65n4TLMVAE5Izi_Q,2026-05-08 15:04:51+00:00,0,48,48,72,52071.0,59790.26942298955,7719.26942298955,8.951604541760831
-ToM_XtDYa0_first48h,-ToM_XtDYa0,UCBYfdTTVxTqByXPw0ERNisw,2026-05-08 11:00:01+00:00,0,48,48,72,6279.576923076923,7919.684210526316,1640.107287449393,7.403126468263983
0eWJ0ZdkhJg_first48h,0eWJ0ZdkhJg,UCGX7nGXpz-CmO_Arg-cgJ7A,2026-05-07 13:00:05+00:00,0,48,48,72,358156.1270096463,397395.4502617801,39239.32325213379,10.577460151467331
CPYO4zXC5Hc_first48h,CPYO4zXC5Hc,UCoLrcjPV5PbUrUyXq5mjc_A,2026-05-07 22:48:53+00:00,0,48,48,72,101275.09582689335,102722.82405345212,1447.728226558771,7.2784413654185185
cmH3BC1zY0Q_first48h,cmH3BC1zY0Q,UCoQBJMzcwmXrRSHBFAlTsIw,2026-05-07 10:20:53+00:00,0,48,48,72,28970.059216013346,38607.39775251535,9637.338536502008,9.173504021765185
NXt0pD9aYDk_first48h,NXt0pD9aYDk,UCXIJgqnII2ZOINSWNOGFThA,2026-05-08 16:30:08+00:00,0,48,48,72,167920.8875502008,171009.22708039492,3088.33953019412,8.035712602771481
DvahO4ZXW_g_first48h,DvahO4ZXW_g,UCbk_QsfaFZG6PdQeCvaYXJQ,2026-05-08 13:00:33+00:00,0,48,48,72,26397.0,35591.30748663102,9194.30748663102,9.126448577113447
4g2G-S87J3M_first48h,4g2G-S87J3M,UCKuq0c-RXYaulECSuu5hFug,2026-05-07 03:00:12+00:00,0,48,48,72,115783.75930521092,121170.72619203135,5386.966886820432,8.591923391783906
b-_l4FXtL6A_first48h,b-_l4FXtL6A,UCBvKuSAkXERBnGSQOH0Sarw,2026-05-08 12:44:04+00:00,0,48,48,72,21834.0,21932.225792057117,98.22579205711736,4.597397981072315
_mp8hstae3Y_first48h,_mp8hstae3Y,UCIU8ha-NHmLjtUwU7dFiXUA,2026-05-08 15:57:34+00:00,0,48,48,72,845.0,847.0,2.0,1.0986122886681098
RVLWKUOzO-o_first48h,RVLWKUOzO-o,UCGuYW3C2jbzaMuKWiCLhQeQ,2026-05-08 14:01:36+00:00,0,48,48,72,29032.0,29059.708463949843,27.708463949842553,3.3571919904321716
2ghjyx0E66w_first48h,2ghjyx0E66w,UCkaNo2FUEWips2z4BkOHl6Q,2026-05-06 21:03:50+00:00,0,48,48,72,8806.348547717847,20537.923015236567,11731.57446751872,9.370124394762746
nywOccqa-qk_first48h,nywOccqa-qk,UC5l1Yto5oOIgRXlI4p4VKbw,2026-05-08 13:00:31+00:00,0,48,48,72,3321.493123772102,3437.1675579322637,115.67443416016158,4.759387442114769
TjGvd7vvZTo_first48h,TjGvd7vvZTo,UCd6GEK664CTEWRZda7Fu7Lg,2026-05-08 09:26:25+00:00,0,48,48,72,1134.25111985883,1217.8698363211224,83.61871646229247,4.438155476922243
CFrmH11vUCI_first48h,CFrmH11vUCI,UC8p1vwvWtl6T73JiExfWs1g,2026-05-07 13:46:41+00:00,0,48,48,72,3802.0064882400648,4246.722140402553,444.71565216248837,6.099681197492688
5TssANqdlL8_first48h,5TssANqdlL8,UCF2e8f4ifh-_tzKRDqS4Wzg,2026-05-08 17:01:52+00:00,0,48,48,72,4672401.0,4674475.033866416,2074.0338664157316,7.6377327536958175
IimL3viA7hI_first48h,IimL3viA7hI,UCxRmRUB3kX-X-_9YsNFhq3g,2026-05-08 12:37:31+00:00,0,48,48,72,82101.27896786758,82622.11361104924,520.8346431816608,6.257350762184617
31SW6j50gRs_first48h,31SW6j50gRs,UCNkJevYXQcjTc70j45FXFjA,2026-05-08 09:56:00+00:00,0,48,48,72,93210.05623901582,97154.65714285715,3944.600903841332,8.280356542045762
tES0PmnotWE_first48h,tES0PmnotWE,UCTFj-OhIp1jlPACOaPlZ6zg,2026-05-07 12:58:55+00:00,0,48,48,72,3154.05631536605,6468.569357177381,3314.513041811331,8.106367654389281
dYH2Sk4sAEE_first48h,dYH2Sk4sAEE,UCupvZG-5ko_eiXAupbDfxWw,2026-05-08 13:22:17+00:00,0,48,48,72,78930.6247582205,98759.7456201822,19829.12086196171,9.894957316400044
KtBhJep7hug_first48h,KtBhJep7hug,UCJpAwvQaZyCI5spAz7tipGA,2026-05-07 08:30:08+00:00,0,48,48,72,274530.0,294168.0781692993,19638.07816929929,9.885276644416853
SkCdTQwIgTI_first48h,SkCdTQwIgTI,UCgizYG4LeUQnwFMBQBwJWSQ,2026-05-08 15:33:50+00:00,0,48,48,72,57043.0,58578.226985099,1535.2269850989978,7.3370846795468685
BFSC4yFcme0_first48h,BFSC4yFcme0,UCExxWMXIf8UR5xb4eQTdh7A,2026-05-08 15:16:11+00:00,0,48,48,72,445.0,454.0,9.0,2.302585092994046
kmEPjV4qxHU_first48h,kmEPjV4qxHU,UCExxWMXIf8UR5xb4eQTdh7A,2026-05-08 14:40:52+00:00,0,48,48,72,16.0,16.0,0.0,0.0
WZTA6abAZMo_first48h,WZTA6abAZMo,UCExxWMXIf8UR5xb4eQTdh7A,2026-05-08 14:28:49+00:00,0,48,48,72,32.0,33.603823921743,1.6038239217430004,0.9569811036818331
yqCCAJxObkg_first48h,yqCCAJxObkg,UCQ7SNp-izmqQasmP3Oc2t5w,2026-05-07 20:06:59+00:00,0,48,48,72,16584.378861788617,17464.551540041066,880.1726782524493,6.7812536092868845
YiLgoSv7w0M_first48h,YiLgoSv7w0M,UC2VmWn8dAqkzlQqvy02E1PA,2026-05-08 10:04:38+00:00,0,48,48,72,500.2033195020747,507.766790582404,7.563471080329293,2.147505607999198
2wB9npWFFZk_first48h,2wB9npWFFZk,UCK1ejENR4sra6wiCJgOuUOg,2026-05-08 14:03:02+00:00,0,48,48,72,9340.328442972077,9399.635777998017,59.30733502594012,4.099453738556554
vzPB8jR2Gr8_first48h,vzPB8jR2Gr8,UCYzPXprvl5Y-Sf0g4vX-m6g,2026-05-07 16:01:37+00:00,0,48,48,72,642604.6803874092,733051.2450408401,90446.56465343095,11.412525565678552
lzIIC5T2RSE_first48h,lzIIC5T2RSE,UCnwI-VN5jXWIGQKOI9PMDMw,2026-05-08 17:27:34+00:00,0,48,48,72,878.0,882.3992888517047,4.399288851704682,1.686267250769033
Em7z-ENltTs_first48h,Em7z-ENltTs,UCORy0Yqzd8bVj2Gb4xyq6HA,2026-05-08 17:03:12+00:00,0,48,48,72,32043.0,32628.850493653033,585.8504936530335,6.374770091736941
n2XDB_fuv7Y_first48h,n2XDB_fuv7Y,UCWsDFcIhY2DBi3GB5uykGXA,2026-05-07 00:17:13+00:00,0,48,48,72,6688189.651527663,7153010.439572193,464820.78804452997,13.04940935959272
zyd2gDuT2R8_first48h,zyd2gDuT2R8,UCF4Wxdo3inmxP-Y59wXDsFw,2026-05-08 10:59:20+00:00,0,48,48,72,166681.78934010153,173129.5869242199,6447.79758411838,8.771648971344334
eefPAkU_Cko_first48h,eefPAkU_Cko,UCuTAXTexrhetbOe3zgskJBQ,2026-05-08 14:18:25+00:00,0,48,48,72,89808.12031466914,90158.98908032032,350.86876565117564,5.863258281227018
eQeLeVUFzrw_first48h,eQeLeVUFzrw,UCMOcj8AJi-jnlbuONEEpgww,2026-05-07 19:15:27+00:00,0,48,48,72,95026.0,95047.0,21.0,3.091042453358316
9Ptga3Oe23c_first48h,9Ptga3Oe23c,UCEuhJuBlJ02uvpVjR39RVqQ,2026-05-07 09:30:00+00:00,0,48,48,72,29364.0,31160.484511517076,1796.4845115170756,7.494143472877731
9XBCefQhEds_first48h,9XBCefQhEds,UCXOBLGJdYA1mfhOrDwQESTg,2026-05-07 09:30:09+00:00,0,48,48,72,89037.0,92368.33240667197,3331.332406671965,8.111427760217197
jtPdyL45MHY_first48h,jtPdyL45MHY,UCiS882YPwZt1NfaM0gR0D9Q,2026-05-08 12:00:06+00:00,0,48,48,72,1015921.0146148782,1048174.8510638297,32253.836448951508,10.38142327838928
IDRo3zdU_Gs_first48h,IDRo3zdU_Gs,UCVXxhhmqa51GtveM8X6lp9w,2026-05-08 16:50:09+00:00,0,48,48,72,3134.0,3208.1649232138884,74.16492321388841,4.319684675511903
1B2dO7EyqSA_first48h,1B2dO7EyqSA,UChzO3erIRWTNMP9PN4wx3sA,2026-05-07 15:52:02+00:00,0,48,48,72,66162.2837398374,66060.00832408435,0.0,0.0
iWtp_nnv40o_first48h,iWtp_nnv40o,UCm_jnI7ubEWq57tEk6pDHBw,2026-05-08 10:56:41+00:00,0,48,48,72,640.0195205030788,721.2348027842227,81.21528228114391,4.40934120061093
Ixoy6yofGvs_first48h,Ixoy6yofGvs,UCGWkDcYbDKP9r--ym28YwAQ,2026-05-07 21:39:45+00:00,0,48,48,72,95222.0,96074.28984029901,852.2898402990104,6.749099279106968
ufEaYEzFnng_first48h,ufEaYEzFnng,UCiwt1aanVMoPYUt_CQYCPQg,2026-05-08 12:01:43+00:00,0,48,48,72,1986.474820143885,2017.0506499327655,30.575829788880583,3.45239194782412
ooHlQU7NpN0_first48h,ooHlQU7NpN0,UCMJnMEgyClpkTg-Ej3U3u0w,2026-05-08 16:57:14+00:00,0,48,48,72,36895.0,37513.684409799556,618.6844097995563,6.429210331993956
7VeNBYhRRgk_first48h,7VeNBYhRRgk,UCcMTEMM9thvQDfjcdeGooRQ,2026-05-07 20:49:33+00:00,0,48,48,72,19118.24458700882,19910.092322643344,791.8477356345247,6.6756311926493135
t84CEMWfyUM_first48h,t84CEMWfyUM,UC1ifSsWUG241rRfK0ezYCgA,2026-05-08 12:05:20+00:00,0,48,48,72,2221.734779200418,2241.871305257651,20.136526057232913,3.0510026366277394
8tIl-m1X4PU_first48h,8tIl-m1X4PU,UCHilzfET9Mh0DDYEnSHaeUg,2026-05-07 15:00:13+00:00,0,48,48,72,39064.78016910069,41564.058149058146,2499.2779799574564,7.824157196657905
tV8Xo-qaNR8_first48h,tV8Xo-qaNR8,UC2VmWn8dAqkzlQqvy02E1PA,2026-05-07 15:01:31+00:00,0,48,48,72,2322.0434782608695,2517.9275480966025,195.88406983573304,5.2826150775256515
LFw3dw6tPUo_first48h,LFw3dw6tPUo,UC-EVzsFgTt29NdXVM61r4oQ,2026-05-08 16:19:21+00:00,0,48,48,72,8897.751125665165,8902.0,4.248874334834909,1.6580136412015065
l5ZTFlhvy4E_first48h,l5ZTFlhvy4E,UC-gW4TeZAlKm7UATp24JsWQ,2026-05-07 19:28:00+00:00,0,48,48,72,1082241.1818181819,1210120.005938785,127878.82412060304,11.758846227825655
ST0d1W7v06A_first48h,ST0d1W7v06A,UCBi2mrWuNuyYy4gbM6fU18Q,2026-05-08 13:52:47+00:00,0,48,48,72,15039.0,15268.929524701474,229.9295247014743,5.442112576100615
8u1iPcfJ08M_first48h,8u1iPcfJ08M,UCIul30v9pU1JxKx6jlI7wBA,2026-05-07 22:18:27+00:00,0,48,48,72,400.0,458.0,58.0,4.07753744390572
HB7kHFL3fL8_first48h,HB7kHFL3fL8,UC7eBNeDW1GQf2NJQ6G6gAxw,2026-05-08 17:00:17+00:00,0,48,48,72,53053.0,56987.10915836751,3934.109158367508,8.277693900839683
1tStsDJnCNw_first48h,1tStsDJnCNw,UCn2mYERnrasqYZoFXRNpMIQ,2026-05-08 17:48:37+00:00,0,48,48,72,43355.0,43363.8922829582,8.892282958200667,2.2917549540014432
PZtfSifPvqM_first48h,PZtfSifPvqM,UCfq4V1DAuaojnr2ryvWNysw,2026-05-08 16:46:10+00:00,0,48,48,72,109939.0,110435.16775548297,496.16775548296573,6.208927505327137
PK0YBhIhYEA_first48h,PK0YBhIhYEA,UCENoC6MLc4pL-vehJyzSWmg,2026-05-07 13:00:47+00:00,0,48,48,72,152820.55727051178,161854.47027027028,9033.912999758497,9.108851573733537
jJw0oOetgPM_first48h,jJw0oOetgPM,UCkKJhKO73xF1pK5h9R82ZGQ,2026-05-08 09:04:40+00:00,0,48,48,72,4275.938285090115,4429.965763195435,154.02747810532037,5.043602379306183
VLqlssP1Dxw_first48h,VLqlssP1Dxw,UC3ZhM0fDxU9bqqlwWRMHwuw,2026-05-07 06:10:13+00:00,0,48,48,72,549632.0,598112.787820863,48480.787820862955,10.788943497556286
wS-6VeQGgH4_first48h,wS-6VeQGgH4,UCCQmi1Bd-_tHRm6M2uPlGUA,2026-05-07 17:13:38+00:00,0,48,48,72,11384.614093959732,12612.390134529147,1227.7760405694153,7.113773863968789
tqp37fK4yYY_first48h,tqp37fK4yYY,UCAySceX4rbSr408F1dUpuUw,2026-05-07 08:00:57+00:00,0,48,48,72,14177.0,15643.00163733115,1466.00163733115,7.290975894250845
lfF-jRcFkeg_first48h,lfF-jRcFkeg,UCLlE4endO2rIcWqUqc76xDA,2026-05-07 19:22:14+00:00,0,48,48,72,21745.705490848584,21905.8111627907,160.105671942114,5.0820604971492145
3g_3jpRXxGQ_first48h,3g_3jpRXxGQ,UCIU8ha-NHmLjtUwU7dFiXUA,2026-05-07 16:48:46+00:00,0,48,48,72,15796.0,15863.527441860466,67.52744186046584,4.227234276146668
Uvz08xkjrSY_first48h,Uvz08xkjrSY,UCd6GEK664CTEWRZda7Fu7Lg,2026-05-08 10:07:41+00:00,0,48,48,72,2006.3800757985923,2064.5979284369114,58.21785263831907,4.081223061264895
j7JddsoUH8A_first48h,j7JddsoUH8A,UCk2uxbWi5py_iJXaEsh2YRA,2026-05-08 15:27:34+00:00,0,48,48,72,2088133.2426564496,2287206.913370998,199073.67071454856,12.201435263046912
I9LwnLJ9-q0_first48h,I9LwnLJ9-q0,UC2xLESFeytXO0j7pgVBf7fg,2026-05-08 19:54:02+00:00,0,48,48,72,58950.0,71037.65243535778,12087.652435357784,9.400022476301286
CZXb7686MbM_first48h,CZXb7686MbM,UC8BxSGcBKriJvoeyKOnJ6tA,2026-05-08 14:00:21+00:00,0,48,48,72,1753.5539499036609,1839.148095909732,85.59414600607124,4.461232215201218
jU5ysw_fWnk_first48h,jU5ysw_fWnk,UCCWSG8MXoqvIEBPRnOSxwzw,2026-05-08 18:41:53+00:00,0,48,48,72,190916.35326998323,193319.37703419273,2403.0237642095017,7.784899180884734
CZYOy58RTl8_first48h,CZYOy58RTl8,UCk2U-Oqn7RXf-ydPqfSxG5g,2026-05-07 09:00:29+00:00,0,48,48,72,61468.275,76381.46005957216,14913.185059572155,9.610068056473327
xpLv8qt3CD4_first48h,xpLv8qt3CD4,UCvixJtaXuNdMPUGdOPcY8Ag,2026-05-08 19:00:06+00:00,0,48,48,72,49077.097520661155,54253.10670527957,5176.009184618415,8.55198279102017
rcrMBHrQgSI_first48h,rcrMBHrQgSI,UCUR5w0E-jQTOO8Q0FZ4ilYQ,2026-05-07 10:01:23+00:00,0,48,48,72,282861.0943238731,306725.57144793926,23864.47712406615,10.080188221868102
xt5qrEwGX7M_first48h,xt5qrEwGX7M,UCOTJtP0Z9DjpPU43B5m1V6A,2026-05-08 09:59:11+00:00,0,48,48,72,207918.64612057313,220752.20927569424,12833.563155121112,9.459897057285517
Q-U2c9km9nM_first48h,Q-U2c9km9nM,UCNb9uOjbsdxAJgK1TI--o6w,2026-05-08 18:46:19+00:00,0,48,48,72,224106.4063368538,224113.0,6.593663146195468,2.027314102937367
y99zdZZxTe0_first48h,y99zdZZxTe0,UC2dq2kvvBDHbnwuFd3_9b3A,2026-05-07 22:30:27+00:00,0,48,48,72,25543.250589159466,26011.128205128207,467.87761596874043,6.1503417876320015
tE7IkZAprA0_first48h,tE7IkZAprA0,UC5nwNW4KdC0SzrhF9BXEYOQ,2026-05-08 15:04:25+00:00,0,48,48,72,4054.0,4390.658357444914,336.65835744491415,5.822034607513476
LU5jnplrn3k_first48h,LU5jnplrn3k,UCR3asjvr_WAaxwJYEDV_Bfw,2026-05-08 14:52:51+00:00,0,48,48,72,7833.0,8086.0,253.0,5.537334267018537
psvG-L8DRSk_first48h,psvG-L8DRSk,UCHsKlGM7IXNnQqA6S8mEmBQ,2026-05-08 14:50:01+00:00,0,48,48,72,31081.0,32619.0,1538.0,7.338888133838879
gBbY_LpC4Sw_first48h,gBbY_LpC4Sw,UCGCZAYq5Xxojl_tSXcVJhiQ,2026-05-07 04:02:20+00:00,0,48,48,72,86532.8492706645,111703.19581825493,25170.346547590423,10.133461584814814
__3SadBBK-k_first48h,__3SadBBK-k,UChqUTb7kYRX8-EiaN3XFrSQ,2026-05-08 11:41:16+00:00,0,48,48,72,39490.0,39610.550174737895,120.55017473789485,4.800327138341476
ctQzY7e91zA_first48h,ctQzY7e91zA,UCqaOC0lzyzUoJTBONXh3LGA,2026-05-08 17:58:51+00:00,0,48,48,72,570160.0905077263,570201.1757469245,41.08523919817526,3.7396970663393265
l6zykIFzJv8_first48h,l6zykIFzJv8,UCPZIPuQPrfrUG9Xe_okEmQA,2026-05-08 13:35:35+00:00,0,48,48,72,142608.9012229539,152548.1902864259,9939.28906347201,9.204351380059975
rIYmRSnDViU_first48h,rIYmRSnDViU,UCiwt1aanVMoPYUt_CQYCPQg,2026-05-08 16:30:31+00:00,0,48,48,72,20852.038062283737,21771.120397186594,919.0823349028578,6.824463160498324
3urPfk-8l9g_first48h,3urPfk-8l9g,UCRN5ho3UGhUi7ZCBe2G2f2w,2026-05-08 19:27:34+00:00,0,48,48,72,192517.0,193519.52343425964,1002.5234342596377,6.911272520489525
vL7mWQCoFi4_first48h,vL7mWQCoFi4,UC4Aa3OPkMenwTANpf0oWVRQ,2026-05-08 00:31:16+00:00,0,48,48,72,105411.0,106488.89211136891,1077.892111368914,6.983689970795383
ThPxPwaiur8_first48h,ThPxPwaiur8,UCaHvWPMrGgcd42waw4WYQ6w,2026-05-08 11:51:41+00:00,0,48,48,72,47162.92141245188,51404.38882167917,4241.467409227291,8.352900315105343
TmTGXqZlCoU_first48h,TmTGXqZlCoU,UCQhaZjODkIjuv38d-i5TVRw,2026-05-07 11:36:35+00:00,0,48,48,72,10247.482506102522,10419.541866028709,172.05935992618652,5.15363465660586
5a5GwrInJ7w_first48h,5a5GwrInJ7w,UC7jO_iRTMr2Ld_Z7nK2y9eA,2026-05-07 13:20:53+00:00,0,48,48,72,70052.0,105455.86232216613,35403.862322166126,10.474604443423212
nkIMLKGtTvk_first48h,nkIMLKGtTvk,UC_ifDTtFAcsj-wJ5JfM27CQ,2026-05-08 16:12:47+00:00,0,48,48,72,23504.0,25180.933583665807,1676.9335836658065,7.425318305591735
VuQ1KU4KtO4_first48h,VuQ1KU4KtO4,UCkKJhKO73xF1pK5h9R82ZGQ,2026-05-07 09:30:15+00:00,0,48,48,72,111222.0,114995.61954808197,3773.6195480819733,8.236054874639242
Q-fi8M508w8_first48h,Q-fi8M508w8,UCGCZAYq5Xxojl_tSXcVJhiQ,2026-05-07 06:43:09+00:00,0,48,48,72,53997.0875,82538.32168658874,28541.234186588736,10.259140170608413
N9SiV3V5iQU_first48h,N9SiV3V5iQU,UCvaTdHTWBGv3MKj3KVqJVCw,2026-05-08 18:49:21+00:00,0,48,48,72,208022.72203765227,214401.33355749832,6378.611519846047,8.760862484178684
AXlUFEgmrDg_first48h,AXlUFEgmrDg,UCXwRxm0zS0jBNTMOVI6xZJw,2026-05-08 20:19:39+00:00,0,48,48,72,6587.0,7665.280753061598,1078.2807530615983,6.984050128874739
6si_KIa9yZM_first48h,6si_KIa9yZM,UCzQUP1qoWDoEbmsQxvdjxgQ,2026-05-08 17:00:08+00:00,0,48,48,72,472975.0,582640.3080139373,109665.30801393732,11.605197470684422
dFLu8ZHIRxQ_first48h,dFLu8ZHIRxQ,UCDBAVzfX3yZ1hah0FHnOoaA,2026-05-08 13:01:17+00:00,0,48,48,72,392970.0,419545.3828505214,26575.38285052142,10.187778237623839
cUt0y-o3kiA_first48h,cUt0y-o3kiA,UCAAvO0ehWox1bbym3rXKBZw,2026-05-07 01:00:19+00:00,0,48,48,72,1346383.8114478115,1361160.9630066904,14777.151558878832,9.600905123005763
kDizzramBE8_first48h,kDizzramBE8,UCnXJvlsx6k50xCqlz4uHarg,2026-05-07 12:00:06+00:00,0,48,48,72,3278.920065252855,4175.697856769472,896.7777915166175,6.799922589482085
HzDYzAtjGQ4_first48h,HzDYzAtjGQ4,UCXOBLGJdYA1mfhOrDwQESTg,2026-05-07 18:44:51+00:00,0,48,48,72,37955.32450331126,38279.11894273128,323.7944394200167,5.78319248812871
okpLFWEUM7c_first48h,okpLFWEUM7c,UCaHvWPMrGgcd42waw4WYQ6w,2026-05-08 11:23:17+00:00,0,48,48,72,1670.0300457217504,1709.0193548387097,38.98930911695925,3.688612146314371
vL9UJkmEwE8_first48h,vL9UJkmEwE8,UCib5ktx2na_eMmmG53TzitA,2026-05-08 12:23:15+00:00,0,48,48,72,18026.492478744276,18206.421161290324,179.92868254604764,5.1981029345373
9rieniR8ZJg_first48h,9rieniR8ZJg,UCoLrcjPV5PbUrUyXq5mjc_A,2026-05-08 00:02:47+00:00,0,48,48,72,87968.0,88634.17877447883,666.1787744788307,6.503058037707009
o-gdM1mFn6Q_first48h,o-gdM1mFn6Q,UCIkAO7iHS6R9AtcABE9MdRQ,2026-05-08 14:04:48+00:00,0,48,48,72,64674.0,67436.91774121832,2762.91774121832,7.924404423669852
dzzgslM8A7M_first48h,dzzgslM8A7M,UCZzIaWixWHa96R7K4c40_Dg,2026-05-07 03:45:58+00:00,0,48,48,72,321.0,341.4034514315597,20.403451431559688,3.0635521908718704
hhfu4TWnhFo_first48h,hhfu4TWnhFo,UCg40OxZ1GYh3u3jBntB6DLg,2026-05-08 16:30:18+00:00,0,48,48,72,14745.792390405293,14825.958392434988,80.16600202969494,4.396496465275155
dgzUlo0yq8I_first48h,dgzUlo0yq8I,UCODc8Pa-_WUMaVRp9dvmNmw,2026-05-08 20:27:02+00:00,0,48,48,72,997.0,1017.3976933784053,20.39769337840528,3.0632831301626435
iKqfrhofGuM_first48h,iKqfrhofGuM,UCHyFuvaP40uvL0RE48NbsMw,2026-05-08 19:09:35+00:00,0,48,48,72,10589.921882137962,10615.178551583627,25.256669445665466,3.2679200308868586
rsz6Mu9uvgc_first48h,rsz6Mu9uvgc,UCA_hK5eRICBdSOLlXKESvEg,2026-05-07 12:00:07+00:00,0,48,48,72,176122.0,191276.69430051814,15154.694300518138,9.626131601739646
8BuNvIyvmBY_first48h,8BuNvIyvmBY,UCkKVQ_GNjd8FbAuT6xDcWgg,2026-05-07 09:54:00+00:00,0,48,48,72,5954.0,6541.545219638243,587.545219638243,6.377653762555931
TLZI5S1dChQ_first48h,TLZI5S1dChQ,UCWO9wFxN-4UvnCkV8BloULw,2026-05-08 12:13:21+00:00,0,48,48,72,601249.9790697674,601282.2040302267,32.22496045927983,3.503301414509205
bRaNyC8K_1c_first48h,bRaNyC8K_1c,UC63anZxfVGHUEmfBAf5w7pw,2026-05-07 22:00:53+00:00,0,48,48,72,339520.00970088923,367457.83636363636,27937.82666274713,10.237772637038203
8HJX_jTlhIA_first48h,8HJX_jTlhIA,UCXIJgqnII2ZOINSWNOGFThA,2026-05-08 20:30:03+00:00,0,48,48,72,139217.56646870717,139731.46516771102,513.8986990038538,6.243970180352174
EY3LLtIty38_first48h,EY3LLtIty38,UCsRiYH-VrZ2mYsohk7GhLdQ,2026-05-08 11:11:45+00:00,0,48,48,72,156950.0,161396.30771033512,4446.307710335124,8.400054183155087
_8n79Rb0d7U_first48h,_8n79Rb0d7U,UCIU8ha-NHmLjtUwU7dFiXUA,2026-05-08 12:06:50+00:00,0,48,48,72,1294.0,1391.1672727272728,97.1672727272728,4.586672888196727
42MzuDFf6oE_first48h,42MzuDFf6oE,UCQa62kyOcsyhVUqyvRCbDNQ,2026-05-08 20:01:31+00:00,0,48,48,72,51410.0,53030.86120722799,1620.8612072279866,7.391329662104134
e8mYEnJn0xs_first48h,e8mYEnJn0xs,UC6pJGaMdx5Ter_8zYbLoRgA,2026-05-07 14:46:22+00:00,0,48,48,72,21196.57853196527,25067.532,3870.953468034728,8.261514430771241
jFs-4lufhVQ_first48h,jFs-4lufhVQ,UCIALMKvObZNtJ6AmdCLP7Lg,2026-05-08 18:53:47+00:00,0,48,48,72,7967.0,8311.584409799554,344.5844097995541,5.845236925378693
q-XoLnfYl90_first48h,q-XoLnfYl90,UCO3bfz4KY6zGT5IOaFJuxpA,2026-05-07 01:13:07+00:00,0,48,48,72,1285.0,1292.8481251685998,7.848125168599836,2.1802055912214904
29_f4SAoDAU_first48h,29_f4SAoDAU,UCuTAXTexrhetbOe3zgskJBQ,2026-05-07 00:45:04+00:00,0,48,48,72,17700.0,17808.863017392476,108.86301739247574,4.699234293334454
krZCDgsTTdw_first48h,krZCDgsTTdw,UCNBmxc6FvKyxtCpUygcdINA,2026-05-08 21:15:08+00:00,0,48,48,72,1380.0,1430.6116788321167,50.611678832116695,3.9437479808336016
FCn-XWXeTiY_first48h,FCn-XWXeTiY,UCzuAvLVHGfA9LSDYzjkxfJQ,2026-05-07 22:10:25+00:00,0,48,48,72,26578.673725490196,28447.01288659794,1868.3391611077423,7.533340257609792
Oe4a1B1u-eE_first48h,Oe4a1B1u-eE,UCtoa24oOeDyA_DCRBzqhT7Q,2026-05-08 15:49:28+00:00,0,48,48,72,5216.0,5230.947344935296,14.947344935296314,2.7692923536376526
IvSXUJJNBdg_first48h,IvSXUJJNBdg,UCIU9cV1CA6UxVmL3GPAuOCg,2026-05-08 21:12:30+00:00,0,48,48,72,1058146.0,1058216.3246179342,70.32461793418042,4.267241540396544
ywUZazGFbio_first48h,ywUZazGFbio,UCF4LEacx9sDvAbEJnlaJfKQ,2026-05-08 19:14:04+00:00,0,48,48,72,8332.0,8920.646176286726,588.6461762867257,6.379522655798131
Fy1wtMPMTdU_first48h,Fy1wtMPMTdU,UCmEBMzGiw3loRzs4e-JSggw,2026-05-08 21:12:31+00:00,0,48,48,72,56722.0,56726.0,4.0,1.6094379124341003
5r-JkHx-ry4_first48h,5r-JkHx-ry4,UCetMicrNjXa_Pev2pjl-Vjw,2026-05-08 21:29:48+00:00,0,48,48,72,15618.0964840556,15710.978387364921,92.88190330932048,4.54203764463032
8kEAiFzIhtk_first48h,8kEAiFzIhtk,UC5nwNW4KdC0SzrhF9BXEYOQ,2026-05-07 08:56:27+00:00,0,48,48,72,6580.0,6977.665514490827,397.66551449082726,5.988122755765115
zJNvm0Syq2o_first48h,zJNvm0Syq2o,UCNxBGANd7itrXCT-KiGSA-w,2026-05-08 21:37:16+00:00,0,48,48,72,39177.627411575566,40641.48911917098,1463.861707595417,7.289516119449648
IuKQ8nK6O8Y_first48h,IuKQ8nK6O8Y,UC1q4Ihlv_YhLELw-ijE0Diw,2026-05-08 11:42:05+00:00,0,48,48,72,176803.86367868067,189026.58353510895,12222.719856428273,9.41113359363946
vtzuLZjn_cY_first48h,vtzuLZjn_cY,UCpmAcCUZtDEZNQWmqwX7DxQ,2026-05-08 11:01:47+00:00,0,48,48,72,2854.5516651309727,2897.65595463138,43.1042895004075,3.7865570453055524
7R7fBkNG_5s_first48h,7R7fBkNG_5s,UCarpqAWmTDGkYyJj5syhAxA,2026-05-08 20:11:12+00:00,0,48,48,72,1996.0,2029.3646429230485,33.36464292304845,3.537028213803695
8xv_v8xF0bs_first48h,8xv_v8xF0bs,UCcukTqc1cJJ4K3c4uzxTzjA,2026-05-08 17:10:02+00:00,0,48,48,72,190034.0,209940.97818758676,19906.978187586763,9.898875844317143
GGZRFZXqPns_first48h,GGZRFZXqPns,UC52X5wxOL_s5yw0dQk7NtgA,2026-05-08 21:33:49+00:00,0,48,48,72,33353.68969746525,44792.749740178755,11439.060042713507,9.344876513408959
-rBF0_nhIRM_first48h,-rBF0_nhIRM,UCvKGiwSwqd92gUoxJI3W_fw,2026-05-08 19:26:51+00:00,0,48,48,72,84394.68874172185,94070.36138944556,9675.67264772371,9.17747338644101
I3mCDpMXE9g_first48h,I3mCDpMXE9g,UCRA5hbjN2NDxzNxXZkOAmKg,2026-05-08 23:10:34+00:00,0,48,48,72,1132.667018469657,1188.9716946676406,56.304676197983554,4.04838222943071
Gb1FAX4s0OM_first48h,Gb1FAX4s0OM,UCIul30v9pU1JxKx6jlI7wBA,2026-05-08 22:28:15+00:00,0,48,48,72,65.0,74.06634721710284,9.066347217102845,2.30919790180882
O41Wz3uWXMU_first48h,O41Wz3uWXMU,UCrbctXCueK60wHFE2o8YL-Q,2026-05-07 05:03:29+00:00,0,48,48,72,1196.6999161777032,1224.480701754386,27.780785576682774,3.359707997010349
TAFdQsyz2KM_first48h,TAFdQsyz2KM,UCvdshrdrVmCp31YTWSf_lCw,2026-05-08 21:56:56+00:00,0,48,48,72,131540.89612403102,131551.0,10.10387596898363,2.4072942337618293
Upd9cG3yStQ_first48h,Upd9cG3yStQ,UC6pJGaMdx5Ter_8zYbLoRgA,2026-05-07 14:47:48+00:00,0,48,48,72,16499.0,30976.243713733074,14477.243713733074,9.580402368095374
vxgYGGFNs98_first48h,vxgYGGFNs98,UCA7X5unt1JrIiVReQDUbl_A,2026-05-07 20:04:14+00:00,0,48,48,72,1323354.0,1916787.1489181162,593433.1489181162,13.293681533073363
6znjO6P_hEQ_first48h,6znjO6P_hEQ,UCbLj9QP9FAaHs_647QckGtg,2026-05-08 21:40:11+00:00,0,48,48,72,125860.14109206856,132106.04307001428,6245.901977945716,8.739840936310069
Z0m7S3uej4w_first48h,Z0m7S3uej4w,UCXJ46ISpHMQtXQLXg1gqf5Q,2026-05-08 23:07:57+00:00,0,48,48,72,1204.7348008385745,1225.7585891812867,21.023788342712123,3.09212315749228
cJrG54Ps_6s_first48h,cJrG54Ps_6s,UCc7o0OkR2BDFN4TCgPChjEw,2026-05-07 09:54:29+00:00,0,48,48,72,48258.0,107852.78542823925,59594.78542823925,10.99534013626178
ZYsanHlADk4_first48h,ZYsanHlADk4,UC-ujeda5rDgCe-910J5keTg,2026-05-07 10:01:04+00:00,0,48,48,72,113828.0,135737.59358799455,21909.593587994546,9.994725524326341
gE0qksivRt8_first48h,gE0qksivRt8,UCexpzYDEnfmAvPSfG4xbcjA,2026-05-08 12:39:07+00:00,0,48,48,72,1717.0,1727.4286995515695,10.42869955156948,2.436127696318058
nyhJqbqQf8E_first48h,nyhJqbqQf8E,UC7tdFNggH_jwjJTDWqYelmA,2026-05-08 22:31:34+00:00,0,48,48,72,92924.00559910414,113212.05740810913,20288.051809004988,9.91783669979122
7slJJa3WjhQ_first48h,7slJJa3WjhQ,UCjXB7nX8bL2U2sje8d212Yw,2026-05-08 21:55:56+00:00,0,48,48,72,18481.167575993764,19852.996791658312,1371.8292156645475,7.224629010314169
_Z_7KkCRid8_first48h,_Z_7KkCRid8,UCwdfm8NKZihY3Ito5ruKWeQ,2026-05-08 13:35:04+00:00,0,48,48,72,27790.0,27792.154873164218,2.154873164217861,1.1489482936693405
ry2yvz6YWBM_first48h,ry2yvz6YWBM,UCR3asjvr_WAaxwJYEDV_Bfw,2026-05-07 12:28:50+00:00,0,48,48,72,4133.0,4251.344744455159,118.34474445515934,4.782016317086831
Wzj4Y1-baLQ_first48h,Wzj4Y1-baLQ,UCEGdkq71j00u3gRELh7dDvg,2026-05-07 09:27:30+00:00,0,48,48,72,153419.11764705883,153758.71722643555,339.5995793767215,5.830707533279855
Wx8115o_LFg_first48h,Wx8115o_LFg,UCOlNt3zxzA0GufXV_yzPEMQ,2026-05-07 20:11:37+00:00,0,48,48,72,40406.29901153212,40318.019572143836,0.0,0.0
YuK-4r6V0d8_first48h,YuK-4r6V0d8,UCWNgOwKXVY3rEhoidJRwvzA,2026-05-08 22:30:17+00:00,0,48,48,72,710.0,734.2984232042048,24.298423204204823,3.2307420698467832
N0rQNHrq5R4_first48h,N0rQNHrq5R4,UCGnUbr6kmyTBkBhS3AotBfg,2026-05-08 10:00:28+00:00,0,48,48,72,28028.188985896577,32123.151220792857,4094.9622348962803,8.317756946680815
2zNoc-oGu7g_first48h,2zNoc-oGu7g,UC6CY2nCQuKuxND2-lDvGdqw,2026-05-07 11:00:05+00:00,0,48,48,72,104965.45923460899,106662.03873570949,1696.5795011004957,7.436958692563259
Hs6CU5OZB_4_first48h,Hs6CU5OZB_4,UCuTAXTexrhetbOe3zgskJBQ,2026-05-09 00:00:00+00:00,0,48,48,72,1739.0,1840.6768891561435,101.67688915614349,4.631587059051427
A9ifBHZ8fUI_first48h,A9ifBHZ8fUI,UC5nwNW4KdC0SzrhF9BXEYOQ,2026-05-08 11:47:12+00:00,0,48,48,72,329.0,339.9727976041927,10.972797604192692,2.4826372102397585
jIfhjezif8s_first48h,jIfhjezif8s,UCAnQLOgT1_Lhe4jidK-h8Hg,2026-05-08 12:01:31+00:00,0,48,48,72,53215.0,71117.63362391034,17902.63362391034,9.792758966977178
3obF84gwlp4_first48h,3obF84gwlp4,UCuTAXTexrhetbOe3zgskJBQ,2026-05-07 10:14:01+00:00,0,48,48,72,58570.54975124378,59709.63432635534,1139.084575111563,7.03885772733105
gv7SKKN5G6U_first48h,gv7SKKN5G6U,UCHJuQZuzapBh-CuhRYxIZrg,2026-05-07 21:00:50+00:00,0,48,48,72,31812.0,39793.75560995512,7981.755609955122,8.985038945367231
6_ivOgXyOJQ_first48h,6_ivOgXyOJQ,UC1dHu9GhbHH7RcHKyJdaOvA,2026-05-07 11:52:09+00:00,0,48,48,72,54386.114427860695,56917.846838407495,2531.7324105467997,7.837054003105329
m3nB9PVhNeg_first48h,m3nB9PVhNeg,UCku0WwA8FwW3ZoBTKuHq8xw,2026-05-07 22:49:42+00:00,0,48,48,72,11926.541241162608,12468.153191489362,541.6119503267546,6.2963944241746255
Tc8WJ5bQg2g_first48h,Tc8WJ5bQg2g,UC8ROUUjHzEQm-ndb69CX8Ww,2026-05-08 15:51:43+00:00,0,48,48,72,8443.0,8631.698902464279,188.69890246427894,5.245438091285217
uNunnDS25jI_first48h,uNunnDS25jI,UCQhaZjODkIjuv38d-i5TVRw,2026-05-07 12:26:31+00:00,0,48,48,72,806.2139951179821,856.6864289022695,50.47243378428743,3.941046398039015
FAxsQM0JfZk_first48h,FAxsQM0JfZk,UC1zYGo1jIIjMVDTLL3dydow,2026-05-07 07:42:11+00:00,0,48,48,72,4257.0,4450.913710322753,193.9137103227531,5.2725569494614195
4E1iQ7gvN2k_first48h,4E1iQ7gvN2k,UC52X5wxOL_s5yw0dQk7NtgA,2026-05-07 14:00:05+00:00,0,48,48,72,26203.505154639177,26509.189264229524,305.68410959034736,5.72581825885638
MsCKVvJxFiE_first48h,MsCKVvJxFiE,UCNKUkQV2R0JKakyE1vuC1lQ,2026-05-08 14:27:42+00:00,0,48,48,72,61523.041666666664,61816.91278928136,293.87112261469883,5.686538388390684
CurTULlOZZ4_first48h,CurTULlOZZ4,UCPibkYslKyJFp30ocgPryCA,2026-05-08 22:40:42+00:00,0,48,48,72,85917.91155492153,89829.40717338785,3911.495618466317,8.271930714966969
sWqaEhbOZLc_first48h,sWqaEhbOZLc,UCMLJc_D3jgFcS_48G7i4V0A,2026-05-07 11:30:00+00:00,0,48,48,72,60702.035830618894,72164.73134328358,11462.695512664686,9.346940408850381
UpK232caw54_first48h,UpK232caw54,UC5l1Yto5oOIgRXlI4p4VKbw,2026-05-08 14:38:01+00:00,0,48,48,72,1540.972401103956,1585.9193354201782,44.94693431622227,3.8274871287570793
LcmTWjveld4_first48h,LcmTWjveld4,UC-bFNSvwBh-zoQVJv_fcYWg,2026-05-07 16:49:48+00:00,0,48,48,72,61.0,64.0,3.0,1.3862943611198906
BY66DwQmlRQ_first48h,BY66DwQmlRQ,UCNsidkYpIAQ4QaufptQBPHQ,2026-05-07 22:27:32+00:00,0,48,48,72,31131.374514374515,31250.740769529733,119.36625515521882,4.790539220793774
U3zc2KayuDU_first48h,U3zc2KayuDU,UCaLjq8bBXAA7lLlHaGHvI8w,2026-05-08 23:28:40+00:00,0,48,48,72,23135.0,23171.77361563518,36.77361563517843,3.6316108598414227
X8-iAxHHtmg_first48h,X8-iAxHHtmg,UCrVtzrm96PDy0YYR2iTKUCg,2026-05-08 12:40:52+00:00,0,48,48,72,44287.0,44288.0,1.0,0.6931471805599453
Kr8OLZriFKo_first48h,Kr8OLZriFKo,UC2rBfO8HDq4OfMUTBLXVzqQ,2026-05-07 04:41:20+00:00,0,48,48,72,16069.984193011647,17258.83870967742,1188.8545166657732,7.081586323729124
9hjqTYQnWzg_first48h,9hjqTYQnWzg,UCi2GvcaxZCN-61a0co8Smnw,2026-05-08 16:18:49+00:00,0,48,48,72,80349.0,81871.9917936694,1522.9917936693964,7.329088351500727
5V78OLxMQB4_first48h,5V78OLxMQB4,UCIU8ha-NHmLjtUwU7dFiXUA,2026-05-08 17:06:33+00:00,0,48,48,72,11218.0,11335.92131147541,117.92131147540931,4.778462026284772
ry9axzRv5VE_first48h,ry9axzRv5VE,UCoNYj9OFHZn3ACmmeRCPwbA,2026-05-08 15:00:07+00:00,0,48,48,72,15623.065706570656,16840.71267869698,1217.646972126322,7.105496483047491
9jzzkSXo8A8_first48h,9jzzkSXo8A8,UCv7_krlrre3GQi79d4guxHQ,2026-05-07 10:41:54+00:00,0,48,48,72,909.0201511335013,972.0337181842036,63.01356705070236,4.159095046061216
lNd5ZNcjL4U_first48h,lNd5ZNcjL4U,UCaJ9irc3XYSp7z_Ca9qi0aQ,2026-05-08 12:57:28+00:00,0,48,48,72,17912.0,17917.580510440835,5.580510440835496,1.8841123169235328
w2B59uM-pXQ_first48h,w2B59uM-pXQ,UCGJjgsCx-yswf-0q2ELf8JQ,2026-05-07 16:31:14+00:00,0,48,48,72,722.0,693.0,0.0,0.0
6eEZ9Tle9Uk_first48h,6eEZ9Tle9Uk,UCYUbNjkuE4lsr2v1Id2O1oA,2026-05-08 19:16:15+00:00,0,48,48,72,3016.0,3276.207920792079,260.2079207920792,5.565316721567606
zoS5RV0M2x4_first48h,zoS5RV0M2x4,UCIALMKvObZNtJ6AmdCLP7Lg,2026-05-08 23:01:11+00:00,0,48,48,72,14970.0,17619.977622377624,2649.9776223776244,7.882683765052955
BbLv8sae2_o_first48h,BbLv8sae2_o,UCIALMKvObZNtJ6AmdCLP7Lg,2026-05-08 22:28:14+00:00,0,48,48,72,1509.3456582633053,1675.4753694581282,166.1297111948229,5.118770224672193
_aaONXrpJhs_first48h,_aaONXrpJhs,UCIU8ha-NHmLjtUwU7dFiXUA,2026-05-07 08:21:47+00:00,0,48,48,72,672.0836120401335,1833.3575346043353,1161.2739225642017,7.058133643335165
sVZvWDzBVbA_first48h,sVZvWDzBVbA,UCoNYj9OFHZn3ACmmeRCPwbA,2026-05-09 00:00:06+00:00,0,48,48,72,18798.0,20006.5095174005,1208.5095174005,7.0979701988909705
pJmrxm4JyYI_first48h,pJmrxm4JyYI,UCoQBJMzcwmXrRSHBFAlTsIw,2026-05-07 05:05:00+00:00,0,48,48,72,3217.7608695652175,3330.8694005485177,113.10853098330017,4.7371500216743
lNW7pyyLpZs_first48h,lNW7pyyLpZs,UCRkuUgtDAL4XSU5jB40J_wA,2026-05-08 17:01:05+00:00,0,48,48,72,856736.0,947581.2991071428,90845.29910714284,11.416924336694548
SS4h_Fo2T5M_first48h,SS4h_Fo2T5M,UCdokt2U4QvDBxWxuJ-MBGHA,2026-05-08 23:15:51+00:00,0,48,48,72,54715.48739063304,55080.315270935964,364.8278803029243,5.902162950392241
XVWpE5U67Gs_first48h,XVWpE5U67Gs,UCexpzYDEnfmAvPSfG4xbcjA,2026-05-08 12:36:41+00:00,0,48,48,72,2652.899561063775,2808.342383107089,155.4428220433142,5.052690588866224
sn7IEbqR4nk_first48h,sn7IEbqR4nk,UCyoSQyaCrZHro6F_nBiXIYg,2026-05-08 10:33:13+00:00,0,48,48,72,166665.0,169795.94279965508,3130.9427996550803,8.049408793743115
IL1ceSof_aI_first48h,IL1ceSof_aI,UCSybvgR_8VqWUE8mjIraeGw,2026-05-07 16:37:06+00:00,0,48,48,72,142137.1861252115,142183.43680709534,46.25068188383011,3.855467085239432
mB4QWcUWUMI_first48h,mB4QWcUWUMI,UCIU8ha-NHmLjtUwU7dFiXUA,2026-05-08 12:01:51+00:00,0,48,48,72,2208.0,2237.329527763363,29.329527763362876,3.4121217516275086
N7ceK17t5RA_first48h,N7ceK17t5RA,UC5l1Yto5oOIgRXlI4p4VKbw,2026-05-08 13:22:37+00:00,0,48,48,72,13502.28263002944,13828.511669259835,326.22903923039485,5.790660351494622
RW9YRziML7A_first48h,RW9YRziML7A,UC6AG81pAkf6Lbi_1VC5NmPA,2026-05-08 10:11:23+00:00,0,48,48,72,9752.213472485768,9971.290598290598,219.07712580482985,5.393978056756548
dLj5GT_w3WI_first48h,dLj5GT_w3WI,UCPten6gyvQBcVMLnoIiQN9Q,2026-05-08 13:00:09+00:00,0,48,48,72,32499.081395348836,32539.16003556346,40.07864021462228,3.715488283602634
Ltw51upVqPk_first48h,Ltw51upVqPk,UCExxWMXIf8UR5xb4eQTdh7A,2026-05-09 01:39:05+00:00,0,48,48,72,6615.571756601607,6661.186885245902,45.6151286442946,3.841925137463708
4G8MT-z3p38_first48h,4G8MT-z3p38,UC7tdFNggH_jwjJTDWqYelmA,2026-05-09 01:13:08+00:00,0,48,48,72,5499.0,7872.569046756071,2373.5690467560707,7.772571246006529
pfzdglUdPFA_first48h,pfzdglUdPFA,UCX9T2vC1e3gsd-VHeJlk4jQ,2026-05-08 10:35:44+00:00,0,48,48,72,1388.5206611570247,1436.7082742316784,48.187613074653655,3.895641825024355
looavAivwMQ_first48h,looavAivwMQ,UCyxNn8Emqqo3z6VQKFEQcvA,2026-05-08 15:58:14+00:00,0,48,48,72,20683.720259128386,20771.924832214765,88.20457308637924,4.490932306056337
lN8KpN02YT0_first48h,lN8KpN02YT0,UCkKJhKO73xF1pK5h9R82ZGQ,2026-05-07 09:51:06+00:00,0,48,48,72,2849.4804655029093,2987.083916083916,137.60345058100665,4.931616982412763
3QggNdyIdb4_first48h,3QggNdyIdb4,UCBZZzp0XhGNoThhHsvzgqzA,2026-05-07 23:15:00+00:00,0,48,48,72,61.0,65.0,4.0,1.6094379124341003
Flf1YQn1Epg_first48h,Flf1YQn1Epg,UC9i-5Q3FPF4SOK_BzX9Y_5g,2026-05-08 14:37:01+00:00,0,48,48,72,84878.0,85157.28978410861,279.2897841086087,5.6358240112297455
CMyo7sMpWdE_first48h,CMyo7sMpWdE,UCfq4V1DAuaojnr2ryvWNysw,2026-05-08 09:53:32+00:00,0,48,48,72,195470.19300605246,222478.2817159299,27008.088709877426,10.203928707227389
fClh5QmrAHk_first48h,fClh5QmrAHk,UCMXR0GRIKcohg_YTzabuzvA,2026-05-07 09:41:24+00:00,0,48,48,72,415.4291666666667,547.7696440564137,132.34047738974698,4.892905837427595
pIB5DTYvjvU_first48h,pIB5DTYvjvU,UCsGqE-IVUCwyyi_WRsvVLJg,2026-05-07 12:30:06+00:00,0,48,48,72,11807.0,12669.720742150334,862.7207421503335,6.761249501455016
WPUNH_C72Go_first48h,WPUNH_C72Go,UCpu3bemTQwAU8PqM4kJdoEQ,2026-05-09 01:36:45+00:00,0,48,48,72,2207.5414110429447,2232.5096272019664,24.968216159021722,3.2568733347911074
pS4obSXjtlA_first48h,pS4obSXjtlA,UCBuotNL7-vTwIWzwXbcm0Fg,2026-05-08 23:46:25+00:00,0,48,48,72,5292.0,5308.834507751158,16.834507751157616,2.8811352182705923
gEwwFHUlQMw_first48h,gEwwFHUlQMw,UC6AG81pAkf6Lbi_1VC5NmPA,2026-05-09 01:10:30+00:00,0,48,48,72,35670.0,35879.24863883848,209.24863883847866,5.348290824817731
K3AZOLBmE4g_first48h,K3AZOLBmE4g,UCtUM3ZNoM1ngtcX8Y2Y3PYw,2026-05-08 22:27:44+00:00,0,48,48,72,52966.0,57823.83406113537,4857.834061135371,8.488553782996524
F2nS96jQty4_first48h,F2nS96jQty4,UCQ6RtwFR0XV2yZFhRj8JZfA,2026-05-07 22:59:59+00:00,0,48,48,72,96.99056603773585,98.0,1.0094339622641542,0.6978530715973595
9t00xGZYWB0_first48h,9t00xGZYWB0,UCxXTyFekH99JnS3qaXIQW7A,2026-05-09 01:49:38+00:00,0,48,48,72,1653.549107142857,1710.063723448563,56.514616305705886,4.05203911212179
PQl6LS5CiDo_first48h,PQl6LS5CiDo,UChypcqzwU_8ZD_pTiWquBOw,2026-05-09 00:54:22+00:00,0,48,48,72,47168.0,47182.3818580834,14.381858083397674,2.7331887684447045
qelA4Hzrf8s_first48h,qelA4Hzrf8s,UChlgI3UHCOnwUGzWzbJ3H5w,2026-05-09 00:17:18+00:00,0,48,48,72,175822.64922159657,179357.94277879343,3535.2935571968555,8.170834439880847
b_n9gwiZMDg_first48h,b_n9gwiZMDg,UC6ZFN9Tx6xh-skXCuRHCDpQ,2026-05-08 23:05:12+00:00,0,48,48,72,209111.0,232534.60073037128,23423.600730371283,10.061542062366753
7upmV12yPZA_first48h,7upmV12yPZA,UC0l4egqFkC7XQvZFW1qajPg,2026-05-08 17:42:01+00:00,0,48,48,72,213430.28860190904,214410.95985475086,980.6712528418284,6.889256479231957
Rl_hAXDTb1s_first48h,Rl_hAXDTb1s,UCmgMQUgO5nJxM5ORoz59MXg,2026-05-07 20:00:18+00:00,0,48,48,72,91229.2142279709,103692.17098039215,12462.956752421262,9.430596298305188
_ELXgAMakro_first48h,_ELXgAMakro,UCdEqVBX1Tboh4u5UOuIKu7Q,2026-05-09 01:30:34+00:00,0,48,48,72,216.2169556840077,253.13975218362788,36.922796499620176,3.6355524220204716
CRYB6WaVGY4_first48h,CRYB6WaVGY4,UC477Kvszl9JivqOxN1dFgPQ,2026-05-08 19:00:00+00:00,0,48,48,72,657397.0,794920.6238441865,137523.62384418654,11.83155826255858
2XvCPxKTXm4_first48h,2XvCPxKTXm4,UCIhiLrReluo0GbUMCEXIDyw,2026-05-07 21:45:34+00:00,0,48,48,72,25586.0,26152.295721077655,566.2957210776549,6.340880721694619
CoHX5OVgo1w_first48h,CoHX5OVgo1w,UCmU9b04Ym19_OvsSdt7rRYg,2026-05-07 17:25:36+00:00,0,48,48,72,7914.0,7930.0,16.0,2.833213344056216
0iJzIglghEE_first48h,0iJzIglghEE,UCD1rbchGoEjBY1F5I1q48Dw,2026-05-09 01:42:56+00:00,0,48,48,72,1171706.8050555342,1171873.046875,166.24181946576573,5.119440785798748
o9f5irzKzeQ_first48h,o9f5irzKzeQ,UCF4Wxdo3inmxP-Y59wXDsFw,2026-05-09 03:22:08+00:00,0,48,48,72,59225.0,59786.000405104314,561.0004051043143,6.331502570719613
VGDxT6nzeig_first48h,VGDxT6nzeig,UCuTAXTexrhetbOe3zgskJBQ,2026-05-07 22:24:37+00:00,0,48,48,72,3756.0,3908.164426059979,152.16442605997918,5.031512024467723
o1xJ9liChck_first48h,o1xJ9liChck,UCMBzCzLVj4J40PUtQUSY0eQ,2026-05-09 00:47:51+00:00,0,48,48,72,71470.0,73266.13377073081,1796.133770730812,7.4939483251541965
5xDnY78RBeg_first48h,5xDnY78RBeg,UC8p1vwvWtl6T73JiExfWs1g,2026-05-08 13:21:01+00:00,0,48,48,72,140138.0,141176.86066308245,1038.8606630824506,6.946842005354254
f3UMGA5xb68_first48h,f3UMGA5xb68,UCF2e8f4ifh-_tzKRDqS4Wzg,2026-05-09 00:10:11+00:00,0,48,48,72,3296631.293965962,3297827.868013836,1196.5740478741936,7.088053162758889
PsYSQGOdmq8_first48h,PsYSQGOdmq8,UCKDhW7EA8QQhVeYSxO0Jrqg,2026-05-07 16:13:17+00:00,0,48,48,72,1216.0,1232.456153846154,16.45615384615394,2.8596922424199995
iKcnseuV1B0_first48h,iKcnseuV1B0,UCLv3v82YNNsa8EsxrcPMjGQ,2026-05-08 00:12:17+00:00,0,48,48,72,48655.0,49441.75966993296,786.7596699329588,6.669193055945043
seo92Db-Syo_first48h,seo92Db-Syo,UCR3asjvr_WAaxwJYEDV_Bfw,2026-05-08 13:54:12+00:00,0,48,48,72,6924.029197080292,7315.010046885465,390.9808498051734,5.9712129860593155
UuOsjMK_XZk_first48h,UuOsjMK_XZk,UCODc8Pa-_WUMaVRp9dvmNmw,2026-05-07 22:50:57+00:00,0,48,48,72,12558.0,12571.930891719745,13.930891719744977,2.7034323364751645
PgJV4V9OuaE_first48h,PgJV4V9OuaE,UCD_zO_MDaC7MyekAmrn6WVQ,2026-05-07 16:00:46+00:00,0,48,48,72,39330.83544303798,48360.45982444294,9029.624381404967,9.108376789248181
PDkqXeT-hWo_first48h,PDkqXeT-hWo,UCGKL5LoNqNAR8yCj8wiWScA,2026-05-07 16:52:47+00:00,0,48,48,72,34894.06543624161,36329.400744416875,1435.3353081752648,7.269850223865742
JbRBCNLWGOk_first48h,JbRBCNLWGOk,UCdOJAN1W_Y8yQZrnOW4yKKQ,2026-05-08 09:58:10+00:00,0,48,48,72,418.57297590035205,625.5075144508671,206.93453855051507,5.337223311659916
MR0sKeOyRD0_first48h,MR0sKeOyRD0,UC5qSUdhxQMdFm7AjXt-QDxg,2026-05-08 18:08:04+00:00,0,48,48,72,34291.0,35667.178691588786,1376.178691588786,7.227792259073968
tqwff4gkRXw_first48h,tqwff4gkRXw,UCSWOnDD1KIriGmyQ7SgNA4A,2026-05-08 23:11:14+00:00,0,48,48,72,443475.24696802645,444148.2151401869,672.9681721604429,6.513182887483415
O9a9La9VUKI_first48h,O9a9La9VUKI,UCgnysg0nQxiD1ahcBMuwuUA,2026-05-09 02:01:21+00:00,0,48,48,72,1077710.3177638839,1082732.5583524026,5022.240588518791,8.521830539978831
EGiqxUjr0so_first48h,EGiqxUjr0so,UCI9CLAkPxQ6b9T82jNK2kqg,2026-05-07 21:41:54+00:00,0,48,48,72,720.1446540880503,888.7797402597403,168.63508617168998,5.133649577974234
KYcKhoSMB7A_first48h,KYcKhoSMB7A,UCUaOgmrSO6N6TUVCQfp3yww,2026-05-07 18:15:59+00:00,0,48,48,72,4.0,4.0,0.0,0.0
UceXGNRV7Uc_first48h,UceXGNRV7Uc,UCfn_5Hfc7ZK9jZlsnoxlIHw,2026-05-08 11:00:50+00:00,0,48,48,72,7604.311325818572,9156.42846516241,1552.1171393438372,7.348019248085119
jJXyCP7n298_first48h,jJXyCP7n298,UClQ5uf3vMejw6-BalB-xeOg,2026-05-08 14:23:14+00:00,0,48,48,72,10763.452347745235,10915.216481907551,151.76413416231662,5.028895125111806
_ZKIYRm1S-k_first48h,_ZKIYRm1S-k,UCfmkz6A3aTJwJzox2xhAuRw,2026-05-09 03:28:16+00:00,0,48,48,72,1811.0,1881.623023915687,70.6230239156871,4.271416585344533
owFZVWRoRTM_first48h,owFZVWRoRTM,UCLe_q9axMaeTbjN0hy1Z9xA,2026-05-08 15:01:37+00:00,0,48,48,72,615790.1438547486,705002.2124244319,89212.06856968335,11.398782816465497
5VJvYcPQ32I_first48h,5VJvYcPQ32I,UC8vKBjGY2HVfbW9GAmgikWw,2026-05-08 18:54:12+00:00,0,48,48,72,48449.0,49008.89766680311,559.89766680311,6.329538476767914
FRXgpbzi1Us_first48h,FRXgpbzi1Us,UCJg9wBPyKMNA5sRDnvzmkdg,2026-05-08 22:06:30+00:00,0,48,48,72,108555.21244550138,112275.12776762136,3719.9153221199813,8.221724971334117
inMC82cffYU_first48h,inMC82cffYU,UCpu3bemTQwAU8PqM4kJdoEQ,2026-05-09 02:23:51+00:00,0,48,48,72,1097.539468897781,1206.0645364725667,108.52506757478568,4.696153450680239
dRp0-8qOmAM_first48h,dRp0-8qOmAM,UCantjb1gLVf1F4X5Ut8UcgA,2026-05-09 03:45:41+00:00,0,48,48,72,56853.0,56891.405875051714,38.40587505171425,3.673914918175323
d2odvYy6TCA_first48h,d2odvYy6TCA,UCZvWI9aiyzMp-osh-XbU7xA,2026-05-07 22:12:43+00:00,0,48,48,72,9133.0,9475.967741935485,342.9677419354848,5.840547879533036
dNYW4Qgd1vA_first48h,dNYW4Qgd1vA,UCwDyCMbrFn0RkqXdCKxjIbg,2026-05-07 11:00:06+00:00,0,48,48,72,9281.905121746431,9451.078020683335,169.17289893690395,5.136814972772731
kLB1l_RVe5M_first48h,kLB1l_RVe5M,UCQ9eDVhFn_jq7eTpjf21ouA,2026-05-08 11:52:52+00:00,0,48,48,72,298031.5318870883,329723.68333772046,31692.15145063214,10.363855893958005
qE0LAl4-U68_first48h,qE0LAl4-U68,UCnVJ112p6NFV8VcyYAgPlMg,2026-05-09 01:11:57+00:00,0,48,48,72,70.0,76.07765567765567,6.07765567765567,1.9569427338984484
4qjf9z5_aPo_first48h,4qjf9z5_aPo,UCnVJ112p6NFV8VcyYAgPlMg,2026-05-09 00:54:09+00:00,0,48,48,72,60.0,78.02490842490842,18.024908424908418,2.9457490903279346
CzrUxYPsT8M_first48h,CzrUxYPsT8M,UC1eyYJRpM_g5WBp60mmRwCQ,2026-05-08 12:11:18+00:00,0,48,48,72,77429.8675643875,85050.93678707225,7621.069222684746,8.938803163350679
ther8bTJt4g_first48h,ther8bTJt4g,UC1eyYJRpM_g5WBp60mmRwCQ,2026-05-07 14:23:20+00:00,0,48,48,72,41656.2187742436,44651.870140612074,2995.6513663684746,8.005250733012044
oMteHKRPI24_first48h,oMteHKRPI24,UC4LjkybVKXCDlneVXlKAbmw,2026-05-09 03:46:34+00:00,0,48,48,72,15570.0,15587.939368770763,17.939368770763394,2.9412427593653456
Q3FAQkOyvYE_first48h,Q3FAQkOyvYE,UC5nwNW4KdC0SzrhF9BXEYOQ,2026-05-09 04:14:27+00:00,0,48,48,72,38298.65582475938,39100.017964071856,801.3621393124777,6.6875600512280275
P40z5-ok_QE_first48h,P40z5-ok_QE,UC5nwNW4KdC0SzrhF9BXEYOQ,2026-05-09 04:08:56+00:00,0,48,48,72,3617.568679495687,3793.8709248170326,176.3022453213457,5.177855876966956
MLziSPNvdu4_first48h,MLziSPNvdu4,UCLG2sbIo3Rktb77h6q9yuDw,2026-05-08 14:03:17+00:00,0,48,48,72,113969.0,115994.58759981212,2025.5875998121192,7.614108672280468
oqtAgBOcAtA_first48h,oqtAgBOcAtA,UCLONYvLH7pQ9rNlS5QOMrPA,2026-05-07 10:59:28+00:00,0,48,48,72,25547.558388157893,26757.237654723125,1209.679266565232,7.09893685840412
OcUewUGjagQ_first48h,OcUewUGjagQ,UCuTAXTexrhetbOe3zgskJBQ,2026-05-09 04:05:39+00:00,0,48,48,72,21634.0,22371.854807896412,737.8548078964122,6.605101430598434
Fyew49phL7E_first48h,Fyew49phL7E,UC6ZFN9Tx6xh-skXCuRHCDpQ,2026-05-08 22:44:47+00:00,0,48,48,72,61854.301886792455,62563.49545454545,709.1935677529982,6.565537563516408
IVIxQc-32EA_first48h,IVIxQc-32EA,UC64F2oovpjsxy06vTdrJG-g,2026-05-09 03:56:37+00:00,0,48,48,72,952.0,1471.265849095822,519.265849095822,6.254339929193803
igO1LNYZ50s_first48h,igO1LNYZ50s,UCTHCOPwqNfZ0uiKOvFyhGwg,2026-05-09 04:07:30+00:00,0,48,48,72,1235.6289222373807,1354.07705553164,118.44813329425938,4.782882246142461
8qR51VZn2wk_first48h,8qR51VZn2wk,UCv1tOT645xHOJrwdGlzjMaA,2026-05-07 12:25:52+00:00,0,48,48,72,85600.66115702476,191600.34232715008,105999.68117012532,11.571200799206814
XH-xEo3_KUY_first48h,XH-xEo3_KUY,UCCjG8NtOig0USdrT5D1FpxQ,2026-05-08 19:14:41+00:00,0,48,48,72,53973.12382009994,64808.788299817184,10835.664479717241,9.290690522819661
rojBHyYKGSs_first48h,rojBHyYKGSs,UC1dG3vI9FfHnH3YgyeKUz_A,2026-05-08 14:30:41+00:00,0,48,48,72,149603.0,160756.0609592111,11153.060959211114,9.319558922167765
oQL_b7xFy_g_first48h,oQL_b7xFy_g,UCL0_NxCvkcXwZHpvqgMZY-A,2026-05-09 04:44:36+00:00,0,48,48,72,3819.0,3839.6035976015987,20.60359760159872,3.0728598564508407
4VVdcu1bzmQ_first48h,4VVdcu1bzmQ,UC5l1Yto5oOIgRXlI4p4VKbw,2026-05-08 11:30:06+00:00,0,48,48,72,1931.0,2197.063118228921,266.0631182289212,5.5874850283238064
_6VeAg9hVMg_first48h,_6VeAg9hVMg,UCqQo7ewe87aYAe7ub5UqXMw,2026-05-09 04:31:21+00:00,0,48,48,72,35507.449327648406,36059.048588312544,551.5992606641375,6.314633074566122
-KCxTw5lFcs_first48h,-KCxTw5lFcs,UCtRQx6izrg2R00c8aGOVzUg,2026-05-08 14:02:12+00:00,0,48,48,72,6565.610358180058,6653.236346516008,87.62598833594984,4.484425136676709
mXj84g1qZKw_first48h,mXj84g1qZKw,UCGCZAYq5Xxojl_tSXcVJhiQ,2026-05-07 08:36:08+00:00,0,48,48,72,5912.0,6005.987271496277,93.98727149627666,4.55374289837413
EkPJgZOJSc8_first48h,EkPJgZOJSc8,UCS3nuaXXw7nsiSzdJ5HJaoQ,2026-05-09 03:58:29+00:00,0,48,48,72,11159.0,11240.148471615721,81.14847161572106,4.408528239510706
Hje_pZr1tyE_first48h,Hje_pZr1tyE,UCt9kDudA1tTXS7TR-g2X_-A,2026-05-07 15:11:13+00:00,0,48,48,72,23775.44849445325,25354.572413793103,1579.1239193398542,7.365258552907477
U3wO7mWwNkI_first48h,U3wO7mWwNkI,UCUk7VggtJdo9XYTy3Z5QVAw,2026-05-09 05:08:27+00:00,0,48,48,72,110978.0,116166.20296263542,5188.20296263542,8.55433539262004
U1K7-qsZ95I_first48h,U1K7-qsZ95I,UCDoTL_pndu118kDgTSDQi-g,2026-05-09 03:49:35+00:00,0,48,48,72,52908.0,52947.5342351717,39.53423517169722,3.7021469299181855
W09DxeDO7Vk_first48h,W09DxeDO7Vk,UC5nwNW4KdC0SzrhF9BXEYOQ,2026-05-09 04:00:06+00:00,0,48,48,72,853.0,926.1988648307757,73.19886483077573,4.3067488512797
6oKdexMqWo0_first48h,6oKdexMqWo0,UC2VmWn8dAqkzlQqvy02E1PA,2026-05-09 04:52:59+00:00,0,48,48,72,6973.910313901345,7197.259795570699,223.34948166935374,5.413205022053171
1SZ0hKzbPWc_first48h,1SZ0hKzbPWc,UCNsidkYpIAQ4QaufptQBPHQ,2026-05-07 23:41:54+00:00,0,48,48,72,25982.0,25952.047804119706,0.0,0.0
5uT_EqDuiW4_first48h,5uT_EqDuiW4,UC6AG81pAkf6Lbi_1VC5NmPA,2026-05-07 09:34:26+00:00,0,48,48,72,9752.510851419032,9808.81350482315,56.302653404118246,4.048346929875742
44VqrCCp5Ys_first48h,44VqrCCp5Ys,UCry2gCVdntv6r661sKUiKXw,2026-05-09 03:28:20+00:00,0,48,48,72,2228.0,2331.080713851146,103.0807138511459,4.645166692858149
lsXgZkXRlRY_first48h,lsXgZkXRlRY,UCoe5u1Hr0tHkJVzgsiKoMJg,2026-05-09 05:00:44+00:00,0,48,48,72,1184.0,1233.3958065896447,49.395806589644735,3.919907969029382
dPbzqzWnjwA_first48h,dPbzqzWnjwA,UCEWqfxUKLIpqyMzebADGUlg,2026-05-07 09:00:53+00:00,0,48,48,72,194742.0,211322.80620985013,16580.806209850125,9.716061361830048
KIGw7DTN9Ho_first48h,KIGw7DTN9Ho,UCiCtfd2JP-IWrrVY-WENCMQ,2026-05-09 04:00:18+00:00,0,48,48,72,156269.0,156286.33568904593,17.335689045925392,2.908849381723902
WmzQQyG4_mw_first48h,WmzQQyG4_mw,UCoNYj9OFHZn3ACmmeRCPwbA,2026-05-08 11:23:49+00:00,0,48,48,72,10903.094259012016,10958.045891931903,54.95163291988683,4.024487619674085
WrCZl8G8eCs_first48h,WrCZl8G8eCs,UCcbjV9pxJa5y7pTINthXyrw,2026-05-08 11:28:54+00:00,0,48,48,72,28872.913758523868,36941.09523809524,8068.181479571369,8.995807328557463
rFVBqo2unFY_first48h,rFVBqo2unFY,UCuTAXTexrhetbOe3zgskJBQ,2026-05-08 11:26:03+00:00,0,48,48,72,14870.967923015236,15301.973529411765,431.0056063965294,6.068438565929644
G6R-TvmuE_Q_first48h,G6R-TvmuE_Q,UCzYfz8uibvnB7Yc1LjePi4g,2026-05-08 22:23:13+00:00,0,48,48,72,466215.0,504200.91564291564,37985.91564291564,10.544997054228563
G0fTflXuwu0_first48h,G0fTflXuwu0,UCNXjJ4Igw2Ir8774eBNb4yA,2026-05-08 21:43:55+00:00,0,48,48,72,1363.0,1671.9501837484688,308.9501837484688,5.736411586980367
ueoA9W0_tLo_first48h,ueoA9W0_tLo,UCrvhNP_lWuPIP6QZzJmM-bw,2026-05-08 18:45:07+00:00,0,48,48,72,23808.0,24446.369409842762,638.3694098427623,6.4604823935087445
FsuPgdbIa6I_first48h,FsuPgdbIa6I,UCHK_Z9vb2_tzr6qekkwWPIA,2026-05-09 02:00:13+00:00,0,48,48,72,1284.3247049866768,1436.3058532563891,151.98114826971232,5.030314699877527
WfHGO1IBk9c_first48h,WfHGO1IBk9c,UCkF-6h_Zgf9zXNUmUB-MzTw,2026-05-09 01:29:28+00:00,0,48,48,72,98349.97716025884,103687.49938169828,5337.522221439431,8.582704156097178
1ru-fmhDnEc_first48h,1ru-fmhDnEc,UCYUGo6ZfQZCTMrK9rMDijNQ,2026-05-09 06:11:34+00:00,0,48,48,72,43989.0,44133.448979591834,144.44897959183436,4.979825369391228
qprPJqS9ayY_first48h,qprPJqS9ayY,UCEh5UPBv0alseI62OJhnKow,2026-05-09 05:19:32+00:00,0,48,48,72,2473.6209987195903,2919.0824105621805,445.4614118425902,6.101352972937001
VC4Fl0XobnU_first48h,VC4Fl0XobnU,UC2TuODJhC03pLgd6MpWP0iw,2026-05-09 06:35:00+00:00,0,48,48,72,7506.0,7516.232131147541,10.232131147540713,2.418778523456449
urb1o2ZV6GQ_first48h,urb1o2ZV6GQ,UCiQHlJWI2rqWs73KkW-zjSQ,2026-05-08 13:25:09+00:00,0,48,48,72,6173.0,6226.273428089617,53.27342808961657,3.9940347533848684
MYWu1D1Yrq4_first48h,MYWu1D1Yrq4,UCuTAXTexrhetbOe3zgskJBQ,2026-05-09 03:32:52+00:00,0,48,48,72,12903.0,13268.493419678296,365.49341967829605,5.90398056667247
ZPKAzAAxtzg_first48h,ZPKAzAAxtzg,UC-fzWbU1zavz77kP1gPPdSg,2026-05-08 12:29:05+00:00,0,48,48,72,575672.0,576198.8449185044,526.8449185043573,6.268802525609708
SSxDyyAwFU4_first48h,SSxDyyAwFU4,UCDn8Lqf-x0zD8hmFUg08f6w,2026-05-09 06:37:04+00:00,0,48,48,72,143537.0,154306.88981779208,10769.889817792078,9.284602386773992
n5WudFj--a4_first48h,n5WudFj--a4,UCouaZqnOJay2Lacj8fomO3Q,2026-05-09 05:01:00+00:00,0,48,48,72,71429.88732394367,71768.09009338949,338.2027694458229,5.826598068524226
HeB8Ru-RODo_first48h,HeB8Ru-RODo,UCaLjq8bBXAA7lLlHaGHvI8w,2026-05-09 02:20:22+00:00,0,48,48,72,21065.82872928177,21110.71773522065,44.88900593887956,3.826225566347749
XgNWdh7KwxY_first48h,XgNWdh7KwxY,UCcT6w3xUyVshyR2_2vrMp1w,2026-05-09 03:00:49+00:00,0,48,48,72,5483.387845303868,6524.954204829309,1041.566359525441,6.949440605868159
32jzdSigX1s_first48h,32jzdSigX1s,UC29bqEA2oMcQLISYEWC7nDA,2026-05-09 02:57:21+00:00,0,48,48,72,202964.36256448049,203576.97481789804,612.612253417552,6.419363219569352
-KRJ2hQSkzw_first48h,-KRJ2hQSkzw,UCLZ-0qWzJr33yxQ4z8ag3QQ,2026-05-09 02:22:39+00:00,0,48,48,72,7933.48643761302,7997.877211457456,64.3907738444359,4.180381175796414
R-WbAau45tE_first48h,R-WbAau45tE,UCWskYkV4c4S9D__rsfOl2JA,2026-05-08 12:41:08+00:00,0,48,48,72,15568.0,16492.18448438978,924.1844843897816,6.829993160209945
3W1NhLzJFp0_first48h,3W1NhLzJFp0,UCjXTgj2f0pVxwvIZVlzQ6Jw,2026-05-08 13:11:44+00:00,0,48,48,72,1328.0,1338.1483387927,10.148338792700088,2.4112904996046463
1eqO-P1EkpY_first48h,1eqO-P1EkpY,UCz6XquIbM5OcfK7r3hQQCXA,2026-05-08 18:09:37+00:00,0,48,48,72,239918.77234869517,265357.6263687151,25438.854020019906,10.14407227923083
9t8samcUDOg_first48h,9t8samcUDOg,UCTvZcgH_rsvaGuZ8mU5jpnA,2026-05-09 01:15:53+00:00,0,48,48,72,7402.0,7496.823367571534,94.82336757153371,4.562506575603994
HisWQVg5WC4_first48h,HisWQVg5WC4,UC1VKVKhJLc7PjdPPVxTDk0Q,2026-05-09 05:17:21+00:00,0,48,48,72,134662.31988472622,135032.34504792333,370.0251631971041,5.916269885636523
GHqOc_kGAtI_first48h,GHqOc_kGAtI,UCGCZAYq5Xxojl_tSXcVJhiQ,2026-05-09 03:17:22+00:00,0,48,48,72,4001.8137432188064,4033.101014370245,31.287271151438745,3.474673070559093
K0x4ZU4rFmc_first48h,K0x4ZU4rFmc,UC52X5wxOL_s5yw0dQk7NtgA,2026-05-08 23:27:53+00:00,0,48,48,72,190784.04420817012,210649.74485910128,19865.70065093116,9.896800275001208
RxMl7Ph6urM_first48h,RxMl7Ph6urM,UCwjVcMTea1yIoZzLdE3Riaw,2026-05-07 14:51:49+00:00,0,48,48,72,6442.430769230767,8916.348224970085,2473.917455739318,7.813962323230189
wJgRzMrW4Wk_first48h,wJgRzMrW4Wk,UCKa1VlSq1WwdSQWv4JFdgxg,2026-05-07 10:01:36+00:00,0,48,48,72,12368.0,14597.180370660402,2229.1803706604023,7.70983774488747
5d7w82oKE4Q_first48h,5d7w82oKE4Q,UCzpwkXk_GlfmWntZ9v4l3Tg,2026-05-07 12:59:06+00:00,0,48,48,72,28648.9958643507,31466.39504716981,2817.39918281911,7.943924337082021
kP0AZlkxySA_first48h,kP0AZlkxySA,UC2TuODJhC03pLgd6MpWP0iw,2026-05-09 07:30:06+00:00,0,48,48,72,30982.15124500461,31497.918898809523,515.7676538049127,6.247593361122816
qbutq7FIsm4_first48h,qbutq7FIsm4,UCB8-vcejM22MzXnzvyiXr8A,2026-05-09 05:02:46+00:00,0,48,48,72,82902.0,83137.26570763698,235.26570763697964,5.4649570515159605
o_ZyjQQFJeI_first48h,o_ZyjQQFJeI,UCkKJhKO73xF1pK5h9R82ZGQ,2026-05-08 10:36:13+00:00,0,48,48,72,31186.0,34509.376356367786,3323.376356367786,8.109037373503353
naZupSggtno_first48h,naZupSggtno,UCwPaG8zQJvsCwiTstXcx8ng,2026-05-09 03:42:45+00:00,0,48,48,72,23053.542009884677,23174.169386854875,120.62737697019838,4.800962083749512
ArktDtvemJ0_first48h,ArktDtvemJ0,UCUnHqTLivhRkXAoe66J1plQ,2026-05-07 21:25:21+00:00,0,48,48,72,3353.0,3515.27884280237,162.27884280237004,5.095459431278839
jmLBmui4nTM_first48h,jmLBmui4nTM,UCkqV44VPd2aLiqtLfM7fbpQ,2026-05-09 00:55:14+00:00,0,48,48,72,2301657.0,2301844.5510835913,187.551083591301,5.239368970658423
p856yADQIEk_first48h,p856yADQIEk,UCFDidMd82mpDkKijLUqHp7A,2026-05-07 20:43:34+00:00,0,48,48,72,56266.0,65642.6961602671,9376.696160267107,9.146089399920903
7yvfit80mvs_first48h,7yvfit80mvs,UCnJEWsS5agXCkqIpyHC9Grg,2026-05-08 09:57:28+00:00,0,48,48,72,67271.48034697749,73703.89674754775,6432.416400570262,8.769260998147248
otDjaEoNUAc_first48h,otDjaEoNUAc,UCoNYj9OFHZn3ACmmeRCPwbA,2026-05-09 06:20:02+00:00,0,48,48,72,730.0,751.0378850957535,21.037885095753495,3.0927630221375493
HB7YXu8Q2V0_first48h,HB7YXu8Q2V0,UCQlzjmKRThzun1vWlT7lxWw,2026-05-08 15:18:51+00:00,0,48,48,72,14618.339697169191,14722.811859117253,104.47216194806242,4.6584470503060125
FKD__1RHr_s_first48h,FKD__1RHr_s,UCdcEhhmXDVrKTukbKqnC5bw,2026-05-09 02:43:25+00:00,0,48,48,72,52255.72980910426,57577.46339937435,5321.733590270087,8.579742283126377
BDJNkNp4w-Q_first48h,BDJNkNp4w-Q,UC8zlWNFM-iCWZDup6BkoaNA,2026-05-08 15:13:32+00:00,0,48,48,72,41405.03313840156,43473.48423049561,2068.451092094052,7.63503867819344
4VB223cRpUg_first48h,4VB223cRpUg,UCBjPppB6FOLloYBUvgbqE_A,2026-05-09 04:21:36+00:00,0,48,48,72,205800.0,208398.3133986247,2598.313398624712,7.8630026116829494
psMUR0yCfqg_first48h,psMUR0yCfqg,UCarvAHwttb_r2hYihGX8aXA,2026-05-08 18:30:59+00:00,0,48,48,72,120443.0,134082.17402945115,13639.174029451155,9.520774690073477
FO8-wfKt5r8_first48h,FO8-wfKt5r8,UCR9QvLrN3wTXWWvURmlX2MA,2026-05-09 07:37:54+00:00,0,48,48,72,27030.862947240752,27037.434894872742,6.571947631990042,2.0244503173155066
4DZ6pOmaJwg_first48h,4DZ6pOmaJwg,UCVCZ8gDIKlSG1IQDPfnkxNA,2026-05-08 17:16:28+00:00,0,48,48,72,48155.81705150977,54348.0329768271,6192.215925317323,8.73120976635921
sR_h2yb5_HI_first48h,sR_h2yb5_HI,UCL0_NxCvkcXwZHpvqgMZY-A,2026-05-09 03:22:29+00:00,0,48,48,72,4179.0,4395.780824700386,216.7808247003859,5.38348916576163
xXZwjvCq4W4_first48h,xXZwjvCq4W4,UCt4bWJILlEo1hvsR224ASyA,2026-05-09 07:34:07+00:00,0,48,48,72,21291.08396946565,21312.03136017814,20.94739071249205,3.088648258308941
jGNwgPUpPjY_first48h,jGNwgPUpPjY,UCaHvWPMrGgcd42waw4WYQ6w,2026-05-09 01:50:23+00:00,0,48,48,72,36484.35493594574,36823.18046357616,338.82552763041895,5.828432331873439
YFLzACtNeBo_first48h,YFLzACtNeBo,UC1dGHGJTXU_dkiR8tW3qQgg,2026-05-08 12:29:50+00:00,0,48,48,72,5971690.0,6010326.075060532,38636.07506053243,10.561967588270088
tVd29JA0Tnc_first48h,tVd29JA0Tnc,UC5nwNW4KdC0SzrhF9BXEYOQ,2026-05-07 15:05:34+00:00,0,48,48,72,30108.0,36045.22135296825,5937.2213529682485,8.68916493198969
C5-bM6LSK9M_first48h,C5-bM6LSK9M,UC6AG81pAkf6Lbi_1VC5NmPA,2026-05-09 07:45:55+00:00,0,48,48,72,173844.73684210525,177817.60148975792,3972.864647652663,8.287494363058313
3W_h5h_tnoM_first48h,3W_h5h_tnoM,UCuTAXTexrhetbOe3zgskJBQ,2026-05-09 06:50:52+00:00,0,48,48,72,32479.0,32636.991254266213,157.99125426621322,5.068849196092411
Q9yjt7cfYjI_first48h,Q9yjt7cfYjI,UCkKVQ_GNjd8FbAuT6xDcWgg,2026-05-08 16:20:40+00:00,0,48,48,72,14091.0,15812.125679758308,1721.1256797583083,7.451314667085341
Tz1BL1uCSUA_first48h,Tz1BL1uCSUA,UCFDidMd82mpDkKijLUqHp7A,2026-05-08 18:44:03+00:00,0,48,48,72,15998.0,17340.05047255178,1342.0504725517785,7.202698777761788
wS1Gd81vvls_first48h,wS1Gd81vvls,UCvzGlP9oQwU--Y0r9id_jnA,2026-05-09 02:45:26+00:00,0,48,48,72,158375.49306518724,162594.20769230768,4218.71462712044,8.347522780838348
cswQzsSVfuo_first48h,cswQzsSVfuo,UCzVgCrOcBAWYEHTtVOMPAtw,2026-05-07 12:32:59+00:00,0,48,48,72,207195.6228571431,362788.3910665451,155592.76820940198,11.955003839856293
SqRwkRAoK_I_first48h,SqRwkRAoK_I,UCwhZ2BQ-gyp6ipySEUxQXOQ,2026-05-07 16:45:01+00:00,0,48,48,72,17839.224958949097,19533.303712035995,1694.0787530868984,7.435484480733396
f695hLogRa4_first48h,f695hLogRa4,UCoA3lm9UTWDWK8Z1kcoWQcA,2026-05-07 16:00:06+00:00,0,48,48,72,117099.17142857143,131591.93854748603,14492.767118914606,9.581473982127049
DiZqxJF8Y38_first48h,DiZqxJF8Y38,UCREjdu30qQ0Mfrbz9t-gt9A,2026-05-09 07:50:13+00:00,0,48,48,72,58772.69631363371,58868.45533859576,95.75902496205526,4.572223608821018
a2Mx8DM8CSo_first48h,a2Mx8DM8CSo,UC5fkmrA5VDTr2IU7lPmpsHA,2026-05-08 15:15:01+00:00,0,48,48,72,11121.335183603758,11347.839011356045,226.50382775228718,5.427167063534241
6Y_1D_EXiCs_first48h,6Y_1D_EXiCs,UCVLNsyFMnytkeEjJuP81XKg,2026-05-09 06:37:30+00:00,0,48,48,72,21653.0,22521.339168490154,868.3391684901544,6.767733346576176
kf59BanvQS4_first48h,kf59BanvQS4,UCaYxyR9mzVlTrOOyZD0XAmA,2026-05-09 00:20:40+00:00,0,48,48,72,223465.35450236965,255925.96774193548,32460.613239565835,10.38781353914248
RkyJeNOVWL4_first48h,RkyJeNOVWL4,UCyxNn8Emqqo3z6VQKFEQcvA,2026-05-09 06:25:25+00:00,0,48,48,72,12057.0,12174.259789473685,117.25978947368458,4.772883810192254
AmOJbE4Mh6Y_first48h,AmOJbE4Mh6Y,UCoe5u1Hr0tHkJVzgsiKoMJg,2026-05-07 11:54:38+00:00,0,48,48,72,717.0,790.9093596059113,73.90935960591128,4.316278844076785
w8TWGA5u6ZA_first48h,w8TWGA5u6ZA,UC3ti8PjJczdDKHSwk7TESkw,2026-05-09 07:48:16+00:00,0,48,48,72,135979.10014814814,137012.2730830813,1033.172934933158,6.941357289568585
TX-HQhqnnfQ_first48h,TX-HQhqnnfQ,UCiWLfSweyRNmLpgEHekhoAg,2026-05-08 14:26:26+00:00,0,48,48,72,13703.0,14809.435903445043,1106.4359034450426,7.009802625251279
NW2MFnwnsA4_first48h,NW2MFnwnsA4,UCoLrcjPV5PbUrUyXq5mjc_A,2026-05-09 05:41:05+00:00,0,48,48,72,228651.76256281408,231865.99545736113,3214.232894547051,8.075655074031602
N6frGosBQgo_first48h,N6frGosBQgo,UCT350j4u6alUKyF9eu2bGug,2026-05-08 23:32:02+00:00,0,48,48,72,9444.676582278482,9485.713237990465,41.03665571198326,3.7385419927013506
HQyYWeaZU7M_first48h,HQyYWeaZU7M,UCIU8ha-NHmLjtUwU7dFiXUA,2026-05-08 09:55:41+00:00,0,48,48,72,2013.3310382071015,2152.216246815737,138.8852086086356,4.940822147766117
suS8mzRvzCc_first48h,suS8mzRvzCc,UCz9owiXUt0UoSRfhdz8-FYw,2026-05-09 05:30:30+00:00,0,48,48,72,40578.0,40650.07304347826,72.07304347825993,4.291459536478902
cPO4kBjBXrs_first48h,cPO4kBjBXrs,UCQElBxJec9PsoGdHnBFmZCQ,2026-05-09 05:03:52+00:00,0,48,48,72,336.0,732.7715930902111,396.7715930902111,5.985877953840419
ZOOQXY9XdXw_first48h,ZOOQXY9XdXw,UC41xJSNY2xCPC4-gOsRcDcg,2026-05-09 00:58:08+00:00,0,48,48,72,224.0,254.08442742523704,30.08442742523704,3.4367069679035
nuoT76iQDCA_first48h,nuoT76iQDCA,UC0Cbaofl1u2ZSCUjZ9yy-wg,2026-05-09 07:38:32+00:00,0,48,48,72,34803.079262672814,35687.99331352155,884.9140508487326,6.786619937828085
sClNRANL11I_first48h,sClNRANL11I,UCuTAXTexrhetbOe3zgskJBQ,2026-05-09 09:03:45+00:00,0,48,48,72,46193.9212962963,46725.436491935485,531.5151956391855,6.27761143358804
wzqA6uM4xxY_first48h,wzqA6uM4xxY,UCdhGbKNYGK7dglu2HJf3B3Q,2026-05-09 10:01:25+00:00,0,48,48,72,26432.0,29044.909195971602,2612.9091959716025,7.868602156002993
OB1mdH-amCw_first48h,OB1mdH-amCw,UCrvhNP_lWuPIP6QZzJmM-bw,2026-05-09 03:45:04+00:00,0,48,48,72,17949.0,18379.06510681587,430.0651068158695,6.06625913859296
JUTRPiU_q6E_first48h,JUTRPiU_q6E,UCsOlx6HglzlHo-dJjCOdE2Q,2026-05-09 08:48:45+00:00,0,48,48,72,17496.399479317326,17422.97051056338,0.0,0.0
-3_3FjEDrH4_first48h,-3_3FjEDrH4,UCYJ0Ucu9jPX5kn6SeDcNaIQ,2026-05-08 17:11:07+00:00,0,48,48,72,173930.65628476086,181500.8514529567,7570.195168195845,8.932106216161731
Uu9ss4vuyKs_first48h,Uu9ss4vuyKs,UCOTJtP0Z9DjpPU43B5m1V6A,2026-05-09 10:00:23+00:00,0,48,48,72,60034.0,60805.94751286449,771.9475128644917,6.650211145718674
fpg4T9vuKNc_first48h,fpg4T9vuKNc,UCWcEgYIOqq1BVr4Qm1sPuVg,2026-05-09 05:14:35+00:00,0,48,48,72,359976.0,408792.7294665538,48816.72946655378,10.795848834601454
j7GBw4Fk5og_first48h,j7GBw4Fk5og,UC1ZE5z-vuh0wLdAPSpvnZ9g,2026-05-09 04:47:24+00:00,0,48,48,72,47294.0,47322.10605088732,28.106050887319725,3.3709460868342678
w-xfXtJGkrw_first48h,w-xfXtJGkrw,UCMYlXK0jyerVnc3dmz-vjCA,2026-05-07 18:26:42+00:00,0,48,48,72,2478.0,2501.0,23.0,3.1780538303479458
wa2Fod41L1U_first48h,wa2Fod41L1U,UCjPg8EWPOdT5GZAbL67lf0A,2026-05-09 10:14:57+00:00,0,48,48,72,165484.92722674907,165612.76745200698,127.84022525791079,4.858573072815325
-Av9vcpZjUc_first48h,-Av9vcpZjUc,UCmHCyBKDCQk5GwJB3NvTbdw,2026-05-08 15:03:30+00:00,0,48,48,72,188266.56672760512,188698.07352595724,431.50679835211486,6.06959804498161
7bGN4cTCiMk_first48h,7bGN4cTCiMk,UCuzqko_GKcj9922M1gUo__w,2026-05-08 13:54:45+00:00,0,48,48,72,8147.0,8238.156771180787,91.15677118078747,4.523491161403152
ydH6_yeYtrI_first48h,ydH6_yeYtrI,UC05cNJvMKzDLRPo59X2Xx7g,2026-05-09 05:43:45+00:00,0,48,48,72,240426.6660335549,243011.72567482738,2585.05964127247,7.857890622202925
agZedMjSqnk_first48h,agZedMjSqnk,UCOb49mOu4z3FTYRkIrFtYMQ,2026-05-09 06:35:00+00:00,0,48,48,72,192439.0,223614.76642946838,31175.76642946838,10.347428430674166
MT9-_IPpY2s_first48h,MT9-_IPpY2s,UCm_jnI7ubEWq57tEk6pDHBw,2026-05-09 09:49:13+00:00,0,48,48,72,859.0,1036.3571807101218,177.35718071012184,5.183788172895852
P7eM9Qw1NT8_first48h,P7eM9Qw1NT8,UC2VmWn8dAqkzlQqvy02E1PA,2026-05-09 03:57:20+00:00,0,48,48,72,6865.308794788273,6920.064994547437,54.75619975916379,4.02098861059965
jYCpCYLEPgA_first48h,jYCpCYLEPgA,UCSQQQENHsSigOcawOR2Pl4A,2026-05-08 14:25:43+00:00,0,48,48,72,1372.0,1393.144409234948,21.144409234947943,3.09758505988895
HJ0Xxd66Tew_first48h,HJ0Xxd66Tew,UCtvggO4vLSDBq1hUCrRRPvg,2026-05-08 20:00:24+00:00,0,48,48,72,163918.93126856172,184533.0036423238,20614.072373762086,9.9337777558679
9OCJyRTsBjI_first48h,9OCJyRTsBjI,UC7pymGbBtC0rJmLa3qdRdjg,2026-05-09 10:00:06+00:00,0,48,48,72,1368.0,1546.0821917808219,178.08219178082186,5.187844872413469
Oe0AsM3jxOQ_first48h,Oe0AsM3jxOQ,UCTLIq9jl-pb_ojAZZtoGaOQ,2026-05-08 11:43:16+00:00,0,48,48,72,218824.5049057578,238244.3604826546,19419.855576896778,9.874102797357699
aWZAN87qpc4_first48h,aWZAN87qpc4,UCdOjVxkj5JA0iDu3_xcsTyQ,2026-05-07 23:22:07+00:00,0,48,48,72,32950.714617169375,33196.5972166998,245.8825995304287,5.508912918089668
SuUwvWqnzgE_first48h,SuUwvWqnzgE,UCTQ-gSOpuLtgQarXw3XVmyQ,2026-05-09 00:10:16+00:00,0,48,48,72,3269.3224555735055,3330.9799599198395,61.65750434633401,4.137683456233169
b1lbiBmaeWo_first48h,b1lbiBmaeWo,UCe10BxbsFg9Kbmkg-ean_Dg,2026-05-08 15:33:42+00:00,0,48,48,72,33251.06013639182,33943.8303257558,692.7701893639824,6.542140766423116
aLv0zmH_LQI_first48h,aLv0zmH_LQI,UCMpuxj_U02VaHfaPD5Jjx_Q,2026-05-07 15:11:38+00:00,0,48,48,72,48085.1648,49097.30192188469,1012.1371218846907,6.9208068572644486
bWv0Sa3t5h8_first48h,bWv0Sa3t5h8,UCRlWXcripH3oV_v6uSb9ASw,2026-05-08 21:30:57+00:00,0,48,48,72,3052.0,3061.9433754810334,9.9433754810334,2.3927342942878744
XKzZzzaoaBk_first48h,XKzZzzaoaBk,UCoLrcjPV5PbUrUyXq5mjc_A,2026-05-09 05:37:02+00:00,0,48,48,72,89071.0,89889.1260707226,818.1260707226029,6.708238004512907
I6OWtAACHcI_first48h,I6OWtAACHcI,UCwPzlQU2MqEQJWgqM_0VFKQ,2026-05-09 00:39:53+00:00,0,48,48,72,833.560975609756,842.7664233576643,9.205447747908238,2.3229216706455396
zzpdRGOMYWc_first48h,zzpdRGOMYWc,UCzbQyIOwWK0j4E5DbWPcXBQ,2026-05-08 13:40:04+00:00,0,48,48,72,115540.57681564246,134441.0888888889,18900.512073246427,9.846997201723067
y6KeRAxrZJ4_first48h,y6KeRAxrZJ4,UC5AdfeJkjzRZhjK037UgY-A,2026-05-09 08:00:28+00:00,0,48,48,72,21586.0,25284.79880329095,3698.798803290949,8.216033719664873
or1fNDi1NOA_first48h,or1fNDi1NOA,UC8ROUUjHzEQm-ndb69CX8Ww,2026-05-09 12:33:14+00:00,0,48,48,72,1281.0,1287.8002081165453,6.800208116545264,2.0541504149479652
j19FZnuHrDU_first48h,j19FZnuHrDU,UC8ROUUjHzEQm-ndb69CX8Ww,2026-05-09 12:31:18+00:00,0,48,48,72,503.0,510.62122788761707,7.621227887617067,2.154227520890371
FXNRCf6khfk_first48h,FXNRCf6khfk,UC8ROUUjHzEQm-ndb69CX8Ww,2026-05-09 12:26:12+00:00,0,48,48,72,25271.0,25336.86878768975,65.8687876897493,4.202732306542333
u8EzeDS0X8w_first48h,u8EzeDS0X8w,UCjg5-lUiUzdmzzBRY9Xqrhw,2026-05-09 09:01:15+00:00,0,48,48,72,215536.0,227503.13578475337,11967.135784753365,9.39000304580108
UFAr86CmHQs_first48h,UFAr86CmHQs,UCv7_krlrre3GQi79d4guxHQ,2026-05-09 06:48:03+00:00,0,48,48,72,369374.2784431138,372635.1413892314,3260.862946117588,8.09005376700632
U7mUMAImz88_first48h,U7mUMAImz88,UCuTAXTexrhetbOe3zgskJBQ,2026-05-09 07:34:30+00:00,0,48,48,72,85873.94642857143,86260.91087270477,386.96444413333666,5.960913696592573
rxstNOH5GUE_first48h,rxstNOH5GUE,UCwnf7bQbOJ42gXoFgRU9Gsw,2026-05-09 09:30:06+00:00,0,48,48,72,13480.0,14159.9928838285,679.9928838284995,6.523551856503872
dsqvveZSABg_first48h,dsqvveZSABg,UCSWoppsVL0TLxFQ2qP_DLqQ,2026-05-09 07:30:06+00:00,0,48,48,72,5057.090370370371,5159.802816901409,102.71244653103804,4.641622132440439
6D3i43S-FaM_first48h,6D3i43S-FaM,UCXDG9ue-emCN8Ad3h7lERqQ,2026-05-09 11:19:43+00:00,0,48,48,72,124355.58044164038,131436.82572702187,7081.24528538149,8.865346267116053
0WX4BwI5DZU_first48h,0WX4BwI5DZU,UCL0_NxCvkcXwZHpvqgMZY-A,2026-05-09 10:40:38+00:00,0,48,48,72,6739.071251719395,6758.138391894805,19.067140175409804,2.9990836601494855
QOobBpzQP30_first48h,QOobBpzQP30,UCNBmxc6FvKyxtCpUygcdINA,2026-05-08 22:56:46+00:00,0,48,48,72,228.0,235.0,7.0,2.0794415416798357
24qFuAfGiyc_first48h,24qFuAfGiyc,UCdHm_sm5CzM8ftbORawpKYA,2026-05-08 23:15:02+00:00,0,48,48,72,190.0,193.81589456869008,3.8158945686900836,1.5719218158836008
_Zdh2Cj8c7g_first48h,_Zdh2Cj8c7g,UCnkGBfcmoiIGEwL9B-G1fpA,2026-05-08 23:59:50+00:00,0,48,48,72,1176719.0,1199854.1085441147,23135.108544114744,10.049149816515378
oRJHLz2tank_first48h,oRJHLz2tank,UCoaNwwtAyRK0g0jvoyNOL_w,2026-05-08 17:10:43+00:00,0,48,48,72,5864.0,5885.2545418247155,21.25454182471549,3.1025461147346824
x3HWXAErnKQ_first48h,x3HWXAErnKQ,UCl3aKvzB7uC5mTlVEWiCogA,2026-05-09 09:35:17+00:00,0,48,48,72,1892.1279702261666,1933.6168514412416,41.488881215075025,3.7492424232334667
wnDXDOPfSQo_first48h,wnDXDOPfSQo,UCiJTKr-wja_JVM2dVTYCELA,2026-05-08 23:53:30+00:00,0,48,48,72,15639.0,15660.997973470892,21.997973470892248,3.135406102086032
dBMRnuczKUA_first48h,dBMRnuczKUA,UCpOH7QWJI7N4FueKSiekZKw,2026-05-08 19:45:49+00:00,0,48,48,72,89757.0,90136.07412790698,379.0741279069771,5.940366307135496
vquCzlsSZjg_first48h,vquCzlsSZjg,UCIS6VD2q4y_P7FKsWEsGsoA,2026-05-09 10:01:34+00:00,0,48,48,72,14975.37166151251,16483.672537508155,1508.3008759956447,7.319401826563839
1VqO8w3KA60_first48h,1VqO8w3KA60,UCZHBZUrLKMoL6FxpvdRzhKA,2026-05-08 18:13:36+00:00,0,48,48,72,12238.736842105263,12362.892321468547,124.15547936328403,4.829556799286794
oXtn50Dk58w_first48h,oXtn50Dk58w,UC8ROUUjHzEQm-ndb69CX8Ww,2026-05-09 10:05:39+00:00,0,48,48,72,5291.0,5520.86454183267,229.8645418326696,5.441831139529889
t8Sn9Rm5uCw_first48h,t8Sn9Rm5uCw,UC2VmWn8dAqkzlQqvy02E1PA,2026-05-09 10:31:59+00:00,0,48,48,72,2024.6625602570969,2095.9434326119563,71.28087235485941,4.280559534755505
OsFmwTnYM8I_first48h,OsFmwTnYM8I,UCNsidkYpIAQ4QaufptQBPHQ,2026-05-09 08:51:54+00:00,0,48,48,72,19148.832369942196,19595.220783532535,446.38841359033904,6.103427151515369
FZl6_2Ej4cw_first48h,FZl6_2Ej4cw,UCa4kR_GYVvyqIkxfXurRMYw,2026-05-09 12:06:34+00:00,0,48,48,72,68352.0,68374.99133738602,22.99133738601813,3.177692822943369
DmaFT8RPf-Q_first48h,DmaFT8RPf-Q,UC_IYjiKaQBPq-K1Iq4sM-UQ,2026-05-09 13:10:06+00:00,0,48,48,72,209923.0,219988.51521339596,10065.515213395964,9.216969869554783
k8vDNE6VnSI_first48h,k8vDNE6VnSI,UC9HNi_aAXBgpI2zhibOAfAA,2026-05-09 01:00:44+00:00,0,48,48,72,320561.0,363044.3654385637,42483.36543856369,10.656891415197197
Waz3pAlzc3o_first48h,Waz3pAlzc3o,UCVG4KpQRpA99jZk2hHZT9-Q,2026-05-09 05:15:06+00:00,0,48,48,72,7378.93408723748,7572.320257234726,193.38616999724672,5.269846747506156
z7Mntc6mFnA_first48h,z7Mntc6mFnA,UCVG4KpQRpA99jZk2hHZT9-Q,2026-05-09 04:37:12+00:00,0,48,48,72,8854.452442159383,10247.081208485108,1392.6287663257244,7.239666247622948
GvmgIcuAu-4_first48h,GvmgIcuAu-4,UCFNcY_a-jIigMo1DAjKqEfQ,2026-05-09 11:10:57+00:00,0,48,48,72,91484.0,91917.48812837727,433.4881283772702,6.074168621840283
-7Kqq1s_jc8_first48h,-7Kqq1s_jc8,UCaHvWPMrGgcd42waw4WYQ6w,2026-05-09 13:28:04+00:00,0,48,48,72,18349.0,20923.70046511628,2574.700465116279,7.853876801393541
YcoyPs1Og2Y_first48h,YcoyPs1Og2Y,UC3BSzbgMn2vLYS4Dp_i-bow,2026-05-09 11:00:22+00:00,0,48,48,72,2165448.0,2580190.772368421,414742.77236842085,12.93541619255339
uy_xo4Y2Ly4_first48h,uy_xo4Y2Ly4,UC2-hRIDWzqAnTjOxdLDmhCA,2026-05-08 11:00:06+00:00,0,48,48,72,70357.0,74742.6328934967,4385.632893496702,8.386317217130657
AWu9S8X89js_first48h,AWu9S8X89js,UCv7_krlrre3GQi79d4guxHQ,2026-05-09 09:12:22+00:00,0,48,48,72,22883.21052631579,23211.00625,327.7957236842085,5.795436657270832
3f7dKDnqA_8_first48h,3f7dKDnqA_8,UC6AG81pAkf6Lbi_1VC5NmPA,2026-05-08 21:02:45+00:00,0,48,48,72,10563.0,10690.092556124458,127.0925561244585,4.8527530973349196
jBo6C073RB4_first48h,jBo6C073RB4,UCj80uBZ1kBp_-8XJj4URetQ,2026-05-08 13:01:59+00:00,0,48,48,72,793244.1606192549,809126.9199623353,15882.759343080339,9.673052441234852
wjLSBuzo3eI_first48h,wjLSBuzo3eI,UCHVXbQzkl3rDfsXWo8xi2qw,2026-05-09 10:31:35+00:00,0,48,48,72,95187.0,97867.54826254827,2680.548262548269,7.894149616600847
go0CnkcgdcQ_first48h,go0CnkcgdcQ,UCNJRaN9NIAbCXpDa_hAKd3g,2026-05-09 11:01:13+00:00,0,48,48,72,54022.0,67617.01777706598,13595.01777706598,9.517532218336921
8Rjuzi4EV3c_first48h,8Rjuzi4EV3c,UCfYxZOdUz-zwmsjVKplsKxQ,2026-05-08 10:34:15+00:00,0,48,48,72,80957.98661619576,90587.36082474227,9629.374208546506,9.172677362660924
j9Ipj568NDA_first48h,j9Ipj568NDA,UCib5ktx2na_eMmmG53TzitA,2026-05-08 13:52:39+00:00,0,48,48,72,15842.49146110057,16060.00267022697,217.5112091264,5.386837313569484
Rx4zxAlckoQ_first48h,Rx4zxAlckoQ,UCPW-5qfYGNR8XYrvESrqJKA,2026-05-09 05:30:20+00:00,0,48,48,72,20077.27530747398,20467.922788761705,390.6474812877241,5.97036215276416
rtWH2cieEaU_first48h,rtWH2cieEaU,UCnxBP5BsR7r1C_nr3qWETug,2026-05-09 12:25:59+00:00,0,48,48,72,6137.0,6170.611573688593,33.611573688593126,3.544188125801458
N18F3yMrwsE_first48h,N18F3yMrwsE,UC_GJyBR3dQ2lKfv81tC8sEQ,2026-05-09 13:33:10+00:00,0,48,48,72,51248.28824397442,51340.60297674419,92.31473276976612,4.535978002887394
3PIh9Kj8MVQ_first48h,3PIh9Kj8MVQ,UCFVQH7c09gAwNxsj-TiCsGA,2026-05-09 13:45:07+00:00,0,48,48,72,17025.70528905289,21489.78980654762,4464.084517494728,8.404043422021648
DMJwQc3mfME_first48h,DMJwQc3mfME,UCkinYTS9IHqOEwR1Sze2JTw,2026-05-09 07:09:31+00:00,0,48,48,72,9397.62163777645,9535.3988083008,137.77717052435037,4.932869557054527
jPb8lPXmHew_first48h,jPb8lPXmHew,UCX2fYWaYhi7J1yMaK0M8Amw,2026-05-09 08:45:06+00:00,0,48,48,72,426596.18982158526,489394.23082287307,62798.04100128781,11.047695081659562
QTB1hGRmbu8_first48h,QTB1hGRmbu8,UCu0Gn50PSjozOgwgPVTBB4A,2026-05-07 23:07:17+00:00,0,48,48,72,294.1057993730407,315.8373650911798,21.731565718139052,3.1237545188242226
Rf3-4dHpfLg_first48h,Rf3-4dHpfLg,UCdh5nloZ9eo5YpZ2DRWwIew,2026-05-09 13:52:34+00:00,0,48,48,72,12219.48946716233,12236.76337144965,17.273904287319965,2.9054740469201583
WcipJUwjVdc_first48h,WcipJUwjVdc,UCuzqko_GKcj9922M1gUo__w,2026-05-09 10:15:02+00:00,0,48,48,72,40658.0,46076.994267515925,5418.9942675159255,8.597850036779244
QbnVQ2y3vlo_first48h,QbnVQ2y3vlo,UCR3asjvr_WAaxwJYEDV_Bfw,2026-05-09 13:30:06+00:00,0,48,48,72,8203.44661877632,9156.530442978323,953.0838242020036,6.860751533628128
BbBRkULnL40_first48h,BbBRkULnL40,UC6AG81pAkf6Lbi_1VC5NmPA,2026-05-09 05:12:21+00:00,0,48,48,72,51839.0,55613.44815618221,3774.4481561822104,8.236274371506294
A_U6PcLWaGI_first48h,A_U6PcLWaGI,UC72UssJ1DNQcakZXm-B2-zw,2026-05-09 12:14:17+00:00,0,48,48,72,5585.561586638831,5623.753794967769,38.19220832893825,3.668477959920693
yMu1W5woLI8_first48h,yMu1W5woLI8,UCZeHMSqeusVpF1hBOtnxIoA,2026-05-09 11:28:54+00:00,0,48,48,72,22298.952837522673,22405.464103088565,106.51126556589224,4.677595638038793
ZcNiOamxTco_first48h,ZcNiOamxTco,UC_v7qcdPJUANBAa--1pv_UQ,2026-05-08 21:05:54+00:00,0,48,48,72,21195.178082191782,21478.303668725028,283.12558653324595,5.649416346519881
XecvJ23WB40_first48h,XecvJ23WB40,UCoQBJMzcwmXrRSHBFAlTsIw,2026-05-09 05:20:00+00:00,0,48,48,72,4466.642058165548,4526.604857444562,59.96279927901378,4.110263830255431
3-cdCfNy8mU_first48h,3-cdCfNy8mU,UCaS8sePfGIHBU1R6uz04d0g,2026-05-09 10:55:25+00:00,0,48,48,72,51852.0,54033.02087286527,2181.0208728652724,7.6880067322800185
-n_W-ig6yNk_first48h,-n_W-ig6yNk,UCm-X6o81nRsXQTmqpyArkBQ,2026-05-09 04:54:43+00:00,0,48,48,72,611282.2424242424,659260.9434997258,47978.701075483346,10.778533306184269
vHFtwJRw7UQ_first48h,vHFtwJRw7UQ,UCyw-NpaizmAD_5qQJ4MieVg,2026-05-09 06:52:27+00:00,0,48,48,72,2258.0,2266.127430699214,8.127430699214074,2.211284241992299
V2beBpgOKNQ_first48h,V2beBpgOKNQ,UCfmkz6A3aTJwJzox2xhAuRw,2026-05-09 00:22:36+00:00,0,48,48,72,343.85569620253165,349.4591332967636,5.603437094231936,1.8875902853311017
ex3akKpBhqY_first48h,ex3akKpBhqY,UC5nwNW4KdC0SzrhF9BXEYOQ,2026-05-09 09:53:14+00:00,0,48,48,72,5574.65393386545,5850.6822882288225,276.0283543633723,5.624119863271317
zf9WJ6kPGLc_first48h,zf9WJ6kPGLc,UCyxNn8Emqqo3z6VQKFEQcvA,2026-05-09 11:39:38+00:00,0,48,48,72,27832.0,28005.08997704667,173.08997704667127,5.159572275023132
W1W5WaLU0II_first48h,W1W5WaLU0II,UC-hM6YJuNYVAmUWxeIr9FeA,2026-05-09 05:13:17+00:00,0,48,48,72,283249.48046875,288935.02124430955,5685.540775559552,8.645857394188706
Hw7czHjhzKs_first48h,Hw7czHjhzKs,UCiWLfSweyRNmLpgEHekhoAg,2026-05-08 15:43:45+00:00,0,48,48,72,66313.29898749256,67740.60520951303,1427.3062220204738,7.264244561101112
ZidiXtwfCUs_first48h,ZidiXtwfCUs,UC2bBsPXFWZWiBmkRiNlz8vg,2026-05-08 13:50:28+00:00,0,48,48,72,16404.953712632592,21031.335369993212,4626.38165736062,8.439746470346597
hP0-aGG6_G4_first48h,hP0-aGG6_G4,UCFr6uAPwrG040QAWDKY0nnA,2026-05-09 12:46:56+00:00,0,48,48,72,90267.32821782178,91249.21664766248,981.8884298407065,6.890495614052192
oKt_c0LyMOY_first48h,oKt_c0LyMOY,UC_lEiu6917IJz03TnntWUaQ,2026-05-09 16:10:55+00:00,0,48,48,72,10337.301267010793,11304.805064500717,967.5037974899242,6.875752403840834
ik1sV1p3Q0w_first48h,ik1sV1p3Q0w,UC7vpeN9Qz780sYvGt9CDO1g,2026-05-08 23:19:50+00:00,0,48,48,72,82360.0,82415.22578029997,55.22578029996657,4.029375375916558
sb5JiZdV7A4_first48h,sb5JiZdV7A4,UC1eyYJRpM_g5WBp60mmRwCQ,2026-05-09 13:52:32+00:00,0,48,48,72,77041.09268292683,81733.78048780488,4692.687804878049,8.453973864799472
j5lwhnAufwc_first48h,j5lwhnAufwc,UCNK4w5nU1jajVcsdQDBbrFQ,2026-05-09 02:00:42+00:00,0,48,48,72,47.0,47.0,0.0,0.0
0l9o9G84uyI_first48h,0l9o9G84uyI,UCHjbBVD4yRI7vU-S9Pwpnkw,2026-05-09 09:47:27+00:00,0,48,48,72,67006.0,67486.51258703803,480.51258703802887,6.176932372200819
k35PX3xU7ig_first48h,k35PX3xU7ig,UCOFyXr74X90UPniJ9sHohZg,2026-05-09 03:19:35+00:00,0,48,48,72,270.0,315.2228204597225,45.22282045972253,3.8334736254795163
iqkedYckMw0_first48h,iqkedYckMw0,UCOFyXr74X90UPniJ9sHohZg,2026-05-09 02:59:48+00:00,0,48,48,72,153.0,167.3955270242286,14.395527024228613,2.7340770142577813
C8CWLpqjw9A_first48h,C8CWLpqjw9A,UCOFyXr74X90UPniJ9sHohZg,2026-05-09 01:46:35+00:00,0,48,48,72,156.42125094197436,172.47837781915993,16.057126877185567,2.836568115054332
FLL-ktCM0LE_first48h,FLL-ktCM0LE,UCpu3bemTQwAU8PqM4kJdoEQ,2026-05-09 15:45:02+00:00,0,48,48,72,4988.0,4992.735681252223,4.735681252223003,1.7467065320571373
Ncd4K2V9Wo0_first48h,Ncd4K2V9Wo0,UC8ROUUjHzEQm-ndb69CX8Ww,2026-05-09 08:35:29+00:00,0,48,48,72,41171.018824210834,41264.08671304938,93.0678888385446,4.5440167432800695
neuBI7GCc8o_first48h,neuBI7GCc8o,UCHyYUv384bv9eMOC1UoG9PQ,2026-05-09 10:15:45+00:00,0,48,48,72,466808.0,504723.96111203043,37915.96111203043,10.543153813706947
YYDRLr8DNiA_first48h,YYDRLr8DNiA,UCmnZL4tFRl4sm-uJOxTLHmg,2026-05-09 11:00:06+00:00,0,48,48,72,231540.0,249970.8771871905,18430.87718719049,9.821836900452071
VVbXxu2vZcM_first48h,VVbXxu2vZcM,UCNsidkYpIAQ4QaufptQBPHQ,2026-05-08 12:30:38+00:00,0,48,48,72,10402.0,11559.044433939967,1157.0444339399673,7.054488028674819
wANpfeINsxo_first48h,wANpfeINsxo,UCxRmRUB3kX-X-_9YsNFhq3g,2026-05-08 19:01:45+00:00,0,48,48,72,115787.0,117188.76557863501,1401.7655786350078,7.246200980350919
SuJhvd46PZA_first48h,SuJhvd46PZA,UC4LjkybVKXCDlneVXlKAbmw,2026-05-09 10:56:57+00:00,0,48,48,72,1115.5584905660378,1196.031464041096,80.4729734750581,4.4002713514478335
fGU2SKcxwgM_first48h,fGU2SKcxwgM,UCoQBJMzcwmXrRSHBFAlTsIw,2026-05-08 10:59:41+00:00,0,48,48,72,6712.85729234794,8962.16576819407,2249.308475846131,7.718822586177127
wnaf2OdH628_first48h,wnaf2OdH628,UC_MbGNpd7ldQAHdBTQ2Ke1w,2026-05-09 05:02:04+00:00,0,48,48,72,642676.6912751677,643144.8333333334,468.14205816562753,6.150905618458123
fFRNYKCg3is_first48h,fFRNYKCg3is,UCo-RDlyRDeQ3ZrBK9w6tmGw,2026-05-09 16:00:06+00:00,0,48,48,72,3160.4312662107995,3886.896217264791,726.4649510539916,6.589565820639715
HTKIPeicQJw_first48h,HTKIPeicQJw,UCf6tI0ykRcPOCQuXRmMhnWQ,2026-05-08 19:28:54+00:00,0,48,48,72,240843.0,240894.45248163812,51.452481638116296,3.9599076480817645
h6VkBl095lY_first48h,h6VkBl095lY,UCcyY51NBozNbM2zA9cJT8qg,2026-05-09 01:25:52+00:00,0,48,48,72,9569.0,9755.10583941606,186.1058394160591,5.231674442926952
9aPkTcQs5x4_first48h,9aPkTcQs5x4,UCXqNekyeNqRnCJngLoqtqKQ,2026-05-08 11:51:57+00:00,0,48,48,72,13256.747878313095,14273.955188679245,1017.2073103661496,6.92579882113815
rn2ZVZLhUH8_first48h,rn2ZVZLhUH8,UCuTAXTexrhetbOe3zgskJBQ,2026-05-09 10:30:11+00:00,0,48,48,72,19933.0,20826.101188564087,893.1011885640874,6.795818955081724
2AFEtckvpFQ_first48h,2AFEtckvpFQ,UCyR7wj7KsD0K4h6Rm_y0MSg,2026-05-09 09:29:43+00:00,0,48,48,72,115079.68023255814,115175.66681184669,95.98657928855391,4.574572611081093
CKvP_mf6izA_first48h,CKvP_mf6izA,UCXOE3YlluOUu_-5DdUUbAtw,2026-05-08 22:18:47+00:00,0,48,48,72,322.73021001615507,347.0520199225235,24.321809906368458,3.2316660760154825
0TgRQcg-_cI_first48h,0TgRQcg-_cI,UCfbPQcdF5an7ui8bwwry1Cw,2026-05-09 15:57:46+00:00,0,48,48,72,1641.4103852596315,1724.9715314697307,83.5611462100992,4.4374748964618265
99CWkua9RI0_first48h,99CWkua9RI0,UCUR5w0E-jQTOO8Q0FZ4ilYQ,2026-05-09 11:26:14+00:00,0,48,48,72,320318.0,340998.2750114207,20680.275011420716,9.936983981045834
iIo6WcsQPYc_first48h,iIo6WcsQPYc,UCRtyjMKnclAwRYuuCuPGojg,2026-05-09 04:00:45+00:00,0,48,48,72,90292.80342167059,90666.57050854985,373.76708687926293,5.926304731351575
0oqMJYMSKAU_first48h,0oqMJYMSKAU,UCL0_NxCvkcXwZHpvqgMZY-A,2026-05-09 11:34:35+00:00,0,48,48,72,4176.0,4204.945689655173,28.945689655172828,3.3993853961799863
Qzn9FAr5yJI_first48h,Qzn9FAr5yJI,UC1VKVKhJLc7PjdPPVxTDk0Q,2026-05-09 01:59:17+00:00,0,48,48,72,2134.0,2498.479060451566,364.47906045156606,5.901208987402496
gHVn2buD-jk_first48h,gHVn2buD-jk,UCjAmcKweNBx-Ju2xOPBOkkQ,2026-05-09 13:00:11+00:00,0,48,48,72,20691.0,21993.307644110275,1302.3076441102749,7.172660653715726
kc-lfhqrRDE_first48h,kc-lfhqrRDE,UCoLrcjPV5PbUrUyXq5mjc_A,2026-05-09 02:41:39+00:00,0,48,48,72,121459.35480464625,123076.51277683134,1617.1579721850867,7.389043727083111
wM1x_rJDuX4_first48h,wM1x_rJDuX4,UC8Wi0RcjvIy5z7V4Eypmzww,2026-05-08 10:18:21+00:00,0,48,48,72,138625.5630936228,145968.78380907816,7343.220715455362,8.901668985696126
pWsCtWgsyuI_first48h,pWsCtWgsyuI,UCpQs_warGhUzJhBdwLfF34g,2026-05-08 20:00:31+00:00,0,48,48,72,4770.510175763182,5194.724045801527,424.2138700383448,6.0525922659695075
69BQgxEinMA_first48h,69BQgxEinMA,UCoQBJMzcwmXrRSHBFAlTsIw,2026-05-09 05:00:05+00:00,0,48,48,72,16765.0,17251.848431285904,486.84843128590364,6.190004765982332
UNyql99_v-g_first48h,UNyql99_v-g,UCupvZG-5ko_eiXAupbDfxWw,2026-05-08 18:06:02+00:00,0,48,48,72,30754.0,33593.57140186916,2839.571401869158,7.951760508758933
rnLSS0Sygoo_first48h,rnLSS0Sygoo,UC3kw97i3Ap0BYqYyfmP0zDg,2026-05-09 09:28:15+00:00,0,48,48,72,4955.92021732914,5480.025844930417,524.1056276012778,6.263599437785543
36EzVEUp5l4_first48h,36EzVEUp5l4,UC2TuODJhC03pLgd6MpWP0iw,2026-05-09 08:30:06+00:00,0,48,48,72,6501.0,6527.173133776792,26.173133776792383,3.3022287563820183
ba4pt0mC59E_first48h,ba4pt0mC59E,UCoLrcjPV5PbUrUyXq5mjc_A,2026-05-09 03:32:36+00:00,0,48,48,72,96745.0,98121.86681577878,1376.866815778776,7.228291796524409
X9N7cr6DeJs_first48h,X9N7cr6DeJs,UC2TuODJhC03pLgd6MpWP0iw,2026-05-09 15:33:53+00:00,0,48,48,72,21535.0,21779.87089634821,244.8708963482095,5.504806586577913
TUZpGavLQCI_first48h,TUZpGavLQCI,UCZMRuagdTBKmmrFtSMN48Xw,2026-05-09 08:00:26+00:00,0,48,48,72,174709.22309079976,195840.80473693725,21131.581646137492,9.958571282329867
DEcwc5hQdt8_first48h,DEcwc5hQdt8,UCPW-5qfYGNR8XYrvESrqJKA,2026-05-08 12:00:20+00:00,0,48,48,72,10472.0,11579.618720901739,1107.618720901739,7.010870123819252
Mef7HJewqZQ_first48h,Mef7HJewqZQ,UCNm3ewTgQgBVfn2qQ4sX-jQ,2026-05-09 15:46:50+00:00,0,48,48,72,46902.0,47031.15793151642,129.15793151641992,4.8687485709315546
uDvsMTADc7w_first48h,uDvsMTADc7w,UCQeRaTukNYft1_6AZPACnog,2026-05-09 15:01:36+00:00,0,48,48,72,744875.7507886435,787489.0207216863,42613.269933042815,10.659944451119934
aAgVxdqd3yI_first48h,aAgVxdqd3yI,UCCXoCcu9Rp7NPbTzIvogpZg,2026-05-08 14:15:00+00:00,0,48,48,72,204201.675,205595.35986411065,1393.6848641106626,7.240423764872021
3xRWEnfo9Qg_first48h,3xRWEnfo9Qg,UCmcBe97VA2LqVEQUeeZl6Ew,2026-05-09 09:00:04+00:00,0,48,48,72,159097.0,168096.24627395315,8999.246273953147,9.105007219716548
XkaF52Hgfb4_first48h,XkaF52Hgfb4,UChlgI3UHCOnwUGzWzbJ3H5w,2026-05-09 14:47:04+00:00,0,48,48,72,1535.742420567548,1542.7625975869412,7.020177019393259,2.081960493878383
3FCb-LOdyck_first48h,3FCb-LOdyck,UC6AG81pAkf6Lbi_1VC5NmPA,2026-05-09 09:00:03+00:00,0,48,48,72,11200.963222416813,11466.799723756905,265.8365013400926,5.58663611630315
1F5viyQTfa8_first48h,1F5viyQTfa8,UCxgBOl_NSOut3hBgYQ7ibMw,2026-05-09 18:15:38+00:00,0,48,48,72,193268.2950379973,196827.81931608132,3559.52427808402,8.177663082127768
UibImTt5KTE_first48h,UibImTt5KTE,UCpu3bemTQwAU8PqM4kJdoEQ,2026-05-08 12:01:03+00:00,0,48,48,72,1349.969649191959,1683.691159318871,333.7215101269121,5.813298873038755
vb02Ordc4x8_first48h,vb02Ordc4x8,UCPrwVv_YyKqdW50rWamQdIg,2026-05-09 10:49:00+00:00,0,48,48,72,2313.912845343207,2336.0711984041736,22.15835306096642,3.142355538819026
_sQL5J1Ap7k_first48h,_sQL5J1Ap7k,UCSdExItCszcnIp-roT7b0kw,2026-05-09 10:09:27+00:00,0,48,48,72,208459.88205128204,222414.1316772917,13954.249626009667,9.543611033736603
0bRbs6xetv0_first48h,0bRbs6xetv0,UCdVDU3XD3RqxL77phhxsGuA,2026-05-09 18:35:49+00:00,0,48,48,72,46048.0,46074.48643200496,26.48643200496008,3.3136925012819414
9thLFANVGyY_first48h,9thLFANVGyY,UCNb9uOjbsdxAJgK1TI--o6w,2026-05-09 18:31:59+00:00,0,48,48,72,105901.0,105902.52316419792,1.523164197918959,0.9255137479689307
M-Q2yPro8B4_first48h,M-Q2yPro8B4,UCuUC85dZ6qxUFNKUphv00DQ,2026-05-09 18:54:36+00:00,0,48,48,72,20070.86660738106,20075.0,4.133392618939979,1.6357667698289347
rBMNcvvydzI_first48h,rBMNcvvydzI,UCzeRR8rMI8IkjqGx_MFlUjQ,2026-05-08 10:30:27+00:00,0,48,48,72,1068.0,1087.0282153773808,19.028215377380775,2.997142048223576
k5v4PqzlRy0_first48h,k5v4PqzlRy0,UC2rBfO8HDq4OfMUTBLXVzqQ,2026-05-09 11:26:37+00:00,0,48,48,72,19358.0,20784.500988292533,1426.5009882925333,7.263680633853942
MUclQWBkmTk_first48h,MUclQWBkmTk,UCpujOXXHnJytkw2GriVQcjA,2026-05-08 20:23:57+00:00,0,48,48,72,9151.0,9154.0,3.0,1.3862943611198906
vHu9Xdc-jqc_first48h,vHu9Xdc-jqc,UC2x_qNZXKDxNP1j4jvHATRQ,2026-05-08 23:59:51+00:00,0,48,48,72,26305.333333333332,26403.3693036821,98.03597034876657,4.595483120999966
LIf8u836hbo_first48h,LIf8u836hbo,UCyKV3Zl7AKVj7ikyOlcfZTQ,2026-05-08 16:00:06+00:00,0,48,48,72,167174.11150442477,201978.0626945309,34803.951190106134,10.457514931220118
2k23RhdxLpE_first48h,2k23RhdxLpE,UCWM3hAGXUIgqsdEkTeUxATA,2026-05-09 18:25:36+00:00,0,48,48,72,205575.0,206331.02591463414,756.0259146341414,6.629397486185902
jfc5v18rwiM_first48h,jfc5v18rwiM,UCyX1ExBFqsG0r1JJdkjS27Q,2026-05-09 08:49:49+00:00,0,48,48,72,1027.0,1027.0,0.0,0.0
RoQWqmFeHg0_first48h,RoQWqmFeHg0,UCrBq9GPtUdKaYpiTFY_E4VA,2026-05-08 13:01:48+00:00,0,48,48,72,28865.0,33274.595001213296,4409.595001213296,8.391764880249928
Dnbh6yIziQ8_first48h,Dnbh6yIziQ8,UCFPn6FEkfzRqZJUq1LzdSvQ,2026-05-08 11:00:32+00:00,0,48,48,72,31976.967295931932,52209.27241880756,20232.305122875627,9.91508529412195
P0eCFEQcQN8_first48h,P0eCFEQcQN8,UCaXkIU1QidjPwiAYu6GcHjg,2026-05-09 20:37:25+00:00,0,48,48,72,86162.0,86894.6755319149,732.6755319148942,6.598066876267711
r3r2iTwUb7s_first48h,r3r2iTwUb7s,UCZ6IM7_T-bCmr_7DgAKjYxg,2026-05-08 13:21:54+00:00,0,48,48,72,130027.0,148202.87848893166,18175.87848893166,9.807905652710502
Uj7RM403Ezk_first48h,Uj7RM403Ezk,UCWElIIlFx2JiyI9UVrbrEcw,2026-05-09 20:38:05+00:00,0,48,48,72,6134.0,6636.258069645412,502.25806964541243,6.221103099454257
T9afcwEgnCo_first48h,T9afcwEgnCo,UC5nwNW4KdC0SzrhF9BXEYOQ,2026-05-09 11:34:27+00:00,0,48,48,72,6402.3267326732675,6499.548200248241,97.22146757497376,4.587224802211687
u-2e7Rrn3HQ_first48h,u-2e7Rrn3HQ,UCYZz5FgoK92y1hzoLRU1Vqw,2026-05-08 19:01:00+00:00,0,48,48,72,2382.705396475771,3212.9217777777776,830.2163813020065,6.722890147605743
SqYQ-n3DsbM_first48h,SqYQ-n3DsbM,UCIJAuSf8iqdtp8Wa1E0exMg,2026-05-09 14:00:06+00:00,0,48,48,72,56110.0,56733.84417236444,623.8441723644428,6.43750229443306
j6Iz8ieDJhk_first48h,j6Iz8ieDJhk,UCexpzYDEnfmAvPSfG4xbcjA,2026-05-09 11:52:49+00:00,0,48,48,72,7339.0,7428.302635611401,89.30263561140055,4.503166647277182
YRpmRKHRq8I_first48h,YRpmRKHRq8I,UCIALMKvObZNtJ6AmdCLP7Lg,2026-05-08 11:56:16+00:00,0,48,48,72,5848.056846203764,6156.8552188552185,308.7983726514549,5.7359216750685675
UZrXcJfCGIk_first48h,UZrXcJfCGIk,UCDBAVzfX3yZ1hah0FHnOoaA,2026-05-09 13:00:54+00:00,0,48,48,72,584650.0,614712.9160997733,30062.916099773254,10.311080930928664
i_MoEktmyOU_first48h,i_MoEktmyOU,UCxSBJW4GLTzzNWYiW9RO4rw,2026-05-09 18:40:58+00:00,0,48,48,72,71033.87301587302,71223.97626752967,190.10325165664835,5.2528138665732
xHgOZCXZQXo_first48h,xHgOZCXZQXo,UCA_hgsFzmynpv1zkvA5A7jA,2026-05-09 01:01:02+00:00,0,48,48,72,129843.0,153278.12905591202,23435.129055912024,10.062034087387529
VLvpdplCffc_first48h,VLvpdplCffc,UC4wpY8jmg-n4W-UddQBr1Ag,2026-05-08 11:35:50+00:00,0,48,48,72,19637.0,22316.69179271014,2679.6917927101385,7.893830171802931
h7ClQtEdsHU_first48h,h7ClQtEdsHU,UCuPGV3JFlcj-Q4pcXAQIIvQ,2026-05-08 22:00:48+00:00,0,48,48,72,2645.0,2765.3842776500105,120.38427765001052,4.798961361589422
18ifaX2O09U_first48h,18ifaX2O09U,UCEz9c3Qv7mnZcjP4s2_WpMw,2026-05-08 14:00:03+00:00,0,48,48,72,22035.107407407406,23902.508044856168,1867.4006374487617,7.532838069801499
TzmdGfEL1EA_first48h,TzmdGfEL1EA,UCOtrySrpC5ZwQ8qY59oAfKQ,2026-05-09 08:00:26+00:00,0,48,48,72,2980.3892180094786,3572.687444817235,592.2982268077562,6.385697184565974
CneSLNgboBw_first48h,CneSLNgboBw,UCIU8ha-NHmLjtUwU7dFiXUA,2026-05-09 07:45:06+00:00,0,48,48,72,942.7529002320185,960.8158387029723,18.06293847095378,2.9477460558580466
WNqitjROmmU_first48h,WNqitjROmmU,UCWFACumyV8XlBgvUfcbyt9Q,2026-05-08 14:22:41+00:00,0,48,48,72,56.0,61.747486835806605,5.747486835806605,1.9091701149346634
dCJbO_EjBjk_first48h,dCJbO_EjBjk,UCKgAB8lqTbqbwXC-e6_9lhQ,2026-05-08 21:50:03+00:00,0,48,48,72,7946.41634541249,8560.10157653163,613.6852311191396,6.421110317463829
B4qrl0r8gd8_first48h,B4qrl0r8gd8,UCRlWXcripH3oV_v6uSb9ASw,2026-05-09 20:33:52+00:00,0,48,48,72,6116.0,6166.635830825281,50.63583082528112,3.944215827345059
2rJbGPqKDa0_first48h,2rJbGPqKDa0,UChbq21l7nh2u_mSunnUkvrA,2026-05-09 05:06:32+00:00,0,48,48,72,32603.7993485342,33146.39921722114,542.5998686869352,6.29821344071503
8jrTZ7tnoCQ_first48h,8jrTZ7tnoCQ,UCf6_6_swiYberzNZOqisoZQ,2026-05-08 15:31:06+00:00,0,48,48,72,33240.223495702005,34494.76607773852,1254.5425820365126,7.1353230944195545
Pit_fY1wbCo_first48h,Pit_fY1wbCo,UCOGtuGCXBM8bGcMPu7RzN1A,2026-05-09 09:21:05+00:00,0,48,48,72,360.63366336633663,599.2068071312802,238.5731437649436,5.478858772166599
pG2hUhb2TvA_first48h,pG2hUhb2TvA,UCgVaz5LtVCMZV79uTSAF_Wg,2026-05-09 00:07:49+00:00,0,48,48,72,50271.0,50292.90176705301,21.90176705300837,3.1312140714700427
F3rMzsmPBhw_first48h,F3rMzsmPBhw,UCoaSU0GNxF9Kamg5Pizi8eQ,2026-05-09 10:51:11+00:00,0,48,48,72,783.0,820.2713472485768,37.27134724857683,3.6447015025957836
4T-fP_O6XOg_first48h,4T-fP_O6XOg,UCMI4X9e8DhwpKMCQn0nQ_Ug,2026-05-10 07:36:08+00:00,0,48,48,72,4734.0,4911.408189216683,177.40818921668324,5.184074122773327
_Q3yNvTkgGg_first48h,_Q3yNvTkgGg,UCF2e8f4ifh-_tzKRDqS4Wzg,2026-05-09 12:02:50+00:00,0,48,48,72,7953657.0,7957416.520061729,3759.5200617285445,8.232312541108907
eiM0HgWOfks_first48h,eiM0HgWOfks,UCxLGPZs0gsY9Sm6AsI2E-PQ,2026-05-10 07:48:03+00:00,0,48,48,72,86787.0,96099.24059003052,9312.240590030517,9.139192385971985
3l3le_nqEss_first48h,3l3le_nqEss,UCrPyrDfApHhxvepgAkDAQAQ,2026-05-09 11:07:54+00:00,0,48,48,72,30096.133911098685,31540.335949422282,1444.2020383235977,7.276004409681844
ecAVCkQJmvE_first48h,ecAVCkQJmvE,UCdVDU3XD3RqxL77phhxsGuA,2026-05-09 02:17:11+00:00,0,48,48,72,15.0,23.736312030763592,8.736312030763592,2.27586240434623
IfrBrBXfNm4_first48h,IfrBrBXfNm4,UCBZBcImIUt_-3BRktBs0qYQ,2026-05-09 09:00:31+00:00,0,48,48,72,39389.4357122219,45255.05806664467,5865.622354422769,8.677034339106216
I80eMxC2Nck_first48h,I80eMxC2Nck,UCL0_NxCvkcXwZHpvqgMZY-A,2026-05-10 00:09:01+00:00,0,48,48,72,11453.562930864684,11479.989214694979,26.42628383029478,3.3115018174738236
zFyLrPIqdYE_first48h,zFyLrPIqdYE,UCGzxLbFlisVJMJHrfbV-Pkg,2026-05-09 10:51:20+00:00,0,48,48,72,50910.0,51688.28125,778.28125,6.658372020506173
Tm7ISpY_jFw_first48h,Tm7ISpY_jFw,UCD8LsHm_WovZiH-SQ_MDeVg,2026-05-08 23:40:05+00:00,0,48,48,72,411268.0,432308.2071511854,21040.207151185372,9.954238039311583
v0_lvsz9HUk_first48h,v0_lvsz9HUk,UCkVBB_F_qqJ09bRQsgX6WZg,2026-05-09 08:37:20+00:00,0,48,48,72,977.0378567268492,978.0,0.9621432731507866,0.6740373825090479
wS5R3oUEUIk_first48h,wS5R3oUEUIk,UCPqswBEjZm3FdvOzPyDw9wg,2026-05-09 09:39:27+00:00,0,48,48,72,4572.8060570762955,4612.110378117458,39.30432104116244,3.696458685069857
neQmCtDJzkw_first48h,neQmCtDJzkw,UCYzPXprvl5Y-Sf0g4vX-m6g,2026-05-09 17:03:06+00:00,0,48,48,72,712321.2350176263,828615.420294394,116294.1852767677,11.66388693848184
bCohEU0FqpQ_first48h,bCohEU0FqpQ,UCBoN1di3_aH33K4_Ka9sPyw,2026-05-08 19:15:05+00:00,0,48,48,72,1227.0913242009133,1247.18,20.088675799086786,3.048736204424918
CYOc1rBR1e4_first48h,CYOc1rBR1e4,UCJCreS7pODbA6XYRsI5fdLg,2026-05-10 03:32:22+00:00,0,48,48,72,2405.0,2406.0,1.0,0.6931471805599453
Dg077BOvTss_first48h,Dg077BOvTss,UC_lEiu6917IJz03TnntWUaQ,2026-05-09 01:02:11+00:00,0,48,48,72,2215.0,2303.5302367941713,88.53023679417129,4.494576409500953
AwKzG9mAnok_first48h,AwKzG9mAnok,UC8w76cjoqEArF-ns44l_ujA,2026-05-08 14:30:36+00:00,0,48,48,72,28940.0,31272.17884356791,2332.178843567908,7.7549869272779
60jstU930U0_first48h,60jstU930U0,UCZXsCL1WTILfkPQrq9eOefQ,2026-05-09 13:13:08+00:00,0,48,48,72,35794.96395061728,37400.88452830189,1605.9205776846065,7.38207494179346
5IYisKZ0vRQ_first48h,5IYisKZ0vRQ,UCZXsCL1WTILfkPQrq9eOefQ,2026-05-09 13:02:08+00:00,0,48,48,72,448.6414814814815,482.07413695529146,33.43265547380997,3.539005401120726
sULVf21gObg_first48h,sULVf21gObg,UCZXsCL1WTILfkPQrq9eOefQ,2026-05-09 13:02:06+00:00,0,48,48,72,774.8276374442794,795.4037735849057,20.576136140626318,3.0715878956352047
SyVkm_RWuKo_first48h,SyVkm_RWuKo,UCNKUkQV2R0JKakyE1vuC1lQ,2026-05-08 21:19:57+00:00,0,48,48,72,2878.7252124645893,3480.4019079220243,601.676695457435,6.401380892838204
EntK6-yIzzQ_first48h,EntK6-yIzzQ,UCNKUkQV2R0JKakyE1vuC1lQ,2026-05-08 18:45:19+00:00,0,48,48,72,1139.0,1349.1848253049411,210.1848253049411,5.352733699368873
jEXudFbbSHg_first48h,jEXudFbbSHg,UCH4yRBPH2pDUjPeqomx8CTQ,2026-05-09 23:44:49+00:00,0,48,48,72,219366.0,232920.97079796265,13554.970797962655,9.514582378546594
9yAQPEkV2QE_first48h,9yAQPEkV2QE,UCvHm-lDQEhRJNCd8BdpzDkQ,2026-05-09 01:34:21+00:00,0,48,48,72,4186.356148491879,4326.908571428571,140.55242293669198,4.9526701285904435
7EwhJRJvgx4_first48h,7EwhJRJvgx4,UCKMyoorQfJNJzkw4WkTvcKQ,2026-05-10 07:55:10+00:00,0,48,48,72,378397.0,378794.7665785831,397.766578583105,5.988376229618742
TwO8Fyrp0Y8_first48h,TwO8Fyrp0Y8,UCBi2mrWuNuyYy4gbM6fU18Q,2026-05-09 15:30:31+00:00,0,48,48,72,209199.0,254397.88257507642,45198.88257507642,10.718849767920409
ceNVWigqZow_first48h,ceNVWigqZow,UCqoAEDirJPjEUFcF2FklnBA,2026-05-09 15:15:04+00:00,0,48,48,72,146696.0,186668.24620060791,39972.246200607915,10.595965664334678
Gm6MnSMQRBQ_first48h,Gm6MnSMQRBQ,UCMYlXK0jyerVnc3dmz-vjCA,2026-05-09 23:12:28+00:00,0,48,48,72,343.0,346.5825507939218,3.5825507939218255,1.5222557849958407
gYXgq_N0J-E_first48h,gYXgq_N0J-E,UCO3bfz4KY6zGT5IOaFJuxpA,2026-05-09 03:52:25+00:00,0,48,48,72,8787.0,8887.658064516128,100.65806451612843,4.621614873042793
vAfAaW0VQF8_first48h,vAfAaW0VQF8,UCWAiAV3m08lldG31uEfFuEw,2026-05-10 10:00:06+00:00,0,48,48,72,1671.0,2077.5881238155403,406.58812381554026,6.0102571640632885
dedky4JTgvU_first48h,dedky4JTgvU,UCIjw-PdaPP7gIddIizy3nhg,2026-05-09 10:00:37+00:00,0,48,48,72,1210.0,1283.9694069389848,73.96940693898478,4.31708012283922
FKp-0K1x4d0_first48h,FKp-0K1x4d0,UCDJdSCRNFsl-rJBxG5z41Lw,2026-05-10 00:48:31+00:00,0,48,48,72,26521.0,26557.09064576589,36.09064576588935,3.613364802131528
b0JCIXYVWLM_first48h,b0JCIXYVWLM,UCnxBP5BsR7r1C_nr3qWETug,2026-05-09 04:57:01+00:00,0,48,48,72,749.0,875.9029166666667,126.90291666666667,4.851271512598956
TsHLGO6vTIc_first48h,TsHLGO6vTIc,UCMNEVbszv8ZyvSXoTn3yhpQ,2026-05-09 16:04:33+00:00,0,48,48,72,73849.70144652597,83392.16514066921,9542.46369414324,9.163611769213038
-jBA2i-QLNI_first48h,-jBA2i-QLNI,UCMNEVbszv8ZyvSXoTn3yhpQ,2026-05-08 16:55:57+00:00,0,48,48,72,82415.0,98190.31795585604,15775.317955856037,9.666265231041958
BeswCHWoK-A_first48h,BeswCHWoK-A,UCA_hK5eRICBdSOLlXKESvEg,2026-05-09 12:00:16+00:00,0,48,48,72,19813.0,20636.108108108107,823.1081081081065,6.714301720463938
l6dj1UvwCtA_first48h,l6dj1UvwCtA,UCorQ8Y6syhWYB6QJW_4xVzQ,2026-05-09 19:07:58+00:00,0,48,48,72,437.0,451.42212674543504,14.422126745435037,2.7358032798593626
o7HHV6mrBCM_first48h,o7HHV6mrBCM,UCorQ8Y6syhWYB6QJW_4xVzQ,2026-05-09 18:04:20+00:00,0,48,48,72,1051.6308260267651,1100.7784030418252,49.14757701506005,3.914970198486214
9_nt-0-dwFA_first48h,9_nt-0-dwFA,UCorQ8Y6syhWYB6QJW_4xVzQ,2026-05-08 19:28:14+00:00,0,48,48,72,155.0,163.26098049936212,8.26098049936212,2.2258099285128905
npJVxNvYe0Q_first48h,npJVxNvYe0Q,UCUGUy6eAkpopV_Cgvkxgwfg,2026-05-10 05:40:28+00:00,0,48,48,72,2611.0,2698.9376526361157,87.93765263611567,4.487935592066343
K2Yiddbx0po_first48h,K2Yiddbx0po,UCUGUy6eAkpopV_Cgvkxgwfg,2026-05-10 05:27:36+00:00,0,48,48,72,2119.0,2203.1210685049546,84.12106850495456,4.444074578439295
FJcN51kYfqs_first48h,FJcN51kYfqs,UCzbQyIOwWK0j4E5DbWPcXBQ,2026-05-10 10:00:18+00:00,0,48,48,72,9930.0,10360.05724710619,430.0572471061896,6.066240905195706
gibz7BeLfXU_first48h,gibz7BeLfXU,UCzbQyIOwWK0j4E5DbWPcXBQ,2026-05-09 12:01:14+00:00,0,48,48,72,3990.3889325990035,4235.882896117523,245.49396351851965,5.507337504414207
NkNj5uRB0DI_first48h,NkNj5uRB0DI,UC2RbHv4m_52hBImrXucmhHg,2026-05-10 11:00:40+00:00,0,48,48,72,40.0,53.27346570397112,13.27346570397112,2.65840226843252
6DY-1iNvyAs_first48h,6DY-1iNvyAs,UCiwt1aanVMoPYUt_CQYCPQg,2026-05-09 11:16:29+00:00,0,48,48,72,11045.63777893098,11631.9753340185,586.3375550875189,6.375599705805903
htLaGt0WWsU_first48h,htLaGt0WWsU,UC4zGMicoES8FZwkhiXXZThg,2026-05-10 12:32:37+00:00,0,48,48,72,240686.0,241209.47835439636,523.4783543963567,6.262404157959703
XbmfLVmc-xI_first48h,XbmfLVmc-xI,UC2O-V4sGR4o2n-hQrwkqSLg,2026-05-09 12:22:46+00:00,0,48,48,72,4534.051870967742,5121.492957746479,587.4410867787374,6.377476814261445
vlET82_4coc_first48h,vlET82_4coc,UCorQ8Y6syhWYB6QJW_4xVzQ,2026-05-10 07:50:16+00:00,0,48,48,72,27704.948921917523,27822.719687421224,117.77076550370111,4.777195295026817
tqVRKAtfNHc_first48h,tqVRKAtfNHc,UCJg9wBPyKMNA5sRDnvzmkdg,2026-05-10 11:52:02+00:00,0,48,48,72,18390.13320667089,18531.666129465484,141.53292279459492,4.959573010178784
Xhe_JNYDz8Y_first48h,Xhe_JNYDz8Y,UCJpAwvQaZyCI5spAz7tipGA,2026-05-10 08:30:12+00:00,0,48,48,72,409922.4345047923,432994.52127524454,23072.08677045221,10.04642214241034
axzYJ9-TPEg_first48h,axzYJ9-TPEg,UCfDfvvMARk4TKcC62ALi6eA,2026-05-09 17:51:17+00:00,0,48,48,72,245748.0,263540.77345276874,17792.773452768743,9.78660386905955
VlY33vcW9PA_first48h,VlY33vcW9PA,UCvqG0FNvh9SUGyI6HNXxqgQ,2026-05-10 09:22:51+00:00,0,48,48,72,15215.27025261324,15297.788578058527,82.5183254452877,4.425066074188211
CwtkEhRgy30_first48h,CwtkEhRgy30,UC3Y_we_V_TVptQ-wExHRpuQ,2026-05-10 12:00:31+00:00,0,48,48,72,9.0,26.64387959866221,17.64387959866221,2.925517920576223
RjRInBZBHOo_first48h,RjRInBZBHOo,UCAJLrGIaHlsIyrFqzuyHhSw,2026-05-10 12:00:46+00:00,0,48,48,72,1042.0,1653.7645169922398,611.7645169922398,6.417980713669385
G0weTCxqPkg_first48h,G0weTCxqPkg,UCby585TmFCMPFO0m5HDLz2Q,2026-05-10 12:00:25+00:00,0,48,48,72,601.0,614.8212469895639,13.82124698956386,2.696061758673912
KJR7uA1FcQs_first48h,KJR7uA1FcQs,UCJt9_uuliE7wrj54TYNebDA,2026-05-10 12:00:36+00:00,0,48,48,72,412.0,438.9737827715356,26.973782771535582,3.3312677419568173
Ss7gkNXmufY_first48h,Ss7gkNXmufY,UCKiw9OKbQecHMy_K1JqxKeA,2026-05-10 12:00:06+00:00,0,48,48,72,13811.0,17817.06124093473,4006.0612409347304,8.295813394006933
G-SZHNtamzs_first48h,G-SZHNtamzs,UCdMJ5ZVu9wIHAzmUELIbXVg,2026-05-10 12:00:06+00:00,0,48,48,72,454.0,840.4114170584285,386.41141705842847,5.959487221520639
1Sj79szfzBo_first48h,1Sj79szfzBo,UCYRDa8WA7PTF42TJwOgpkQw,2026-05-10 13:05:14+00:00,0,48,48,72,4660.0,4998.4496373892025,338.4496373892025,5.82732559251672
QLnC6FrK0BE_first48h,QLnC6FrK0BE,UC6cS-kci69AsI9_sTSqUgkQ,2026-05-10 12:42:36+00:00,0,48,48,72,4458.913969513468,4469.340396995708,10.426427482239887,2.4359288727163584
j1tEKJupMcI_first48h,j1tEKJupMcI,UCT350j4u6alUKyF9eu2bGug,2026-05-10 06:31:48+00:00,0,48,48,72,208.04671947999188,208.0,0.0,0.0
Gv0Sc1jL5lA_first48h,Gv0Sc1jL5lA,UCT350j4u6alUKyF9eu2bGug,2026-05-10 06:28:31+00:00,0,48,48,72,862.0700325732898,914.9069589599796,52.83692638668981,3.985959595792516
YJWfddC2X_o_first48h,YJWfddC2X_o,UCT350j4u6alUKyF9eu2bGug,2026-05-10 06:22:17+00:00,0,48,48,72,245.70270820606802,249.4019882742799,3.6992800682118627,1.5474093200070222
h6lpKqWy9fQ_first48h,h6lpKqWy9fQ,UCWCM-nFVZ9d4yRxFbhLcPTw,2026-05-09 08:12:59+00:00,0,48,48,72,59790.40970350405,61962.3963898917,2171.9866863876523,7.68385785340271
wR8EowhvAAQ_first48h,wR8EowhvAAQ,UC2VmWn8dAqkzlQqvy02E1PA,2026-05-09 14:36:51+00:00,0,48,48,72,9051.049304369051,9190.344388669773,139.295084300722,4.943747949436314
F95oIZAiRIM_first48h,F95oIZAiRIM,UCcP1uBSHsP5NaBx6QfgD-HA,2026-05-10 07:45:44+00:00,0,48,48,72,18523.0,19208.355991069213,685.3559910692129,6.531396430543105
BYBhOB1AlxQ_first48h,BYBhOB1AlxQ,UC7Tmdxj18fdu4tTtxVUhoCA,2026-05-09 08:15:03+00:00,0,48,48,72,86193.6231675769,96217.73184006699,10024.108672490096,9.212848092264654
SOIGkZ9ywfI_first48h,SOIGkZ9ywfI,UCiOki3bA8llEHVgXBQ3x6wg,2026-05-10 09:19:07+00:00,0,48,48,72,40742.0,40794.389084950846,52.389084950846154,3.9776063234037333
CU31_5n8ZoE_first48h,CU31_5n8ZoE,UCYu7Fc1bLWCL81kzpzIaIYA,2026-05-10 12:00:30+00:00,0,48,48,72,2988.0,3309.3823174815807,321.3823174815807,5.775738162607196
GamCBEXHBKs_first48h,GamCBEXHBKs,UCYu7Fc1bLWCL81kzpzIaIYA,2026-05-10 11:00:33+00:00,0,48,48,72,7117.0,8422.788683154215,1305.7886831542146,7.1753280197217215
CUF67X90t-M_first48h,CUF67X90t-M,UCxf25PThunuFwS6F33_UWTg,2026-05-10 12:16:38+00:00,0,48,48,72,33.0,31.140233275237968,0.0,0.0
0UK6byyD454_first48h,0UK6byyD454,UCLkRCRHQL8kDRbaQav4v8bg,2026-05-10 12:00:04+00:00,0,48,48,72,2581.988792556566,2664.0323101777058,82.04351762113993,4.4193647790832555
h_rv2Qs_REk_first48h,h_rv2Qs_REk,UCfc5rX7XNwEvY0cgXygkDbQ,2026-05-10 12:01:17+00:00,0,48,48,72,620584.4264892269,667324.168593708,46739.74210448109,10.752371485255662
VxMP3Jp2zY0_first48h,VxMP3Jp2zY0,UC6XeHVdVtRqE96bI-jKIQew,2026-05-10 12:01:00+00:00,0,48,48,72,225.99218419940854,229.1650759510687,3.17289175166016,1.428609261100464
Kfh8LT3ZrwY_first48h,Kfh8LT3ZrwY,UCYSgMvsMIrC6Dvm6VfBP9xw,2026-05-10 12:00:35+00:00,0,48,48,72,101669.93284210526,135744.2812962216,34074.348454116334,10.43632948260537
fRO6WsVyncM_first48h,fRO6WsVyncM,UC8_XPLu1Vc0k3jBIb9nm9qg,2026-05-10 12:01:13+00:00,0,48,48,72,3285.8490844032835,3747.1890547263683,461.3399703230848,6.13630048696492
DPYq15kKKyM_first48h,DPYq15kKKyM,UCQF_OX6ISwaMbxLJEklyk-g,2026-05-10 12:30:14+00:00,0,48,48,72,3024.9453027139875,3241.2169773367305,216.27167462274292,5.381148527282885
yp2sTZoT-6U_first48h,yp2sTZoT-6U,UCGDe-gGoj3k3CuDcJIDpHFA,2026-05-10 12:01:48+00:00,0,48,48,72,159.3105098855359,214.9476510067114,55.63714112117549,4.036664973556063
kO3KL-xO4as_first48h,kO3KL-xO4as,UCDCJyLpbfgeVE9iZiEam-Kg,2026-05-10 10:45:43+00:00,0,48,48,72,13543.618660812293,13879.76451656162,336.1458557493261,5.8205156430965195
VoMypjNAK3w_first48h,VoMypjNAK3w,UC9tnW2dpPDNc_aEOnhsRs4g,2026-05-10 12:00:06+00:00,0,48,48,72,57462.91930116472,59160.89407974225,1697.9747785775253,7.437780276698606
IcnFhI89Poc_first48h,IcnFhI89Poc,UCLqCmbd6bgcLaBVz3aA-68A,2026-05-10 03:30:12+00:00,0,48,48,72,231150.0,264943.8052373159,33793.805237315886,10.428062378455735
xWNg829vuMo_first48h,xWNg829vuMo,UCcT6w3xUyVshyR2_2vrMp1w,2026-05-10 12:27:53+00:00,0,48,48,72,1871.9128639273179,1875.1314516129032,3.218587685585362,1.439500400370625
dpVfgLQX7FI_first48h,dpVfgLQX7FI,UC7hwQp3F6P_OwyRM14p88iQ,2026-05-10 12:19:18+00:00,0,48,48,72,33421.59783053622,33438.0,16.402169463777682,2.856594880274654
6FiqxiV3I9o_first48h,6FiqxiV3I9o,UCPJxwJpEXd9jRyzGUDqIviA,2026-05-10 12:15:07+00:00,0,48,48,72,13283.482348025904,14250.516250335751,967.0339023098477,6.875267109710648
9V8hat7_vE0_first48h,9V8hat7_vE0,UCj0Qq7hXiQGh4uHEdeFl9RQ,2026-05-10 14:36:22+00:00,0,48,48,72,1098.8072423398328,1116.7216416008157,17.91439926098292,2.939923497653748
vUj2tc8txnk_first48h,vUj2tc8txnk,UChWoDluh-gUgIpqzG1m-Sng,2026-05-09 16:30:31+00:00,0,48,48,72,712.0,820.6700215672179,108.67002156721787,4.697476053427682
vrgi5km8mLY_first48h,vrgi5km8mLY,UChWoDluh-gUgIpqzG1m-Sng,2026-05-09 16:00:06+00:00,0,48,48,72,4355.0,4479.902767792954,124.90276779295436,4.83550992486707
80yt3Gxcxcs_first48h,80yt3Gxcxcs,UCrvhNP_lWuPIP6QZzJmM-bw,2026-05-09 23:30:03+00:00,0,48,48,72,5358.0,5445.166666666667,87.16666666666697,4.4792289626302475
QLYKzyyC0PE_first48h,QLYKzyyC0PE,UCdbvc-yJ4JQjNGTgFiJIZNA,2026-05-10 00:16:16+00:00,0,48,48,72,33491.0,33773.22602739726,282.226027397257,5.6462452622479224
c3wdwprXrRw_first48h,c3wdwprXrRw,UCIr2L5vnVPAC1-FCLf5mcng,2026-05-10 13:57:44+00:00,0,48,48,72,34.0,47.60466675606813,13.604666756068127,2.681341118466629
ZE6-Iq6o1sY_first48h,ZE6-Iq6o1sY,UCIr2L5vnVPAC1-FCLf5mcng,2026-05-10 13:52:48+00:00,0,48,48,72,22.0,28.363953332439323,6.363953332439323,1.9965969260937333
a46zQHO5W6U_first48h,a46zQHO5W6U,UCIr2L5vnVPAC1-FCLf5mcng,2026-05-10 13:29:42+00:00,0,48,48,72,110.0,116.80638668992351,6.806386689923514,2.0549422050569115
m3rBjmymiEI_first48h,m3rBjmymiEI,UCHc3el42hXKKhjs_1vzWk9A,2026-05-09 14:30:40+00:00,0,48,48,72,3299.0479302832246,4528.161610878661,1229.1136805954366,7.11486186734402
Y3cH_1gP0hg_first48h,Y3cH_1gP0hg,UCK7LdglLCApOTaylxX8hW2Q,2026-05-10 01:30:25+00:00,0,48,48,72,146916.0,154252.45928947817,7336.459289478167,8.900747915838599
dfm0ZRmJmsU_first48h,dfm0ZRmJmsU,UCqQo7ewe87aYAe7ub5UqXMw,2026-05-09 23:44:01+00:00,0,48,48,72,1254938.1199358203,1345034.6215301286,90096.5015943083,11.408647713959006
RiJTHjQBysM_first48h,RiJTHjQBysM,UCXRlIK3Cw_TJIQC5kSJJQMg,2026-05-10 14:21:48+00:00,0,48,48,72,72500.0,73674.05076073785,1174.0507607378531,7.0690666262730995
C3o5PDWbC1o_first48h,C3o5PDWbC1o,UCPPyvsM48HS7RCGvkfjsX9g,2026-05-10 14:00:23+00:00,0,48,48,72,121.0,146.2450080949811,25.245008094981102,3.2674758031431983
vDsrkAjH74U_first48h,vDsrkAjH74U,UCIcRb5FLznQfVywDlnZjRNA,2026-05-10 14:11:48+00:00,0,48,48,72,3964.0,4164.891647550938,200.8916475509377,5.307731155225507
37HzV9kyqvE_first48h,37HzV9kyqvE,UCwbtZdhuhANYFNRPa99-16Q,2026-05-10 14:00:04+00:00,0,48,48,72,8123.0,18703.68830117393,10580.68830117393,9.266880267461733
ATgnY1NMv6E_first48h,ATgnY1NMv6E,UCs33A_DQr7sbB8e1BTI3ESw,2026-05-10 14:00:15+00:00,0,48,48,72,2336.0,2991.7545871559632,655.7545871559632,6.487310413171578
Y2nmkvSlM6Y_first48h,Y2nmkvSlM6Y,UC80ztI40QAXzWL94eoRzWow,2026-05-10 14:02:37+00:00,0,48,48,72,1373.0,1439.0032379924446,66.00323799244461,4.204740946468636
ryJimRgr0ck_first48h,ryJimRgr0ck,UCYkn7e_zaRR_UxOrJR0RVdg,2026-05-10 14:18:39+00:00,0,48,48,72,921.0,957.1273610361576,36.127361036157595,3.6143541920342024
BcnkJQ9_oTA_first48h,BcnkJQ9_oTA,UCSdExItCszcnIp-roT7b0kw,2026-05-10 10:14:11+00:00,0,48,48,72,167891.0,175722.82902408112,7831.829024081118,8.966079029487128
pGtJlxmgOWk_first48h,pGtJlxmgOWk,UC1DD0A8op56S-v4Hyc6hqSg,2026-05-10 14:33:27+00:00,0,48,48,72,57.0,313.44602272727275,256.44602272727275,5.550810077653737
k7PPy8kBNl0_first48h,k7PPy8kBNl0,UCYlMtMQMUN_5NlBtFc4HRwA,2026-05-10 14:37:38+00:00,0,48,48,72,107.0,107.0,0.0,0.0
dogKKOLQkY0_first48h,dogKKOLQkY0,UC1FbPiXx59_ltnFVx7IxWow,2026-05-10 12:01:10+00:00,0,48,48,72,10974.0,11159.663842947424,185.6638429474242,5.229309367879299
SHx1jS8iXBo_first48h,SHx1jS8iXBo,UC1FbPiXx59_ltnFVx7IxWow,2026-05-10 10:00:47+00:00,0,48,48,72,839.7080323922083,897.0722147651006,57.36418237289229,4.066702386146607
0NK9kx1mmbM_first48h,0NK9kx1mmbM,UCvzGlP9oQwU--Y0r9id_jnA,2026-05-10 12:23:28+00:00,0,48,48,72,358906.0,367265.5946598685,8359.594659868511,9.031284835112237
YGYnWrWR2Yg_first48h,YGYnWrWR2Yg,UCyR7wj7KsD0K4h6Rm_y0MSg,2026-05-10 15:13:29+00:00,0,48,48,72,142216.0,142364.98480943986,148.98480943986215,5.010534018567143
YHdr6fgUtEA_first48h,YHdr6fgUtEA,UCBPasXWxj1DYJLqZktw_UWg,2026-05-10 11:49:40+00:00,0,48,48,72,764319.547521991,765600.7564308682,1281.208908877219,7.156339579647268
sXjYanFatrQ_first48h,sXjYanFatrQ,UCUxTPRSns--l5BX2537u7Rw,2026-05-10 12:57:51+00:00,0,48,48,72,2143.0,2170.6334405144694,27.633440514469385,3.3545752835445253
feKCUK431JM_first48h,feKCUK431JM,UCYfYQ_KKxoo_lgEsb-APThA,2026-05-10 15:00:38+00:00,0,48,48,72,93.0,99.13269047942414,6.1326904794241415,1.9646885095917752
mo4DXOuLw2Q_first48h,mo4DXOuLw2Q,UCu5Fk7_gq7NO_8Gx2HKZp4A,2026-05-10 14:56:03+00:00,0,48,48,72,250.0,298.2362846279196,48.23628462791959,3.896630844121737
QKxjn6efq-4_first48h,QKxjn6efq-4,UCC536GNHb0gJBi6pxrAqMrQ,2026-05-10 14:57:37+00:00,0,48,48,72,2.0,2.0,0.0,0.0
TGrrWyBTwCc_first48h,TGrrWyBTwCc,UCBXNUPKWmdnHPxJ9bwgW-MQ,2026-05-10 15:00:47+00:00,0,48,48,72,591.0,904.9991863303499,313.99918633034986,5.752570055744043
rYV968eaXBc_first48h,rYV968eaXBc,UCwHfsu_vXxlIdtpqHDbp2yg,2026-05-10 14:44:11+00:00,0,48,48,72,2311.0,2596.8740317977986,285.8740317977986,5.659043205812334
iO5Tu9JmMcM_first48h,iO5Tu9JmMcM,UCHpdtPldn7l9IER9ayEmXjA,2026-05-10 14:42:27+00:00,0,48,48,72,58.0,84.9470684039088,26.9470684039088,3.3303123069411673
VYr14kJpY24_first48h,VYr14kJpY24,UCPMLWMlHKkTWrHAZVsVoETw,2026-05-10 14:46:58+00:00,0,48,48,72,11.0,11.0,0.0,0.0
IUdwuI4xQ0Y_first48h,IUdwuI4xQ0Y,UCl9abQAXRepSPOqWWFnA3vQ,2026-05-10 15:00:34+00:00,0,48,48,72,4680.0,5430.3506334286885,750.3506334286885,6.621872431525468
F8V2NC--RdY_first48h,F8V2NC--RdY,UCa-W2A5iRRhHYFIoPBcDGdQ,2026-05-10 15:00:20+00:00,0,48,48,72,12.0,13.0,1.0,0.6931471805599453
QESkB2YKpRE_first48h,QESkB2YKpRE,UCwDyCMbrFn0RkqXdCKxjIbg,2026-05-10 16:00:07+00:00,0,48,48,72,17048.26412106282,17439.92757038323,391.663449320411,5.972952881928559
LUcGqIGTrL8_first48h,LUcGqIGTrL8,UCm_jnI7ubEWq57tEk6pDHBw,2026-05-13 09:51:11+00:00,0,48,48,72,1842.0,1938.0,96.0,4.574710978503383
onLg0ngtS5E_first48h,onLg0ngtS5E,UCPARDnYdJQBJID-qyefVKcw,2026-05-13 13:31:01+00:00,0,48,48,72,1265.0,1400.0,135.0,4.912654885736052
xYKVdQxTPwk_first48h,xYKVdQxTPwk,UCPli4zx1L4CO4w7UuTi92uw,2026-05-14 05:31:25+00:00,0,48,48,72,24.0,24.0,0.0,0.0
ttFBgMCPxK0_first48h,ttFBgMCPxK0,UCL0_NxCvkcXwZHpvqgMZY-A,2026-05-14 05:32:51+00:00,0,48,48,72,120838.76254180603,167709.0,46870.237458193966,10.75515949249257
xow8h1Qp3-c_first48h,xow8h1Qp3-c,UCbATDExtWstHnwWELZnXNZA,2026-05-14 05:34:00+00:00,0,48,48,72,241.0,252.0,11.0,2.4849066497880004
bO9LGMHu8ic_first48h,bO9LGMHu8ic,UCPaw88cPQ83rPMP0CjrOhJg,2026-05-14 00:11:30+00:00,0,48,48,72,5595.0,5596.0,1.0,0.6931471805599453
rKZY7d0mkD0_first48h,rKZY7d0mkD0,UCgCkdBQj4Wu7UrEuITnypSA,2026-05-13 07:28:10+00:00,0,48,48,72,568.0,700.0,132.0,4.890349128221754
fooFjZGVTsk_first48h,fooFjZGVTsk,UCuw_9BO3ufgtLJEiWoa5drQ,2026-05-14 06:01:17+00:00,0,48,48,72,355.32972522897586,422.0,66.67027477102414,4.214647010691397
BcUe3Mmxx5w_first48h,BcUe3Mmxx5w,UCzmosvcc7ez4Oc-sdLD2hnQ,2026-05-14 06:05:27+00:00,0,48,48,72,49.0,52.0,3.0,1.3862943611198906
xrwwBqSrVvo_first48h,xrwwBqSrVvo,UCi4-4miHWaGLAk5qqx6g3Mw,2026-05-14 06:15:23+00:00,0,48,48,72,44.0,61.0,17.0,2.8903717578961645
77qnjMRZkXE_first48h,77qnjMRZkXE,UCUxa6zbPQtMTdzVDeZcYc_Q,2026-05-12 10:57:22+00:00,0,48,48,72,112.35946622185153,131.0,18.640533778148466,2.9775954806704674
tXYUhlwCcQI_first48h,tXYUhlwCcQI,UCm_jnI7ubEWq57tEk6pDHBw,2026-05-12 09:27:03+00:00,0,48,48,72,422.15177065767284,466.0,43.84822934232716,3.803284108178693
g7DaklPy-64_first48h,g7DaklPy-64,UCFnspr3LcLLJJfJxoB0fIuA,2026-05-14 06:24:26+00:00,0,48,48,72,7.0,7.0,0.0,0.0
_i64yBIWKD0_first48h,_i64yBIWKD0,UCYiB80AmjJRm9ObwkvKroFw,2026-05-14 06:35:36+00:00,0,48,48,72,12.0,15.0,3.0,1.3862943611198906
PgqMQB98j1k_first48h,PgqMQB98j1k,UCMXR0GRIKcohg_YTzabuzvA,2026-05-13 10:26:17+00:00,0,48,48,72,660.5672514619883,947.0,286.43274853801165,5.660988914745637
2xzzDSGodxE_first48h,2xzzDSGodxE,UCaStl8gORo5UnMkOxVMOsiw,2026-05-14 06:47:24+00:00,0,48,48,72,7.0,7.0,0.0,0.0
NNxOS-R_crY_first48h,NNxOS-R_crY,UCU1kccocfd3_fiv_RVSnDBA,2026-05-14 06:45:04+00:00,0,48,48,72,112.44804655029094,123.0,10.55195344970906,2.446854552511903
ojWZysVRfwI_first48h,ojWZysVRfwI,UCAJTSEi89cP1jjd6thlxBBg,2026-05-14 07:00:48+00:00,0,48,48,72,1481.865112406328,1560.0,78.13488759367192,4.371153834346655
Lo3ufgRZL3I_first48h,Lo3ufgRZL3I,UC6-bkbqTy73kmHhILAGbt3g,2026-05-14 07:00:30+00:00,0,48,48,72,28.97171381031614,41.0,12.028286189683861,2.567122854449641
JKYBImGwW1w_first48h,JKYBImGwW1w,UCPaw88cPQ83rPMP0CjrOhJg,2026-05-14 00:39:47+00:00,0,48,48,72,6911.0,6911.0,0.0,0.0
0vSZ6JIAl2E_first48h,0vSZ6JIAl2E,UCTQ-gSOpuLtgQarXw3XVmyQ,2026-05-14 07:12:10+00:00,0,48,48,72,154.4474123539232,186.0,31.5525876460768,3.4828568630701375
mjCrPfjvC7k_first48h,mjCrPfjvC7k,UCY6-r6xoKtdeGu08i5Z5VNA,2026-05-14 07:13:28+00:00,0,48,48,72,19029.520938023452,23067.0,4037.479061976548,8.303623430264862
EWHGFJ620Ss_first48h,EWHGFJ620Ss,UC7AmGcOFl8hJCI_mST7sYdw,2026-05-14 07:25:24+00:00,0,48,48,72,0.0,0.0,0.0,0.0
sQHoJ5qemeY_first48h,sQHoJ5qemeY,UCq8cveuaw5Ztv44nw2txiIg,2026-05-14 07:27:49+00:00,0,48,48,72,23258.0,23282.0,24.0,3.2188758248682006
Md5NmOxp54o_first48h,Md5NmOxp54o,UC3DZ6OlP8BmFw9Sz_TsQyCg,2026-05-13 12:00:41+00:00,0,48,48,72,3670.0,4629.0,959.0,6.866933284461882
WuCx_wjYHh4_first48h,WuCx_wjYHh4,UCgff-vgkh7aFHyu-hfSCmJQ,2026-05-14 07:35:53+00:00,0,48,48,72,887.345,918.0,30.654999999999973,3.454896113996089
eHjAf0W5108_first48h,eHjAf0W5108,UCepF4_i9hjtn81vDrfDjp4Q,2026-05-14 07:38:25+00:00,0,48,48,72,157.0,171.0,14.0,2.70805020110221
7whq5gdiYCI_first48h,7whq5gdiYCI,UCC0LsAq7SZ7kkPMvRtqlZ7w,2026-05-14 07:46:29+00:00,0,48,48,72,1.0,1.0,0.0,0.0
zghkeVBaf24_first48h,zghkeVBaf24,UCC0LsAq7SZ7kkPMvRtqlZ7w,2026-05-14 07:49:37+00:00,0,48,48,72,1.0,1.0,0.0,0.0
fD2QZIX2sTs_first48h,fD2QZIX2sTs,UCJPJAOXwC7qhus81x1PMxPQ,2026-05-14 08:00:22+00:00,0,48,48,72,522.0,615.0,93.0,4.543294782270004
dSCs8-HOG4U_first48h,dSCs8-HOG4U,UCvmb-5neSrLtrjnBvh0pR6w,2026-05-14 08:00:35+00:00,0,48,48,72,35128.517097581316,44907.0,9778.482902418684,9.188041888667714
qOULXLKXB8U_first48h,qOULXLKXB8U,UC22p8kPm77aZ-lWMk0DR8GA,2026-05-14 08:17:01+00:00,0,48,48,72,1276.0,1532.0,256.0,5.54907608489522
kh_ITt9_t90_first48h,kh_ITt9_t90,UCeOFmgRMNMmjLAk-ID3MDDw,2026-05-14 08:14:00+00:00,0,48,48,72,1616.7710241465445,2245.0,628.2289758534555,6.444495222020549
9DY8awV6g6A_first48h,9DY8awV6g6A,UCiE2Ko5NANcbA0Rfph7DXlw,2026-05-14 08:32:22+00:00,0,48,48,72,367.92527287993283,413.0,45.074727120067166,3.8302645810221723
L3k6Vzb7GRY_first48h,L3k6Vzb7GRY,UCQK2si_zQf-jPB6iIEv3inw,2026-05-14 08:30:09+00:00,0,48,48,72,7687.391267842149,8793.0,1105.6087321578507,7.0090554214123175
6rJu4377LBE_first48h,6rJu4377LBE,UCRf7ceEvA0nEfyHPpvQ1E9A,2026-05-14 08:39:48+00:00,0,48,48,72,118.93023255813954,144.0,25.069767441860463,3.2607763073785976
OKvIRnMmGcE_first48h,OKvIRnMmGcE,UCqtVbpwnInuZVvyWVlU_GDQ,2026-05-14 08:37:26+00:00,0,48,48,72,47751.669449081804,53375.0,5623.3305509181955,8.634857206819893
9OeypYUdlhY_first48h,9OeypYUdlhY,UCrpNycjkOVF5RZZCPboon0Q,2026-05-14 08:45:23+00:00,0,48,48,72,4.0,4.0,0.0,0.0
Dg7RtROi5q4_first48h,Dg7RtROi5q4,UCRmlhQf3AWrUJFN5QPiH6jw,2026-05-14 08:46:05+00:00,0,48,48,72,883.4476744186046,953.0,69.5523255813954,4.256354641347249
JV7Srvm73wU_first48h,JV7Srvm73wU,UCNjLwWFmMcx3v85fIViIiEw,2026-05-14 08:54:37+00:00,0,48,48,72,5.0,5.0,0.0,0.0
V0ntxo8dCao_first48h,V0ntxo8dCao,UC6uwR7Di3lb27AUvKD5lRvA,2026-05-14 09:00:39+00:00,0,48,48,72,43.47324414715719,47.0,3.526755852842811,1.51000553566367
luzHPN1Xhqo_first48h,luzHPN1Xhqo,UCAf2d1Wb5HDRxavBeiP7tXQ,2026-05-14 09:00:55+00:00,0,48,48,72,518.9732441471572,1306.0,787.0267558528428,6.669532043409424
ooWP6ur-wsE_first48h,ooWP6ur-wsE,UCzwG2cNftEhprJEBgagnFTA,2026-05-14 09:08:30+00:00,0,48,48,72,143.0,211.0,68.0,4.23410650459726
3DfNNiqSq9E_first48h,3DfNNiqSq9E,UCx_vY4--R4XgUGUH-tRkRZg,2026-05-14 09:28:16+00:00,0,48,48,72,1.0,1.0,0.0,0.0
Y31RYhtAqaw_first48h,Y31RYhtAqaw,UCx_vY4--R4XgUGUH-tRkRZg,2026-05-14 09:28:20+00:00,0,48,48,72,127.48419301164725,132.0,4.51580698835275,1.707617968084756
31Q5UibcrVU_first48h,31Q5UibcrVU,UC996W_AaOWru7aWTC1FXelA,2026-05-14 09:30:05+00:00,0,48,48,72,93.90682196339435,107.0,13.09317803660565,2.645690853110892
fuMoOxeqtmI_first48h,fuMoOxeqtmI,UCOTJtP0Z9DjpPU43B5m1V6A,2026-05-14 09:35:00+00:00,0,48,48,72,68117.52921535893,72248.0,4130.470784641075,8.326388744747744
mEcw_9_7OS8_first48h,mEcw_9_7OS8,UCZ4v24R1mXG2d9X45dUSNLQ,2026-05-14 09:49:14+00:00,0,48,48,72,37.0,39.0,2.0,1.0986122886681098
Pj2EoU28W0A_first48h,Pj2EoU28W0A,UCBnYeOU4OILScQKxOd3QVsA,2026-05-14 09:46:29+00:00,0,48,48,72,3351.4398998330553,4321.0,969.5601001669447,6.87787332770552
xn-uBaIjbQI_first48h,xn-uBaIjbQI,UCe2iCbwp3_rBI-UFbi9kyaQ,2026-05-14 09:52:12+00:00,0,48,48,72,106.0,118.0,12.0,2.5649493574615367
jxrQrGl6-8I_first48h,jxrQrGl6-8I,UCEwbt8TRKYmreEGozyMeajA,2026-05-14 09:52:42+00:00,0,48,48,72,2037.9382303839734,2108.0,70.0617696160266,4.263549493407298
YXalXyz7_I4_first48h,YXalXyz7_I4,UC2tUgKdfF1DRiCQ-0ArWPJQ,2026-05-14 10:00:01+00:00,0,48,48,72,110.0,119.0,9.0,2.302585092994046
c0ydAWT4Xfo_first48h,c0ydAWT4Xfo,UC-m_c87PJyuvi6BEUuXikXw,2026-05-14 10:00:51+00:00,0,48,48,72,7684.187086092716,8139.0,454.8129139072844,6.122082448808834
r4qC5WE1WKs_first48h,r4qC5WE1WKs,UCuVsS289NCOTnouZjhJvodg,2026-05-14 10:08:00+00:00,0,48,48,72,2066.5681063122925,5197.0,3130.4318936877075,8.049245652946492
7_xTxKh8DEI_first48h,7_xTxKh8DEI,UCFmODKUuOEFh7-67cgCuAcQ,2026-05-14 10:15:00+00:00,0,48,48,72,13.0,16.0,3.0,1.3862943611198906
J8BvonmUUgg_first48h,J8BvonmUUgg,UCd-dcO5EdF1y6AYPyC4ruJQ,2026-05-14 10:19:20+00:00,0,48,48,72,9546.996658312448,10526.0,979.0033416875522,6.887555981544061
Ep6JI67yXRM_first48h,Ep6JI67yXRM,UCQ5c_h0BLu_4zvZy7_n-QRA,2026-05-14 10:19:40+00:00,0,48,48,72,22.916805324459233,25.0,2.083194675540767,1.1259662917501527
7dksMZCD1c0_first48h,7dksMZCD1c0,UCuw_9BO3ufgtLJEiWoa5drQ,2026-05-14 10:30:03+00:00,0,48,48,72,70.0,108.0,38.0,3.6635616461296463
3YzfCmUnkbQ_first48h,3YzfCmUnkbQ,UCFsNxYnUEs4tcqyddJhW43g,2026-05-14 10:30:01+00:00,0,48,48,72,27265.361596009974,31527.0,4261.638403990026,8.357643591208916
kSraPjJdsD4_first48h,kSraPjJdsD4,UCX9OQTv_N1PCrgfXlT8KE8A,2026-05-14 10:34:49+00:00,0,48,48,72,2112.873121869783,5320.0,3207.126878130217,8.073442518743647
907yQyNXlo8_first48h,907yQyNXlo8,UChwHdsFDar_tq9JdPFuPI1g,2026-05-14 10:41:55+00:00,0,48,48,72,18.0,20.0,2.0,1.0986122886681098
1ZdQL8WeU70_first48h,1ZdQL8WeU70,UCWjems-9LdDPKzOANOQ2RQw,2026-05-14 10:45:01+00:00,0,48,48,72,141853.35,170971.0,29117.649999999994,10.279134141345859
AT5A0CKTMt4_first48h,AT5A0CKTMt4,UCWabDFPYAfrurVJBbv5uHUw,2026-05-14 03:30:07+00:00,0,48,48,72,11.0,12.0,1.0,0.6931471805599453
paiPBrr33X8_first48h,paiPBrr33X8,UC2RbHv4m_52hBImrXucmhHg,2026-05-14 11:01:15+00:00,0,48,48,72,52.0,62.0,10.0,2.3978952727983707
Ag2qca2u3A4_first48h,Ag2qca2u3A4,UC1OO5Fh2uim0N99bgV_u2pw,2026-05-14 11:00:35+00:00,0,48,48,72,77.42618849040868,84.0,6.573811509591323,2.0246964426623135
aX0bjYsNxrI_first48h,aX0bjYsNxrI,UC45j2TPkglLAdcFG0j54mBA,2026-05-14 11:30:02+00:00,0,48,48,72,10.0,11.0,1.0,0.6931471805599453
KWm2UB4RRe8_first48h,KWm2UB4RRe8,UCrMZ0Gyfqb4O9SAXmPhK-Zg,2026-05-14 11:33:17+00:00,0,48,48,72,195.0,209.0,14.0,2.70805020110221
mMbpqZoArLM_first48h,mMbpqZoArLM,UCfl6va7Vmb77SQUhB5aPR-Q,2026-05-14 11:47:05+00:00,0,48,48,72,439.5178719866999,644.0,204.4821280133001,5.325359061849218
epqpUN2U130_first48h,epqpUN2U130,UC6h4jewYerCnrOyb9GwXcug,2026-05-14 11:48:00+00:00,0,48,48,72,27253.778423236516,28566.0,1312.2215767634843,7.180238616168274
p5-tNBzMC6c_first48h,p5-tNBzMC6c,UCIKec8L8ISj6ENBqSKJtZNA,2026-05-14 11:54:55+00:00,0,48,48,72,4636.532554257095,5010.0,373.4674457429046,5.92550487192362
xwnjptdE5DM_first48h,xwnjptdE5DM,UCG80JDVsQwm9X7WFLLEi3wQ,2026-05-14 12:01:38+00:00,0,48,48,72,51.95269709543569,56.0,4.047302904564312,1.6188540223125538
6AtVBa0Ovzs_first48h,6AtVBa0Ovzs,UC32TdiIsh_5X8tKr_9rKQyA,2026-05-14 12:02:27+00:00,0,48,48,72,13020.8745819398,13103.0,82.1254180602009,4.420350528259021
ZECpndnR-VA_first48h,ZECpndnR-VA,UCnVJ112p6NFV8VcyYAgPlMg,2026-05-14 11:34:34+00:00,0,48,48,72,36.0,51.0,15.0,2.772588722239781
I6aXxKDyPak_first48h,I6aXxKDyPak,UCiOR3zQCU-tLza5g1MuqABA,2026-05-14 12:15:02+00:00,0,48,48,72,412.44954128440367,417.0,4.550458715596335,1.7138805758016986
fGunQxuR0z0_first48h,fGunQxuR0z0,UCK1Zh_2KvKKFkDBCSYuLjAw,2026-05-14 12:30:45+00:00,0,48,48,72,556.0,758.0,202.0,5.313205979041787
IRF4ZApmrPQ_first48h,IRF4ZApmrPQ,UCnvLgMU5pDIW5N-jWOOpC8A,2026-05-14 12:30:44+00:00,0,48,48,72,2551.9216013344453,3058.0,506.0783986655547,6.228665624113253
DnRvPsvXZwM_first48h,DnRvPsvXZwM,UCMNXbF0XolZgjYnpQDxu5ww,2026-05-13 10:09:00+00:00,0,48,48,72,3003.0,3295.0,292.0,5.680172609017068
-xOsqmfrFWo_first48h,-xOsqmfrFWo,UCaqKXbtdWXgwlGDGnhvhYVA,2026-05-14 12:31:09+00:00,0,48,48,72,288.26855713094244,361.0,72.73144286905756,4.3004293414433
9zUKTFAvep4_first48h,9zUKTFAvep4,UC3P5RTVmGa6S_tOoLygYd8A,2026-05-14 12:34:17+00:00,0,48,48,72,51.47956630525438,66.0,14.52043369474562,2.742157458613713
Bw58mH1SJGc_first48h,Bw58mH1SJGc,UCJSDOfdi2XCvPmUAnP7BM_w,2026-05-14 12:36:58+00:00,0,48,48,72,403.0,428.0,25.0,3.258096538021482
PCrsBpulz9A_first48h,PCrsBpulz9A,UC2TuODJhC03pLgd6MpWP0iw,2026-05-14 12:50:00+00:00,0,48,48,72,2573.008347245409,2629.0,55.99165275459109,4.042904814208831
aaPmMhMgQsg_first48h,aaPmMhMgQsg,UC8ROUUjHzEQm-ndb69CX8Ww,2026-05-14 12:52:39+00:00,0,48,48,72,6373.428809325562,8614.0,2240.571190674438,7.714932323374189
PAbHFSJJs1U_first48h,PAbHFSJJs1U,UCYR3S_hTVAUCF28VeVjrGZg,2026-05-14 12:58:03+00:00,0,48,48,72,79.11823480432973,107.0,27.88176519567027,3.3632104338905036
keF__l0yIio_first48h,keF__l0yIio,UCkoHT6ugZz-6UwmPExH37LA,2026-05-14 13:01:27+00:00,0,48,48,72,5122.2,5283.0,160.80000000000018,5.086361004624393
SFaajknBcvs_first48h,SFaajknBcvs,UCkrhThVlONmZArYmZ2KgEkA,2026-05-14 13:16:46+00:00,0,48,48,72,1.0,1.0,0.0,0.0
LD8rX8nBgkg_first48h,LD8rX8nBgkg,UCLkRCRHQL8kDRbaQav4v8bg,2026-05-14 13:18:33+00:00,0,48,48,72,2248.0,2369.0,121.0,4.804021044733257
xlbnaHARozI_first48h,xlbnaHARozI,UCEfBqIWV5IvYYpfD5V67rZg,2026-05-14 13:31:05+00:00,0,48,48,72,699.1843853820598,889.0,189.81561461794024,5.251307593285903
FdrVT4AZk_I_first48h,FdrVT4AZk_I,UCStlG5wqvYQWHy99BboJrxg,2026-05-14 13:49:24+00:00,0,48,48,72,2028.0,2054.0,26.0,3.295836866004329
4GfAlNQzSZY_first48h,4GfAlNQzSZY,UC0knkah4oFeAO04PIQJtpRA,2026-05-14 14:00:14+00:00,0,48,48,72,2781.3504983388702,2962.0,180.64950166112976,5.202079015262015
J3gUKO_mR4I_first48h,J3gUKO_mR4I,UC3EWyNiOL9Y0p0m_VSvDwwA,2026-05-14 14:00:22+00:00,0,48,48,72,11403.116279069767,12020.0,616.8837209302328,6.426300285919963
EIchEHPzsGE_first48h,EIchEHPzsGE,UCizwH1kNBgN6jAmQ5OQH8-g,2026-05-14 14:08:56+00:00,0,48,48,72,101.97171381031615,111.0,9.028286189683854,2.305409718947836
PlYrK9-9nTE_first48h,PlYrK9-9nTE,UCIhh4hvMYGlWpyBSU7yT4fQ,2026-05-14 14:15:04+00:00,0,48,48,72,3365.3216957605987,4890.0,1524.6783042394013,7.330194379817092
En24UhtuV2Q_first48h,En24UhtuV2Q,UCSMUqRwan5B0Oa-sMV9rH9Q,2026-05-14 14:33:30+00:00,0,48,48,72,49.0,54.0,5.0,1.791759469228055
dHi6_iRs80c_first48h,dHi6_iRs80c,UC80ztI40QAXzWL94eoRzWow,2026-05-14 14:43:15+00:00,0,48,48,72,3660.7196652719667,5109.0,1448.2803347280333,7.2788223913294265
vO_ySEppyJQ_first48h,vO_ySEppyJQ,UCcmrMhsODg7SSkuZ5F5IJMg,2026-05-14 15:00:00+00:00,0,48,48,72,2763.7004991680533,2926.0,162.29950083194672,5.095585943216982
7WvnMlvQ-IU_first48h,7WvnMlvQ-IU,UCwgjjrddvYwdSdM0WkIk8cA,2026-05-14 15:05:00+00:00,0,48,48,72,8997.668053244593,10191.0,1193.3319467554065,7.085342267672234
-lONa6KUBf4_first48h,-lONa6KUBf4,UCZXsCL1WTILfkPQrq9eOefQ,2026-05-14 15:01:36+00:00,0,48,48,72,15560.716306156406,15829.0,268.28369384359394,5.595765447830564
meAGA4VO2Es_first48h,meAGA4VO2Es,UCJpbvB2E_LRw6EPWnRtDpcA,2026-05-14 15:08:03+00:00,0,48,48,72,5606.377295492488,6129.0,522.622704507512,6.260771395409439
cQ8maBfwZ7Q_first48h,cQ8maBfwZ7Q,UCYiB80AmjJRm9ObwkvKroFw,2026-05-14 15:11:27+00:00,0,48,48,72,6.0,9.0,3.0,1.3862943611198906
vUI2-hWQqIs_first48h,vUI2-hWQqIs,UCYiB80AmjJRm9ObwkvKroFw,2026-05-14 15:11:29+00:00,0,48,48,72,10.62301918265222,23.0,12.37698081734778,2.593535380309863
C5etV5XPr64_first48h,C5etV5XPr64,UCy0uLWAIsi31LVQRfM98uGA,2026-05-14 07:34:05+00:00,0,48,48,72,22483.0,22510.0,27.0,3.332204510175204
cWIA0V8Um7s_first48h,cWIA0V8Um7s,UCIU8ha-NHmLjtUwU7dFiXUA,2026-05-14 15:38:51+00:00,0,48,48,72,1866.0,1892.0,26.0,3.295836866004329
nwi22TNhrng_first48h,nwi22TNhrng,UCCOIN8Zd-oE5czKMucGAlpw,2026-05-14 15:41:21+00:00,0,48,48,72,776.1596009975063,1199.0,422.84039900249365,6.049356966922178
UrMPUSh5614_first48h,UrMPUSh5614,UCdvrSqAotr5Iykjm5xxKM0A,2026-05-14 15:39:09+00:00,0,48,48,72,2245.2662229617304,3095.0,849.7337770382696,6.746099244187468
PQbrurtZAx8_first48h,PQbrurtZAx8,UCbDM2dRJWwM5Son2jkrbiHw,2026-05-14 15:47:48+00:00,0,48,48,72,0.0,0.0,0.0,0.0
82Zi7ZrHeY8_first48h,82Zi7ZrHeY8,UCRPNk3TA5cbyB-8hvNgsP5g,2026-05-14 15:47:27+00:00,0,48,48,72,147206.77128547578,182676.0,35469.228714524215,10.476448995858641
U435T8PRsHc_first48h,U435T8PRsHc,UCJA7F5EP-XNDJ8hN3d5R_BA,2026-05-14 16:00:03+00:00,0,48,48,72,59.0,74.0,15.0,2.772588722239781
JeOi-pjorDk_first48h,JeOi-pjorDk,UCCS0ACzm-0LONh90tTZWalw,2026-05-14 16:00:15+00:00,0,48,48,72,24.0,26.0,2.0,1.0986122886681098
vEwTNGW5jKk_first48h,vEwTNGW5jKk,UCQPTbtadNWcPYuoS3JqkpYw,2026-05-14 16:18:16+00:00,0,48,48,72,84115.3119266055,91733.0,7617.6880733945,8.938359465012068
tKc_07_J54s_first48h,tKc_07_J54s,UCbX_-W4L9BMpNOzgx568jAw,2026-05-14 16:23:17+00:00,0,48,48,72,14.0,19.0,5.0,1.791759469228055
8KDAxnOikzk_first48h,8KDAxnOikzk,UCi8vYBOm47Py7JaE8MYm7rQ,2026-05-14 16:26:40+00:00,0,48,48,72,2.0,2.0,0.0,0.0
2RPR4DpgVDk_first48h,2RPR4DpgVDk,UCBcWMu-CwIcWtAzlo2wYfXQ,2026-05-14 09:18:58+00:00,0,48,48,72,881.0,897.0,16.0,2.833213344056216
6YlZ61fIhb8_first48h,6YlZ61fIhb8,UCpHSkPvEfclEORXN9KuvDBQ,2026-05-14 09:09:12+00:00,0,48,48,72,560.0,675.0,115.0,4.7535901911063645
ErTk5tXTc5k_first48h,ErTk5tXTc5k,UCgMnEAGn2fn5mtw5mw4A9TA,2026-05-14 16:41:06+00:00,0,48,48,72,1.0,1.0,0.0,0.0
JW4YLVqdcU4_first48h,JW4YLVqdcU4,UCC36ds-oe1gmGx3qblvtvQg,2026-05-14 16:38:23+00:00,0,48,48,72,31.0,32.0,1.0,0.6931471805599453
NofYm5JV7MI_first48h,NofYm5JV7MI,UC_GcrznCXn6b-i1Y7DOn54A,2026-05-14 16:45:37+00:00,0,48,48,72,111.92487479131887,122.0,10.07512520868113,2.4047016213915478
lLcFBQA8D84_first48h,lLcFBQA8D84,UCcgd0a7i_tQ0pwqqScu6skg,2026-05-14 17:01:03+00:00,0,48,48,72,0.0,0.0,0.0,0.0
q3qYej4WZvw_first48h,q3qYej4WZvw,UCKnniBAOZslhdh9JTT6Sbcg,2026-05-14 17:00:08+00:00,0,48,48,72,6080.45,7337.0,1256.5500000000002,7.136920662614841
xISLjhbmEFo_first48h,xISLjhbmEFo,UCg7YusuckSZnW8AsZCWKSRA,2026-05-14 17:08:36+00:00,0,48,48,72,254.0,274.0,20.0,3.044522437723423
IKm_15szFy0_first48h,IKm_15szFy0,UCIkON2qOZqxDS_hzpPj_MrA,2026-05-14 17:05:34+00:00,0,48,48,72,10.0,10.0,0.0,0.0
K1nmpnw4pLU_first48h,K1nmpnw4pLU,UCYkn7e_zaRR_UxOrJR0RVdg,2026-05-14 17:13:59+00:00,0,48,48,72,1669.505843071786,3296.0,1626.494156928214,7.3947967838632005
yDgCOy-kTnM_first48h,yDgCOy-kTnM,UCXRoo1Gp89SCbhdR_xEIp0w,2026-05-14 17:37:53+00:00,0,48,48,72,8357.693333333333,8942.0,584.3066666666673,6.372135926402592
WGZq7Swry_Y_first48h,WGZq7Swry_Y,UC4lUbhVTe4sdXlSvh-jwp5A,2026-05-14 17:42:38+00:00,0,48,48,72,14571.0,14583.0,12.0,2.5649493574615367
pFwetim9dzQ_first48h,pFwetim9dzQ,UClMs26ViHFMy7MS897Alcxw,2026-05-14 17:45:14+00:00,0,48,48,72,47.0,47.0,0.0,0.0
eKNYAQI7IFk_first48h,eKNYAQI7IFk,UCQF-bRy3HpnDpRiTK5Yz_Xg,2026-05-14 18:00:37+00:00,0,48,48,72,1.0,1.0,0.0,0.0
kFJAdYvrSNI_first48h,kFJAdYvrSNI,UClrE564OBmmUC1x6cwBnJJA,2026-05-14 18:00:40+00:00,0,48,48,72,7.0,7.0,0.0,0.0
W5qfM_jj8Vc_first48h,W5qfM_jj8Vc,UCmbagenu_49x_Mzb_-L3DVA,2026-05-13 06:10:09+00:00,0,48,48,72,17616.532554257094,17621.0,4.4674457429064205,1.6988115499541918
OeX28E0p66U_first48h,OeX28E0p66U,UCdHjleMvPSs-JEjiQ8_D2cA,2026-05-14 18:41:52+00:00,0,48,48,72,26980.47,27660.0,679.5299999999988,6.5228719063512415
6BMM1BvmO4E_first48h,6BMM1BvmO4E,UClnXPmCfQZL0PKcg_8IpQFA,2026-05-14 18:39:55+00:00,0,48,48,72,21.0,21.0,0.0,0.0
OgsgIzz0dYI_first48h,OgsgIzz0dYI,UC7SRhhPITzryVf0sJsTvuDw,2026-05-14 09:48:42+00:00,0,48,48,72,2899.498338870432,3003.0,103.50166112956822,4.649202967255255
7dc9t_jXvkE_first48h,7dc9t_jXvkE,UCVgIcndDxhQoiAGizJyl3Yw,2026-05-14 19:00:05+00:00,0,48,48,72,130.0,143.0,13.0,2.6390573296152584
l4Ts-DDbgNA_first48h,l4Ts-DDbgNA,UCm_jnI7ubEWq57tEk6pDHBw,2026-05-14 11:01:30+00:00,0,48,48,72,1602.8766666666668,1782.0,179.12333333333322,5.1936418014431975
O2NvCwS4W3g_first48h,O2NvCwS4W3g,UCZoPWdQSmy0OT0Zul-ArLng,2026-05-14 19:28:52+00:00,0,48,48,72,588.8845836768343,603.0,14.115416323165732,2.715715171561378
XDtWgiZDXmw_first48h,XDtWgiZDXmw,UCwqdNXcOwbDJKWPiuTxxcBg,2026-05-14 19:27:15+00:00,0,48,48,72,1602.9447650453421,1619.0,16.055234954657863,2.836457192067588
cXU4cfIGFWI_first48h,cXU4cfIGFWI,UCpR_4YnLJAphcr0VI5yR5SA,2026-05-14 19:29:02+00:00,0,48,48,72,2595.0,3243.0,648.0,6.47543271670409
0NdeFvU1WJw_first48h,0NdeFvU1WJw,UCMtL3F-DopdSVqHIS9mCqlQ,2026-05-14 19:49:16+00:00,0,48,48,72,21.0,21.0,0.0,0.0
kC-gA0ox9Ok_first48h,kC-gA0ox9Ok,UCoSJ47wcWDHKbJaU-2EEzbw,2026-05-14 20:19:34+00:00,0,48,48,72,846.6577851790174,960.0,113.34221482098258,4.739195836130838
_lRdzmeBLKg_first48h,_lRdzmeBLKg,UCuPjVmSMrJYJguJL9qdeYXg,2026-05-14 20:21:23+00:00,0,48,48,72,7.0,8.0,1.0,0.6931471805599453
4PB6PiqVxpk_first48h,4PB6PiqVxpk,UCzN1t92i_2F8oMryBeH1IJg,2026-05-14 20:29:54+00:00,0,48,48,72,29734.193011647254,32361.0,2626.806988352746,7.873904932597117
BBVi_bqIbU4_first48h,BBVi_bqIbU4,UCBHorLChDCg6S2c8A6aObyg,2026-05-14 20:30:04+00:00,0,48,48,72,22.409658617818486,32.0,9.590341382181514,2.3599423953715006
rh1lXhado00_first48h,rh1lXhado00,UCIojX831-ePevzWPB1MRtng,2026-05-14 20:45:05+00:00,0,48,48,72,29.0,39.0,10.0,2.3978952727983707
YYzpgTeNVIc_first48h,YYzpgTeNVIc,UCnQMBqHrgb87N3orBxZJysg,2026-05-14 20:59:21+00:00,0,48,48,72,1.0,1.0,0.0,0.0
xep6bDuz-NQ_first48h,xep6bDuz-NQ,UC6DHkJto-brj1xXQ0cxsqJA,2026-05-14 21:00:58+00:00,0,48,48,72,452.0,465.0,13.0,2.6390573296152584
epazy9vg86M_first48h,epazy9vg86M,UCHTd4IK0mK3fD1t8qSJtAsQ,2026-05-14 21:15:06+00:00,0,48,48,72,379.3425,450.0,70.65750000000003,4.271897824302014
KJXxmkMdiEA_first48h,KJXxmkMdiEA,UCIduQSMiEtISMIphxmNct5g,2026-05-14 21:20:37+00:00,0,48,48,72,1345.0,1484.0,139.0,4.941642422609304
n_8CeJhFVzA_first48h,n_8CeJhFVzA,UCco8sj7mScFDZzI_vA8KVNA,2026-05-14 21:15:07+00:00,0,48,48,72,94.0,96.0,2.0,1.0986122886681098
tODU4pYgX_E_first48h,tODU4pYgX_E,UCwxi7vXJxOeRteUYwhilZwQ,2026-05-14 21:30:15+00:00,0,48,48,72,98.03419516263553,108.0,9.965804837364473,2.3947817797565962
MWwyOhRQ5EE_first48h,MWwyOhRQ5EE,UC7JIEy6zShH2YEpGPMjcYmA,2026-05-14 21:32:35+00:00,0,48,48,72,8477.377703826955,8510.0,32.62229617304547,3.5151894234783048
Jo8BxX7Be2U_first48h,Jo8BxX7Be2U,UCBy_C4Tg58BRzyKky45Pfow,2026-05-14 21:36:21+00:00,0,48,48,72,155.47254575707154,164.0,8.527454242928457,2.254177551122853
0ty5wKGzxLQ_first48h,0ty5wKGzxLQ,UCByGc7P_siORkC1pum8T3_Q,2026-05-14 21:47:25+00:00,0,48,48,72,96.43421052631578,104.0,7.5657894736842195,2.147776301922239
3C0vDv2VnKE_first48h,3C0vDv2VnKE,UCVlAuoyUrg0zTeMi70AW5tg,2026-05-14 22:00:04+00:00,0,48,48,72,135.0,181.0,46.0,3.8501476017100584
z2uH0O7BIXc_first48h,z2uH0O7BIXc,UCRRQx5nLPZJr3if_LYm2A_w,2026-05-13 02:00:00+00:00,0,48,48,72,68.0,68.0,0.0,0.0
yT9WCHC16dU_first48h,yT9WCHC16dU,UCQR03Z11tSo0eF5T7GUgwug,2026-05-14 22:30:25+00:00,0,48,48,72,5741.574521232306,9851.0,4109.425478767694,8.321281824946688
lSgfJEh6JWw_first48h,lSgfJEh6JWw,UCtncu9Jg74Iqxea_FSuSVRg,2026-05-14 22:30:21+00:00,0,48,48,72,2287.3030807660284,3283.0,995.6969192339716,6.904446731002417
szyxk4-QCEQ_first48h,szyxk4-QCEQ,UCI7uUDMlJJsH9oXrmaEkzpA,2026-05-14 22:33:36+00:00,0,48,48,72,178572.70927318296,221215.0,42642.29072681704,10.660625230505843
m2ZOV0nplso_first48h,m2ZOV0nplso,UCWMJzlp-TM2KPG9eQ2SAYQw,2026-05-14 22:35:26+00:00,0,48,48,72,24.0,41.0,17.0,2.8903717578961645
hYr6WNjzkR8_first48h,hYr6WNjzkR8,UCXrtZnDB8c8l-6IyVC5MjrQ,2026-05-14 23:00:43+00:00,0,48,48,72,5.0,5.0,0.0,0.0
J7-jo7QTA5g_first48h,J7-jo7QTA5g,UCe-PH4zHUkhKb_cJfa5FP_A,2026-05-14 23:12:54+00:00,0,48,48,72,48.0,59.0,11.0,2.4849066497880004
QTKLUTQ0tT4_first48h,QTKLUTQ0tT4,UCrZt6G3064J2NKM2OE32mHw,2026-05-14 23:24:13+00:00,0,48,48,72,25.0,26.0,1.0,0.6931471805599453
hnVcUuDL7FI_first48h,hnVcUuDL7FI,UCADymzuZziXFW1zoZkuxU1g,2026-05-14 23:30:14+00:00,0,48,48,72,2.0,3.0,1.0,0.6931471805599453
nox1AFkFIus_first48h,nox1AFkFIus,UCvGgS9ODLmJAugjdp3LXF_A,2026-05-14 23:30:15+00:00,0,48,48,72,4743.99,5046.0,302.0100000000002,5.713765808265103
r6S9EXDGyNU_first48h,r6S9EXDGyNU,UCeHLt-eeWp_gUDpAye60j2w,2026-05-14 23:30:15+00:00,0,48,48,72,28.445833333333333,79.0,50.55416666666667,3.9426330348719842
WDjGNrGGvP4_first48h,WDjGNrGGvP4,UCjqChZEeAlIB20UHEFMaeDA,2026-05-14 23:48:52+00:00,0,48,48,72,492.0,495.0,3.0,1.3862943611198906
7AxUV0LYSFg_first48h,7AxUV0LYSFg,UCjqChZEeAlIB20UHEFMaeDA,2026-05-14 23:47:10+00:00,0,48,48,72,171.0,172.0,1.0,0.6931471805599453
y8b2-Qdel6A_first48h,y8b2-Qdel6A,UC2YtO9r1tzEwUUID7vwkMAQ,2026-05-15 00:01:00+00:00,0,48,48,72,3066.360465116279,3225.0,158.6395348837209,5.072918366644097
oGnT2SV-Swg_first48h,oGnT2SV-Swg,UCOm3mflLYdf7J-WN5DZ8a0Q,2026-05-14 04:12:10+00:00,0,48,48,72,102.0,102.0,0.0,0.0
GF8y7SbPGXs_first48h,GF8y7SbPGXs,UC6dwAQMtzVhVLBQJTCclbpA,2026-05-15 00:04:00+00:00,0,48,48,72,11.0,12.0,1.0,0.6931471805599453
8K-dDaN27sE_first48h,8K-dDaN27sE,UCoJdH6v5xVTwmzlE45bnRZw,2026-05-15 00:15:01+00:00,0,48,48,72,10.45635910224439,12.0,1.5436408977556102,0.9335964789717472
P2vwhOJskx0_first48h,P2vwhOJskx0,UCqaZlsyggpisWGozbyAgdbw,2026-05-15 00:16:04+00:00,0,48,48,72,8533.597337770383,9373.0,839.4026622296169,6.733881136778318
0zgdED9TL6g_first48h,0zgdED9TL6g,UCiekz-mXgiE3tiOFPa3baOQ,2026-05-15 00:30:02+00:00,0,48,48,72,8.0,8.0,0.0,0.0
wWgwtCP6oWo_first48h,wWgwtCP6oWo,UCSVH9VHDXlyjeebNDKOTq3g,2026-05-15 00:44:29+00:00,0,48,48,72,129.4792013311148,155.0,25.52079866888519,3.2779292805838454
ZvHIuIIZ3Is_first48h,ZvHIuIIZ3Is,UCKV2yWPB3wn0RTZh3cTD8YA,2026-05-15 00:45:13+00:00,0,48,48,72,30979.86605657238,43046.0,12066.13394342762,9.398240832989424
VSnVaYLUYCk_first48h,VSnVaYLUYCk,UCnVJ112p6NFV8VcyYAgPlMg,2026-05-14 18:15:03+00:00,0,48,48,72,35.0,43.0,8.0,2.1972245773362196
z1vqAXvVkbc_first48h,z1vqAXvVkbc,UCtQAOduV-OAv9pQqrJNGuWA,2026-05-15 00:50:03+00:00,0,48,48,72,10553.714404662782,12325.0,1771.2855953372182,7.480025289361878
b9VCBvpfNZg_first48h,b9VCBvpfNZg,UCgVstyPcfgQ8Dpmoy8qxAmA,2026-05-15 01:00:34+00:00,0,48,48,72,9943.263552960801,10054.0,110.73644703919854,4.716142946847462
QMBx32KALYo_first48h,QMBx32KALYo,UCpwdDQWuPGWXmgiVSm3BpgQ,2026-05-15 01:00:32+00:00,0,48,48,72,1162.0,1275.0,113.0,4.736198448394496
slM4vvg3-uc_first48h,slM4vvg3-uc,UCQ_C-A4xPqrmzz0Fi9KEPAQ,2026-05-15 01:07:00+00:00,0,48,48,72,0.0,0.0,0.0,0.0
Vv8Rhtzp6-Y_first48h,Vv8Rhtzp6-Y,UC2o5OWpmCFcv137mauahQLw,2026-05-15 01:30:32+00:00,0,48,48,72,6662.345575959933,7496.0,833.6544240400672,6.727017775760682
tcAy2UmFjnQ_first48h,tcAy2UmFjnQ,UC_sbCPEN2Szi-8NvYpuNHtw,2026-05-15 01:26:50+00:00,0,48,48,72,11.0,20.0,9.0,2.302585092994046
KkdCeZI94UM_first48h,KkdCeZI94UM,UC2AVZr4HFk-cN5kWQ1KX9uw,2026-05-15 01:42:42+00:00,0,48,48,72,8.0,8.0,0.0,0.0
3QfSJ4vK3ZE_first48h,3QfSJ4vK3ZE,UCbKOLQgbUXFHDqyC7N0cV1A,2026-05-15 01:52:03+00:00,0,48,48,72,0.0,0.0,0.0,0.0
L6r9fj3rONU_first48h,L6r9fj3rONU,UCPZHBp1ruUxTJ7aBvMiWLMA,2026-05-15 01:49:07+00:00,0,48,48,72,18.0,18.0,0.0,0.0
5p8h-XE5GZE_first48h,5p8h-XE5GZE,UCQSVGDOQ8oppjzitV4h75Zw,2026-05-15 01:57:42+00:00,0,48,48,72,666.4874791318865,672.0,5.512520868113484,1.8737266113912012
MLvopK4cCic_first48h,MLvopK4cCic,UC1fdtWYJVuW536pLk67bpQA,2026-05-15 02:00:17+00:00,0,48,48,72,198.0,214.0,16.0,2.833213344056216
l7iSFmFtm7c_first48h,l7iSFmFtm7c,UCG5TzzXLMQK7VRjTtZYXhYg,2026-05-15 02:00:43+00:00,0,48,48,72,1031.0,1141.0,110.0,4.709530201312334
x87q0HkHGuA_first48h,x87q0HkHGuA,UCH4qURCnVhGFu0DECZbmcsQ,2026-05-14 05:56:01+00:00,0,48,48,72,506.20401337792646,619.0,112.79598662207354,4.73440725412898
I-8BBcHkmrs_first48h,I-8BBcHkmrs,UCwmdNrmZ3xgsooUARTPcNWg,2026-05-15 02:17:41+00:00,0,48,48,72,0.0,0.0,0.0,0.0
YeEVLVRWN7I_first48h,YeEVLVRWN7I,UCdB4Va2-1AFS34U3G8uqpoA,2026-05-15 02:15:33+00:00,0,48,48,72,2262.4991680532444,2531.0,268.5008319467556,5.596571477345235
hCuM1HwtRP4_first48h,hCuM1HwtRP4,UCZ_93uL-Pl23rQqqgBQr9Vg,2026-05-15 02:45:10+00:00,0,48,48,72,27.0,27.0,0.0,0.0
KbFuA6L5GqE_first48h,KbFuA6L5GqE,UCjIZT41JtgaYmCwYTZrdSIQ,2026-05-15 03:00:45+00:00,0,48,48,72,9668.425602660016,9975.0,306.574397339984,5.728717000552243
RN0CMrs7uvw_first48h,RN0CMrs7uvw,UC7Js8T7-3cAOy5Hq0K6lQRQ,2026-05-15 03:00:19+00:00,0,48,48,72,5005.204488778055,6184.0,1178.7955112219452,7.073096406867674
fHNB-kbO87U_first48h,fHNB-kbO87U,UCKMhajQBwJ9JxMqS2vZVy6g,2026-05-15 03:02:01+00:00,0,48,48,72,442.9941812136326,1022.0,579.0058187863674,6.36303813588043
RIjS6-oigEU_first48h,RIjS6-oigEU,UCNDi6Gn6bpQMLhOkB3RaKUw,2026-05-15 03:15:05+00:00,0,48,48,72,3485.7402164862615,3865.0,379.2597835137385,5.940854659970118
xgnkV_VqDiA_first48h,xgnkV_VqDiA,UC19PxMHpMCzIMOz63LgMglw,2026-05-15 03:20:00+00:00,0,48,48,72,3233.279534109817,3593.0,359.7204658901828,5.888103325668279
pe-DanXi76I_first48h,pe-DanXi76I,UC6wWnbsZU8drnF3x2gnhypg,2026-05-15 03:21:02+00:00,0,48,48,72,1114.0,1401.0,287.0,5.662960480135946
E9i1o92p1hs_first48h,E9i1o92p1hs,UCepcwD09CJjJUc4c1DWUdcg,2026-05-15 03:26:55+00:00,0,48,48,72,12964.341951626355,13927.0,962.6580483736452,6.870736510077853
Y-VbMiBQ01Y_first48h,Y-VbMiBQ01Y,UCGSjbWFiT63Cd5UFl92dCLA,2026-05-15 03:33:56+00:00,0,48,48,72,85.0,98.0,13.0,2.6390573296152584
ZG6WH0j-MJA_first48h,ZG6WH0j-MJA,UCbb71hzzxVfRMZA4EtbpH5A,2026-05-15 03:32:00+00:00,0,48,48,72,1.0,3.0,2.0,1.0986122886681098
PhVLo56VhuI_first48h,PhVLo56VhuI,UCOn1C_U2Z-WqGCuBZvEasGg,2026-05-15 03:45:02+00:00,0,48,48,72,1505.2766666666666,1590.0,84.72333333333336,4.451125056145793
9DuU6FmlOHc_first48h,9DuU6FmlOHc,UCD--LXwBSnhOhaDOG04czrw,2026-05-15 04:00:29+00:00,0,48,48,72,192.0,226.0,34.0,3.5553480614894135
oo7sxt0G0TQ_first48h,oo7sxt0G0TQ,UCKgvEdPzRV2j8Z5xnLRPHSw,2026-05-15 04:01:01+00:00,0,48,48,72,3410.362343096234,7782.0,4371.637656903766,8.3831216888223
UFjZSIMNEhY_first48h,UFjZSIMNEhY,UC6ufe-myDRIIgZe8sW_fr5A,2026-05-15 04:02:30+00:00,0,48,48,72,4582.157322175733,5099.0,516.8426778242674,6.249671485366067
xIUMtgHL_sw_first48h,xIUMtgHL_sw,UC9AQtwi5kt-Whdm99ghD9OQ,2026-05-15 04:06:22+00:00,0,48,48,72,4091.065326633166,4560.0,468.934673366834,6.152593692207182
rgYvSAB6bsM_first48h,rgYvSAB6bsM,UCKUySOTPbm8MgIRMNaXHcww,2026-05-15 04:21:21+00:00,0,48,48,72,1861.2869057547957,1947.0,85.71309424520427,4.462604901739161
Lge2TCWC2po_first48h,Lge2TCWC2po,UC_GcrznCXn6b-i1Y7DOn54A,2026-05-15 04:22:44+00:00,0,48,48,72,173.0,177.0,4.0,1.6094379124341003
Y6_lfizxbZY_first48h,Y6_lfizxbZY,UCtOya0_gU46PK1y8qp8yWTg,2026-05-15 04:40:54+00:00,0,48,48,72,137.4544695071011,141.0,3.545530492898905,1.5141444409279503
4HiWCyangL4_first48h,4HiWCyangL4,UCvn82nqgEHedjvCzUlqnRnQ,2026-05-15 04:49:22+00:00,0,48,48,72,26.0,30.0,4.0,1.6094379124341003
WjZ992f6L30_first48h,WjZ992f6L30,UCc2LH-7dNH3gZc6yFDFgHGg,2026-05-15 04:51:26+00:00,0,48,48,72,15746.807692307691,17792.0,2045.1923076923085,7.623735934124074
KISZ6OuLd6o_first48h,KISZ6OuLd6o,UCsvS85562x_xFYmL5I-QTBQ,2026-05-15 04:58:21+00:00,0,48,48,72,7860.0,9808.0,1948.0,7.575071699507561
LoGR92Bk76Q_first48h,LoGR92Bk76Q,UCbZMQXgA4ipzLWzdzTcqpUQ,2026-05-15 05:12:38+00:00,0,48,48,72,316.0,316.0,0.0,0.0
aloviHM0KMs_first48h,aloviHM0KMs,UCWZQfMaJgZwaigPqlGNhWug,2026-05-15 05:15:00+00:00,0,48,48,72,1345.0,1675.0,330.0,5.802118375377063
cKspzXlBu3s_first48h,cKspzXlBu3s,UCIFvaDcJWonDAhzDp1NIPkA,2026-05-15 05:18:01+00:00,0,48,48,72,10.0,14.0,4.0,1.6094379124341003
3qeanANTEJs_first48h,3qeanANTEJs,UC6yZJ2PRzZf-8sja50wZcDQ,2026-05-15 05:23:20+00:00,0,48,48,72,174.0,198.0,24.0,3.2188758248682006
DX2gMxBXIRc_first48h,DX2gMxBXIRc,UC3P83RUWwKbZ4bkhNti4ZuQ,2026-05-15 05:38:59+00:00,0,48,48,72,13562.0,13710.0,148.0,5.003946305945459
ZqCnTMtEeMo_first48h,ZqCnTMtEeMo,UC5wf8A9mOBcfMRY1VxmtEww,2026-05-15 05:37:45+00:00,0,48,48,72,4.0,4.0,0.0,0.0
FkjMHNUwDrg_first48h,FkjMHNUwDrg,UC80ztI40QAXzWL94eoRzWow,2026-05-15 05:45:25+00:00,0,48,48,72,6592.106779661017,6949.0,356.89322033898316,5.880234674700645
ThZlGwStqhw_first48h,ThZlGwStqhw,UCVEPfelieDI_0C4fYZRGlgg,2026-05-15 05:45:01+00:00,0,48,48,72,370.96610169491527,445.0,74.03389830508473,4.317939988826422
ZLWWuJhYDIo_first48h,ZLWWuJhYDIo,UCJamGzz5CDXZruMmOOmbblQ,2026-05-15 06:00:34+00:00,0,48,48,72,6219.825145711907,6345.0,125.17485428809323,4.837668677385899
XO7uQP8XNfo_first48h,XO7uQP8XNfo,UCs6T2FPao5i4loqfFJkV9nw,2026-05-15 06:02:16+00:00,0,48,48,72,575.9051580698836,602.0,26.094841930116445,3.299343375087661
W20pMDmd3PI_first48h,W20pMDmd3PI,UCrfXMvVzFAlX-iF2eAFbXFQ,2026-05-15 06:01:35+00:00,0,48,48,72,409.0,422.0,13.0,2.6390573296152584
Sw5sRNP8q1c_first48h,Sw5sRNP8q1c,UCGnUbr6kmyTBkBhS3AotBfg,2026-05-14 10:00:48+00:00,0,48,48,72,31300.096153846152,34295.0,2994.9038461538476,8.005001250047934
mXZhIRgwQeQ_first48h,mXZhIRgwQeQ,UCYIVkruUoN04UjV9pkBTswg,2026-05-15 06:47:13+00:00,0,48,48,72,48305.396321070235,51722.0,3416.603678929765,8.136694905791114
buyY2Ta0EiU_first48h,buyY2Ta0EiU,UCeulJ4YeUxe-H3k7trs7iMA,2026-05-15 06:50:59+00:00,0,48,48,72,16.0,17.0,1.0,0.6931471805599453
l7uFuSKznY8_first48h,l7uFuSKznY8,UC-W40LTuJ5N1XtZquhOl7Yw,2026-05-15 07:00:42+00:00,0,48,48,72,3885.863900414938,4528.0,642.1360995850619,6.4663563652694105
f477bWqsK7k_first48h,f477bWqsK7k,UC0FCCZhGfa-BnohSaQjwXGA,2026-05-15 07:00:39+00:00,0,48,48,72,377.0,392.0,15.0,2.772588722239781
9fe-5GtbSRg_first48h,9fe-5GtbSRg,UCIALMKvObZNtJ6AmdCLP7Lg,2026-05-15 07:06:02+00:00,0,48,48,72,11678.805671392827,11883.0,204.1943286071728,5.323957474548063
BLU8G73Ttw4_first48h,BLU8G73Ttw4,UCQcPPb-fmLJB3BPzWNcgKdw,2026-05-15 07:19:23+00:00,0,48,48,72,7.0,8.0,1.0,0.6931471805599453
FGUBfHNYIog_first48h,FGUBfHNYIog,UC9Smirfg9YpyCIR8uDXhy2Q,2026-05-15 07:28:45+00:00,0,48,48,72,4723.783333333334,4854.0,130.21666666666624,4.876849900962363
P6ndCQpYUQo_first48h,P6ndCQpYUQo,UCOZosuCbpzK7Optwppn0whA,2026-05-15 07:30:11+00:00,0,48,48,72,26641.354409317802,40028.0,13386.645590682198,9.502087589817856
R-Tq_f5slMs_first48h,R-Tq_f5slMs,UC80ztI40QAXzWL94eoRzWow,2026-05-15 07:35:09+00:00,0,48,48,72,14360.421487603306,15535.0,1174.5785123966944,7.069515656389196
nArju2nKMiY_first48h,nArju2nKMiY,UCktykI2Hmmw3pfSvSxeX_HA,2026-05-15 07:45:29+00:00,0,48,48,72,4.0,6.0,2.0,1.0986122886681098
c08wpAwi80M_first48h,c08wpAwi80M,UCLquUzsWhbyjW5spIbr9e2Q,2026-05-15 07:41:10+00:00,0,48,48,72,217.0,313.0,96.0,4.574710978503383
U8eB4bHZLTg_first48h,U8eB4bHZLTg,UCYeoBJ1Xmt3-sorGVvONxzQ,2026-05-15 07:47:31+00:00,0,48,48,72,5.0,5.0,0.0,0.0
MbkReMXBhmU_first48h,MbkReMXBhmU,UCeE3lzDK-PMqghdfHm63dIA,2026-05-15 07:30:42+00:00,0,48,48,72,21.0,21.0,0.0,0.0
9kUg723J-eU_first48h,9kUg723J-eU,UCsfhoj4qmzCH4K3AB9oQVfg,2026-05-15 07:53:01+00:00,0,48,48,72,0.0,0.0,0.0,0.0
FFFGlRCd1LY_first48h,FFFGlRCd1LY,UCEJFVE0ZTmy7tkjCMOUDG6g,2026-05-15 08:00:15+00:00,0,48,48,72,2.0,2.0,0.0,0.0
waFN-zJHF_w_first48h,waFN-zJHF_w,UCQIUpdrt5UOD2ykffc1wjBA,2026-05-15 08:00:57+00:00,0,48,48,72,310926.3014950166,337603.0,26676.69850498339,10.191583233377042
qOHxU3PRq7Y_first48h,qOHxU3PRq7Y,UCZOUC7fj-yxmNahzHbe-yJg,2026-05-15 08:09:12+00:00,0,48,48,72,446.8751040799334,451.0,4.124895920066592,1.6341102165385666
VnghcTdpmTU_first48h,VnghcTdpmTU,UCdhAxlyxdyE8-mymyAvFytA,2026-05-15 08:17:44+00:00,0,48,48,72,8.0,8.0,0.0,0.0
av6efhcRly4_first48h,av6efhcRly4,UCVgSq4ATVI1mqKnQyj3oE7Q,2026-05-15 08:28:22+00:00,0,48,48,72,401.0,697.0,296.0,5.6937321388027
aULORrcN9wM_first48h,aULORrcN9wM,UCtbafYrdDNV1yxEi4_q2-hg,2026-05-15 08:30:09+00:00,0,48,48,72,20593.740050804405,24685.0,4091.2599491955953,8.316852651250196
qVgT2khDxl0_first48h,qVgT2khDxl0,UC2TuODJhC03pLgd6MpWP0iw,2026-05-15 08:41:56+00:00,0,48,48,72,531.4657762938231,542.0,10.534223706176931,2.445318590373343
spksHYb1XpI_first48h,spksHYb1XpI,UC2TuODJhC03pLgd6MpWP0iw,2026-05-15 08:41:38+00:00,0,48,48,72,342.4628857381151,346.0,3.5371142618848808,1.512291184822469
iTr9m3I6rng_first48h,iTr9m3I6rng,UCYd14YrYHqoM8G54josAVOQ,2026-05-15 09:01:03+00:00,0,48,48,72,28058.966749792187,31657.0,3598.0332502078127,8.188420546771505
9-VnLdxFZKQ_first48h,9-VnLdxFZKQ,UC5a6NhlRHh50TrZLZft03IA,2026-05-15 09:00:34+00:00,0,48,48,72,9172.189683860233,12066.0,2893.8103161397667,7.970674866665243
Un_bsC7JSxo_first48h,Un_bsC7JSxo,UCARkZtMKjs5AHfj4y_rva5g,2026-05-15 08:30:56+00:00,0,48,48,72,506.0,515.0,9.0,2.302585092994046
j0WeebRy0iY_first48h,j0WeebRy0iY,UCwBK7Cdk0wq8rCjxcvaoHzg,2026-05-15 09:01:43+00:00,0,48,48,72,895.0,897.0,2.0,1.0986122886681098
sHfjKtdDFM0_first48h,sHfjKtdDFM0,UCjq-hv609ECQZtbAxOHkxsQ,2026-05-15 09:15:17+00:00,0,48,48,72,20733.567027477104,22366.0,1632.4329725228963,7.398439197155412
bfTsFuyoUNU_first48h,bfTsFuyoUNU,UC4PMoffMhTUCFO6mKyCukCg,2026-05-15 09:17:26+00:00,0,48,48,72,5.0,5.0,0.0,0.0
AR642jiyvvE_first48h,AR642jiyvvE,UCf4d3txBO3lclCLbs-4RghA,2026-05-15 09:30:06+00:00,0,48,48,72,177.29842061512886,195.0,17.70157938487114,2.9286079793780915
MBL0vezAVf4_first48h,MBL0vezAVf4,UCrTOJfeRsSjoRZmT0877vsg,2026-05-15 09:29:01+00:00,0,48,48,72,3579.3602329450914,4268.0,688.6397670549086,6.53616938452978
VDsZcHisaHg_first48h,VDsZcHisaHg,UCYPZqJnVOZko4rhjF3zDUBA,2026-05-15 10:00:48+00:00,0,48,48,72,1352.0,1579.0,227.0,5.429345628954441
QKkLXCcksBE_first48h,QKkLXCcksBE,UCqxU4-4jxWBVbmWp--ZH3Bg,2026-05-15 10:00:46+00:00,0,48,48,72,4531.5375,5271.0,739.4624999999996,6.607274990967057
y2qGsoGLEUk_first48h,y2qGsoGLEUk,UCKSI33h7L-yoM1MXIvtU4Xg,2026-05-15 10:01:35+00:00,0,48,48,72,3779.3383458646617,4218.0,438.66165413533827,6.0860054632306255
zMNWstWZnAw_first48h,zMNWstWZnAw,UCKRjB8kWRt5WiYXc5rz0Wig,2026-05-15 10:01:35+00:00,0,48,48,72,1.0,1.0,0.0,0.0
c0w7yX9wmWM_first48h,c0w7yX9wmWM,UCUFn97Duv5iGnXnQPaFjFfA,2026-05-15 10:18:04+00:00,0,48,48,72,148896.39534883722,161269.0,12372.60465116278,9.423320825617923
TSutMJtd0dM_first48h,TSutMJtd0dM,UCmiI3dpbPPhOTGjFXVEdMhQ,2026-05-15 10:18:01+00:00,0,48,48,72,5700.602990033222,7473.0,1772.3970099667777,7.48065220089891
dgPkBW6oxVw_first48h,dgPkBW6oxVw,UCIQqTkKEgbsXxEA5agNEleg,2026-05-15 10:30:32+00:00,0,48,48,72,1376.464553794829,1381.0,4.535446205170956,1.711172178118407
38z07Cg5bF4_first48h,38z07Cg5bF4,UCofLfAS4Eh_ShWbUXe3dwfQ,2026-05-15 10:30:01+00:00,0,48,48,72,8423.585062240663,9142.0,718.4149377593367,6.578438295237412
1LJCJWEU0KQ_first48h,1LJCJWEU0KQ,UCtdYQaGESiNB8TIB-hIkVJQ,2026-05-15 10:45:00+00:00,0,48,48,72,352.47284878863826,1394.0,1041.5271512113618,6.949402997661254
kdnzVHRCdlo_first48h,kdnzVHRCdlo,UCVbsFo8aCgvIRIO9RYwsQMA,2026-05-15 10:48:12+00:00,0,48,48,72,6490.2441860465115,6628.0,137.75581395348854,4.932715654116149
A7Xg_VsLa2k_first48h,A7Xg_VsLa2k,UCuVSj9jzGu2b4B2FVlk8d1Q,2026-05-15 11:00:28+00:00,0,48,48,72,35386.25870646766,35844.0,457.7412935323373,6.128486420512579
Vxz9-w0YeAk_first48h,Vxz9-w0YeAk,UC_JsHod-IAlWFWi7kDhb03Q,2026-05-15 11:00:20+00:00,0,48,48,72,1114.0118343195265,1213.0,98.98816568047346,4.605051835789718
epVg2tVqBxw_first48h,epVg2tVqBxw,UCUcyT1Xt7xpN3belKqQKv5w,2026-05-15 07:52:18+00:00,0,48,48,72,31.0,35.0,4.0,1.6094379124341003
Dhfw_F_5Nlw_first48h,Dhfw_F_5Nlw,UC3pLj9DxNdi364HcrKcgtWA,2026-05-15 11:12:36+00:00,0,48,48,72,125.0,131.0,6.0,1.9459101490553132
uTVnB_kZjik_first48h,uTVnB_kZjik,UCU2XaJHAD6lNlqAgoCJqU2g,2026-05-15 11:30:53+00:00,0,48,48,72,1568.2545757071548,1770.0,201.7454242928452,5.311951124518145
ijFz4XszuGw_first48h,ijFz4XszuGw,UCln0PYcX1PCMe-FI-MgcAcQ,2026-05-15 11:30:35+00:00,0,48,48,72,2258.6722129783693,2638.0,379.3277870216307,5.9410334783224235
IPhzf-uV6zI_first48h,IPhzf-uV6zI,UC4_py0t-VOTWDkAjXm0WcuA,2026-05-15 11:42:23+00:00,0,48,48,72,733.0,1514.0,781.0,6.661854740545311
9WaQ4sIgLlE_first48h,9WaQ4sIgLlE,UC5nwNW4KdC0SzrhF9BXEYOQ,2026-05-15 11:41:21+00:00,0,48,48,72,15386.88029925187,16050.0,663.1197007481296,6.49846240544039
K8DGD5EiySU_first48h,K8DGD5EiySU,UCBcWMu-CwIcWtAzlo2wYfXQ,2026-05-15 09:59:45+00:00,0,48,48,72,490.27937551355797,601.0,110.72062448644203,4.716001330807523
iRom-jrxN3s_first48h,iRom-jrxN3s,UCXvkgJnFT_aWGTKdbFQfJ-A,2026-05-15 11:50:34+00:00,0,48,48,72,14611.687188019967,14916.0,304.3128119800331,5.721336864074969
57lqHEFncSA_first48h,57lqHEFncSA,UCc2ts-DfbbtEFPYs-lSyLzA,2026-05-15 11:57:49+00:00,0,48,48,72,17.0,17.0,0.0,0.0
dxdpjxvfjhs_first48h,dxdpjxvfjhs,UCKl0gSq0JOcdzXTrS4gk2cg,2026-05-15 12:01:09+00:00,0,48,48,72,10619.03488372093,11857.0,1237.9651162790706,7.122031726494349
c4hsIHXcLt8_first48h,c4hsIHXcLt8,UCTeaKpS7ZVRWhJZrmYHe4JA,2026-05-15 12:01:08+00:00,0,48,48,72,1304.0,1558.0,254.0,5.541263545158426
RVdoCr6yEbU_first48h,RVdoCr6yEbU,UCEX0s8i81dVNy9fYQARifvw,2026-05-15 12:05:58+00:00,0,48,48,72,1203.7491554054054,1429.0,225.25084459459458,5.421644315587851
TdH0V1jwm5o_first48h,TdH0V1jwm5o,UCY6BQwoP8RaAcN5AWTpU8Ew,2026-05-15 12:04:39+00:00,0,48,48,72,53032.711148648654,79431.0,26398.288851351346,10.181092351322775
B7yXvxDrWy0_first48h,B7yXvxDrWy0,UCCoif0w2DePWoJ4W-_aurqg,2026-05-14 08:00:09+00:00,0,48,48,72,993.1583333333333,1021.0,27.841666666666697,3.3618211008532994
XdP59VU404Q_first48h,XdP59VU404Q,UCOzM_kTmMgul9xznM8Ba_iQ,2026-05-15 12:15:08+00:00,0,48,48,72,2209.06135986733,2370.0,160.93864013267012,5.087217498869802
6Jdt4eNKYAg_first48h,6Jdt4eNKYAg,UC3P6lzbP3s_gTAlhaco8Fjw,2026-05-15 05:36:01+00:00,0,48,48,72,858.938322368421,1059.0,200.06167763157896,5.303611714877503
Zd_WOcD3k_M_first48h,Zd_WOcD3k_M,UC3P6lzbP3s_gTAlhaco8Fjw,2026-05-15 10:05:11+00:00,0,48,48,72,577.4758735440931,618.0,40.52412645590687,3.7262746186954705
4IPHM5okEws_first48h,4IPHM5okEws,UCvwSFmIsQD_SayT9SCVhuvw,2026-05-15 12:30:05+00:00,0,48,48,72,1394.5217391304348,3408.0,2013.4782608695652,7.608115513245086
3-YQuY4OLdk_first48h,3-YQuY4OLdk,UCfoZumaOspNl--nEtSTUUWQ,2026-05-15 12:30:13+00:00,0,48,48,72,37.44925124792013,39.0,1.550748752079869,0.9363869443366074
TMvW3HezA1s_first48h,TMvW3HezA1s,UC6lucPKm_KbLOost4NRgJWQ,2026-05-15 12:31:57+00:00,0,48,48,72,4017.153846153846,4729.0,711.8461538461538,6.569265624125155
A9uRpamClIA_first48h,A9uRpamClIA,UCvxrtdzXreRAj6WLnSVKZQQ,2026-05-15 12:53:53+00:00,0,48,48,72,2909.68,4355.0,1445.3200000000002,7.276777678373759
c5f2rLN7WIk_first48h,c5f2rLN7WIk,UC7iKZOEI9F-v9sfNZ0yBHQw,2026-05-15 13:01:08+00:00,0,48,48,72,157.92577147623018,175.0,17.07422852376982,2.8944870851848172
iRrYW6B7thU_first48h,iRrYW6B7thU,UCLBn4iWVqV7morVZzGgSkrQ,2026-05-15 08:43:02+00:00,0,48,48,72,32916.29691409507,71559.0,38642.70308590493,10.562139119291066
SUvFbQSLwS8_first48h,SUvFbQSLwS8,UC-eoXVXWKQ3T7UeUbSPHRvg,2026-05-15 13:11:06+00:00,0,48,48,72,62248.0370994941,74967.0,12718.962900505903,9.450927920262965
LJ0tXAsQeD0_first48h,LJ0tXAsQeD0,UCt-vZVeCLOuZEHvaHChJ8Rw,2026-05-15 13:10:01+00:00,0,48,48,72,21.0,25.0,4.0,1.6094379124341003
QIn6gwxBv9E_first48h,QIn6gwxBv9E,UCKaBwsEFNYwsq0BhENSWgFg,2026-05-15 13:15:03+00:00,0,48,48,72,3507.3361134278566,3597.0,89.66388657214338,4.507159114350532
ETWZeUF1vpk_first48h,ETWZeUF1vpk,UCm_jnI7ubEWq57tEk6pDHBw,2026-05-15 10:41:35+00:00,0,48,48,72,475.9632721202003,494.0,18.036727879799685,2.94637015954191
3pfdR52vU24_first48h,3pfdR52vU24,UCcROiKMDrbgXtzShp2zkkYw,2026-05-15 09:46:08+00:00,0,48,48,72,754.0,876.0,122.0,4.812184355372417
o6xbsc30LUg_first48h,o6xbsc30LUg,UCXUVnTEsLZBim_WlWxBvEwA,2026-05-15 13:36:07+00:00,0,48,48,72,770.72,836.0,65.27999999999997,4.1938881925583615
BKtPN2DnZUg_first48h,BKtPN2DnZUg,UCpjS7XVpGomdr1vA7XRZeiA,2026-05-15 13:42:07+00:00,0,48,48,72,111.49211618257262,116.0,4.507883817427384,1.7061804872211692
A4ruitA6ov8_first48h,A4ruitA6ov8,UCy_iWstlraqSMNF-vh33AwA,2026-05-15 13:39:27+00:00,0,48,48,72,2320.2325,2712.0,391.7674999999999,5.97321783374969
j9MCNrxVKs8_first48h,j9MCNrxVKs8,UC8wAlSksnxQRAKtUinCfYpg,2026-05-15 13:48:41+00:00,0,48,48,72,1612.3794829024187,1782.0,169.62051709758134,5.139441892173303
grOx4112iSE_first48h,grOx4112iSE,UCMqmTAEAnJ0Eg0PbSbbdMhw,2026-05-15 13:53:45+00:00,0,48,48,72,10688.484647302905,13079.0,2390.5153526970953,7.779682482793283
ugsJQGynz4I_first48h,ugsJQGynz4I,UCrQAVnFz4pxoAbNvHUoarUQ,2026-05-15 14:34:29+00:00,0,48,48,72,284.93333333333334,312.0,27.066666666666663,3.334582632580171
HKtDdSXPte4_first48h,HKtDdSXPte4,UCHjbBVD4yRI7vU-S9Pwpnkw,2026-05-15 15:00:21+00:00,0,48,48,72,18252.253122398,21619.0,3366.7468776019996,8.121999217431636
vQ3pigNGV2I_first48h,vQ3pigNGV2I,UCqBrQ5NkAMNLj0HmORf_Tkw,2026-05-15 15:14:46+00:00,0,48,48,72,76.0,78.0,2.0,1.0986122886681098
TT_23eaBc4w_first48h,TT_23eaBc4w,UCc_w9C7gVEeP-ZtSgoudvEQ,2026-05-15 15:23:02+00:00,0,48,48,72,273.93333333333334,277.0,3.066666666666663,1.4028236630711002
u9aVtQqSjZc_first48h,u9aVtQqSjZc,UCfDv_J11-Mbvxp0qtUaqtfg,2026-05-15 15:22:12+00:00,0,48,48,72,13.0,13.0,0.0,0.0
Vb-iKTXZdvI_first48h,Vb-iKTXZdvI,UCrMZ0Gyfqb4O9SAXmPhK-Zg,2026-05-15 15:40:41+00:00,0,48,48,72,942.6955074875208,1158.0,215.30449251247921,5.376687102565234
wjSlj-R2YjY_first48h,wjSlj-R2YjY,UCXm1PxGtg7tYnqc38QSe0uA,2026-05-15 15:44:00+00:00,0,48,48,72,108.0,108.0,0.0,0.0
Q3kr4uvXJ_I_first48h,Q3kr4uvXJ_I,UCizfNyX_TBXo2AgyHLBDl5g,2026-05-15 15:56:21+00:00,0,48,48,72,58650.83860232945,86448.0,27797.16139767055,10.232725160717155
PVXIUsWiB2k_first48h,PVXIUsWiB2k,UCPJmHIHYYOqVYy3g7rvUgdA,2026-05-15 16:08:41+00:00,0,48,48,72,56.48540450375313,67.0,10.51459549624687,2.4436154042359064
t23bU6S1D08_first48h,t23bU6S1D08,UCrK8qpdtAYU_fOqt5dbPArQ,2026-05-15 16:11:13+00:00,0,48,48,72,30.0,31.0,1.0,0.6931471805599453
-fDin9O4sjY_first48h,-fDin9O4sjY,UCXnssuNZadEo3aZXEB4t72Q,2026-05-15 16:15:01+00:00,0,48,48,72,484.0,496.0,12.0,2.5649493574615367
osXzyfWHeOg_first48h,osXzyfWHeOg,UCSL7fa2GLhniFzw1_4EwQLw,2026-05-15 16:29:27+00:00,0,48,48,72,24494.31973355537,25931.0,1436.6802664446295,7.270786167553329
ZT5S3PLYd58_first48h,ZT5S3PLYd58,UCurRN6SRw1LdlizOIyw15MQ,2026-05-15 17:00:47+00:00,0,48,48,72,163.0,167.0,4.0,1.6094379124341003
diDxTMNrhdg_first48h,diDxTMNrhdg,UCBBzYFEv4dR127L-XIHqCEw,2026-05-15 17:13:10+00:00,0,48,48,72,19.0,25.0,6.0,1.9459101490553132
JvfdAJTChyc_first48h,JvfdAJTChyc,UC2f1cC0H-DVkiBNPjy7xxCA,2026-05-15 17:35:02+00:00,0,48,48,72,15.0,16.0,1.0,0.6931471805599453
ZjsEORsO-CQ_first48h,ZjsEORsO-CQ,UC22FMhcqiuFGlI445MINxTg,2026-05-15 17:53:02+00:00,0,48,48,72,91.0,90.0,0.0,0.0
0od8ZDF9Ntg_first48h,0od8ZDF9Ntg,UCZxQdmgzby-iGjg1X4s564w,2026-05-15 18:09:43+00:00,0,48,48,72,13.0,13.0,0.0,0.0
XE_RwmjcZNY_first48h,XE_RwmjcZNY,UC6fUGVKNeGFpD5VdkMgFb_g,2026-05-15 18:09:58+00:00,0,48,48,72,3.0,3.0,0.0,0.0
srhNpvmsBgg_first48h,srhNpvmsBgg,UCMXR0GRIKcohg_YTzabuzvA,2026-05-15 09:56:53+00:00,0,48,48,72,983.5207641196013,1166.0,182.47923588039873,5.212101505126876
aCOlfP27Rfg_first48h,aCOlfP27Rfg,UCiT6tg7cpH6Q83QHFr_kVUA,2026-05-15 18:40:57+00:00,0,48,48,72,26.0,32.0,6.0,1.9459101490553132
IVMFNCiM3Rs_first48h,IVMFNCiM3Rs,UCrNnmm8f6PXQJ747XCJSq6Q,2026-05-15 18:45:00+00:00,0,48,48,72,2.0,2.0,0.0,0.0
jDQ8fLZcHDI_first48h,jDQ8fLZcHDI,UC_GcrznCXn6b-i1Y7DOn54A,2026-05-15 19:14:30+00:00,0,48,48,72,125.0,138.0,13.0,2.6390573296152584
MjFrWpJX1PU_first48h,MjFrWpJX1PU,UC_GcrznCXn6b-i1Y7DOn54A,2026-05-15 19:11:32+00:00,0,48,48,72,96.0,102.0,6.0,1.9459101490553132
17djsS20gUQ_first48h,17djsS20gUQ,UCXjk9RSGtUWbll5iN_Fgmqw,2026-05-15 19:29:00+00:00,0,48,48,72,146.0,157.0,11.0,2.4849066497880004
yoy7KdXBGmY_first48h,yoy7KdXBGmY,UCfsffkPNp4LiiSb0EZM8WzA,2026-05-15 20:00:43+00:00,0,48,48,72,127.0,128.0,1.0,0.6931471805599453
onCla0jYemA_first48h,onCla0jYemA,UC_GcrznCXn6b-i1Y7DOn54A,2026-05-15 20:31:45+00:00,0,48,48,72,5565.0,5796.0,231.0,5.44673737166631
hHDuXWgy6UE_first48h,hHDuXWgy6UE,UC_GcrznCXn6b-i1Y7DOn54A,2026-05-15 21:42:03+00:00,0,48,48,72,141.0,146.0,5.0,1.791759469228055
IN37bk0AzLc_first48h,IN37bk0AzLc,UCKqC0XCrzP8eD4wTv6FYa9g,2026-05-15 22:00:00+00:00,0,48,48,72,57.904841402337226,59.0,1.095158597662774,0.7396292534504362
HVIV34M-wHw_first48h,HVIV34M-wHw,UCECthTp9Kjh65crl8AcseyA,2026-05-15 22:00:17+00:00,0,48,48,72,41.0,57.0,16.0,2.833213344056216
PSevinBYfT0_first48h,PSevinBYfT0,UC9LQwHZoucFT94I2h6JOcjw,2026-05-15 22:10:36+00:00,0,48,48,72,34767.19866444074,36490.0,1722.801335559263,7.452287209989227
pGX34Qu9Btk_first48h,pGX34Qu9Btk,UCQK2si_zQf-jPB6iIEv3inw,2026-05-15 22:25:41+00:00,0,48,48,72,8633.39534883721,11085.0,2451.60465116279,7.8049058617473905
idNpTUrr3r0_first48h,idNpTUrr3r0,UC5l7RouTQ60oUjLjt1Nh-UQ,2026-05-15 22:24:58+00:00,0,48,48,72,41865.46076794658,45440.0,3574.539232053423,8.1818712778946
Xnk3RVf4ZfU_first48h,Xnk3RVf4ZfU,UClLU_otME9TEsCuqIPln-wg,2026-05-15 22:34:00+00:00,0,48,48,72,1645.0,1897.0,252.0,5.53338948872752
U9MlARQ63bs_first48h,U9MlARQ63bs,UCdXEWCjgRIXimqsYRwGcc9Q,2026-05-15 22:35:01+00:00,0,48,48,72,5934.0,7545.0,1611.0,7.385230923066573
q1tShLk92bg_first48h,q1tShLk92bg,UChlARp4TpO2G0LGey5b0e_w,2026-05-15 22:47:36+00:00,0,48,48,72,43.0,46.0,3.0,1.3862943611198906
ZrFcBbosogE_first48h,ZrFcBbosogE,UCdGhWSbGrDF5nJDI7NYU0GQ,2026-05-15 22:57:52+00:00,0,48,48,72,9.0,14.0,5.0,1.791759469228055
jbfymzxFYpo_first48h,jbfymzxFYpo,UCjZ28F4BAnRBQj38kMVB-Sw,2026-05-15 22:58:20+00:00,0,48,48,72,41.0,46.0,5.0,1.791759469228055
9BswkBn8DeQ_first48h,9BswkBn8DeQ,UCjQ6TDtfKq5Vsyqpzk2NrMg,2026-05-15 23:30:02+00:00,0,48,48,72,47.0,54.0,7.0,2.0794415416798357
NH6tSnwHZ_c_first48h,NH6tSnwHZ_c,UClPZECXX3FfZWvuThCpoGaA,2026-05-15 23:30:01+00:00,0,48,48,72,222.0,230.0,8.0,2.1972245773362196
nNRwDBzARA4_first48h,nNRwDBzARA4,UCdDKJ7BIqSOdP16eMsTtK2g,2026-05-15 23:46:06+00:00,0,48,48,72,18562.888240200165,19517.0,954.1117597998345,6.861828359602139
kadbSjGJpgk_first48h,kadbSjGJpgk,UCdsi_mZ-1KZjHXI2BKqdcGg,2026-05-15 23:50:35+00:00,0,48,48,72,38337.421227197345,42413.0,4075.5787728026553,8.31301337955239
e5CJEC4KsFo_first48h,e5CJEC4KsFo,UCCf_k2G-Do3GAfFnSfQJTdw,2026-05-16 00:00:42+00:00,0,48,48,72,14.0,14.0,0.0,0.0
GGkjXFjL5vA_first48h,GGkjXFjL5vA,UCsmZS0rXfOJx6RnUHcnAyMA,2026-05-16 00:00:13+00:00,0,48,48,72,70.48916666666666,95.0,24.510833333333338,3.23910319854817
CQwmf0yjo9g_first48h,CQwmf0yjo9g,UCt8u7fTl6IQqRzB9B_ZfX3A,2026-05-16 00:00:19+00:00,0,48,48,72,9884.375415282391,10308.0,423.62458471760874,6.051205448482292
aLe0H7zbRro_first48h,aLe0H7zbRro,UCAvR95D5DvjDTw30sjXJFgg,2026-05-16 00:00:18+00:00,0,48,48,72,2.0,2.0,0.0,0.0
t-yiV1ciBzk_first48h,t-yiV1ciBzk,UCAb4rGHWoC7jrUvkN2HkE7w,2026-05-16 00:08:08+00:00,0,48,48,72,1455.4,1529.0,73.59999999999991,4.312140507209714
N2yO6rVO1qY_first48h,N2yO6rVO1qY,UCryVq2PKWkDBao4gI7Ww5tg,2026-05-16 00:15:01+00:00,0,48,48,72,173.0,181.0,8.0,2.1972245773362196
K1_T0Kxy3Pk_first48h,K1_T0Kxy3Pk,UCF4Wxdo3inmxP-Y59wXDsFw,2026-05-16 00:30:25+00:00,0,48,48,72,21908.13450292398,22322.0,413.8654970760217,6.027954364266558
KNRtvA81qAs_first48h,KNRtvA81qAs,UCG4kGP4ETdKzseQshMCCBKg,2026-05-16 00:40:17+00:00,0,48,48,72,721.0,797.0,76.0,4.343805421853684
mj8dwrxWUBE_first48h,mj8dwrxWUBE,UCD9MHz39P05QpzYbHMqKHRg,2026-05-16 00:45:05+00:00,0,48,48,72,3.0,4.0,1.0,0.6931471805599453
r_aLH-OwJW4_first48h,r_aLH-OwJW4,UCaXR4nSPYe1jKhAbi2tA85Q,2026-05-16 00:45:07+00:00,0,48,48,72,1088.1466666666668,1227.0,138.85333333333324,4.940594254425293
crT0PJ-XhsA_first48h,crT0PJ-XhsA,UC7Qr4tQazxWR50nG1-KdXBw,2026-05-16 01:00:37+00:00,0,48,48,72,27227.714522821578,32490.0,5262.285477178422,8.568510726173889
S4m0RhzphyA_first48h,S4m0RhzphyA,UCf91b_29YvfEf3WiQVB93yQ,2026-05-16 01:00:25+00:00,0,48,48,72,1029.9651162790697,1032.0,2.0348837209303383,1.1101731110692206
6RXaSRXlEgM_first48h,6RXaSRXlEgM,UCM_Qka_P2Sjyy6zlKR-UWcw,2026-05-16 01:03:25+00:00,0,48,48,72,2.0,2.0,0.0,0.0
4y-787PoFvg_first48h,4y-787PoFvg,UCWjeQjXU-wUddMeeEtHnL3A,2026-05-16 01:15:00+00:00,0,48,48,72,37.4675540765391,39.0,1.532445923460898,0.9291856038864234
nmCF87MmbQc_first48h,nmCF87MmbQc,UCejiBH2HaVENsgNBBipTR6Q,2026-05-16 01:30:39+00:00,0,48,48,72,140.0,180.0,40.0,3.713572066704308
krWgX6U7FJI_first48h,krWgX6U7FJI,UCFoyS8M_EtXUd1uDep1ZpyA,2026-05-16 01:32:44+00:00,0,48,48,72,0.0,0.0,0.0,0.0
OBUYnGUCr-4_first48h,OBUYnGUCr-4,UC80ztI40QAXzWL94eoRzWow,2026-05-16 01:50:00+00:00,0,48,48,72,1308.4688279301745,1336.0,27.531172069825516,3.3509972463943773
W1bXOSdjzwQ_first48h,W1bXOSdjzwQ,UClw1kjaQzOZHaPJInykzvYw,2026-05-16 01:53:27+00:00,0,48,48,72,1349.035175879397,1562.0,212.964824120603,5.365811628242875
v3tB2DtFfLQ_first48h,v3tB2DtFfLQ,UCMPOuf_7-Y13BbyaBU82Sew,2026-05-16 02:00:13+00:00,0,48,48,72,903.0,1013.0,110.0,4.709530201312334
QrcyaSK_C-c_first48h,QrcyaSK_C-c,UCaCMCvCPVMLOhX7lB4LzSSg,2026-05-16 02:00:33+00:00,0,48,48,72,696.9334442595674,751.0,54.06655574043259,4.008542558017815
P66Kfw0vb7Q_first48h,P66Kfw0vb7Q,UCP8YFuAGFPT544GT5JPBJdA,2026-05-16 02:13:21+00:00,0,48,48,72,66.0,78.0,12.0,2.5649493574615367
6e3GFUkGzPg_first48h,6e3GFUkGzPg,UC4dz9pBMw3XySCH2W9T1sKQ,2026-05-16 02:16:48+00:00,0,48,48,72,2615.2982456140353,3729.0,1113.7017543859647,7.016342163258128
IbAn1DFjM8Y_first48h,IbAn1DFjM8Y,UCGRAGBgAzx7197NCbaJX7ag,2026-05-16 02:39:19+00:00,0,48,48,72,0.0,0.0,0.0,0.0
F5_x_6nLi90_first48h,F5_x_6nLi90,UCxONcDcOeaY-CB5Zj20zWDQ,2026-05-16 02:49:42+00:00,0,48,48,72,37.3511259382819,43.0,5.648874061718097,1.8944475263051708
SzmY2zii-t4_first48h,SzmY2zii-t4,UCa1akw0pJYIw89oeDjrsuTQ,2026-05-16 03:00:23+00:00,0,48,48,72,0.0,0.0,0.0,0.0
PVLQIK9E_7g_first48h,PVLQIK9E_7g,UCqaZlsyggpisWGozbyAgdbw,2026-05-16 02:55:52+00:00,0,48,48,72,2098.048414023372,2260.0,161.95158597662794,5.093453138139722
5DwN7_azqVk_first48h,5DwN7_azqVk,UCVDUN_yGSR_u-pV0n2kGhkw,2026-05-16 03:02:58+00:00,0,48,48,72,16902.485049833886,18603.0,1700.5149501661144,7.43927428036496
ZoaDXm-gYHQ_first48h,ZoaDXm-gYHQ,UCKnniBAOZslhdh9JTT6Sbcg,2026-05-16 03:03:03+00:00,0,48,48,72,5581.0,5786.0,205.0,5.327876168789581
8ro5wWLZqT8_first48h,8ro5wWLZqT8,UCpu3bemTQwAU8PqM4kJdoEQ,2026-05-16 03:13:04+00:00,0,48,48,72,953.0,1079.0,126.0,4.844187086458591
Vp9OhGj2LnQ_first48h,Vp9OhGj2LnQ,UCS-dDfoGUYIO1GIbGZYUcQw,2026-05-16 03:13:07+00:00,0,48,48,72,742.08153078203,1100.0,357.91846921797,5.883095257453554
yJB3VjOYkC8_first48h,yJB3VjOYkC8,UCvZxV5OJQayc91h6IGsWKAQ,2026-05-16 03:36:32+00:00,0,48,48,72,200.3461217681401,236.0,35.65387823185989,3.6015192407932575
FAeSTBZT3Dc_first48h,FAeSTBZT3Dc,UCcwD5Szdd9qvAY6hDD9g21A,2026-05-16 03:50:29+00:00,0,48,48,72,644.0,644.0,0.0,0.0
pzzGxaqRKqE_first48h,pzzGxaqRKqE,UCOOBxdh2hM8UPmRWFleTz2A,2026-05-16 03:58:14+00:00,0,48,48,72,53.0,59.0,6.0,1.9459101490553132
b6GCP9otK_Y_first48h,b6GCP9otK_Y,UCPRWWKG0VkBA0Pqa4Jr5j0Q,2026-05-16 04:00:37+00:00,0,48,48,72,58900.07679465776,98725.0,39824.92320534224,10.59227331606241
gXKVMq0-tmY_first48h,gXKVMq0-tmY,UC_6NBDDE1RMtl_u37HQeTFQ,2026-05-16 04:00:39+00:00,0,48,48,72,326.889816360601,331.0,4.110183639398997,1.631235340829963
b7f1BeiYSm4_first48h,b7f1BeiYSm4,UCcbjV9pxJa5y7pTINthXyrw,2026-05-16 04:17:16+00:00,0,48,48,72,281.95986622073576,291.0,9.040133779264238,2.3065904388027234
MoyBWAscouI_first48h,MoyBWAscouI,UCEsPWx1K7BQIUSyDnxH2OBg,2026-05-16 03:23:34+00:00,0,48,48,72,133.0,133.0,0.0,0.0
PROqe10b7Kc_first48h,PROqe10b7Kc,UCQK2si_zQf-jPB6iIEv3inw,2026-05-16 04:32:31+00:00,0,48,48,72,9917.276063386154,10686.0,768.7239366138456,6.646031926684556
SMmvzFworFE_first48h,SMmvzFworFE,UC84IKRquTBFrGgWIIH2R3Mg,2026-05-16 04:34:52+00:00,0,48,48,72,95.46031746031746,97.0,1.5396825396825449,0.9320390888422962
4kDz-VuuQCM_first48h,4kDz-VuuQCM,UCirE2xLmVE5i8xSi_7bpvsA,2026-05-16 04:39:18+00:00,0,48,48,72,10013.078792958928,11156.0,1142.9212070410722,7.042217294603656
eB1vXsbjT4E_first48h,eB1vXsbjT4E,UC4upfPJ1tba-hS6YezR3eLQ,2026-05-16 04:01:50+00:00,0,48,48,72,18495.098662207358,18923.0,427.90133779264215,6.061226910642806
MCHnJLjMEBc_first48h,MCHnJLjMEBc,UCPI-KllDekRxVknYPebalsw,2026-05-16 05:03:58+00:00,0,48,48,72,8228.26794657763,9262.0,1033.7320534223709,6.941897786600562
nIA-Rp1pTME_first48h,nIA-Rp1pTME,UCmun9nQarOveaLLPgGrxrbw,2026-05-16 05:15:06+00:00,0,48,48,72,0.0,1.0,1.0,0.6931471805599453
VNduKhmcTK8_first48h,VNduKhmcTK8,UCLmatAmdCRGsvcsfOliCONA,2026-05-16 05:12:00+00:00,0,48,48,72,850.0,871.0,21.0,3.091042453358316
amHSGtnyZco_first48h,amHSGtnyZco,UCO3bfz4KY6zGT5IOaFJuxpA,2026-05-16 05:22:28+00:00,0,48,48,72,7344.897925311203,7691.0,346.1020746887971,5.84961890005759
2VsWgu3K9UE_first48h,2VsWgu3K9UE,UCHU233rZFGkYKHCca14ernw,2026-05-16 05:24:19+00:00,0,48,48,72,754.0,942.0,188.0,5.241747015059643
qRaho7T22E0_first48h,qRaho7T22E0,UC8r0UHqwUeAArogHqgFXDVw,2026-05-16 05:36:58+00:00,0,48,48,72,24276.003333333334,24666.0,389.996666666666,5.968699034799835
WhiNnPRRkwA_first48h,WhiNnPRRkwA,UCX-aRQ8LjZ_Gp448l3iq_Ow,2026-05-16 05:38:47+00:00,0,48,48,72,343.0,370.0,27.0,3.332204510175204
f99vlVFJU5k_first48h,f99vlVFJU5k,UC0DEC-JA_KMMAdRn3PddfeQ,2026-05-16 05:53:01+00:00,0,48,48,72,0.0,0.0,0.0,0.0
QGk-rT0fawY_first48h,QGk-rT0fawY,UCCS0i2NWk9c6YkdWZdFLaog,2026-05-16 06:00:16+00:00,0,48,48,72,185.0,208.0,23.0,3.1780538303479458
hCgT6NzQz88_first48h,hCgT6NzQz88,UCxY65yhcj8lQNA9_ols7TWw,2026-05-16 06:00:34+00:00,0,48,48,72,64.0,77.0,13.0,2.6390573296152584
MI68Sq_Rwyw_first48h,MI68Sq_Rwyw,UCwgQ0wS_Hq9JKenDMKUZdBQ,2026-05-16 06:01:32+00:00,0,48,48,72,87.0,88.0,1.0,0.6931471805599453
URwBZPtkwl8_first48h,URwBZPtkwl8,UClBVHwV_TvY87hHtGrAX0gg,2026-05-16 06:06:52+00:00,0,48,48,72,9.0,9.0,0.0,0.0
u4RZgu8ID2I_first48h,u4RZgu8ID2I,UCNvI7Uoghq2j5ktrFN8IfDQ,2026-05-16 06:06:41+00:00,0,48,48,72,972.8139534883721,1009.0,36.186046511627865,3.6159335971403905
MDIzvsoolWw_first48h,MDIzvsoolWw,UCbAKCtxhxKt5orBtdxj8Hkg,2026-05-16 06:12:31+00:00,0,48,48,72,3347.210657785179,4714.0,1366.7893422148209,7.2209510967158295
lAwn0H_JLtY_first48h,lAwn0H_JLtY,UCBwgo5mdKlofvRxz4QWJPKA,2026-05-16 06:20:20+00:00,0,48,48,72,127.0,134.0,7.0,2.0794415416798357
9rOtgVuA2AA_first48h,9rOtgVuA2AA,UC5JDaP_XwqbSDv6-IzmW-aw,2026-05-16 06:25:04+00:00,0,48,48,72,32.0,37.0,5.0,1.791759469228055
tfFzWg4MTE4_first48h,tfFzWg4MTE4,UCBqzeyzKYwW9LUo09fQ_dhw,2026-05-16 06:27:39+00:00,0,48,48,72,446.0,585.0,139.0,4.941642422609304
vYzq85yXHqE_first48h,vYzq85yXHqE,UCq9CX0od4ZLSVJ1tS4604CQ,2026-05-16 06:29:30+00:00,0,48,48,72,13.0,15.0,2.0,1.0986122886681098
ieHGeFaDjMk_first48h,ieHGeFaDjMk,UCEEfxpQiUuo8UxE7iQX4cKA,2026-05-16 06:40:42+00:00,0,48,48,72,433.8538205980066,457.0,23.14617940199338,3.184126164767187
1cJPE1EcUfk_first48h,1cJPE1EcUfk,UC-Cl27-chwJ-Ofs4IBfHINg,2026-05-16 06:45:05+00:00,0,48,48,72,46.0,46.0,0.0,0.0
yPv-zdqVItE_first48h,yPv-zdqVItE,UCx8Mq6RmQ3hBkDEFGIjBfzg,2026-05-16 06:51:52+00:00,0,48,48,72,98.0,99.0,1.0,0.6931471805599453
gyfq9aMXgZE_first48h,gyfq9aMXgZE,UCO75u3MhY3YgYe7rvBFw50g,2026-05-16 06:56:30+00:00,0,48,48,72,42.45348837209302,43.0,0.5465116279069804,0.4360018319682484
oomTghT7Gu0_first48h,oomTghT7Gu0,UC_STxKuF95Ba6Jsnz8g7NXw,2026-05-16 07:00:47+00:00,0,48,48,72,17.0,21.0,4.0,1.6094379124341003
z2RSOwqTIGY_first48h,z2RSOwqTIGY,UCJe9gEnXF6rXw5plEIBacIA,2026-05-16 07:00:53+00:00,0,48,48,72,1063.0,1067.0,4.0,1.6094379124341003
wopdtDKIvWo_first48h,wopdtDKIvWo,UCs6T2FPao5i4loqfFJkV9nw,2026-05-16 07:00:47+00:00,0,48,48,72,1040.171238570241,1137.0,96.82876142975897,4.583218617955369
qy1EUGCOY4Y_first48h,qy1EUGCOY4Y,UChWzrQNKjlk0E2Q2wSwEfjQ,2026-05-16 01:30:39+00:00,0,48,48,72,16130.0,16698.0,568.0,6.343880434126331
BHRwskExvVw_first48h,BHRwskExvVw,UC7yD2SzcCKh0KU2q7HZU4yw,2026-05-16 07:26:08+00:00,0,48,48,72,1726.0215946843853,2063.0,336.97840531561474,5.822982003843219
WAG1SbAKWNc_first48h,WAG1SbAKWNc,UC3P6lzbP3s_gTAlhaco8Fjw,2026-05-16 05:20:48+00:00,0,48,48,72,406.48504983388705,425.0,18.514950166112953,2.9711808470096894
d6UlOXiOq-A_first48h,d6UlOXiOq-A,UCs6T2FPao5i4loqfFJkV9nw,2026-05-16 07:44:40+00:00,0,48,48,72,1516.675,1665.0,148.32500000000005,5.00612513861837
1bfhulw01IU_first48h,1bfhulw01IU,UCqEadxYJJglGP-dA12cp-dg,2026-05-16 07:41:05+00:00,0,48,48,72,734.0,748.0,14.0,2.70805020110221
c6KpgnVUS9s_first48h,c6KpgnVUS9s,UCGHzhN0zTgRVGwweqILDQTA,2026-05-16 00:30:24+00:00,0,48,48,72,0.0,0.0,0.0,0.0
UDjLLmQiuoE_first48h,UDjLLmQiuoE,UC7KX5qdaCeTm6IaoWhgz0Pg,2026-05-16 08:07:00+00:00,0,48,48,72,1549.6677740863788,2108.0,558.3322259136212,6.326743618464867
VDxcb3pg2hE_first48h,VDxcb3pg2hE,UCIcRb5FLznQfVywDlnZjRNA,2026-05-16 08:11:31+00:00,0,48,48,72,43417.963302752294,48656.0,5238.036697247706,8.563892924011995
8OtOxthhfuY_first48h,8OtOxthhfuY,UCqfTInPU9VozDmDR02lfaMA,2026-05-16 07:56:06+00:00,0,48,48,72,107.0,108.0,1.0,0.6931471805599453
5UitcA4AU2U_first48h,5UitcA4AU2U,UCldrSaTYnKUT1log9DaxvMg,2026-05-16 08:12:48+00:00,0,48,48,72,2158.5,2608.0,449.5,6.110358077048392
vcIMuAIZvPM_first48h,vcIMuAIZvPM,UC-yMToYJCQj9ezW7RKKByMg,2026-05-16 08:18:38+00:00,0,48,48,72,57.3575,92.0,34.6425,3.573538746045979
nZdUHL9PHbE_first48h,nZdUHL9PHbE,UC8WrYj06hdjp5kxn7DOcxzw,2026-05-16 08:39:16+00:00,0,48,48,72,26.490848585690518,27.0,0.509151414309482,0.4115475155799275
vMFCtUWl_SE_first48h,vMFCtUWl_SE,UCkZaejONoPI-39C4IU_MEZA,2026-05-16 08:35:18+00:00,0,48,48,72,710.2179700499169,1079.0,368.78202995008314,5.912913723802811
nWf7Ai-nYhU_first48h,nWf7Ai-nYhU,UCXFxwj7DwumpUu5RNWlznTw,2026-05-16 08:44:57+00:00,0,48,48,72,428.977518734388,462.0,33.02248126561199,3.5270215198051704
0VEdu0dLUgE_first48h,0VEdu0dLUgE,UCo_eoras4bwDHz9E2eP9x7w,2026-05-16 09:00:05+00:00,0,48,48,72,91061.04232365146,109278.0,18216.95767634854,9.81016307212435
hMXP1SdZhY8_first48h,hMXP1SdZhY8,UCyQ-_y0AHNmoqY-80KOi0Lw,2026-05-16 09:00:23+00:00,0,48,48,72,1221.741908713693,1556.0,334.25809128630704,5.81490065695274
ghmFcD4-c2U_first48h,ghmFcD4-c2U,UCEEfxpQiUuo8UxE7iQX4cKA,2026-05-16 09:02:42+00:00,0,48,48,72,355.77851790174856,391.0,35.22148209825144,3.5896523709513755
A604LEq1KL0_first48h,A604LEq1KL0,UCTz99eMVnhMdbPZXawjmf_w,2026-05-16 09:08:24+00:00,0,48,48,72,219.49208992506246,226.0,6.507910074937541,2.0159571414199218
7RS1NwHwnQo_first48h,7RS1NwHwnQo,UCwt0ewpvGxPe6GPq0jjJHiw,2026-05-16 09:09:39+00:00,0,48,48,72,0.0,0.0,0.0,0.0
97F7JPogOoM_first48h,97F7JPogOoM,UCXHGX75EE5rZ2oX0Aybmy4A,2026-05-16 09:10:00+00:00,0,48,48,72,42.75,56.0,13.25,2.6567569067146595
DCYcLHK14OM_first48h,DCYcLHK14OM,UCdlFoYnDTHd72S2FfdsdeDw,2026-05-16 09:15:20+00:00,0,48,48,72,687.0,688.0,1.0,0.6931471805599453
B_ELDblIt2U_first48h,B_ELDblIt2U,UCTW3JesdsaJPGG0LSGAHd5g,2026-05-16 09:15:01+00:00,0,48,48,72,499.56666666666666,527.0,27.433333333333337,3.347562165829524
Z4xt7m_eBsg_first48h,Z4xt7m_eBsg,UCxxN41Nte7mpR-zzJydM9Bw,2026-05-16 09:24:57+00:00,0,48,48,72,182.97831526271895,192.0,9.02168473728105,2.3047512189764
PjqtBQZsKog_first48h,PjqtBQZsKog,UC4a-xoXsF56nPHGbT5f76dw,2026-05-16 09:30:11+00:00,0,48,48,72,54.0,64.0,10.0,2.3978952727983707
OasywcEm8ws_first48h,OasywcEm8ws,UCSBVYdiP2tmEvl-dJAQ_w0A,2026-05-16 09:30:10+00:00,0,48,48,72,2414.539616346956,2735.0,320.4603836530441,5.772874312610837
TrmXqmSDazI_first48h,TrmXqmSDazI,UCMqDFTENBCDbwDT5qnm7FSQ,2026-05-16 09:30:33+00:00,0,48,48,72,2152.103734439834,2462.0,309.89626556016583,5.7394593052851555
yrLeW8tVNT8_first48h,yrLeW8tVNT8,UCb8FrfmT04CDTG7sJVBvUVQ,2026-05-16 09:30:27+00:00,0,48,48,72,3498.8896265560165,5357.0,1858.1103734439835,7.527853358440939
XT3SaI1wWJQ_first48h,XT3SaI1wWJQ,UC1iRhihu-TrS1TtafLI6idA,2026-05-16 09:45:01+00:00,0,48,48,72,21.0,24.0,3.0,1.3862943611198906
c4IwkxZvNVg_first48h,c4IwkxZvNVg,UC5NDs9I26-lRf-YfKRw0fEw,2026-05-16 09:48:53+00:00,0,48,48,72,1.0,1.0,0.0,0.0
Zpze8e_wzXU_first48h,Zpze8e_wzXU,UCKISqGvkFQAqUR_f3zlEE1Q,2026-05-16 10:00:53+00:00,0,48,48,72,14.467889908256879,17.0,2.532110091743121,1.261895452058641
CZwjx-UR0fo_first48h,CZwjx-UR0fo,UCz6hWUnjiD-SW15j4_csloA,2026-05-16 10:00:30+00:00,0,48,48,72,5640.449081803005,6118.0,477.55091819699464,6.170762617346573
aKluhZa5rv4_first48h,aKluhZa5rv4,UCioZhA_g5kCvUjU-wsCiQZw,2026-05-16 10:04:20+00:00,0,48,48,72,9152.20632279534,9385.0,232.79367720465962,5.454439005065181
Y9yvaeOGP1U_first48h,Y9yvaeOGP1U,UCpSEyE5qxM9IJ8WqsQ_jCdg,2026-05-16 10:15:04+00:00,0,48,48,72,6894.002493765586,7678.0,783.9975062344138,6.665680541005915
DiebqsFo4SU_first48h,DiebqsFo4SU,UCZSDmkTnR847RfE799UUjkQ,2026-05-16 10:10:00+00:00,0,48,48,72,35153.121869782975,36654.0,1500.8781302170246,7.314471690694654
RjDMGG9CTYo_first48h,RjDMGG9CTYo,UC2OODDFSR29p05erciNtHyQ,2026-05-16 10:30:02+00:00,0,48,48,72,14.0,14.0,0.0,0.0
6iE2ak1cYnk_first48h,6iE2ak1cYnk,UCm9eG-APwbd7BAH0w7DNMBw,2026-05-16 10:30:05+00:00,0,48,48,72,48.477861319966586,53.0,4.5221386800334145,1.7087652272877585
5V-AlD3G558_first48h,5V-AlD3G558,UCTMvYiNa1DQ8xt-eHj54XEg,2026-05-16 10:36:23+00:00,0,48,48,72,424.1465445462115,581.0,156.8534554537885,5.06166710550744
T6gYAQwYG4U_first48h,T6gYAQwYG4U,UCqLbTRE9vKQqtRpr8CPxU4Q,2026-05-16 10:53:26+00:00,0,48,48,72,7.0,13.0,6.0,1.9459101490553132
DqU8vB8m-9E_first48h,DqU8vB8m-9E,UC0_mTg-V3XafCl_VusbhHVg,2026-05-16 10:50:13+00:00,0,48,48,72,6.0,6.0,0.0,0.0
lcgj2U-urao_first48h,lcgj2U-urao,UCcxOyvYPtsltsv1twHyopkg,2026-05-16 11:01:09+00:00,0,48,48,72,13908.98,15242.0,1333.0200000000004,7.195952218866931
fQ-LyvuvziM_first48h,fQ-LyvuvziM,UC2YtO9r1tzEwUUID7vwkMAQ,2026-05-16 11:00:58+00:00,0,48,48,72,1511.3083333333334,1567.0,55.691666666666606,4.037627227563013
RXAur9vn-sg_first48h,RXAur9vn-sg,UC1lQhj4n1EErpz4mXiEoBog,2026-05-16 11:15:28+00:00,0,48,48,72,95.49251247920132,99.0,3.5074875207986764,1.5057399075498892
Nvl54SW1i9g_first48h,Nvl54SW1i9g,UCRIO3jS2D38w5c036zeta8A,2026-05-16 11:13:17+00:00,0,48,48,72,151.31946755407654,197.0,45.68053244592346,3.843327213649865
dDLG_wy-La4_first48h,dDLG_wy-La4,UCK-qc_POQZwWrMg-Pr-oYtg,2026-05-16 11:30:35+00:00,0,48,48,72,24672.633861551294,29041.0,4368.366138448706,8.38237322915919
JyUJnaOqFq4_first48h,JyUJnaOqFq4,UCahbDZKuzuzfTB6Q0BxbrWQ,2026-05-16 11:30:26+00:00,0,48,48,72,24.0,28.0,4.0,1.6094379124341003
hktPrvzYvAI_first48h,hktPrvzYvAI,UC8ICYyD976wFlNRHPZ5brog,2026-05-16 11:33:48+00:00,0,48,48,72,17683.0,25604.0,7921.0,8.977398978181862
IIcCn10A7B0_first48h,IIcCn10A7B0,UC2fhSmyWOF5XcKMnqy3EkOg,2026-05-16 11:35:22+00:00,0,48,48,72,3239.3684210526317,3354.0,114.63157894736833,4.750409093218169
MSdqR-v1A3g_first48h,MSdqR-v1A3g,UCvP25S9UhH9nkq9ASYYDP8A,2026-05-16 11:42:07+00:00,0,48,48,72,1555.5459098497495,1812.0,256.4540901502505,5.550841413529479
on7r-v9273I_first48h,on7r-v9273I,UCWZVAVi7zBuMaIQfLmsefeA,2026-05-16 11:44:16+00:00,0,48,48,72,17.0,20.0,3.0,1.3862943611198906
s2EKy_s4L0s_first48h,s2EKy_s4L0s,UC_GcrznCXn6b-i1Y7DOn54A,2026-05-16 11:53:18+00:00,0,48,48,72,202.4879267277269,210.0,7.512073272273113,2.1414855406770315
lJZmeg_eK3U_first48h,lJZmeg_eK3U,UCQDKpfTS6haXS6BAHebR8Hw,2026-05-16 12:01:12+00:00,0,48,48,72,38506.857142857145,44799.0,6292.142857142855,8.74721588422952
bVHIkijtD5s_first48h,bVHIkijtD5s,UCrfXMvVzFAlX-iF2eAFbXFQ,2026-05-16 12:01:04+00:00,0,48,48,72,1441.6911519198663,1610.0,168.30884808013366,5.1317245505031135
tOLhzGnBkbA_first48h,tOLhzGnBkbA,UC7bBZ6f0I7ybXWRaERODHPQ,2026-05-16 12:15:27+00:00,0,48,48,72,180.0,180.0,0.0,0.0
CwHc4zG3X_U_first48h,CwHc4zG3X_U,UCfxYiiAaLjIpjiF00u2qVJQ,2026-05-16 12:12:05+00:00,0,48,48,72,156.0,163.0,7.0,2.0794415416798357
RKZQlKb--Dk_first48h,RKZQlKb--Dk,UCc4LkJm9a3MCuLlxWKSelwA,2026-05-16 12:20:00+00:00,0,48,48,72,452.9608659450458,474.0,21.039134054954218,3.0928196938102315
lESChw4z6G4_first48h,lESChw4z6G4,UCC80QOBgn2rVCFBZ_c1XJ1A,2026-05-16 12:21:39+00:00,0,48,48,72,23812.331114808654,26941.0,3128.668885191346,8.048682490459505
Je-I-lxv_Uo_first48h,Je-I-lxv_Uo,UC1EBG2fyOtI5Ein2yNUykVg,2026-05-16 12:30:06+00:00,0,48,48,72,1.0,1.0,0.0,0.0
83Xac4TjXQ0_first48h,83Xac4TjXQ0,UCqBrQ5NkAMNLj0HmORf_Tkw,2026-05-16 12:30:23+00:00,0,48,48,72,94.47543713572023,105.0,10.524562864279773,2.444480658816719
vrLbAiQTx_I_first48h,vrLbAiQTx_I,UCJZTvwnKU0PBH4dhDJkFyZw,2026-05-16 12:36:40+00:00,0,48,48,72,469.8767693588676,522.0,52.12323064113241,3.9726143211112537
hb8EAJ0fOYM_first48h,hb8EAJ0fOYM,UC4dQUfQeA-Jy2T_C-Jdf5rw,2026-05-16 12:35:01+00:00,0,48,48,72,2916.0,3247.0,331.0,5.805134968916488
1tckviz4ags_first48h,1tckviz4ags,UCdmwPkU7BOYoLmdN3lr-9Wg,2026-05-16 12:42:32+00:00,0,48,48,72,62.0,66.0,4.0,1.6094379124341003
FeFcdF6QClQ_first48h,FeFcdF6QClQ,UCic022l1ftnT0_9RyUmg0JQ,2026-05-16 12:41:23+00:00,0,48,48,72,20.0,23.0,3.0,1.3862943611198906
2XOEpZjrx1k_first48h,2XOEpZjrx1k,UCeC9j-i1C5inM-bCTenVGTA,2026-05-16 12:51:00+00:00,0,48,48,72,438.30133555926545,580.0,141.69866444073455,4.9607351652290035
I--tI6Js6Qo_first48h,I--tI6Js6Qo,UCETPdcz9yjpT4Bs02RyFkEA,2026-05-16 13:00:26+00:00,0,48,48,72,2481.301574150787,3311.0,829.698425849213,6.722266823874183
dHVCT1ZwrWQ_first48h,dHVCT1ZwrWQ,UCdEJ4N_gom7Dws1fShMokYQ,2026-05-16 13:01:10+00:00,0,48,48,72,27944.424192212096,30428.0,2483.5758077879036,7.817857222868253
-ZcQwt9ulaw_first48h,-ZcQwt9ulaw,UCjxsBstbtJbO-2ENavbQGhQ,2026-05-16 13:16:33+00:00,0,48,48,72,847.9866444073456,912.0,64.01335559265442,4.174592719445655
06nT3AOrq9Y_first48h,06nT3AOrq9Y,UCMHNSahZp35u_qGTg0m1vNA,2026-05-16 13:15:00+00:00,0,48,48,72,159.3372287145242,188.0,28.6627712854758,3.3898927674588144
EjlSi251EE4_first48h,EjlSi251EE4,UCZ92jP3mMWU0kqrR7ubHhMw,2026-05-16 13:30:21+00:00,0,48,48,72,16.961794019933556,20.0,3.0382059800664436,1.395800529007302
lPZFNIrauak_first48h,lPZFNIrauak,UCJUeRIt6jKSE-4jP7QB70kw,2026-05-16 13:57:36+00:00,0,48,48,72,48.0,50.0,2.0,1.0986122886681098
7MMqosNsu_Y_first48h,7MMqosNsu_Y,UCH4qURCnVhGFu0DECZbmcsQ,2026-05-16 02:59:37+00:00,0,48,48,72,1577.119900083264,1969.0,391.88009991673607,5.97350447604967
YtP1OHEGT84_first48h,YtP1OHEGT84,UCca_xtCf50PHtTazNCDBGiQ,2026-05-16 14:00:56+00:00,0,48,48,72,8.453421269579554,13.0,4.546578730420446,1.713181292708734
ZLf17sAbowI_first48h,ZLf17sAbowI,UC2YtO9r1tzEwUUID7vwkMAQ,2026-05-16 14:00:46+00:00,0,48,48,72,33776.61335531739,35272.0,1495.3866446826069,7.310808577469319
H8DB47ldA5s_first48h,H8DB47ldA5s,UCX9njoju5bVvpUm3kFwJQUQ,2026-05-16 14:06:45+00:00,0,48,48,72,91.92946058091286,115.0,23.07053941908714,3.1809886619754093
0LB1j3yyh8k_first48h,0LB1j3yyh8k,UCtwfnch0AvUBQWNuiXBc7aA,2026-05-16 14:30:01+00:00,0,48,48,72,1352.0915903413822,1510.0,157.90840965861776,5.068327996362609
xa07qJSTwlg_first48h,xa07qJSTwlg,UCRSwggL_qSN8rjjOMe77wIQ,2026-05-16 07:19:39+00:00,0,48,48,72,2062.015,4457.0,2394.985,7.781549698781687
S4EqSuJHa1Y_first48h,S4EqSuJHa1Y,UCPARDnYdJQBJID-qyefVKcw,2026-05-16 13:30:23+00:00,0,48,48,72,1291.9724770642201,1367.0,75.02752293577987,4.331095418619899
b9_DfQD0-Jc_first48h,b9_DfQD0-Jc,UCEdzz4gOTNKBlQB2kq7pqyg,2026-05-16 14:51:37+00:00,0,48,48,72,69.94019933554817,78.0,8.059800664451828,2.203847118096713
Z2Gnt4NjM_c_first48h,Z2Gnt4NjM_c,UCwf1LaD_Ln231AaPrt4dsaQ,2026-05-16 15:00:49+00:00,0,48,48,72,3179.0,3461.0,282.0,5.645446897643238
iWV8bpQGWgA_first48h,iWV8bpQGWgA,UCwt0ewpvGxPe6GPq0jjJHiw,2026-05-16 15:25:00+00:00,0,48,48,72,2.0,2.0,0.0,0.0
krke1eE0K6s_first48h,krke1eE0K6s,UCOPl0j81mxrHu7pSw6tahyQ,2026-05-16 15:32:16+00:00,0,48,48,72,14.0,15.0,1.0,0.6931471805599453
3-3-5RJxpUc_first48h,3-3-5RJxpUc,UCF4Q2gGmCjFucQyLgmTmjLg,2026-05-16 15:28:27+00:00,0,48,48,72,106.77185678601165,135.0,28.228143213988346,3.3751320538070844
xRes4UNziv4_first48h,xRes4UNziv4,UCciCVcKTtGBuR0N_ut4LCsg,2026-05-16 15:40:24+00:00,0,48,48,72,5409.489609310058,7298.0,1888.5103906899421,7.544073021948777
k3xi1gSFYF4_first48h,k3xi1gSFYF4,UCgUV6rhSm1Q7gDPaV9h7dTg,2026-05-16 15:39:38+00:00,0,48,48,72,33.46051537822111,35.0,1.5394846217788896,0.9319611556310182
UXw9Z4pkJzQ_first48h,UXw9Z4pkJzQ,UCwuJzXXG6ydvGLFiF5AeKUQ,2026-05-16 15:54:41+00:00,0,48,48,72,5658.567634854772,6374.0,715.4323651452278,6.574283846644069
qOzYmFArgTU_first48h,qOzYmFArgTU,UCiOaJH-ytGcugQ-69EhyCng,2026-05-16 16:01:17+00:00,0,48,48,72,831.0,1026.0,195.0,5.278114659230517
kCZSk92XZ8M_first48h,kCZSk92XZ8M,UCcqRyFXgLcG6gA5oQtXkNsA,2026-05-16 16:01:08+00:00,0,48,48,72,49.0,49.0,0.0,0.0
VoPo75RXA-U_first48h,VoPo75RXA-U,UCWZQfMaJgZwaigPqlGNhWug,2026-05-16 16:15:03+00:00,0,48,48,72,1340.363560732113,2104.0,763.636439267887,6.639400478075816
mOUzZcPoKHs_first48h,mOUzZcPoKHs,UCpu3bemTQwAU8PqM4kJdoEQ,2026-05-16 16:24:10+00:00,0,48,48,72,51635.28297161937,57056.0,5420.717028380634,8.598167839168957
h7YXAL2ijng_first48h,h7YXAL2ijng,UCzZFynnvRrnKWCT3a4c33Ww,2026-05-16 16:28:57+00:00,0,48,48,72,11.0,12.0,1.0,0.6931471805599453
cTJmAWlLL1c_first48h,cTJmAWlLL1c,UCzZFynnvRrnKWCT3a4c33Ww,2026-05-16 16:31:55+00:00,0,48,48,72,2.0,2.0,0.0,0.0
UCXs-aRJpJU_first48h,UCXs-aRJpJU,UCgjbJnqsNv6PQCzaa-qPN5Q,2026-05-16 17:00:14+00:00,0,48,48,72,91.0,93.0,2.0,1.0986122886681098
-O9rx-mUlRc_first48h,-O9rx-mUlRc,UCQB0skuuxIbGjtsC0bCkCPg,2026-05-16 16:58:30+00:00,0,48,48,72,1126.0,1214.0,88.0,4.48863636973214
xdUlEf93Nvs_first48h,xdUlEf93Nvs,UC1ILtaApPJIbXRBSz8q2xsA,2026-05-16 17:15:46+00:00,0,48,48,72,1891.0,1958.0,67.0,4.219507705176107
tZlh5GZ4hzA_first48h,tZlh5GZ4hzA,UCQSfRgU35iFm6sjeCKaBE0A,2026-05-16 17:15:04+00:00,0,48,48,72,88.0,87.0,0.0,0.0
zGoKc15KlqU_first48h,zGoKc15KlqU,UCL3zX1zidfmq73cc-vlY_Mw,2026-05-16 17:21:03+00:00,0,48,48,72,15.0,15.0,0.0,0.0
G6r0q_QCMQo_first48h,G6r0q_QCMQo,UC8Z5kqQm2FxqPz0ykWETHng,2026-05-16 17:18:30+00:00,0,48,48,72,98.0,101.0,3.0,1.3862943611198906
lKyVB6FqiLQ_first48h,lKyVB6FqiLQ,UCqDez6rNasidBh12p4fLsgg,2026-05-16 17:33:07+00:00,0,48,48,72,41.0,44.0,3.0,1.3862943611198906
CgY3qinWqs4_first48h,CgY3qinWqs4,UCvDPu4fdYcjhNPPZwx6HP_A,2026-05-16 17:39:48+00:00,0,48,48,72,61.0,61.0,0.0,0.0
UWe0VgOgc3w_first48h,UWe0VgOgc3w,UCOMnKe5dfLNfydD-Cq9BQ-w,2026-05-16 17:42:59+00:00,0,48,48,72,47.89908256880734,51.0,3.100917431192663,1.4112107123844257
4K3ik2hdZy4_first48h,4K3ik2hdZy4,UCBL4UfY_tDWNuZEKmoojzzA,2026-05-16 17:45:02+00:00,0,48,48,72,69.0,79.0,10.0,2.3978952727983707
5dS_qiIqeSE_first48h,5dS_qiIqeSE,UCzA0UZ94LKPzphQm-_1azYQ,2026-05-16 18:06:02+00:00,0,48,48,72,3.0,5.0,2.0,1.0986122886681098
5UkBS1sikjc_first48h,5UkBS1sikjc,UCAurjT2-IhXlPq-i9XgiseA,2026-05-16 18:24:40+00:00,0,48,48,72,19292.835833333334,20215.0,922.1641666666656,6.827807080731332
aiRfzNwjj-U_first48h,aiRfzNwjj-U,UCvu9pKtF3Y8KaJVD-WMiOrg,2026-05-16 18:30:02+00:00,0,48,48,72,15.0,15.0,0.0,0.0
02XflykRIu8_first48h,02XflykRIu8,UCPtMxMXEqzrlJAVwuo-oDDw,2026-05-16 18:36:15+00:00,0,48,48,72,5.0,6.0,1.0,0.6931471805599453
C6iYsWMsLqQ_first48h,C6iYsWMsLqQ,UCPtMxMXEqzrlJAVwuo-oDDw,2026-05-16 18:31:29+00:00,0,48,48,72,5.0,5.0,0.0,0.0
DnQw5M---uw_first48h,DnQw5M---uw,UCxUkE-gLSCNh5qAt9Gl4oBg,2026-05-16 18:42:00+00:00,0,48,48,72,60258.64612822648,74110.0,13851.353871773521,9.536210451815519
xOCXRtogZCw_first48h,xOCXRtogZCw,UCQB0skuuxIbGjtsC0bCkCPg,2026-05-16 16:36:10+00:00,0,48,48,72,1315.0,1344.0,29.0,3.4011973816621555
oGXTLfeSEuY_first48h,oGXTLfeSEuY,UCBg9RPGHnrhXVmXirKQY8GA,2026-05-16 18:54:05+00:00,0,48,48,72,47.0,47.0,0.0,0.0
7HEHu70YFAs_first48h,7HEHu70YFAs,UC7_WiJnJxpm4MRNesRttzWg,2026-05-16 19:01:10+00:00,0,48,48,72,31176.988304093567,37840.0,6663.011695906433,8.804476938933139
jYsgMjCGBHI_first48h,jYsgMjCGBHI,UCXWU9YY5HGD0YwnezX1aN1Q,2026-05-16 20:00:32+00:00,0,48,48,72,17.0,23.0,6.0,1.9459101490553132
3rgobrOLWjo_first48h,3rgobrOLWjo,UCMTFcOaJlwRjVNoSoS9D2Vg,2026-05-16 20:12:34+00:00,0,48,48,72,264714.8835274542,371261.0,106546.11647254578,11.576342574490884
fd8Dhmg766U_first48h,fd8Dhmg766U,UCPs7d6fot_7G4lsZVjmBwsA,2026-05-16 20:45:04+00:00,0,48,48,72,1.0,1.0,0.0,0.0
9WdwS3UPg_I_first48h,9WdwS3UPg_I,UC6NcJWilLteT9RMI6TKUo_A,2026-05-16 20:45:00+00:00,0,48,48,72,291.12905911740216,311.0,19.870940882597836,3.038357803091484
N5KBdAm7Es0_first48h,N5KBdAm7Es0,UCiDPJjBG7cemCYVg5jG0cWQ,2026-05-16 21:00:31+00:00,0,48,48,72,35212.215,35646.0,433.7850000000035,6.074851656031917
yOMFBPzID6Q_first48h,yOMFBPzID6Q,UChzJWdC0QqHSrOjHPnMUFGw,2026-05-16 21:00:00+00:00,0,48,48,72,22.0,23.0,1.0,0.6931471805599453
F2RYaAwLcCo_first48h,F2RYaAwLcCo,UCgCkdBQj4Wu7UrEuITnypSA,2026-05-16 08:36:25+00:00,0,48,48,72,486.96,510.0,23.04000000000002,3.179719109667008
FAe8JMScnoY_first48h,FAe8JMScnoY,UCv3rFzn-GHGtqzXiaq3sWNg,2026-05-16 21:30:02+00:00,0,48,48,72,20017.606666666667,20099.0,81.39333333333343,4.411504527493481
py2eJRC8foI_first48h,py2eJRC8foI,UC0LICABPZF817slOgTYc5Qw,2026-05-16 21:30:18+00:00,0,48,48,72,49.883333333333326,79.0,29.116666666666674,3.4050787283701283
aON9UR-SK58_first48h,aON9UR-SK58,UC7Br3kzDEYU_jYYtUbe1HEA,2026-05-16 21:31:58+00:00,0,48,48,72,481.8163606010017,518.0,36.18363939899831,3.6158688634360345
WT6ZbhfX93M_first48h,WT6ZbhfX93M,UCu8-gf2iNkqpwpaUUUgk2Ng,2026-05-16 21:41:00+00:00,0,48,48,72,10070.760869565218,11434.0,1363.239130434782,7.218352138605451
nhCd8kPitag_first48h,nhCd8kPitag,UCNlIUl-OlG_nkpTgRz6ZjDw,2026-05-16 21:57:32+00:00,0,48,48,72,23.0,23.0,0.0,0.0
jRFwOB6ASWI_first48h,jRFwOB6ASWI,UC8-9__CMFf3VNrvJ2r2uCdg,2026-05-16 22:00:42+00:00,0,48,48,72,3392.5808333333334,4452.0,1059.4191666666666,6.966419549191794
4ZHV0VPLuC8_first48h,4ZHV0VPLuC8,UCF4Wxdo3inmxP-Y59wXDsFw,2026-05-16 22:07:13+00:00,0,48,48,72,5484.0,6528.0,1044.0,6.951772164398911
GPUtISW5Utg_first48h,GPUtISW5Utg,UC5NDs9I26-lRf-YfKRw0fEw,2026-05-16 22:15:00+00:00,0,48,48,72,42.0,42.0,0.0,0.0
0dndIDTM7xo_first48h,0dndIDTM7xo,UCN2vNGQ8Ss0HmzNiBU4k65A,2026-05-16 10:15:33+00:00,0,48,48,72,647.0,675.0,28.0,3.367295829986474
z7TriYWQ0bA_first48h,z7TriYWQ0bA,UCYSRg9O3MHNBSjBsfbnCfPQ,2026-05-16 22:30:23+00:00,0,48,48,72,1091.9633333333334,1189.0,97.03666666666663,4.585341558353906
cywzaPeIAh8_first48h,cywzaPeIAh8,UCvAnclelY8eSq8GyPE19KTw,2026-05-16 22:30:13+00:00,0,48,48,72,866.84,935.0,68.15999999999997,4.236422660815089
sc_hlDvSSuM_first48h,sc_hlDvSSuM,UCVH9TXVR4kxzB89uQDUPI6A,2026-05-16 22:35:40+00:00,0,48,48,72,37.0,43.0,6.0,1.9459101490553132
VpO-HbI01b8_first48h,VpO-HbI01b8,UCObzgQJkBpn-5sKNv-xLeBA,2026-05-16 14:53:28+00:00,0,48,48,72,3499.0,3506.0,7.0,2.0794415416798357
aYJSfKPXZnI_first48h,aYJSfKPXZnI,UCyQM2qoRd1Ngb4apsbca-aQ,2026-05-16 23:00:02+00:00,0,48,48,72,8155.508333333333,8895.0,739.4916666666668,6.607314379987092
Ij9eIuHok4U_first48h,Ij9eIuHok4U,UChKibgdr8RYSXXre4rwYFSw,2026-05-16 23:02:11+00:00,0,48,48,72,27.0,31.0,4.0,1.6094379124341003
-E8bGeQnVN4_first48h,-E8bGeQnVN4,UCAwVpzgGI9sEu4O4ZlB5ZWQ,2026-05-16 23:04:23+00:00,0,48,48,72,123470.0607826811,132510.0,9039.939217318897,9.109518343710553
QqxxNNHUblU_first48h,QqxxNNHUblU,UCA8zyn_BmuMQPhWQdI0nfeA,2026-05-16 23:30:06+00:00,0,48,48,72,14454.0,15520.0,1066.0,6.9726062513017535
Z7vAiX1BVJo_first48h,Z7vAiX1BVJo,UCoS8_0Bdm2UREVhyqAaAw7g,2026-05-16 23:30:06+00:00,0,48,48,72,9.0,9.0,0.0,0.0
VNiqPKcR2to_first48h,VNiqPKcR2to,UCaklIGtczAXctqBGpKY9ErQ,2026-05-16 23:54:16+00:00,0,48,48,72,41.491680532445926,43.0,1.5083194675540739,0.9196129940661318
WCT2d9jI6fI_first48h,WCT2d9jI6fI,UCseJnykvfRbjum-ewCA0Vbg,2026-05-17 00:00:25+00:00,0,48,48,72,5836.75562969141,5935.0,98.24437030859008,4.597585195626942
A0Hfz_2thls_first48h,A0Hfz_2thls,UCZ8pcVV62wDg5xHbA8KKrCA,2026-05-17 00:00:16+00:00,0,48,48,72,46.0,46.0,0.0,0.0
_iODKFf-BAU_first48h,_iODKFf-BAU,UCfOtMe6VEbaWfJGDpoHDBIQ,2026-05-17 00:09:08+00:00,0,48,48,72,403.9492089925062,423.0,19.050791007493785,2.9982686047197045
NwM7CAiIiRY_first48h,NwM7CAiIiRY,UC9tyQyymq_D-JBDVpJVIKQA,2026-05-17 00:10:32+00:00,0,48,48,72,972.0,972.0,0.0,0.0
Q_P6hiQ4B6U_first48h,Q_P6hiQ4B6U,UCPd07MaNltgsQsa_TUjv6AQ,2026-05-17 00:13:36+00:00,0,48,48,72,8.0,11.0,3.0,1.3862943611198906
HCdohyfJrB0_first48h,HCdohyfJrB0,UCPd07MaNltgsQsa_TUjv6AQ,2026-05-17 00:13:26+00:00,0,48,48,72,12.0,16.0,4.0,1.6094379124341003
4SM8neoPbGk_first48h,4SM8neoPbGk,UC1wRdPJoILdc0VTw8RZ5Blg,2026-05-17 00:20:20+00:00,0,48,48,72,919.5594347464671,1014.0,94.4405652535329,4.558503700378292
lJYDcVK6FaE_first48h,lJYDcVK6FaE,UCKOp-tpoghZFzTq57YzQFtg,2026-05-17 00:31:09+00:00,0,48,48,72,887.0,888.0,1.0,0.6931471805599453
4jJFv-rDj_Y_first48h,4jJFv-rDj_Y,UCyfOVVBDfkHARtam2Zlo6sQ,2026-05-17 00:28:10+00:00,0,48,48,72,54285.647547797176,55802.0,1516.3524522028238,7.324722287368092
ijEgOVZwFVI_first48h,ijEgOVZwFVI,UCL0_NxCvkcXwZHpvqgMZY-A,2026-05-17 00:49:36+00:00,0,48,48,72,221.0,224.0,3.0,1.3862943611198906
b1ldd214TbQ_first48h,b1ldd214TbQ,UCc8Y-LsQ8fL1NfeN0gWO2bA,2026-05-17 01:07:30+00:00,0,48,48,72,1355.0,1355.0,0.0,0.0
IVrqkM-hzpQ_first48h,IVrqkM-hzpQ,UC6mqBIpyFImadq67vlznJOw,2026-05-17 01:08:37+00:00,0,48,48,72,389.0,389.0,0.0,0.0
ve7AvnGR8nQ_first48h,ve7AvnGR8nQ,UCmbPcRtn6NaKR9cwujRRegw,2026-05-17 01:30:44+00:00,0,48,48,72,200.7190635451505,225.0,24.280936454849495,3.2300506119014902
Di9QLw0CV1s_first48h,Di9QLw0CV1s,UCk6L5w3vaugId7zIv1olJqQ,2026-05-17 01:32:00+00:00,0,48,48,72,32.0,32.0,0.0,0.0
Ug50OTtQdlA_first48h,Ug50OTtQdlA,UCdVThx-ZnSP0zxILNUzrwkg,2026-05-17 01:44:16+00:00,0,48,48,72,36736.0,36795.0,59.0,4.0943445622221
tL1BcAFMhEg_first48h,tL1BcAFMhEg,UC7ygrwibLuqSxPgtDSECjqg,2026-05-17 01:44:00+00:00,0,48,48,72,48.0,51.0,3.0,1.3862943611198906
AkUEAKhywfc_first48h,AkUEAKhywfc,UCYQOA_bydsKp8CBSd693eFw,2026-05-17 01:53:42+00:00,0,48,48,72,13.0,26.0,13.0,2.6390573296152584
xTY74Nc20eI_first48h,xTY74Nc20eI,UCwoPZHR0GHnMT79Ykc-qRqw,2026-05-17 02:00:47+00:00,0,48,48,72,18.0,18.0,0.0,0.0
a_GlYLSNdms_first48h,a_GlYLSNdms,UCD1yX8s7Z7eXaHhxLzYGA9Q,2026-05-17 02:00:19+00:00,0,48,48,72,0.0,0.0,0.0,0.0
1HUzAwzlbUM_first48h,1HUzAwzlbUM,UC8RF3mIVGwKmRwbw5GEYaGQ,2026-05-17 02:28:11+00:00,0,48,48,72,1912.1008333333332,2190.0,277.8991666666668,5.6308503067002125
acNGZNuWJeg_first48h,acNGZNuWJeg,UCQ51H0TQlioxsqlVl2cgD8g,2026-05-17 02:30:10+00:00,0,48,48,72,16036.85845129059,19399.0,3362.141548709409,8.120630800866229
HKAws9bN1Ds_first48h,HKAws9bN1Ds,UCkN0A1TTwhPkjLtqMn8I6mA,2026-05-17 02:32:00+00:00,0,48,48,72,945.0,978.0,33.0,3.5263605246161616
sUs9qc-TLlU_first48h,sUs9qc-TLlU,UCz1MOwO9D1sy8i4C1qTLnYw,2026-05-17 02:48:26+00:00,0,48,48,72,38.0,42.0,4.0,1.6094379124341003
bv3-U1Poqqw_first48h,bv3-U1Poqqw,UCnwI-VN5jXWIGQKOI9PMDMw,2026-05-17 02:48:37+00:00,0,48,48,72,80.0,85.0,5.0,1.791759469228055
dyhPLHgt7B0_first48h,dyhPLHgt7B0,UCDk2THbEGMFsveFERmolWPg,2026-05-17 03:02:35+00:00,0,48,48,72,5.0,5.0,0.0,0.0
mSbsCo1Mx1Y_first48h,mSbsCo1Mx1Y,UCDk2THbEGMFsveFERmolWPg,2026-05-17 03:02:35+00:00,0,48,48,72,0.0,0.0,0.0,0.0
LYB01NDN2G8_first48h,LYB01NDN2G8,UCIKhrdByqxGYzRPalK1BjCQ,2026-05-17 03:15:02+00:00,0,48,48,72,18517.065054211842,18993.0,475.9349457881581,6.167380099591996
za7p0pj9QNI_first48h,za7p0pj9QNI,UCD9AfUzxg0MvLYylLmrj2eg,2026-05-17 03:20:07+00:00,0,48,48,72,58.465833333333336,63.0,4.534166666666664,1.7109409977646215
1OeYrmUiPfw_first48h,1OeYrmUiPfw,UClF2w1SbxZRCSLwdCb5mmuA,2026-05-17 03:31:49+00:00,0,48,48,72,7517.01001669449,7847.0,329.98998330550967,5.802088113002273
Ni2pfZAO2Vk_first48h,Ni2pfZAO2Vk,UCNxHCPqeVqQGOpkM3MMkZtA,2026-05-17 03:42:11+00:00,0,48,48,72,41.0,42.0,1.0,0.6931471805599453
37mUc7TOt3k_first48h,37mUc7TOt3k,UCozmwBf7ZVpIxwDYnlXihrg,2026-05-17 03:42:17+00:00,0,48,48,72,29.0,29.0,0.0,0.0
jBGc11WCwgA_first48h,jBGc11WCwgA,UCsShT8KBLUBgXRFr-rRfMqw,2026-05-17 03:57:04+00:00,0,48,48,72,14181.850622406639,16187.0,2005.1493775933614,7.60397243114995
kVcPLhBVjiE_first48h,kVcPLhBVjiE,UCa-W2A5iRRhHYFIoPBcDGdQ,2026-05-17 04:00:41+00:00,0,48,48,72,855.4728487886383,864.0,8.527151211361684,2.2541457444745836
If0utVdvSXg_first48h,If0utVdvSXg,UCnVJ112p6NFV8VcyYAgPlMg,2026-05-17 00:44:16+00:00,0,48,48,72,44.0,44.0,0.0,0.0
0tGjIreazqY_first48h,0tGjIreazqY,UCMjCZM4l6qEUMrlc9pIfieQ,2026-05-17 04:09:02+00:00,0,48,48,72,1.0,1.0,0.0,0.0
H8M4qd7_Olo_first48h,H8M4qd7_Olo,UCMs0i9-dkWsGb18vsAfMZsg,2026-05-17 00:18:08+00:00,0,48,48,72,25.935,29.0,3.0650000000000013,1.4024137429997743
Pyr7F1g6q2I_first48h,Pyr7F1g6q2I,UCjGp0ewMswgZPly8kabNmgQ,2026-05-17 04:45:02+00:00,0,48,48,72,415.36401673640165,599.0,183.63598326359835,5.218386228661518
oVOMsZJp1mg_first48h,oVOMsZJp1mg,UCruvvvnGpeDKldng1LSVRnQ,2026-05-17 04:43:42+00:00,0,48,48,72,15.0,15.0,0.0,0.0
DhoLBMu_W9g_first48h,DhoLBMu_W9g,UCydzelD-F6fDJqPCUs5dqTg,2026-05-17 04:51:03+00:00,0,48,48,72,18.0,18.0,0.0,0.0
hD4pCLUX0eU_first48h,hD4pCLUX0eU,UCnvLgMU5pDIW5N-jWOOpC8A,2026-05-17 05:16:03+00:00,0,48,48,72,2858.0833333333335,3003.0,144.91666666666652,4.98303568249785
FjH20upY03s_first48h,FjH20upY03s,UCnVJ112p6NFV8VcyYAgPlMg,2026-05-17 01:04:57+00:00,0,48,48,72,18.0,19.0,1.0,0.6931471805599453
DJC9ez6kXFM_first48h,DJC9ez6kXFM,UCwjdpCAf4yfly4YRvTD1JMw,2026-05-17 05:34:28+00:00,0,48,48,72,35.0,36.0,1.0,0.6931471805599453
sl-31apPzTM_first48h,sl-31apPzTM,UCCemgFdgBHhb9xCuh94U1Jg,2026-05-17 05:39:46+00:00,0,48,48,72,109.0,133.0,24.0,3.2188758248682006
9OmiFoSgVfA_first48h,9OmiFoSgVfA,UCCUH6kzLzA50sfI9BQ8n1CQ,2026-05-17 05:43:01+00:00,0,48,48,72,0.0,0.0,0.0,0.0
bgGDw3K_WXQ_first48h,bgGDw3K_WXQ,UCn-1eGv3DrRMuMrILAWzeFw,2026-05-17 05:48:43+00:00,0,48,48,72,32.0,32.0,0.0,0.0
7j8XWQxSSyQ_first48h,7j8XWQxSSyQ,UCR6h55qFLd9qqURLL-wT3Nw,2026-05-17 05:54:02+00:00,0,48,48,72,106.0,118.0,12.0,2.5649493574615367
wcKlMnx4dFc_first48h,wcKlMnx4dFc,UCSo699f_wjovxFrB4W1ZhfQ,2026-05-17 06:03:02+00:00,0,48,48,72,23507.903413821816,25436.0,1928.0965861781842,7.564807082247461
ri5qD_cBhIw_first48h,ri5qD_cBhIw,UCu7bOZngnqeDwXj4hpx9XNQ,2026-05-17 06:04:53+00:00,0,48,48,72,99.98084929225645,106.0,6.019150707743549,1.9486422289159178
8O09THzY3jk_first48h,8O09THzY3jk,UCL8VdSBGZoe1OXGVAQTFEOg,2026-05-17 06:07:11+00:00,0,48,48,72,41.46410684474124,49.0,7.535893155258762,2.1442799969645496
dw65aaTDW4o_first48h,dw65aaTDW4o,UCmu3ZmEr9KmP-IhTt1rW8aw,2026-05-17 06:10:47+00:00,0,48,48,72,248.47078464106843,270.0,21.529215358931566,3.1148129273366565
exiU_VpZ7kU_first48h,exiU_VpZ7kU,UCiM0WWVu_go-VX7DlIGPBxQ,2026-05-17 06:20:06+00:00,0,48,48,72,12328.19567027477,12996.0,667.8043297252298,6.505491535620992
NUoBST-t7bQ_first48h,NUoBST-t7bQ,UCPfOXasbX_ckz5WtBzHVrVg,2026-05-17 06:17:52+00:00,0,48,48,72,0.0,0.0,0.0,0.0
2y0vCLqBLaY_first48h,2y0vCLqBLaY,UC5d9YUCgDdODjsx3iM_v0rQ,2026-05-17 07:00:22+00:00,0,48,48,72,50187.35880398671,54814.0,4626.64119601329,8.439802556356723
XKFVNTlReb0_first48h,XKFVNTlReb0,UCuw_9BO3ufgtLJEiWoa5drQ,2026-05-17 07:00:34+00:00,0,48,48,72,1066.1618257261412,1223.0,156.83817427385884,5.061570294705362
j9Aa2k7O478_first48h,j9Aa2k7O478,UCNJXCsBISJNgjbRMb7KAfIA,2026-05-17 07:07:01+00:00,0,48,48,72,378.0,448.0,70.0,4.2626798770413155
tztmOxLL4JY_first48h,tztmOxLL4JY,UCk_egGHKLRHpqGtRzpN74Ew,2026-05-17 07:18:31+00:00,0,48,48,72,13803.14261884904,18044.0,4240.85738115096,8.352756513897244
XsjITyWTcmE_first48h,XsjITyWTcmE,UC-_sf6yhq-gUJ0hx-mD2rEw,2026-05-17 07:26:08+00:00,0,48,48,72,907.0,911.0,4.0,1.6094379124341003
cczCKUaZ8ec_first48h,cczCKUaZ8ec,UC_NGaQY8NyOWDcsMrTQDUbg,2026-05-17 07:37:24+00:00,0,48,48,72,0.0,0.0,0.0,0.0
1Jumw0gDCIE_first48h,1Jumw0gDCIE,UCcwD5Szdd9qvAY6hDD9g21A,2026-05-17 07:39:52+00:00,0,48,48,72,62.0,63.0,1.0,0.6931471805599453
K7XQ-YiMnvI_first48h,K7XQ-YiMnvI,UC_GcrznCXn6b-i1Y7DOn54A,2026-05-17 07:39:55+00:00,0,48,48,72,139.37271214642263,146.0,6.627287853577371,2.031732323859368
DFfMBIZD3Xw_first48h,DFfMBIZD3Xw,UCns-YkwnJ2I717GUJMi-jIA,2026-05-17 08:00:11+00:00,0,48,48,72,51.0,57.0,6.0,1.9459101490553132
4pzBkrec_Qk_first48h,4pzBkrec_Qk,UCJUBaGbM9SU9sHAHov8JKUA,2026-05-17 08:00:04+00:00,0,48,48,72,4467.080231596361,4488.0,20.919768403638955,3.0873888964965794
93Z1sSLJ6cY_first48h,93Z1sSLJ6cY,UCZD5NonioHkwvVu-eKWYD-A,2026-05-17 08:00:16+00:00,0,48,48,72,18.0,20.0,2.0,1.0986122886681098
VUpj20_I4hU_first48h,VUpj20_I4hU,UCYkn7e_zaRR_UxOrJR0RVdg,2026-05-17 08:09:33+00:00,0,48,48,72,1339.7873227689743,1392.0,52.21267723102574,3.97429666177641
8-bal_riBBI_first48h,8-bal_riBBI,UC2V3SuTNn0Pz7nGmm2fNKyw,2026-05-17 08:06:04+00:00,0,48,48,72,1308.0,1314.0,6.0,1.9459101490553132
7PbYX0koD0A_first48h,7PbYX0koD0A,UCwMx9TEXIOWHKh9ujxVHcWA,2026-05-17 08:12:11+00:00,0,48,48,72,7330.0,7586.0,256.0,5.54907608489522
kbM8sOcpvaY_first48h,kbM8sOcpvaY,UCaysddji-z_Za5b6EMmcc3g,2026-05-17 08:30:31+00:00,0,48,48,72,30.0,30.0,0.0,0.0
PJMTNa1VWtE_first48h,PJMTNa1VWtE,UC8lsUNEf26ilKyVgfTZ4wQg,2026-05-16 00:20:14+00:00,0,48,48,72,241377.48918469218,297222.0,55844.51081530782,10.930344421952663
FgIN3s-JbTM_first48h,FgIN3s-JbTM,UCxc3AiaRFsEJ2SmyhXZrLCA,2026-05-17 08:53:54+00:00,0,48,48,72,53.0,59.0,6.0,1.9459101490553132
Ha6vG8TMjUQ_first48h,Ha6vG8TMjUQ,UCaKdrLPbvuGAm7UAxIfEoxw,2026-05-17 08:50:36+00:00,0,48,48,72,8.0,8.0,0.0,0.0
9uOiok6OKB8_first48h,9uOiok6OKB8,UC2TuODJhC03pLgd6MpWP0iw,2026-05-17 08:55:00+00:00,0,48,48,72,892.1473771856786,909.0,16.85262281432142,2.882150433808106
_KsT-V0BzCc_first48h,_KsT-V0BzCc,UC6Gxa1HW-Pn2ITg0zBFsbKw,2026-05-17 09:00:35+00:00,0,48,48,72,669.9750415973377,884.0,214.02495840266226,5.370754106984029
T95_N5YVnQ8_first48h,T95_N5YVnQ8,UCD7Q_5296eWWZdAeg-EXs2w,2026-05-17 09:00:33+00:00,0,48,48,72,101.33892617449663,169.0,67.66107382550337,4.229182427661155
42homDOA7FI_first48h,42homDOA7FI,UCCT1gJcViDf7pc71gzQh96g,2026-05-17 09:14:31+00:00,0,48,48,72,0.0,0.0,0.0,0.0
RRmuGL1fCLA_first48h,RRmuGL1fCLA,UCDHrHWA8FhJf7x7KBUfkQzg,2026-05-17 09:25:16+00:00,0,48,48,72,10.0,10.0,0.0,0.0
7oZ6Ta3DLHY_first48h,7oZ6Ta3DLHY,UCRS9U6EHMuTZDwzE1q45Cjw,2026-05-17 09:30:32+00:00,0,48,48,72,18.952539550374684,20.0,1.0474604496253157,0.7166002201362107
_GXYRbzs9Vc_first48h,_GXYRbzs9Vc,UCC2wat6yKuoPAbsPERIjxLQ,2026-05-17 09:30:16+00:00,0,48,48,72,1668.6344712739385,2010.0,341.3655287260615,5.835878963749887
w3WKDekjHaQ_first48h,w3WKDekjHaQ,UCnkGBfcmoiIGEwL9B-G1fpA,2026-05-17 09:35:26+00:00,0,48,48,72,10534.152119700748,10884.0,349.8478802992522,5.860352740064691
h-9LGqQn37I_first48h,h-9LGqQn37I,UCHOk4NaAhM2skXqB54-Y0hA,2026-05-17 08:58:06+00:00,0,48,48,72,5777.438240270728,5800.0,22.561759729272126,3.159625047389374
zagi67Xtncs_first48h,zagi67Xtncs,UCm1YwlyizNdLK3mRnHhKc2A,2026-05-17 09:41:39+00:00,0,48,48,72,0.0,0.0,0.0,0.0
4iQ25Dtw1Kc_first48h,4iQ25Dtw1Kc,UCCQvP4hsRW9emj0meGk15jg,2026-05-17 09:49:39+00:00,0,48,48,72,603.0,619.0,16.0,2.833213344056216
I9De72TnMDo_first48h,I9De72TnMDo,UCMNRAapvcYtQks_QmfiTGkA,2026-05-17 09:45:53+00:00,0,48,48,72,29301.0,29640.0,339.0,5.8289456176102075
sJkcJbJ6gNc_first48h,sJkcJbJ6gNc,UC5Jw-E-I4-I110aDIxYCG3g,2026-05-17 10:01:11+00:00,0,48,48,72,2783.4937447873226,2855.0,71.50625521267739,4.283672836934378
d8EdYuVvsDE_first48h,d8EdYuVvsDE,UC_hZA6OEILGjV2WP6-a6WFw,2026-05-17 09:56:57+00:00,0,48,48,72,3768.25,4607.0,838.75,6.733104228492402
B6D3qHSxno8_first48h,B6D3qHSxno8,UCHaWGNPXXfkkfn-VHSgspFg,2026-05-17 10:06:09+00:00,0,48,48,72,3971.7251461988303,4247.0,275.2748538011697,5.62139621729606
cE8CcoyBaFY_first48h,cE8CcoyBaFY,UCNDi6Gn6bpQMLhOkB3RaKUw,2026-05-17 10:05:00+00:00,0,48,48,72,1609.701342281879,1785.0,175.29865771812092,5.172179475751023
9OrdT-DSkFY_first48h,9OrdT-DSkFY,UC4qSs4QuD5-gGEZUQX53hgA,2026-05-17 10:09:43+00:00,0,48,48,72,1.0,3.0,2.0,1.0986122886681098
wXeXhcgFUsI_first48h,wXeXhcgFUsI,UCgVstyPcfgQ8Dpmoy8qxAmA,2026-05-17 10:15:06+00:00,0,48,48,72,1045.1878130217028,1110.0,64.81218697829718,4.186805033617693
dzP04ginpvs_first48h,dzP04ginpvs,UC28hokqc58AWyDnWwgNKDGA,2026-05-17 10:15:49+00:00,0,48,48,72,576.0,578.0,2.0,1.0986122886681098
8x-3n5od5Wg_first48h,8x-3n5od5Wg,UCMNXbF0XolZgjYnpQDxu5ww,2026-05-17 10:14:01+00:00,0,48,48,72,3631.3858333333333,4327.0,695.6141666666667,6.546231694599451
uJOyP-Bh82k_first48h,uJOyP-Bh82k,UCoBcy10UwHBh5p43SykfrZA,2026-05-17 10:28:13+00:00,0,48,48,72,1385.4587155963302,1415.0,29.541284403669806,3.419079355345884
88yLSsQ7bbA_first48h,88yLSsQ7bbA,UCWvBDfvqCyIWRugvE0v6YnA,2026-05-17 10:27:53+00:00,0,48,48,72,78.0,78.0,0.0,0.0
w_4OhK0uIqY_first48h,w_4OhK0uIqY,UC4HDUf2ftTOLbNW8u5DMe3A,2026-05-17 10:30:34+00:00,0,48,48,72,3638.59,3815.0,176.40999999999985,5.178463438072557
wmeni8fxP8E_first48h,wmeni8fxP8E,UCZjQtTF-s4NFazg8-mw-8XA,2026-05-17 10:33:15+00:00,0,48,48,72,100.0,103.0,3.0,1.3862943611198906
x4PFhw5coKo_first48h,x4PFhw5coKo,UCGcBPEu0WeynqsMJJYVT17A,2026-05-17 10:38:29+00:00,0,48,48,72,251.0,262.0,11.0,2.4849066497880004
F_whjNNLspk_first48h,F_whjNNLspk,UC3P6lzbP3s_gTAlhaco8Fjw,2026-05-17 08:59:54+00:00,0,48,48,72,1120.4271523178809,1167.0,46.57284768211912,3.8622621716358476
igUAEx45USE_first48h,igUAEx45USE,UCWRolz2BSYj-FbByMgevpog,2026-05-17 10:50:52+00:00,0,48,48,72,26.0,27.0,1.0,0.6931471805599453
XLIvCVvu2m0_first48h,XLIvCVvu2m0,UCV-izhBTa0XwaAnsrhl-1VA,2026-05-17 10:50:12+00:00,0,48,48,72,32.456286427976686,45.0,12.543713572023314,2.605922496646737
YHgkOUqCrD0_first48h,YHgkOUqCrD0,UCCGda5_Ux5Ya6ECB2-fqACQ,2026-05-17 11:00:47+00:00,0,48,48,72,1388.305,1413.0,24.694999999999936,3.2462964204441906
UPo53xgRcjY_first48h,UPo53xgRcjY,UC6TH1QqLoC-SMFPp2AasuaA,2026-05-17 11:00:48+00:00,0,48,48,72,5968.0,6076.0,108.0,4.6913478822291435
YOSykGeVyCQ_first48h,YOSykGeVyCQ,UCTSktV0WEDk-s34YUP9nINg,2026-05-17 11:05:33+00:00,0,48,48,72,15044.248535564855,22041.0,6996.751464435145,8.853344157069051
TjhGj310ueY_first48h,TjhGj310ueY,UCKXrDf9DK3LIicSZYCb7rNA,2026-05-17 11:09:59+00:00,0,48,48,72,275.06,369.0,93.94,4.553245113123172
8bvfTkDTtQU_first48h,8bvfTkDTtQU,UCR3asjvr_WAaxwJYEDV_Bfw,2026-05-17 11:08:07+00:00,0,48,48,72,41092.40416666667,44569.0,3476.595833333333,8.15409648152955
rZbUSwOYVk8_first48h,rZbUSwOYVk8,UCWIdr2JMYuMOpV1B0U_NEXw,2026-05-17 11:15:10+00:00,0,48,48,72,0.0,0.0,0.0,0.0
UR_8XBlqmhI_first48h,UR_8XBlqmhI,UCiUGixkUlxVKYJc1tMEbNYQ,2026-05-17 11:15:03+00:00,0,48,48,72,188.0,201.0,13.0,2.6390573296152584
hH802_rsVK4_first48h,hH802_rsVK4,UCdmR8M-3qMnCI2ljRABG9RA,2026-05-17 11:19:00+00:00,0,48,48,72,16162.453333333333,27600.0,11437.546666666667,9.344744217236533
h7rJ1lgpqCE_first48h,h7rJ1lgpqCE,UCV4w74w1WKR3m_zNwJ5o2ag,2026-05-17 11:20:43+00:00,0,48,48,72,10.0,11.0,1.0,0.6931471805599453
AZfIk0qlrHA_first48h,AZfIk0qlrHA,UCBcWMu-CwIcWtAzlo2wYfXQ,2026-05-17 10:31:50+00:00,0,48,48,72,360.51919866444075,388.0,27.48080133555925,3.34923022293022
fGhQqmfcybs_first48h,fGhQqmfcybs,UCq3Uedsk9-QXHNTcPS6AgYQ,2026-05-17 11:30:35+00:00,0,48,48,72,2450.4545454545455,2635.0,184.5454545454545,5.223299890011474
5R-kfcLdx7Y_first48h,5R-kfcLdx7Y,UCL0MLmvpoOr5G5bVqra8bEw,2026-05-17 11:30:38+00:00,0,48,48,72,1425.0,1522.0,97.0,4.584967478670572
Xp-WHUKspeM_first48h,Xp-WHUKspeM,UCyJ8Pv20j9k5QHLTmq-MYsA,2026-05-17 11:39:23+00:00,0,48,48,72,227.52420701168614,388.0,160.47579298831386,5.084355242811038
HYNq5SJxUno_first48h,HYNq5SJxUno,UCt74xd1EKiaO8xy-2C2bJFA,2026-05-17 11:45:03+00:00,0,48,48,72,53.48502495840266,65.0,11.514975041597339,2.526925930602671
uIKpDmXFiLU_first48h,uIKpDmXFiLU,UCwD_JhT030LvugnHKxWN0Zw,2026-05-17 11:45:10+00:00,0,48,48,72,6.0,6.0,0.0,0.0
cfqKgEzo0B8_first48h,cfqKgEzo0B8,UCcy2ZtcNDXUqkHFDoq1Q2zQ,2026-05-17 12:00:53+00:00,0,48,48,72,1387.1009174311926,1764.0,376.89908256880744,5.934627182643599
Pt78ksPTsfE_first48h,Pt78ksPTsfE,UCC-UtWjMF9qgUrZLbnLXRHw,2026-05-17 12:00:45+00:00,0,48,48,72,25.0,27.0,2.0,1.0986122886681098
wOsu7s-HFV4_first48h,wOsu7s-HFV4,UChDxCpaqsnkWTThTXdDeBBg,2026-05-17 12:08:39+00:00,0,48,48,72,27.0,40.0,13.0,2.6390573296152584
mYu4RepxzEg_first48h,mYu4RepxzEg,UClj81pcB9jG2k0U4tacfhRQ,2026-05-17 10:00:06+00:00,0,48,48,72,100.0,105.0,5.0,1.791759469228055
DYWf8LsxWAA_first48h,DYWf8LsxWAA,UC2WHpwCl_HkpBIz3d1mdD2w,2026-05-16 12:00:30+00:00,0,48,48,72,46.0,57.0,11.0,2.4849066497880004
ZbB6EOkzCw0_first48h,ZbB6EOkzCw0,UCOKPJ3J2fUKAbvwSSpWeo6A,2026-05-17 12:31:06+00:00,0,48,48,72,1810.8398340248964,1982.0,171.1601659751036,5.148425241047674
gBBFMjHmR1Y_first48h,gBBFMjHmR1Y,UCvsKDemB0-bA_UhG609cKYw,2026-05-17 12:35:59+00:00,0,48,48,72,5338.226744186047,7837.0,2498.7732558139533,7.823955309068591
vonr-do3pOI_first48h,vonr-do3pOI,UCvgl126rsuy6rcBuR8sBrgQ,2026-05-17 12:40:49+00:00,0,48,48,72,2.0,2.0,0.0,0.0
4A6Rv9h2nd8_first48h,4A6Rv9h2nd8,UC-ourMUBLQ1HIBmdVk1Wnfw,2026-05-17 12:52:03+00:00,0,48,48,72,400.0,1778.0,1378.0,7.229113877793302
JtgpbHRW5I8_first48h,JtgpbHRW5I8,UCLKsaKMS_5RQuM0wHLp2vVg,2026-05-17 13:17:52+00:00,0,48,48,72,9544.902743142145,9923.0,378.0972568578545,5.9377927865632545
u_nacVbNxBM_first48h,u_nacVbNxBM,UCgCkdBQj4Wu7UrEuITnypSA,2026-05-17 08:22:32+00:00,0,48,48,72,604.9783693843594,888.0,283.02163061564056,5.649050399400445
B7M9lefmmNA_first48h,B7M9lefmmNA,UCGnUbr6kmyTBkBhS3AotBfg,2026-05-17 10:00:15+00:00,0,48,48,72,6019.343047460449,6889.0,869.6569525395507,6.769248044552132
BElio1_mGJQ_first48h,BElio1_mGJQ,UCIdsEO5G1TZqku6aY04rpaQ,2026-05-17 12:06:16+00:00,0,48,48,72,24691.0,26750.0,2059.0,7.630461261783627
gnwpQ6xnFLY_first48h,gnwpQ6xnFLY,UCm_jnI7ubEWq57tEk6pDHBw,2026-05-17 10:05:33+00:00,0,48,48,72,836.0,1316.0,480.0,6.175867270105761
EAlUx39GAZM_first48h,EAlUx39GAZM,UCuVUKYdrxPMO80uehUN17PA,2026-05-16 09:33:14+00:00,0,48,48,72,10864.784053156147,10881.0,16.21594684385309,2.8458360963731373
OhJUYEA2Izo_first48h,OhJUYEA2Izo,UCUvc8stvyTNLdCkW-Ok6lUQ,2026-05-17 09:44:21+00:00,0,48,48,72,9609.638935108153,10463.0,853.3610648918475,6.750353897050362
dcZjlCPOw4U_first48h,dcZjlCPOw4U,UCZth0h2m8QBtFJCUUPyTVfQ,2026-05-17 05:25:50+00:00,0,48,48,72,6181.0,6214.0,33.0,3.5263605246161616
ZTtXV4-z-sQ_first48h,ZTtXV4-z-sQ,UChWzrQNKjlk0E2Q2wSwEfjQ,2026-05-17 01:30:06+00:00,0,48,48,72,26961.57404326123,28409.0,1447.4259567387708,7.278232698704928
32iZQ4qG_L8_first48h,32iZQ4qG_L8,UCnVJ112p6NFV8VcyYAgPlMg,2026-05-17 03:05:57+00:00,0,48,48,72,41.0,43.0,2.0,1.0986122886681098
e7DxrIIQtlM_first48h,e7DxrIIQtlM,UCepcwD09CJjJUc4c1DWUdcg,2026-05-22 17:12:52+00:00,0,48,48,72,204593.83852566915,226464.0,21870.161474330846,9.992924220369034
A7VYiewHldc_first48h,A7VYiewHldc,UCEmMFWaRKZ6XyUpiZdYY8Qg,2026-05-22 17:15:38+00:00,0,48,48,72,51.59597765363129,66.0,14.404022346368713,2.734628666637712
-tXTAoXKoKo_first48h,-tXTAoXKoKo,UCpMH8oi2tSVxlyJkimhPmug,2026-05-21 11:51:34+00:00,0,48,48,72,43.0,44.0,1.0,0.6931471805599453
y5PT6UelDBU_first48h,y5PT6UelDBU,UCD8al0rwa1WeG1bIUkxYFsw,2026-05-22 18:00:00+00:00,0,48,48,72,18.0,22.0,4.0,1.6094379124341003
NbXUdr3tens_first48h,NbXUdr3tens,UC5ZsyMVLsVNknT_RE3IUhZA,2026-05-22 18:00:11+00:00,0,48,48,72,187.98122485471615,194.0,6.018775145283854,1.9485887220853908
2lbDI_iWsW4_first48h,2lbDI_iWsW4,UCMXR0GRIKcohg_YTzabuzvA,2026-05-22 10:00:46+00:00,0,48,48,72,1293.2900490852298,1377.0,83.70995091477016,4.439233078993052
WcZDiZohZks_first48h,WcZDiZohZks,UCIQIB0kPRitIH1Ievle0Q3A,2026-05-22 18:28:10+00:00,0,48,48,72,1264.0,1703.0,439.0,6.0867747269123065
VPQujNvsU-0_first48h,VPQujNvsU-0,UC0AqHHcbq0IwsKup1owg3OA,2026-05-22 18:33:39+00:00,0,48,48,72,1216.0,1357.0,141.0,4.955827057601261
eztrO7Cc2LE_first48h,eztrO7Cc2LE,UCDSl-Bg1TPngM8lkHYpp0gw,2026-05-22 18:30:35+00:00,0,48,48,72,545.0,655.0,110.0,4.709530201312334
BM8h80SZk_I_first48h,BM8h80SZk_I,UChF5O40UBqAc82I7-i5ig6A,2026-05-22 18:44:35+00:00,0,48,48,72,1856.0,1916.0,60.0,4.110873864173311
2NyUb2Ko7M8_first48h,2NyUb2Ko7M8,UCIALMKvObZNtJ6AmdCLP7Lg,2026-05-22 18:47:45+00:00,0,48,48,72,1910.0,2287.0,377.0,5.934894195619588
7mgptB07GqE_first48h,7mgptB07GqE,UCm_jnI7ubEWq57tEk6pDHBw,2026-05-22 09:38:23+00:00,0,48,48,72,2058.0201703272073,2081.0,22.979829672792675,3.1772130466880992
s_yEbkBceKw_first48h,s_yEbkBceKw,UC1J6F7AMqLbhC5NRDlA2hBA,2026-05-22 19:03:49+00:00,0,48,48,72,0.0,0.0,0.0,0.0
VOWRZq4OIqs_first48h,VOWRZq4OIqs,UCNtyNnWf8gcIJ-I_miKjvdQ,2026-05-22 19:02:18+00:00,0,48,48,72,0.0,0.0,0.0,0.0
AaMddw0anoE_first48h,AaMddw0anoE,UCLBn4iWVqV7morVZzGgSkrQ,2026-05-22 09:20:27+00:00,0,48,48,72,22905.037963376508,28478.0,5572.962036623492,8.62586139722277
9r5BjwIVsVo_first48h,9r5BjwIVsVo,UCiE3sYdYLH-qIMp3tUTSYvg,2026-05-22 22:00:12+00:00,0,48,48,72,20.0,25.0,5.0,1.791759469228055
Dfk0CE_EIwk_first48h,Dfk0CE_EIwk,UC0FBv8ckxw1hrZxbUm3G7hA,2026-05-22 22:15:11+00:00,0,48,48,72,2208.0,2567.0,359.0,5.886104031450156
im_FCu9nMKI_first48h,im_FCu9nMKI,UC3aYjI5335CrLcFx2Vaj4vA,2026-05-22 22:18:44+00:00,0,48,48,72,43.0,57.0,14.0,2.70805020110221
OC99zMNVNqg_first48h,OC99zMNVNqg,UCbAZjNzVr9N2RV9RgLD3VQw,2026-05-22 22:30:15+00:00,0,48,48,72,1184.0,1341.0,157.0,5.062595033026967
YFUUvtoncW0_first48h,YFUUvtoncW0,UCFJUl1KI2eO9JtASAx5XdcQ,2026-05-22 22:30:15+00:00,0,48,48,72,1468.0,1558.0,90.0,4.51085950651685
_lBtY3AeLGw_first48h,_lBtY3AeLGw,UCAlQii6Zrl_OZCkRftlnJ5w,2026-05-22 18:00:26+00:00,0,48,48,72,9765.4556424581,10192.0,426.54435754189944,6.058058043326013
oCnMrcxPteo_first48h,oCnMrcxPteo,UCA4CQI6AmD3dgqfSoErBWQA,2026-05-22 02:38:35+00:00,0,48,48,72,8956.699582753825,9920.0,963.3004172461751,6.871402882209572
W5QcRDuHXXA_first48h,W5QcRDuHXXA,UCvQsOCVBZ2ptccZc00BjojA,2026-05-23 00:50:19+00:00,0,48,48,72,8.0,13.0,5.0,1.791759469228055
gS1ZefD0MTE_first48h,gS1ZefD0MTE,UCOGwfHqnCnVDEVC5yAHqWWQ,2026-05-23 00:49:35+00:00,0,48,48,72,1.0,1.0,0.0,0.0
vGThQoOUnf8_first48h,vGThQoOUnf8,UCGWjG2OzuoAfCTzis847yXg,2026-05-23 01:00:10+00:00,0,48,48,72,67.66938405797102,71.0,3.3306159420289845,1.4657097817890625
0zaK0V30Y88_first48h,0zaK0V30Y88,UCI97E4xpFJrqCnmAtTYKphQ,2026-05-23 01:00:01+00:00,0,48,48,72,44.93342391304348,49.0,4.066576086956523,1.6226652614499448
Sc9VBMy4sPs_first48h,Sc9VBMy4sPs,UCXm1PxGtg7tYnqc38QSe0uA,2026-05-23 01:08:57+00:00,0,48,48,72,28159.15108892922,32917.0,4757.8489110707815,8.467761092575689
gBEtmG9Ier8_first48h,gBEtmG9Ier8,UCe50RwNh4mV2fYPFMVDDlgw,2026-05-23 01:09:53+00:00,0,48,48,72,42.0,45.0,3.0,1.3862943611198906
-RIBCuk8eZM_first48h,-RIBCuk8eZM,UCz-ky16st5N9RdZzcqJuQ3w,2026-05-23 01:15:00+00:00,0,48,48,72,112.0,113.0,1.0,0.6931471805599453
powmXHQuQbA_first48h,powmXHQuQbA,UC_AWfoY19sIwrkprr7Gy8Ng,2026-05-23 01:15:02+00:00,0,48,48,72,348.68775235531626,373.0,24.312247644683737,3.2312883752243198
IJj7-B2fCNs_first48h,IJj7-B2fCNs,UCOCtiyIH-Dt00Ntv-WqPgfw,2026-05-23 01:20:47+00:00,0,48,48,72,395.53551168595413,423.0,27.464488314045866,3.348657286272597
EDJ5YhroR9c_first48h,EDJ5YhroR9c,UCxyv_eWohWCtJvrLWda7sVQ,2026-05-23 01:19:57+00:00,0,48,48,72,117.84437386569873,122.0,4.155626134301272,1.6400885716452043
aqGychQ7060_first48h,aqGychQ7060,UCFKCclY7sxy1iLQgTsiIEoA,2026-05-23 01:30:07+00:00,0,48,48,72,148.0,461.0,313.0,5.749392985908253
gdScb2RBqKs_first48h,gdScb2RBqKs,UCTiHa7dViX4eh-pqAPpkwOA,2026-05-23 01:34:01+00:00,0,48,48,72,236.0,433.0,197.0,5.288267030694535
SG4IOqp6p2Q_first48h,SG4IOqp6p2Q,UCpj_AT6Bt1_VT038hmfFGSQ,2026-05-23 01:44:15+00:00,0,48,48,72,37245.0,40355.0,3110.0,8.042699496897637
H4ZIiyx2kdU_first48h,H4ZIiyx2kdU,UC30tRNT8b-19_uNaT7oMtJA,2026-05-23 01:49:44+00:00,0,48,48,72,132.0,131.0,0.0,0.0
j5_M_oU8_iU_first48h,j5_M_oU8_iU,UCDCJyLpbfgeVE9iZiEam-Kg,2026-05-22 02:21:03+00:00,0,48,48,72,19940.206305053314,21842.0,1901.7936949466857,7.551078450986673
AE0BVjm3vIU_first48h,AE0BVjm3vIU,UCprtb3ETSRIi17I7KFThtjw,2026-05-23 02:05:50+00:00,0,48,48,72,20283.0,20437.0,154.0,5.043425116919247
7NpG4ha1FYY_first48h,7NpG4ha1FYY,UCXesRlotARgRsz3y8Gf20PA,2026-05-23 01:52:57+00:00,0,48,48,72,2853.0,2860.0,7.0,2.0794415416798357
qtvLYKnxdfA_first48h,qtvLYKnxdfA,UCw0_9Iih3qM_I_gFLrJeNRg,2026-05-21 23:00:13+00:00,0,48,48,72,3962.3954022988505,4349.0,386.6045977011495,5.959985741920328
sCpB-3wRYJk_first48h,sCpB-3wRYJk,UCV2vWdvIJ8txQw7oDtkLRuA,2026-05-23 02:40:53+00:00,0,48,48,72,220788.0,220808.0,20.0,3.044522437723423
5d12Lzbb3-o_first48h,5d12Lzbb3-o,UC8CIM3d3zDYMk-3T5aAz0yw,2026-05-22 10:13:29+00:00,0,48,48,72,385234.1344350156,456726.0,71491.86556498439,11.177352941395602
1Fd2czXe9Q4_first48h,1Fd2czXe9Q4,UCOD3MESjXSvqYZcWWnZkdMQ,2026-05-23 05:51:38+00:00,0,48,48,72,131380.0,133659.0,2279.0,7.731930721948486
wLRa7vFMDH4_first48h,wLRa7vFMDH4,UCdq4Ji3772xudYRUatdzRrg,2026-05-23 06:41:06+00:00,0,48,48,72,85185.0,87007.0,1822.0,7.508238774678663
pcF-UdGa0xk_first48h,pcF-UdGa0xk,UCqly9F4Fr_jf2Y1Cy5hacRg,2026-05-22 15:12:55+00:00,0,48,48,72,398980.0,403676.0,4696.0,8.454679286026995
4R8Xmunlc2I_first48h,4R8Xmunlc2I,UC6AG81pAkf6Lbi_1VC5NmPA,2026-05-22 09:39:47+00:00,0,48,48,72,5713.374430264357,5977.0,263.6255697356428,5.578315882445221
2YZhHULhlk4_first48h,2YZhHULhlk4,UCGCZAYq5Xxojl_tSXcVJhiQ,2026-05-22 03:09:42+00:00,0,48,48,72,1293.0,1366.0,73.0,4.30406509320417
nLFApK4y7Kk_first48h,nLFApK4y7Kk,UCzzF1kdBgwv5RB6rbB6kVSA,2026-05-22 22:49:01+00:00,0,48,48,72,757669.0,880751.0,123082.0,11.720614203529568
bLa9FFxL9Vc_first48h,bLa9FFxL9Vc,UCzkqXztkVZzXBgpFOpBvyBg,2026-05-23 04:58:25+00:00,0,48,48,72,1252.0481212920238,1338.0,85.95187870797622,4.465354847329103
Mrl52wvGGDw_first48h,Mrl52wvGGDw,UCGQvBq8kuLYMRt_t13dtjIA,2026-05-23 04:44:18+00:00,0,48,48,72,1350.5912296165711,1367.0,16.408770383428873,2.856974124257108
eY1TsEKPjdk_first48h,eY1TsEKPjdk,UCLeTrWA7zH4CREcJYcrdFfA,2026-05-23 05:10:10+00:00,0,48,48,72,693.0,693.0,0.0,0.0
gXrJDYj1YG4_first48h,gXrJDYj1YG4,UCu7byfBGUJm92nNJudjdBxw,2026-05-23 04:47:33+00:00,0,48,48,72,720.9252974878801,738.0,17.07470251211987,2.8945133093821305
rsnlIqz3fGc_first48h,rsnlIqz3fGc,UCL0_NxCvkcXwZHpvqgMZY-A,2026-05-23 01:10:54+00:00,0,48,48,72,32820.0,32911.0,91.0,4.5217885770490405
HcTD-hbD5lw_first48h,HcTD-hbD5lw,UCBA9XaL5wCdHnC5EmEzwrqw,2026-05-22 13:32:34+00:00,0,48,48,72,247832.8371454712,287187.0,39354.16285452881,10.58038244865791
hbXyavNkqgc_first48h,hbXyavNkqgc,UCIu-aUArYq_H84dBpCAokMA,2026-05-22 14:05:07+00:00,0,48,48,72,61447.02603471295,63186.0,1738.9739652870485,7.461625429617928
7fQK1aBguHY_first48h,7fQK1aBguHY,UCSRkC3h5WHvDFjE7uJ2zjIg,2026-05-22 14:21:48+00:00,0,48,48,72,162483.0,169850.0,7367.0,8.904901577935142
8tt9s7a-PjA_first48h,8tt9s7a-PjA,UCTHCOPwqNfZ0uiKOvFyhGwg,2026-05-22 14:29:55+00:00,0,48,48,72,1515.0,1803.0,288.0,5.666426688112432
7kOKVFNoWwQ_first48h,7kOKVFNoWwQ,UCh7bThzNArch6TgoHB1HVhA,2026-05-22 10:30:06+00:00,0,48,48,72,539505.0,603460.0,63955.0,11.06595062590531
tnhFHpHkJc0_first48h,tnhFHpHkJc0,UCJ8DkWXqMTXZnhTml51ke_Q,2026-05-22 22:29:31+00:00,0,48,48,72,568.0,978.0,410.0,6.018593214496234
55QwzYH9_vU_first48h,55QwzYH9_vU,UCcT6w3xUyVshyR2_2vrMp1w,2026-05-22 22:19:54+00:00,0,48,48,72,11101.0,11103.0,2.0,1.0986122886681098
207z8lB_9qo_first48h,207z8lB_9qo,UC1dVGItBqV4w-4xQHoX1UDg,2026-05-22 22:30:06+00:00,0,48,48,72,3074.0,3105.0,31.0,3.4657359027997265
N2TLlhTWLEg_first48h,N2TLlhTWLEg,UCKnodHJpZd8UbSvAufDd3_g,2026-05-23 06:38:40+00:00,0,48,48,72,254884.0,260939.0,6055.0,8.708804795117285
UeBYcbEay2M_first48h,UeBYcbEay2M,UCQElBxJec9PsoGdHnBFmZCQ,2026-05-24 05:06:37+00:00,0,48,48,72,406.0,883.0,477.0,6.169610732491456
bDDxxI9tGR4_first48h,bDDxxI9tGR4,UCL_OEjsHTwsHK6WKWs7s7Uw,2026-05-24 05:02:00+00:00,0,48,48,72,15304.0,15406.0,102.0,4.634728988229636
KBXNr-EhxMU_first48h,KBXNr-EhxMU,UCBi2mrWuNuyYy4gbM6fU18Q,2026-05-26 04:54:05+00:00,0,48,48,72,14134.10094637224,14413.230210016156,279.1292636439157,5.635251152510091
IMgRrUtqgcE_first48h,IMgRrUtqgcE,UCW6-BQWFA70Dyyc7ZpZ9Xlg,2026-05-26 09:51:54+00:00,0,48,48,72,10090.93591905565,13147.947324414716,3057.011405359066,8.025520116161276
IQTvx183sa4_first48h,IQTvx183sa4,UCeY0bbntWzzVIaj2z3QigXg,2026-05-26 23:32:04+00:00,0,48,48,72,14179.0,14336.926788685525,157.92678868552503,5.0684436476625505
mwkaqjuT7w8_first48h,mwkaqjuT7w8,UCDCJyLpbfgeVE9iZiEam-Kg,2026-05-27 04:29:26+00:00,0,48,48,72,24388.0,25999.863636363636,1611.863636363636,7.385766534169346
DhnInwKtY1I_first48h,DhnInwKtY1I,UC2TuODJhC03pLgd6MpWP0iw,2026-05-26 12:23:30+00:00,0,48,48,72,40770.110114192496,67111.39001692047,26341.279902727976,10.178930528222985
fjuhiCMVXPI_first48h,fjuhiCMVXPI,UC5l1Yto5oOIgRXlI4p4VKbw,2026-05-26 23:15:07+00:00,0,48,48,72,12508.403565640194,13107.333333333334,598.9297676931401,6.396812594520044
zZe1HmqN6oI_first48h,zZe1HmqN6oI,UCmdVfsLHu18lCkKYXSOGUxg,2026-05-27 13:00:06+00:00,0,48,48,72,3678.0,3873.8569078947367,195.85690789473665,5.282477108949477
axr4x0aO0pI_first48h,axr4x0aO0pI,UC509MeWZhuAuqXaJPraaZtw,2026-05-27 05:00:01+00:00,0,48,48,72,3995.6149471974004,4790.40243902439,794.7874918269899,6.679332180134935
EjmdlNr31OE_first48h,EjmdlNr31OE,UCbBGMhejKwczt9Ot9ZY0w6g,2026-05-27 14:00:34+00:00,0,48,48,72,6484.0,12569.192374350087,6085.1923743500865,8.713777939282046
t37AmGi21_0_first48h,t37AmGi21_0,UC_6NBDDE1RMtl_u37HQeTFQ,2026-05-27 14:00:15+00:00,0,48,48,72,18.0,18.0,0.0,0.0
l6KMSEkgSek_first48h,l6KMSEkgSek,UCreOKmUqdRDQ3cTwXi-gP3w,2026-05-27 14:00:13+00:00,0,48,48,72,2147.0,2278.0,131.0,4.882801922586371
xcv9cUQLbpY_first48h,xcv9cUQLbpY,UC7MN_FMUasDkj4uzuxQCdaQ,2026-05-27 13:51:23+00:00,0,48,48,72,1693.0,1709.0,16.0,2.833213344056216
v95iX4AGEpU_first48h,v95iX4AGEpU,UC-xOAFXNP22wZ6AuQXDulWQ,2026-05-27 14:00:00+00:00,0,48,48,72,3.0,3.0,0.0,0.0
D2fLi4Ly4hE_first48h,D2fLi4Ly4hE,UCmnZtsE4hjzE0p8quVnfyDQ,2026-05-27 14:00:00+00:00,0,48,48,72,3494.0,3949.4199134199134,455.4199134199134,6.123413248543354
ER2y7JV9fWc_first48h,ER2y7JV9fWc,UCBBGyJ5XaSgTQ1yVJFqSErA,2026-05-27 14:03:07+00:00,0,48,48,72,9544.0,12124.447140381282,2580.447140381282,7.856105427790589
ABzmE-9Rbd0_first48h,ABzmE-9Rbd0,UCyLVE-T7feGOUWPiZI4afpg,2026-05-27 14:38:14+00:00,0,48,48,72,44810.22312556459,96968.29629629629,52158.0731707317,10.862053427476631
u4jkPev48kI_first48h,u4jkPev48kI,UCmb5KL3t13-xRizgY7Bnq1A,2026-05-27 14:54:09+00:00,0,48,48,72,17447.539295392955,18092.889792231257,645.3504968383022,6.471341921412731
s2y5yqwiEEY_first48h,s2y5yqwiEEY,UCBfMhuwVBpUPC2y58AFEqtA,2026-05-27 14:51:40+00:00,0,48,48,72,2203.1896243291594,2220.184257602862,16.994633273702675,2.890073561979219
eppwMxPUO6A_first48h,eppwMxPUO6A,UCOk0YlqBTCkQ1UEGuhK4z3A,2026-05-27 14:30:39+00:00,0,48,48,72,2598.7016274864377,2746.9660107334525,148.26438324701485,5.005719117793659
2fcfN6JJmK8_first48h,2fcfN6JJmK8,UCHvKIWSxAPIsnA9xw5wOBGw,2026-05-27 14:10:38+00:00,0,48,48,72,1297.7974683544303,1312.0,14.202531645569707,2.721461969612968
pmRAAkYTDXY_first48h,pmRAAkYTDXY,UCxZ63Pb6ACqeIpAOaF19s6A,2026-05-27 15:05:16+00:00,0,48,48,72,714.4665461121157,782.186046511628,67.7195003995123,4.230033007560985
Qt8KcbhRO7E_first48h,Qt8KcbhRO7E,UCr2n3UuvALBUej_V2w8czBg,2026-05-27 14:30:04+00:00,0,48,48,72,736.6449864498645,774.0883678990081,37.443381449143544,3.6491865471724454
u2UqnIp_Neo_first48h,u2UqnIp_Neo,UCQf1n6G-lFQ3xjn8qmojtBg,2026-05-27 15:06:47+00:00,0,48,48,72,6199.024390243902,7067.913160250671,868.8887700067689,6.768365352908117
clzbMGBi4JA_first48h,clzbMGBi4JA,UCyQDlmaWdUf730T_6Lmhuvg,2026-05-27 14:50:09+00:00,0,48,48,72,647.0,648.0,1.0,0.6931471805599453
vbVElE-kn4k_first48h,vbVElE-kn4k,UCX1eHc9Ri4up1phepb-3N0A,2026-05-27 14:33:20+00:00,0,48,48,72,48472.36913357401,88254.76344086022,39782.39430728621,10.591204875748371
qdNJcRlGKk0_first48h,qdNJcRlGKk0,UCcO_OB1NMCBfNEjgDOfla-w,2026-05-27 15:09:01+00:00,0,48,48,72,2097.431049436253,2259.846153846154,162.41510440990078,5.096293616402837
NfZ27zcRJ8Q_first48h,NfZ27zcRJ8Q,UCU2yYecaMiO0XxD09BpZD7A,2026-05-27 14:39:10+00:00,0,48,48,72,5.0,5.0,0.0,0.0
KHKOY8ba0Qs_first48h,KHKOY8ba0Qs,UCXvr7Tph5AL6xsZiKEG3v_w,2026-05-27 15:11:19+00:00,0,48,48,72,1263.0,1263.0,0.0,0.0
BMnojYkNDyY_first48h,BMnojYkNDyY,UCni3TsC_UvPaTKs1nOQ6MVQ,2026-05-27 15:18:59+00:00,0,48,48,72,70.0,75.0,5.0,1.791759469228055
C3Htvk7oo4c_first48h,C3Htvk7oo4c,UCGXIZLlpgJJgKRsUjRavSXQ,2026-05-27 15:05:52+00:00,0,48,48,72,13993.79376498801,15941.893506493507,1948.0997415054971,7.575122873932092
04yTU3tk5ug_first48h,04yTU3tk5ug,UCKYDP3SDP3nf6y5fF88zE2w,2026-05-27 15:15:17+00:00,0,48,48,72,1425.0,1428.0,3.0,1.3862943611198906
0b4mgqpw_EM_first48h,0b4mgqpw_EM,UCB-0knKxYwBVMtFGo1qa8Vw,2026-05-27 15:14:19+00:00,0,48,48,72,63535.707434052754,64147.231782265146,611.5243482123915,6.417588693812281
Ms3qFhpBgp0_first48h,Ms3qFhpBgp0,UCIBmdW4NoJhRLDaaNCAcbeQ,2026-05-27 15:21:31+00:00,0,48,48,72,89.0,89.0,0.0,0.0
GkgyI5_V75Q_first48h,GkgyI5_V75Q,UC4HMo-PBQXZhLPVEF8YqJVQ,2026-05-27 14:59:19+00:00,0,48,48,72,4420.767571884984,5682.624231782265,1261.8566598972811,7.141131624142023
ERoHEY0J_d4_first48h,ERoHEY0J_d4,UCsev3b2rJP0gK-b0ShYKM5w,2026-05-27 15:07:10+00:00,0,48,48,72,803.0,803.0,0.0,0.0
y9OQtgWLCOE_first48h,y9OQtgWLCOE,UCkIUfwXDAM_1Q7XZhdRt8eA,2026-05-27 15:06:33+00:00,0,48,48,72,24896.32268370607,30044.539543057996,5148.216859351927,8.546599915949296
rcwXGhrtMjI_first48h,rcwXGhrtMjI,UCcd1FYbevlwzOSy-UeJ3gPg,2026-05-27 14:58:02+00:00,0,48,48,72,2051.5419664268584,2197.3064091308165,145.76444270395814,4.9888288709283115
DK41z_PwypY_first48h,DK41z_PwypY,UCLRBIJS8pMWNRXhj4c30-JA,2026-05-27 15:10:57+00:00,0,48,48,72,1332.2709832134292,1482.1177504393672,149.84676722593804,5.016264534987223
CPTM3UhRUSY_first48h,CPTM3UhRUSY,UCAdANUwHq6yzY_8eBGBvFjw,2026-05-27 15:03:34+00:00,0,48,48,72,95.64988009592327,125.48154657293499,29.831666477011723,3.428542294183939
Bq7VztRym0g_first48h,Bq7VztRym0g,UCZiIpl4urOdPq-VJf2w6XBw,2026-05-27 15:10:48+00:00,0,48,48,72,151.0,152.0,1.0,0.6931471805599453
CSw11o_cumM_first48h,CSw11o_cumM,UClANzF9z-jsgquZdDLxJQsg,2026-05-27 15:11:01+00:00,0,48,48,72,487.12709832134294,521.347788378144,34.220690056801004,3.56163369563027
op9R1fihXUg_first48h,op9R1fihXUg,UCXi66wJ_lgAefyUeGCwLvqw,2026-05-27 15:09:26+00:00,0,48,48,72,268.6956869009585,270.6490599820949,1.9533730811364194,1.0829479344823831
1_i9DsXFJf0_first48h,1_i9DsXFJf0,UCNo2-jfnUBTicwDoMKUnYbw,2026-05-27 14:35:24+00:00,0,48,48,72,23.0,23.0,0.0,0.0
xZ2z3akHe8Y_first48h,xZ2z3akHe8Y,UCucmU1W1WLuYY8GCEJgDZiw,2026-05-27 15:03:15+00:00,0,48,48,72,480.0,480.59265890778875,0.5926589077887456,0.4654048885966507
AUbnJt35n8g_first48h,AUbnJt35n8g,UCEYhI_ZQHqf8CrQ9Mv6byZw,2026-05-27 14:58:07+00:00,0,48,48,72,3298.0,3642.29811996419,344.29811996418994,5.844408159736439
NH7wjQKtbqA_first48h,NH7wjQKtbqA,UChR4JdPkWLv6y5Z8AXXha-w,2026-05-27 15:23:49+00:00,0,48,48,72,215.0,218.0,3.0,1.3862943611198906
0QdPN-1jhFc_first48h,0QdPN-1jhFc,UCZ_teo9vsA7LIqSyKgIALwQ,2026-05-27 15:03:36+00:00,0,48,48,72,120.91725768321513,139.0,18.082742316784874,2.948784382987167
N7NS-82JmO4_first48h,N7NS-82JmO4,UCueCny1DkbN65UcC-P_BDBw,2026-05-27 14:32:10+00:00,0,48,48,72,130.0,160.0,30.0,3.4339872044851463
CYJ7TGF3z2A_first48h,CYJ7TGF3z2A,UC2Eyy2GwoYVwI2KNy5o3pvQ,2026-05-27 15:14:07+00:00,0,48,48,72,1626.68759936407,1832.0,205.3124006359301,5.329391527994053
6uL4r2yqGj8_first48h,6uL4r2yqGj8,UCoUKNAem904b2kloBXq6OoA,2026-05-27 15:05:56+00:00,0,48,48,72,2081.0,2089.0,8.0,2.1972245773362196
DtGxikeBY4A_first48h,DtGxikeBY4A,UCGj8-5O1vGCXgFQVyYUwW8w,2026-05-27 15:30:04+00:00,0,48,48,72,1958.0,2234.2124352331607,276.2124352331607,5.624784126458049
QN-ekdjZnp4_first48h,QN-ekdjZnp4,UC6citVxbZE4DsUZPc54ezNQ,2026-05-27 16:01:49+00:00,0,48,48,72,901.0,956.7928153717627,55.792815371762686,4.039409827792824
GIo1LumLSU4_first48h,GIo1LumLSU4,UCll7CGVldY5pVkL7wv5Ptew,2026-05-27 15:46:24+00:00,0,48,48,72,1895.098901098901,2296.8745819397996,401.77568084089853,5.99837978375089
8x2jjKHJtJg_first48h,8x2jjKHJtJg,UCZIxquQXSGsGq45p7Rfdeww,2026-05-27 16:00:00+00:00,0,48,48,72,1242.4666666666667,1318.6119027661357,76.145236099469,4.345689828353965
veWQ1p3TiZI_first48h,veWQ1p3TiZI,UCiCpnKdBUFvSXJjAdg-u92g,2026-05-27 16:00:32+00:00,0,48,48,72,388.79336349924586,389.0,0.20663650075414353,0.18783673748206123
yh0-VjHnP1k_first48h,yh0-VjHnP1k,UCB6vI7pTZdE4oWJACmKCU-Q,2026-05-27 16:17:09+00:00,0,48,48,72,2379.3715146948,2833.0,453.6284853051998,6.119480569607599
YoDU6zs-glQ_first48h,YoDU6zs-glQ,UCDgxxf79JdBKAGJbWxWXCWQ,2026-05-27 16:00:19+00:00,0,48,48,72,132.0,132.0,0.0,0.0
cLtItQisHpc_first48h,cLtItQisHpc,UCNpbSODxF1nNWW3ndrrrFAA,2026-05-27 15:30:27+00:00,0,48,48,72,807.0,814.0,7.0,2.0794415416798357
5z9HDfp-YUo_first48h,5z9HDfp-YUo,UCvRhUD1CxS2iUyEt1jzmGrA,2026-05-27 16:00:11+00:00,0,48,48,72,6474.5422696115775,9268.438625204582,2793.896355593005,7.935550302824005
74uROijt5ig_first48h,74uROijt5ig,UCWxd3ksOuotZ1rc4dnyr_yg,2026-05-27 16:00:02+00:00,0,48,48,72,0.0,0.0,0.0,0.0
rERjTj6pBfE_first48h,rERjTj6pBfE,UCIltaLhOBr8bRIV03cKjM6A,2026-05-27 16:00:08+00:00,0,48,48,72,425.0,428.0,3.0,1.3862943611198906
yHnyXIMosc4_first48h,yHnyXIMosc4,UC-QIigEjt_EWEpo0yW4zZCQ,2026-05-27 16:00:33+00:00,0,48,48,72,127.0,129.0,2.0,1.0986122886681098
Jlt4VNvXogw_first48h,Jlt4VNvXogw,UCHcLBGIfOr2VjeZZeyIfPyg,2026-05-27 15:55:04+00:00,0,48,48,72,1068.8984198645599,1075.0,6.101580135440145,1.9603173135730825
Sxgls_Tk5kE_first48h,Sxgls_Tk5kE,UCSIpy0JIfKp6viebuzj-l2A,2026-05-27 16:02:58+00:00,0,48,48,72,1032.0,1033.0,1.0,0.6931471805599453
p6h4KLv_B7o_first48h,p6h4KLv_B7o,UCHSoCacb_rwVeGusV08nD3g,2026-05-27 16:00:15+00:00,0,48,48,72,7860.248332097849,11645.683565004088,3785.4352329062394,8.239180283668713
ZjkPny0cQT8_first48h,ZjkPny0cQT8,UC9KZMVIgDuVyGk2D7LDjovA,2026-05-27 15:42:50+00:00,0,48,48,72,89.67234988880652,103.0,13.327650111193478,2.662191244526786
qtFX0omJOTQ_first48h,qtFX0omJOTQ,UC2fZ6lTdx1UIELXpv_lfUng,2026-05-27 15:43:11+00:00,0,48,48,72,7.0,9.0,2.0,1.0986122886681098
tPwGEN-lvQA_first48h,tPwGEN-lvQA,UCc7A2iDlgQYJOGIGdFLiDtg,2026-05-27 16:32:51+00:00,0,48,48,72,179.85373134328358,186.0,6.1462686567164155,1.9665903542928518
GSH6oafC5I4_first48h,GSH6oafC5I4,UCGJw5XOl2WlDQ9kwc8OpcqQ,2026-05-27 16:15:01+00:00,0,48,48,72,1.0,1.0,0.0,0.0
lF2HikFH0sY_first48h,lF2HikFH0sY,UCAz4iPSNIis8igHw_qCOgxQ,2026-05-27 16:00:15+00:00,0,48,48,72,260.68334578043317,267.0,6.3166542195668285,1.9901531496534681
4dT8cwVCLro_first48h,4dT8cwVCLro,UCgklncw2UD4vgCClMWBvjpA,2026-05-27 16:00:31+00:00,0,48,48,72,1084.739357729649,1126.2222222222222,41.48286449257307,3.7491008062180247
ItvjWH5IP0I_first48h,ItvjWH5IP0I,UCqDFINw76mYfwXEXM0ZimiA,2026-05-27 15:43:52+00:00,0,48,48,72,905.2175226586103,914.0,8.782477341389722,2.280592758860517
b1fquC2FqKg_first48h,b1fquC2FqKg,UC8kYEuP5mnjZZqItQBIkOfw,2026-05-27 16:30:00+00:00,0,48,48,72,4375.124716553288,5217.697770437655,842.5730538843673,6.737646506278877
WznGcf7xGDY_first48h,WznGcf7xGDY,UCAbo0OJ9Tpbgk68yIM5cD1Q,2026-05-27 16:00:03+00:00,0,48,48,72,890.5419501133787,1011.1386861313869,120.59673601800819,4.8007101272146455
Zhu5Ms-G1CQ_first48h,Zhu5Ms-G1CQ,UCTMqqoxloTiXMUlpJaFlrYw,2026-05-27 16:17:23+00:00,0,48,48,72,1438.3842662632376,1544.3804878048782,105.99622154164058,4.672793521143451
Kyqojr1v5HA_first48h,Kyqojr1v5HA,UCBPZ8FJJilBgW4gMCm-TmPA,2026-05-27 16:04:37+00:00,0,48,48,72,15079.26702371844,30432.825628548257,15353.558604829817,9.639167686439594
5x7md197n-8_first48h,5x7md197n-8,UCYP5GdlwqeMmTDufu2rwIXg,2026-05-27 16:00:01+00:00,0,48,48,72,100.0,122.17274939172749,22.172749391727493,3.1429769931105187
b3pr8yHRCJk_first48h,b3pr8yHRCJk,UCWD6dFtVgKic12AMGV_jiSQ,2026-05-27 16:35:00+00:00,0,48,48,72,1765.6937212863706,1900.739059967585,135.0453386812144,4.912988202835724
IAP9oCf6EIc_first48h,IAP9oCf6EIc,UC3DL9Msm3Ii_CXP4IbF68jQ,2026-05-27 15:56:04+00:00,0,48,48,72,11519.30298393267,14092.901944894651,2573.598960961981,7.853449057652852
egAgtPE54AM_first48h,egAgtPE54AM,UCkFFtKIYJIjUdceuR1B8Czg,2026-05-27 16:25:34+00:00,0,48,48,72,1419.1170619739862,1545.583805668016,126.4667436940299,4.847855496803121
O7NTgLvKZh4_first48h,O7NTgLvKZh4,UCPKwL7f1WqnRAXvPMowCldg,2026-05-27 16:08:38+00:00,0,48,48,72,425.73542944785277,431.0,5.264570552147234,1.8349100388552702
6qNhwk0xLP0_first48h,6qNhwk0xLP0,UCkH68oQLZGngN3GzaSxx8PQ,2026-05-27 16:37:15+00:00,0,48,48,72,957.9547198772065,962.0,4.045280122793542,1.6184531770993174
LG4elnmR0-o_first48h,LG4elnmR0-o,UCkcxh0lV9QtRA43bvu6y_cw,2026-05-27 16:00:00+00:00,0,48,48,72,295.0,302.0,7.0,2.0794415416798357
2TQEAoS7m4E_first48h,2TQEAoS7m4E,UC24cxSwgtYonX_B4kNAp4KA,2026-05-27 16:12:37+00:00,0,48,48,72,5144.214996174445,7570.305758313058,2426.0907621386123,7.794448601870625
t8sWbT920gw_first48h,t8sWbT920gw,UCwzWWXvKaNe6IPOsU2r7bwQ,2026-05-27 16:02:13+00:00,0,48,48,72,957.6687069625095,961.0,3.331293037490468,1.4658661204124452
jj1oAwp1A18_first48h,jj1oAwp1A18,UCI7GxSSCx3Uhv6w1xtVnh7w,2026-05-27 16:45:39+00:00,0,48,48,72,1285.0,1346.6055194805194,61.60551948051943,4.136853444834579
d6d_PUYmDm4_first48h,d6d_PUYmDm4,UCgChqikOKFyIEGAe-8v3FwA,2026-05-27 16:33:24+00:00,0,48,48,72,275.21495327102804,302.81017770597737,27.59522443494933,3.3532397260844875
XBJW0XyXFVM_first48h,XBJW0XyXFVM,UCBGchq7yt7b1L5ZIJkuR3LQ,2026-05-28 02:30:23+00:00,0,48,48,72,509.0,513.0,4.0,1.6094379124341003
M1pWfmfsIkM_first48h,M1pWfmfsIkM,UC-W-mflkiOqw79UxCaGeD7A,2026-05-28 03:34:34+00:00,0,48,48,72,6.0,6.0,0.0,0.0
yUj1OzuDglU_first48h,yUj1OzuDglU,UCeY0bbntWzzVIaj2z3QigXg,2026-05-28 01:42:24+00:00,0,48,48,72,6640.797996661102,7112.0,471.20200333889807,6.157406867206788
NBGom-mRoRI_first48h,NBGom-mRoRI,UCEfe80CP2cs1eLRNQazffZw,2026-05-26 12:30:06+00:00,0,48,48,72,154286.5128,164878.0,10591.487200000003,9.267900274097814
59sS8T-mLJ4_first48h,59sS8T-mLJ4,UC2TuODJhC03pLgd6MpWP0iw,2026-05-27 13:28:55+00:00,0,48,48,72,16445.816023738873,16862.712746858168,416.8967231192946,6.035234328119691
HTvq8-suTDs_first48h,HTvq8-suTDs,UCBVlCw5dnEcpzCyW3EMwNRg,2026-05-29 13:10:51+00:00,0,48,48,72,58.0,58.48537005163511,0.48537005163510827,0.3956639342315143
I9xE2Pb3zUM_first48h,I9xE2Pb3zUM,UCgmjmEpkx4zC-Rh_WUrhtzQ,2026-05-29 13:15:46+00:00,0,48,48,72,82.0,89.0,7.0,2.0794415416798357
uM9VrHpuRck_first48h,uM9VrHpuRck,UCmorARX4_iz23iCYiXEeB1w,2026-05-29 13:06:19+00:00,0,48,48,72,72.0,73.0,1.0,0.6931471805599453
Da4sP5iaQUQ_first48h,Da4sP5iaQUQ,UCmorARX4_iz23iCYiXEeB1w,2026-05-29 13:00:57+00:00,0,48,48,72,52.4001743679163,54.0,1.5998256320837,0.9554443781953144
b4AyxGSRS3Q_first48h,b4AyxGSRS3Q,UCmorARX4_iz23iCYiXEeB1w,2026-05-29 13:05:35+00:00,0,48,48,72,46.0,47.0,1.0,0.6931471805599453
0qNRyUAczAs_first48h,0qNRyUAczAs,UC9m70tRHsSNa6B-VW3g_yeg,2026-05-29 13:15:06+00:00,0,48,48,72,4.0,7.0,3.0,1.3862943611198906
lpdhsex2OJY_first48h,lpdhsex2OJY,UC64sTVJkeSA_wu51XasucGQ,2026-05-29 15:15:28+00:00,0,48,48,72,47.0,48.0,1.0,0.6931471805599453
Z_LgQPvY04w_first48h,Z_LgQPvY04w,UC_wIGmvdyAQLtl-U2nHV9rg,2026-05-29 15:00:27+00:00,0,48,48,72,6941.2677824267785,8919.719471947195,1978.451689520417,7.590575160853278
ATH0NVJfI5g_first48h,ATH0NVJfI5g,UClnRmcbZpJb6Va2gKcCrbUQ,2026-05-29 15:00:20+00:00,0,48,48,72,5.0,5.0,0.0,0.0
zcJtUlNahHw_first48h,zcJtUlNahHw,UC6_bHS_xZcxEdwkBaX0sw7w,2026-05-29 15:01:01+00:00,0,48,48,72,41801.43718592965,41801.0,0.0,0.0
vKIbulG4Tyw_first48h,vKIbulG4Tyw,UCDKjhgRoPF1CQk7HluMz23A,2026-05-29 15:19:21+00:00,0,48,48,72,36995.216374269,41802.19949706622,4806.983122797217,8.478032965975359
jcEYEu-OldY_first48h,jcEYEu-OldY,UCDKjhgRoPF1CQk7HluMz23A,2026-05-29 15:19:17+00:00,0,48,48,72,1302.453634085213,1763.326633165829,460.87299908061595,6.135289959526622
wJ17IQ__MIo_first48h,wJ17IQ__MIo,UCPQJZNC8PRXTjy10plpNkvg,2026-05-29 15:15:24+00:00,0,48,48,72,3616.797391304348,3755.523396880416,138.72600557606802,4.939683401952681
X0U3UaG6OE0_first48h,X0U3UaG6OE0,UCc_Ur8cfKRlMLEO1Jp3uY3A,2026-05-29 15:13:11+00:00,0,48,48,72,0.0,0.0,0.0,0.0
gqmoD3oR1a4_first48h,gqmoD3oR1a4,UC8VKZLxBaNdlvBOXDwJKjkg,2026-05-29 15:07:04+00:00,0,48,48,72,422.17456359102243,438.0,15.825436408977566,2.8228918133208567
WSnAMtusMZ0_first48h,WSnAMtusMZ0,UC2JbvWG-Fv7CM13903JThTQ,2026-05-29 15:13:17+00:00,0,48,48,72,69.51827242524917,72.0,2.4817275747508347,1.2475286001321129
TJipYhJneRc_first48h,TJipYhJneRc,UC7TNdTB05_Z0GfG6bxQRLbg,2026-05-29 15:18:58+00:00,0,48,48,72,35.98830409356725,48.0,12.011695906432749,2.565848638097681
D1vuJo9JwS8_first48h,D1vuJo9JwS8,UCpUP2Phk-HpAF6IK-raIl_g,2026-05-29 15:02:45+00:00,0,48,48,72,4.0,4.0,0.0,0.0
-2aB4AMQp_o_first48h,-2aB4AMQp_o,UCUyZxwyZWD0b22sthRIMYig,2026-05-29 15:20:35+00:00,0,48,48,72,970.0,992.0,22.0,3.1354942159291497
rm9gPXZw0tI_first48h,rm9gPXZw0tI,UCThqrNqzKngrnnfJaqhHGnQ,2026-05-29 15:18:12+00:00,0,48,48,72,5349.0952380952385,7050.529462738302,1701.4342246430633,7.439814402706445
u4QwDiF7E7o_first48h,u4QwDiF7E7o,UCXA8jBbuArlxWfUsIS8T0sQ,2026-05-29 15:31:50+00:00,0,48,48,72,121.58228905597326,139.75775356244762,18.175464506474356,2.9536315715478807
uD92JGv-1P0_first48h,uD92JGv-1P0,UCyuLxYiJ2zJm2dpoWvpHj7g,2026-05-29 17:00:22+00:00,0,48,48,72,129.0,211.0,82.0,4.418840607796598
5c8h7VostFo_first48h,5c8h7VostFo,UCrtWuoUi3W7BTfVF8eEi0fw,2026-05-29 17:15:26+00:00,0,48,48,72,10.0,16.0,6.0,1.9459101490553132
6p8YVRpstDQ_first48h,6p8YVRpstDQ,UC4obW4vyfduB2RPSp_JEc-Q,2026-05-29 17:03:32+00:00,0,48,48,72,16.86783042394015,33.0,16.13216957605985,2.840957957909826
Pabz6GAPXro_first48h,Pabz6GAPXro,UCc0PfB8ObIq9weLpFySDrFg,2026-05-29 17:00:06+00:00,0,48,48,72,678.732558139535,786.5993322203673,107.86677408083233,4.690124878525751
r2US2Nf7t-U_first48h,r2US2Nf7t-U,UCKTwmxWX2B_A2BmVpnDZtEw,2026-05-29 17:00:06+00:00,0,48,48,72,398.0,668.1645781119465,270.1645781119465,5.6027259358541786
4Are80fai3Q_first48h,4Are80fai3Q,UCGob03avAePOE8IUgdUgFjw,2026-05-29 16:58:58+00:00,0,48,48,72,339.0,689.0,350.0,5.860786223465865
uPPiPNSsfQY_first48h,uPPiPNSsfQY,UC0EOeoDDmKsk91afGHQbroA,2026-05-29 17:16:21+00:00,0,48,48,72,156.0,159.0,3.0,1.3862943611198906
-reISarw2lk_first48h,-reISarw2lk,UCt9bwX3_hGmMm-f4whzthcw,2026-05-29 17:18:27+00:00,0,48,48,72,65.0,67.0,2.0,1.0986122886681098
ncGd0I_58pU_first48h,ncGd0I_58pU,UCzmfBS0hMneF-4E4hnLPxug,2026-05-29 17:19:30+00:00,0,48,48,72,520.0,522.0,2.0,1.0986122886681098
yWMGmbRwE20_first48h,yWMGmbRwE20,UC4AS-_V3hbJQlp7FtSk1wwg,2026-05-29 17:00:39+00:00,0,48,48,72,6.811305070656694,11.0,4.188694929343306,1.6464822068560454
E-XnJODLNHg_first48h,E-XnJODLNHg,UCOI3NdRFtdUvbschY0OcVUQ,2026-05-29 17:14:16+00:00,0,48,48,72,143.0,143.0,0.0,0.0
Vev_ArszfZo_first48h,Vev_ArszfZo,UCRI1YSyadnyT_oD875UpDGA,2026-05-29 17:17:10+00:00,0,48,48,72,101.0,151.0,50.0,3.9318256327243257
2vyZT8w6HxA_first48h,2vyZT8w6HxA,UC90exWKwDEU4HQWaOC0PMyA,2026-05-29 17:00:08+00:00,0,48,48,72,11075.640365448506,12809.744360902256,1734.10399545375,7.4588226303274405
v4RSOkFibW8_first48h,v4RSOkFibW8,UCmorARX4_iz23iCYiXEeB1w,2026-05-29 17:10:20+00:00,0,48,48,72,172.72425249169436,243.12687813021702,70.40262563852266,4.268334642318181
0MkvX3gkZXk_first48h,0MkvX3gkZXk,UCWY-Ki0awJxuYS9tofGdpHw,2026-05-29 16:57:32+00:00,0,48,48,72,8.0,8.0,0.0,0.0
rVWOdAB19MI_first48h,rVWOdAB19MI,UCKd-j95bXlOhXa0m-guwUNg,2026-05-29 17:15:29+00:00,0,48,48,72,11.0,11.0,0.0,0.0
vSoyUSLNZaE_first48h,vSoyUSLNZaE,UCLZbqoB9tcrrDTNElSP9Y0Q,2026-05-29 17:18:08+00:00,0,48,48,72,257.0,258.0,1.0,0.6931471805599453
Q1L-4VRbqtA_first48h,Q1L-4VRbqtA,UCgHqr968SKNmw9KZUDHiWJQ,2026-05-29 17:11:41+00:00,0,48,48,72,3642.0,3648.4448188711035,6.444818871103507,2.007518336908321
LeOIQoAz3KU_first48h,LeOIQoAz3KU,UCBMiWGfsy5_fVuYRRxmPWRQ,2026-05-29 17:07:48+00:00,0,48,48,72,2.0,2.0,0.0,0.0
KtrMNBNvqCY_first48h,KtrMNBNvqCY,UC3TQRUN7LLuEiWliTWhgyCg,2026-05-29 16:59:34+00:00,0,48,48,72,332.0,332.0,0.0,0.0
6nzZpGLg1o4_first48h,6nzZpGLg1o4,UC0AhdnL4UoseFVCsAL2X59A,2026-05-29 17:06:18+00:00,0,48,48,72,233433.0,233584.0,151.0,5.0238805208462765
4oJZ5Drxa88_first48h,4oJZ5Drxa88,UChwh1KpZf0Y5KsmaCCMSt6A,2026-05-29 17:13:46+00:00,0,48,48,72,18469.183486238533,19723.819561551434,1254.636075312901,7.135397556088109
Gu2AjXRT_5Q_first48h,Gu2AjXRT_5Q,UCWpcV8iCnC5JDYtlsqkkFwA,2026-05-29 17:24:41+00:00,0,48,48,72,60.0,60.0,0.0,0.0
sFZyRAnXEDo_first48h,sFZyRAnXEDo,UCmorARX4_iz23iCYiXEeB1w,2026-05-29 17:13:54+00:00,0,48,48,72,693.6882793017456,849.1204013377927,155.43212203604708,5.052622190885026
SrBxwdsuYPE_first48h,SrBxwdsuYPE,UCUcpg5y1hBqbPR-4XuTq_2Q,2026-05-29 17:21:54+00:00,0,48,48,72,24.0,27.0,3.0,1.3862943611198906
pEq7S4riRik_first48h,pEq7S4riRik,UCVH_aeHYl6n2T_Ms1lnHgxw,2026-05-29 17:19:17+00:00,0,48,48,72,124.0,126.0,2.0,1.0986122886681098
2Ni5V2HrdRY_first48h,2Ni5V2HrdRY,UCMS-Bl9e81xMdKjSItwKqDA,2026-05-29 19:00:07+00:00,0,48,48,72,2.0,2.0,0.0,0.0
XI7IJIs9Qto_first48h,XI7IJIs9Qto,UCMS-Bl9e81xMdKjSItwKqDA,2026-05-29 19:00:15+00:00,0,48,48,72,0.0,0.0,0.0,0.0
aqqaqXIAOKw_first48h,aqqaqXIAOKw,UCMS-Bl9e81xMdKjSItwKqDA,2026-05-29 19:00:06+00:00,0,48,48,72,4.0,9.0,5.0,1.791759469228055
D0K19QH8t_w_first48h,D0K19QH8t_w,UCD9ka1QHdW5B4XibNY069Ng,2026-05-29 19:01:53+00:00,0,48,48,72,3027.0,3028.0,1.0,0.6931471805599453
792f8VRoqC0_first48h,792f8VRoqC0,UCiJQI_jFpNglw-sewLg5wPw,2026-05-29 19:00:11+00:00,0,48,48,72,24.0,24.0,0.0,0.0
RDDQxJ5a0dU_first48h,RDDQxJ5a0dU,UCFe0zIh8H3aSQ8Y8aaldXwg,2026-05-29 19:00:39+00:00,0,48,48,72,4.0,4.0,0.0,0.0
naEJqMvfQbA_first48h,naEJqMvfQbA,UCPgL6iFGdFI3n8SuboH3oig,2026-05-29 19:00:26+00:00,0,48,48,72,1368.2889637742207,2430.959967320261,1062.6710035460403,6.969481414893617
Jp7WSBF5_Pc_first48h,Jp7WSBF5_Pc,UCLS1LOupDlBPrVeBzAJse-w,2026-05-29 19:00:12+00:00,0,48,48,72,0.0,0.0,0.0,0.0
-33C4pGfikc_first48h,-33C4pGfikc,UC_f7ttDruDMot8fh0v7itzw,2026-05-29 19:03:16+00:00,0,48,48,72,119.0,126.0,7.0,2.0794415416798357
rywN5kOId6w_first48h,rywN5kOId6w,UCHBA57jUyETKYC4SnxoOS8w,2026-05-29 19:12:10+00:00,0,48,48,72,245.0,245.0,0.0,0.0
jEOiD6SZ8Vk_first48h,jEOiD6SZ8Vk,UC-n3zWnMLLJr8Q15T6vbU3g,2026-05-29 19:07:51+00:00,0,48,48,72,12.0,12.0,0.0,0.0
HGHO7cVVbko_first48h,HGHO7cVVbko,UCJenlQ6sX3AptaBnSSscrlw,2026-05-29 19:03:31+00:00,0,48,48,72,2419.1923076923076,2673.0,253.80769230769238,5.540509112832941
_VYKXsnVS9U_first48h,_VYKXsnVS9U,UCILXmITgY0IuTCHBpTHYyLw,2026-05-29 19:00:09+00:00,0,48,48,72,987.0,1323.3366255144035,336.3366255144035,5.821081320561728
gdr051P_nIE_first48h,gdr051P_nIE,UC6duK5pWAnsghAnVndCjIEA,2026-05-29 19:10:49+00:00,0,48,48,72,1360.0,1360.0,0.0,0.0
kdRHYQ1MEek_first48h,kdRHYQ1MEek,UCSC-2AO4J04bQgIws5Fj4Vw,2026-05-29 19:15:07+00:00,0,48,48,72,51734.0,51738.46890343699,4.468903436987603,1.6990781277793574
Ny4xrbNvNTY_first48h,Ny4xrbNvNTY,UCf0jyMJxnIgwfqqojNFUdiQ,2026-05-29 19:05:32+00:00,0,48,48,72,130986.2195945946,131003.0,16.780405405399506,2.878097031029387
dBPhUCUVJjc_first48h,dBPhUCUVJjc,UCJA-ySshmTitzQqww96buVA,2026-05-29 19:04:16+00:00,0,48,48,72,1615.0,1617.0,2.0,1.0986122886681098
67oRmKG3CuM_first48h,67oRmKG3CuM,UCgUcR0bvoIiIXrPtFBPI1bQ,2026-05-29 19:16:57+00:00,0,48,48,72,21224.0,21223.0,0.0,0.0
OAzaCzVDEZ4_first48h,OAzaCzVDEZ4,UCoLyxcukjae4SyxiO7uU5tg,2026-05-29 19:07:20+00:00,0,48,48,72,424.0,425.0,1.0,0.6931471805599453
eC3maUhMl3g_first48h,eC3maUhMl3g,UCX9MdHO9vatVhQ68VfC75qA,2026-05-29 19:18:23+00:00,0,48,48,72,101.0,101.0,0.0,0.0
5UN26sbZA3o_first48h,5UN26sbZA3o,UClErHbdZKUnD1NyIUeQWvuQ,2026-05-29 21:00:35+00:00,0,48,48,72,64069.56596091205,65218.0,1148.4340390879515,7.047024960293176
lWIII0lIv88_first48h,lWIII0lIv88,UCERTKUMXl6x8G79BmG6KtpQ,2026-05-29 21:04:56+00:00,0,48,48,72,7158.685245901639,8781.307692307691,1622.6224464060524,7.392415009952974
rOhq24BIoJU_first48h,rOhq24BIoJU,UCxUmJSN1YYkK-XXQ4p-qnHA,2026-05-29 21:06:15+00:00,0,48,48,72,12.0,16.88717948717948,4.8871794871794805,1.7727770183157638
ijDYTS9-Sc4_first48h,ijDYTS9-Sc4,UChGYNeCS9AmTQ-dbHHMdlhw,2026-05-29 21:00:15+00:00,0,48,48,72,1061.0,1378.0,317.0,5.762051382780177
7KKQ9L-NoKo_first48h,7KKQ9L-NoKo,UCNngyMNoVYWlfeBnQ2BChuA,2026-05-29 21:00:06+00:00,0,48,48,72,1.0,1.0,0.0,0.0
pKgLTqdXxD0_first48h,pKgLTqdXxD0,UCaAj0cvEbcgsScBHXUz39yQ,2026-05-29 21:00:30+00:00,0,48,48,72,4.0,5.0,1.0,0.6931471805599453
6vN3iHetLy0_first48h,6vN3iHetLy0,UCWGXle5lMVN2_Gol7d7ehLg,2026-05-29 21:06:13+00:00,0,48,48,72,35368.407258064515,35376.0,7.59274193548481,2.1509178859337443
RldEJP7jb9M_first48h,RldEJP7jb9M,UCAfYfMovPcPm5RaAaSzcSqQ,2026-05-29 21:09:35+00:00,0,48,48,72,3.0,3.0,0.0,0.0
Zi_3U4dBdr8_first48h,Zi_3U4dBdr8,UCPhuoopHgTkT1KESGjBy0UQ,2026-05-29 20:57:48+00:00,0,48,48,72,78.19365337672905,91.39795046968403,13.204297092954988,2.653544531009313
CzuYy5WOaFs_first48h,CzuYy5WOaFs,UCrIGSYWf5mLF8KBrg6uUVeA,2026-05-29 21:00:37+00:00,0,48,48,72,15.0,18.0,3.0,1.3862943611198906
cDR2_0InkJ8_first48h,cDR2_0InkJ8,UC7NDgazJaVpBk0BYQ7o5ASA,2026-05-29 21:22:12+00:00,0,48,48,72,8965.0,8967.0,2.0,1.0986122886681098
1ugzDx0uDUo_first48h,1ugzDx0uDUo,UCtvdpCqLj_cdc9dWIJclqDQ,2026-05-29 21:30:24+00:00,0,48,48,72,0.0,1.0,1.0,0.6931471805599453
yTQPUaiRQ9g_first48h,yTQPUaiRQ9g,UC6yf4fnxPISZlouEnwS-JRg,2026-05-29 21:21:48+00:00,0,48,48,72,818.4894480519481,825.5824742268042,7.09302617485605,2.091002724767083
6AtcJlCTU-0_first48h,6AtcJlCTU-0,UCQGICCCbbn1WNTFWDIKZXpw,2026-05-29 21:14:42+00:00,0,48,48,72,1439.0,1447.0,8.0,2.1972245773362196
0hXeawBjdjE_first48h,0hXeawBjdjE,UCmorARX4_iz23iCYiXEeB1w,2026-05-29 23:04:15+00:00,0,48,48,72,84.42644628099174,90.43872549019608,6.012279209204337,1.947662785034687
Rq2k83EEn8g_first48h,Rq2k83EEn8g,UCjmsBzvisGU7ILqOJ08E59g,2026-05-29 23:18:42+00:00,0,48,48,72,2856.0,2862.0,6.0,1.9459101490553132
ZwSEHS-_Izk_first48h,ZwSEHS-_Izk,UC0_z5GTrj1IZFkmMMg1rwLw,2026-05-29 23:06:36+00:00,0,48,48,72,120.0,120.0,0.0,0.0
De6Rw-GxPN0_first48h,De6Rw-GxPN0,UC_Ta6OPkZKIxHKb60iGvLmw,2026-05-29 23:03:00+00:00,0,48,48,72,245.0,248.0,3.0,1.3862943611198906
j9cAuTqV78M_first48h,j9cAuTqV78M,UCV-qZtDFhw86vQrmNwcWtdA,2026-05-29 23:19:54+00:00,0,48,48,72,73.0,74.0,1.0,0.6931471805599453
U2iwNEJfRWw_first48h,U2iwNEJfRWw,UCG_mKXUHOnDU-pP6ZtY69xQ,2026-05-29 23:22:53+00:00,0,48,48,72,48.0,54.562043795620426,6.562043795620426,2.0231414969913017
eGvccxXHiBY_first48h,eGvccxXHiBY,UC7jAMs7ojn1T4S11QDDrpjw,2026-05-30 01:19:55+00:00,0,48,48,72,46.0,46.0,0.0,0.0
NQ2MDlAJLQY_first48h,NQ2MDlAJLQY,UCVXyVZaghlQeF4sCo-tGbSQ,2026-05-30 01:21:38+00:00,0,48,48,72,9.0,10.0,1.0,0.6931471805599453
g0dIRjd53K4_first48h,g0dIRjd53K4,UCkRfArvrzheW2E7b6SVT7vQ,2026-05-30 01:08:04+00:00,0,48,48,72,27491.386287625417,692647.7002561913,665156.3139685659,13.407778854020274
CPJZyM-tOpo_first48h,CPJZyM-tOpo,UCa0vGaTSTNsKBopJxnnK4pA,2026-05-30 02:57:59+00:00,0,48,48,72,98.0,170.0,72.0,4.290459441148391
fbbhhn1wBN0_first48h,fbbhhn1wBN0,UCCpcp-ZlzZU4WAreMmAdgPQ,2026-05-30 03:00:03+00:00,0,48,48,72,41.0,42.0,1.0,0.6931471805599453
QiPZWkqn7Mo_first48h,QiPZWkqn7Mo,UCgJbyVohLMt-yAmt3frUm2w,2026-05-30 03:00:36+00:00,0,48,48,72,1.0,1.0,0.0,0.0
nNasUkJQH3g_first48h,nNasUkJQH3g,UClk8k4D7hkHMdAKezh6pr-w,2026-05-30 03:08:58+00:00,0,48,48,72,7389.0,7392.0,3.0,1.3862943611198906
0PDpHpXaoC0_first48h,0PDpHpXaoC0,UCY-yVDTJWuwAq0R-0_EubQw,2026-05-30 11:07:48+00:00,0,48,48,72,22398.576470588236,22414.41514143095,15.838670842713327,2.8236780771191876
wAKQ5W06CVM_first48h,wAKQ5W06CVM,UCMYlXK0jyerVnc3dmz-vjCA,2026-05-29 18:54:22+00:00,0,48,48,72,309.0,320.765,11.764999999999986,2.546707050693446
kgNkuOgSz0E_first48h,kgNkuOgSz0E,UCMYlXK0jyerVnc3dmz-vjCA,2026-05-30 02:40:12+00:00,0,48,48,72,7541.0,7754.0,213.0,5.365976015021851
F_bFf0jsoUM_first48h,F_bFf0jsoUM,UCMYlXK0jyerVnc3dmz-vjCA,2026-05-29 18:57:16+00:00,0,48,48,72,94.0,111.0,17.0,2.8903717578961645
IgrL9hGxbKQ_first48h,IgrL9hGxbKQ,UCgnEwnB-WYp9DosoTYmS_7Q,2026-05-30 00:00:22+00:00,0,48,48,72,11980.255230125524,12367.973311092577,387.71808096705354,5.962854353285332
gFknVBnDuhw_first48h,gFknVBnDuhw,UCp1KrVaZDZ7BOI_QBuTWWmg,2026-05-30 01:05:16+00:00,0,48,48,72,11266.559166666666,11321.0,54.44083333333401,4.015316386033723
d5l8zg6MOiU_first48h,d5l8zg6MOiU,UCP8YFuAGFPT544GT5JPBJdA,2026-05-30 02:48:19+00:00,0,48,48,72,5622.496569468268,16187.0,10564.503430531731,9.265349579698778
x63vedgnMWw_first48h,x63vedgnMWw,UCp1KrVaZDZ7BOI_QBuTWWmg,2026-05-29 22:50:25+00:00,0,48,48,72,120.0,123.80856423173803,3.808564231738032,1.5703985430385565
jJlUNzirv-Y_first48h,jJlUNzirv-Y,UCp1KrVaZDZ7BOI_QBuTWWmg,2026-05-30 00:12:21+00:00,0,48,48,72,13543.46329113924,13942.218362282878,398.7550711436379,5.990852037421312
J3jBZ5di3Ig_first48h,J3jBZ5di3Ig,UCp1KrVaZDZ7BOI_QBuTWWmg,2026-05-30 03:48:48+00:00,0,48,48,72,214352.27990235965,218460.19699499165,4107.917092632008,8.3209147916616
cyIdmBIf7LI_first48h,cyIdmBIf7LI,UCp1KrVaZDZ7BOI_QBuTWWmg,2026-05-30 02:27:27+00:00,0,48,48,72,349.79350541215655,359.0,9.206494587843451,2.323024241965692
W1SDuEg_tr0_first48h,W1SDuEg_tr0,UCp1KrVaZDZ7BOI_QBuTWWmg,2026-05-29 21:11:25+00:00,0,48,48,72,166.90255986787778,178.0,11.097440132122216,2.4929938708921213
OzYkmS9cDWg_first48h,OzYkmS9cDWg,UCp1KrVaZDZ7BOI_QBuTWWmg,2026-05-30 01:28:13+00:00,0,48,48,72,499.0,515.0,16.0,2.833213344056216
10LW9KUv6aA_first48h,10LW9KUv6aA,UCp1KrVaZDZ7BOI_QBuTWWmg,2026-05-29 23:52:12+00:00,0,48,48,72,123.0,128.0,5.0,1.791759469228055
e-ebTSv0GCU_first48h,e-ebTSv0GCU,UCupvZG-5ko_eiXAupbDfxWw,2026-05-30 01:56:45+00:00,0,48,48,72,130708.08474576271,158485.08695652173,27777.00221075902,10.231999699062849
ot4mh-V3bZo_first48h,ot4mh-V3bZo,UCxXTyFekH99JnS3qaXIQW7A,2026-05-30 02:27:57+00:00,0,48,48,72,3562.0,3820.0,258.0,5.556828061699537
E8bkgoY-eog_first48h,E8bkgoY-eog,UCxXTyFekH99JnS3qaXIQW7A,2026-05-29 22:30:18+00:00,0,48,48,72,406.0,427.0,21.0,3.091042453358316
px7vPGeuRcY_first48h,px7vPGeuRcY,UCxXTyFekH99JnS3qaXIQW7A,2026-05-30 02:26:32+00:00,0,48,48,72,5917.0,6019.0,102.0,4.634728988229636
5cMfKfDT4_8_first48h,5cMfKfDT4_8,UCxXTyFekH99JnS3qaXIQW7A,2026-05-30 03:27:29+00:00,0,48,48,72,889.0,952.6890547263681,63.68905472636811,4.169592017588151
ZNGDAQtSx-o_first48h,ZNGDAQtSx-o,UCu0VKWciIfgmUj9eO_uGvVA,2026-05-30 09:00:16+00:00,0,48,48,72,7187.150753768844,8026.0,838.849246231156,6.733222406958479
42w3NjTeDic_first48h,42w3NjTeDic,UCKgAB8lqTbqbwXC-e6_9lhQ,2026-05-30 02:39:31+00:00,0,48,48,72,1223.0,1314.0,91.0,4.5217885770490405
FpyGiW-QNZs_first48h,FpyGiW-QNZs,UCiBO4dvkDhFhP3wULb0mbGQ,2026-05-30 06:30:40+00:00,0,48,48,72,35799.06960950764,36328.928748964376,529.8591394567338,6.274496711957763
-dP3BZAiABY_first48h,-dP3BZAiABY,UCiBO4dvkDhFhP3wULb0mbGQ,2026-05-30 04:30:38+00:00,0,48,48,72,37812.95348837209,38229.28692699491,416.3334386228162,6.0338855152829955
I4AuchTp7OI_first48h,I4AuchTp7OI,UCiBO4dvkDhFhP3wULb0mbGQ,2026-05-30 05:30:05+00:00,0,48,48,72,20721.0,27982.904761904763,7261.904761904763,8.89053513274376
HZuSxS28YME_first48h,HZuSxS28YME,UCnGo9wgD2SuRTQTOaQsaUqg,2026-05-30 10:00:27+00:00,0,48,48,72,107.0,109.0,2.0,1.0986122886681098
-5a3d620728_first48h,-5a3d620728,UCxQv2bOwx8y6nyj0cZxWNag,2026-05-30 14:47:04+00:00,0,48,48,72,2241.272430668842,2410.0,168.72756933115807,5.1341946182740905
HBVV2i2CQFU_first48h,HBVV2i2CQFU,UCxQv2bOwx8y6nyj0cZxWNag,2026-05-30 14:51:16+00:00,0,48,48,72,2126.2873469387755,2181.0,54.7126530612245,4.020207285609703
qO_2bf6OcD8_first48h,qO_2bf6OcD8,UCp8V0coxnANxi3d6s-DLG8A,2026-05-30 13:30:54+00:00,0,48,48,72,441208.0,507747.0,66539.0,11.105558549572468
VOTHq2ohPak_first48h,VOTHq2ohPak,UC6AG81pAkf6Lbi_1VC5NmPA,2026-05-30 09:45:24+00:00,0,48,48,72,20796.272727272728,25528.0,4731.727272727272,8.462256905750186
_JwLUtpVWFo_first48h,_JwLUtpVWFo,UC_DMT5OBL-Znu_gtFpWLXCw,2026-05-30 07:28:16+00:00,0,48,48,72,1520.0,1522.0,2.0,1.0986122886681098
hTSJ68tWK-g_first48h,hTSJ68tWK-g,UCeY0bbntWzzVIaj2z3QigXg,2026-05-30 15:15:40+00:00,0,48,48,72,13107.981324278438,13225.0,117.01867572156152,4.770842880769268
V1owTpqwJUQ_first48h,V1owTpqwJUQ,UCeY0bbntWzzVIaj2z3QigXg,2026-05-30 15:19:07+00:00,0,48,48,72,20100.364785172704,21122.0,1021.6352148272963,6.930138118613991
