sample_id,video_id,channel_id,publish_time,duration_seconds,category,publish_hour,is_shorts,title_length,tag_count,subscriber_count_at_publish,log_subscriber_count,views_1h,views_3h,views_24h,views_48h,log_views_1h,log_views_3h,log_views_24h,log_views_48h,growth_1h_to_3h,growth_3h_to_24h,growth_24h_to_48h,rate_late_to_early,likes_48h,comments_48h,like_view_ratio_48h,comment_view_ratio_48h,engagement_rate_48h
Hms0wBGcivw_first48h,Hms0wBGcivw,UCVZqteUtWfSnwQ0ShjHixVw,2026-05-07 03:00:14+00:00,83,Gaming,3.0,False,29,0,117000.0,11.669937760751914,,,,51342.862468931235,0.0,0.0,0.0,10.846300684725982,,,,,3016.205468102734,364.0,0.058746344147210534,0.007089593031948012,0.06583593717915855
Tgc0H1FxTCs_first48h,Tgc0H1FxTCs,UCpu3bemTQwAU8PqM4kJdoEQ,2026-05-08 11:36:25+00:00,397,News & Politics,11.0,False,58,8,3220000.0,14.984892228079548,,7339.262295081967,34500.528455284555,37839.80584467574,0.0,8.901129855994872,10.448758905089827,10.541143319045709,,27161.266160202587,3339.277389391187,,533.9985321590606,6.0,0.014112084357700184,0.00015856318144518786,0.014270647539145373
Vl3jhQABSU0_first48h,Vl3jhQABSU0,UCpmAcCUZtDEZNQWmqwX7DxQ,2026-05-08 10:00:51+00:00,543,News & Politics,10.0,False,64,20,496000.0,13.114333221834064,,,24770.10425354462,25137.623682076235,0.0,0.0,10.117433101770098,10.132160734507039,,,367.5194285316138,,196.93106244931062,37.0,0.007834116101822603,0.001471897283050742,0.009306013384873345
vGmp2epBKCg_first48h,vGmp2epBKCg,UCoLrcjPV5PbUrUyXq5mjc_A,2026-05-06 22:22:15+00:00,600,Sports,22.0,False,60,6,7200000.0,15.789591722875162,,,,236900.0,0.0,0.0,0.0,12.375397611328344,,,,,3929.0,252.0,0.01658505698607007,0.0010637399746728578,0.01764879696074293
PvOoGgwf3YU_first48h,PvOoGgwf3YU,UC37k-Kxlc7rDpHLZTNytNDw,2026-05-08 13:00:06+00:00,4390,Sports,13.0,False,65,34,444000.0,13.003582093664077,,16705.444444444445,78664.13333333333,84100.48910411622,0.0,9.72354981884348,11.27295530362425,11.33977955215525,,61958.688888888886,5436.355770782888,,1988.721549636804,164.68038740920096,0.023646967702824786,0.0019581382838966253,0.025605105986721412
mQv7y1dLe1A_first48h,mQv7y1dLe1A,UCZFHPeF9g1R5E_CzE1KpfUg,2026-05-07 09:52:09+00:00,545,Gaming,9.0,False,74,4,0.0,0.0,,,,11007.34338358459,0.0,0.0,0.0,9.306408753689563,,,,,478.6214405360134,20.0,0.043482012312779164,0.0018169688455278218,0.04529898115830698
pufR0WugQMg_first48h,pufR0WugQMg,UCjJCUFquka_STzAG_5OGElQ,2026-05-08 13:20:59+00:00,0,Sports,13.0,False,100,36,1930000.0,14.47303107901565,,203663.42105263157,419842.92393915134,422635.2803605313,0.0,12.224228923496678,12.94763831152688,12.954267230835365,,216179.50288651977,2792.3564213799546,,4443.601043643263,11.0,0.010514032429693579,2.602716931396828e-05,0.010540059599007546
PY29Ef-eiF0_first48h,PY29Ef-eiF0,UC7mJ2EDXFomeDIRFu5FtEbA,2026-05-07 16:24:14+00:00,0,Entertainment,16.0,False,93,33,2370000.0,14.678400935052153,,,42527.19031719535,121731.5629510826,0.0,0.0,10.657922436606311,11.709581810573544,,,79204.37263388725,,3175.281475541299,53.897353648757026,0.026084290701313635,0.0004427557844666423,0.026527046485780276
0_OqGHPMvBE_first48h,0_OqGHPMvBE,UCQeRaTukNYft1_6AZPACnog,2026-05-07 20:00:01+00:00,1425,Gaming,20.0,False,41,10,4530000.0,15.326232718209745,,,542603.3575605681,591810.2146422629,0.0,0.0,13.204135710064083,13.290942968823213,,,49206.85708169476,,20000.0,4938.459234608985,0.033794617776392366,0.008344667111895292,0.04213928488828766
VLM723q949g_first48h,VLM723q949g,UC8p1vwvWtl6T73JiExfWs1g,2026-05-07 18:12:04+00:00,0,News & Politics,18.0,False,52,17,7010000.0,15.762848401664115,,,13048.662207357862,36559.551207327226,0.0,0.0,9.47651752792218,10.506725102241283,,,23510.888999969364,,224.0,1.0,0.006126989872761517,2.7352633360542488e-05,0.006154342506122059
7rJbqT5hiO0_first48h,7rJbqT5hiO0,UCGX7nGXpz-CmO_Arg-cgJ7A,2026-05-07 17:27:15+00:00,0,Entertainment,17.0,False,83,35,2930000.0,14.89051332229012,,,132009.27508361204,286994.94342762063,0.0,0.0,11.790635040081527,12.567223360243332,,,154985.6683440086,,10000.0,1352.7404326123128,0.03484381947838037,0.004713464343504959,0.03955728382188533
QeX11aDX9c4_first48h,QeX11aDX9c4,UC7_WiJnJxpm4MRNesRttzWg,2026-05-08 13:01:02+00:00,5602,Entertainment,13.0,False,90,15,1460000.0,14.19394767861579,,3383.6521739130435,19354.993579454254,26021.243608297154,0.0,8.127006424945005,9.87075739620486,10.166706974648115,,15971.34140554121,6666.2500288429,,1359.3275446213217,168.6488181379643,0.05223914602559139,0.006481197466065334,0.05872034349165673
CI4IeaxjXVk_first48h,CI4IeaxjXVk,UCDBAVzfX3yZ1hah0FHnOoaA,2026-05-07 13:00:22+00:00,1132,Gaming,13.0,False,14,7,1210000.0,14.006131744018864,,,,373157.86942675157,0.0,0.0,0.0,12.829759531342447,,,,,1828.3598726114649,472.0,0.004899695336507863,0.001264880198627703,0.006164575535135567
Kdl3alC4trs_first48h,Kdl3alC4trs,UCBjPppB6FOLloYBUvgbqE_A,2026-05-07 22:11:53+00:00,32045,Gaming,22.0,False,36,7,258000.0,12.460718739865236,,,212097.85915492958,213912.54588235295,0.0,0.0,12.26480776173081,12.273327221173599,,,1814.6867274233664,,1816.0,143.0,0.008489450642127175,0.0006684974899912919,0.009157948132118466
X-7MEZiJClk_first48h,X-7MEZiJClk,UCczKsS4gTjJzU5zayrNnwEA,2026-05-06 19:00:35+00:00,65,Sports,19.0,True,37,0,1170000.0,13.972515161474428,,,,181664.0,0.0,0.0,0.0,12.10991961062326,,,,,4743.0,86.0,0.02610864012682755,0.0004734014444248723,0.02658204157125242
pjAN1io4h8Y_first48h,pjAN1io4h8Y,UChY4PXxJI0aJYsGT1X6INWA,2026-05-07 07:46:18+00:00,0,Entertainment,7.0,False,36,30,1340000.0,14.108180918195472,,,,209579.0314049587,0.0,0.0,0.0,12.252860956876038,,,,,853.5206611570248,,0.004072547980755819,0.0,0.004072547980755819
B-u6nmRSiQs_first48h,B-u6nmRSiQs,UCt0H6f2yOF26wi_Ng8HssJQ,2026-05-07 16:15:01+00:00,671,Entertainment,16.0,False,43,97,1090000.0,13.901689171636098,,,,11181.0,0.0,0.0,0.0,9.32206062158659,,,,,49.0,15.0,0.00438243448707629,0.0013415615776764154,0.005723996064752705
PxtfZXkAS0g_first48h,PxtfZXkAS0g,UCt0H6f2yOF26wi_Ng8HssJQ,2026-05-08 10:00:44+00:00,140,Entertainment,10.0,False,55,97,1090000.0,13.901689171636098,,,5013.186085498743,6603.035992479183,0.0,0.0,8.520026391212399,8.795436255128012,,,1589.8499069804402,,88.61697555734622,3.0,0.013420640998819393,0.00045433646029144494,0.013874977459110838
zbyDQaEsUTA_first48h,zbyDQaEsUTA,UCt0H6f2yOF26wi_Ng8HssJQ,2026-05-07 16:01:51+00:00,1234,Entertainment,16.0,False,45,97,1090000.0,13.901689171636098,,,,16319.320126782884,0.0,0.0,0.0,9.70016624393741,,,,,84.38827258320127,8.0,0.005171065456624337,0.0004902165003106096,0.005661281956934947
0nfr3O1gB08_first48h,0nfr3O1gB08,UChY4PXxJI0aJYsGT1X6INWA,2026-05-07 10:00:02+00:00,1479,Entertainment,10.0,False,53,17,1340000.0,14.108180918195472,,,,2278.0,0.0,0.0,0.0,7.731492029245684,,,,,31.0,2.0,0.013608428446005268,0.000877963125548727,0.014486391571553995
fB3Yg5511DU_first48h,fB3Yg5511DU,UC31opT8RH0KAOTRPjyTJqQQ,2026-05-07 09:00:54+00:00,1619,Gaming,9.0,False,36,61,923000.0,13.73538559690802,,,,97285.0,0.0,0.0,0.0,11.485410372929586,,,,,2611.0,70.0,0.026838669887444107,0.0007195353857223621,0.02755820527316647
ziPdvpOBW1I_first48h,ziPdvpOBW1I,UCL0_NxCvkcXwZHpvqgMZY-A,2026-05-07 14:29:26+00:00,125,News & Politics,14.0,False,40,66,1040000.0,13.854732232655556,,,,10338.934713375796,0.0,0.0,0.0,9.24376883405562,,,,,27.0,42.0,0.0026114876192292105,0.00406231407435655,0.006673801693585761
obB0yvXV-BE_first48h,obB0yvXV-BE,UCpu3bemTQwAU8PqM4kJdoEQ,2026-05-08 13:11:10+00:00,0,News & Politics,13.0,False,98,8,3220000.0,14.984892228079548,,4362.063063063063,8513.645418326692,8260.218390804597,0.0,8.380929627078986,9.04954295022465,9.019327360577263,,4151.582355263629,0.0,,720.0,5.0,0.08716476561945567,0.0006053108723573311,0.087770076491813
x-R-UWyR4_g_first48h,x-R-UWyR4_g,UCwIdAI4fCV4lisP3TZzOGuw,2026-05-08 10:48:32+00:00,0,People & Blogs,10.0,False,77,14,177000.0,12.083910661257521,,,345.9585062240664,812.0863222698073,0.0,0.0,5.8492051941917715,6.700837281365021,,,466.1278160457409,,6.875936830835117,,0.008467002389126139,0.0,0.008467002389126139
cHpGws5nyZA_first48h,cHpGws5nyZA,UClNdVSK1uy2xFHTaXZYXopw,2026-05-07 09:00:00+00:00,977,Gaming,9.0,False,47,7,1490000.0,14.214287349062356,,,,248690.0,0.0,0.0,0.0,12.423966440958159,,,,,11000.0,255.0,0.044231774498371464,0.0010253729542804295,0.04525714745265189
ChVes6QSsr8_first48h,ChVes6QSsr8,UCTln5ss6h6L_xNfMeujfPbg,2026-05-07 23:43:46+00:00,189,News & Politics,23.0,False,93,21,655000.0,13.39239204133378,,,81340.86588432523,82147.0,0.0,0.0,11.30641611851856,11.316277777459984,,,806.1341156747658,,1107.0,933.0,0.01347584208796426,0.011357688047037628,0.024833530135001888
btgy7kFI-c0_first48h,btgy7kFI-c0,UCqQo7ewe87aYAe7ub5UqXMw,2026-05-07 20:17:47+00:00,600,Sports,20.0,False,81,4,17500000.0,16.677711496036597,,,64003.35906040268,65763.0,0.0,0.0,11.066706470341199,11.093827855130767,,,1759.640939597317,,810.0,61.0,0.012316956343232517,0.0009275732554780043,0.013244529598710522
hBkOHSJnjLQ_first48h,hBkOHSJnjLQ,UC8wcaRAR4KX6yuisEdlzx3w,2026-05-07 14:34:48+00:00,22997,Gaming,14.0,False,30,23,62000.0,11.034905792929415,,,,16570.0,0.0,0.0,0.0,9.715409458629793,,,,,401.0,,0.02420036210018105,0.0,0.02420036210018105
DxWbCLRU8Ts_first48h,DxWbCLRU8Ts,UCoLrcjPV5PbUrUyXq5mjc_A,2026-05-07 21:38:15+00:00,669,Sports,21.0,False,61,6,7200000.0,15.789591722875162,,,138339.7424749164,153701.98598130842,0.0,0.0,11.837475069170074,11.942777356672451,,,15362.243506392027,,2681.9742990654204,127.0,0.017449184419722288,0.000826274294305113,0.0182754587140274
O8ByDOFTrJo_first48h,O8ByDOFTrJo,UCnUec0N-ywOhTCjMHXtNN5g,2026-05-08 12:26:31+00:00,0,Entertainment,12.0,False,33,0,3530.0,8.169336395928386,,5542.95918367347,13813.466828478964,13823.837816662313,0.0,8.620464178590378,9.533471642944935,9.534222095158059,,8270.507644805493,10.370988183349255,,103.0,,0.007450897599207277,0.0,0.007450897599207277
CfWy0VaafFw_first48h,CfWy0VaafFw,UCiEm9noegBIb-AzjqpxKffA,2026-05-07 10:00:21+00:00,734,Gaming,10.0,False,61,58,118000.0,11.678448377988165,,,,43277.999159663865,0.0,0.0,0.0,10.675422788476268,,,,,553.8226890756303,80.60756302521008,0.012796864453747813,0.0018625529042557557,0.014659417358003569
l5I__op3SsY_first48h,l5I__op3SsY,UC2TuODJhC03pLgd6MpWP0iw,2026-05-08 11:53:40+00:00,103,News & Politics,11.0,False,93,35,2140000.0,14.576316854287645,,,11199.494345718902,12635.025974025973,0.0,0.0,9.32371319431975,9.444307217477474,,,1435.5316283070715,,65.98701298701299,152.95361781076068,0.005222546682742367,0.012105524604792257,0.017328071287534625
ZmTqRETUNCQ_first48h,ZmTqRETUNCQ,UCl7I7mCnHXKgVLe5NvRUMwQ,2026-05-08 14:34:46+00:00,0,Nonprofits & Activism,14.0,False,45,0,85600.0,11.357452244304588,527.0,13749.354838709678,14455.27400468384,14528.0,6.269096283706261,9.52881990921335,9.578883786483955,9.583901931071338,13222.354838709678,705.9191659741628,72.72599531615924,0.005500230193735771,68.0,8.0,0.004680616740088106,0.0005506607929515419,0.0052312775330396475
1nilpDdhbLc_first48h,1nilpDdhbLc,UCJNSLcZtWJmOHVq3YBEYbeA,2026-05-07 04:04:21+00:00,1760,Gaming,4.0,False,91,6,89600.0,11.403121759615027,,,,34026.74252491695,0.0,0.0,0.0,10.434931427501876,,,,,1072.6461794019933,162.0,0.0315236222984472,0.004760961172859006,0.036284583471306205
FVbD8-sILXQ_first48h,FVbD8-sILXQ,UCg40OxZ1GYh3u3jBntB6DLg,2026-05-07 22:15:01+00:00,109,News & Politics,22.0,False,98,1,5550000.0,15.52930866590278,,,61050.151162790695,62189.036575875485,0.0,0.0,11.019467335426445,11.0379500822289,,,1138.8854130847903,,1060.0,641.8023346303502,0.017044804974695453,0.010320184552904291,0.027364989527599748
seCg9nC1UGA_first48h,seCg9nC1UGA,UCXCLaaClAWQiTkl3pw9ZdLw,2026-05-07 21:40:21+00:00,0,News & Politics,21.0,False,72,2,839000.0,13.639967177343745,,,72763.94352159467,127151.0,0.0,0.0,11.194989573171693,11.753138500179961,,,54387.05647840533,,987.0,142.0,0.007762424204292534,0.0011167824083176696,0.008879206612610204
n_u7YnBLEe8_first48h,n_u7YnBLEe8,UCzpwkXk_GlfmWntZ9v4l3Tg,2026-05-08 12:59:06+00:00,7679,People & Blogs,12.0,False,76,17,1160000.0,13.963931425151141,,3667.6990291262136,20302.993610223642,28359.658276863505,0.0,8.207592390226392,9.918572875248822,10.252758191831672,,16635.294581097427,8056.664666639863,,512.2120038722169,242.30300096805422,0.018061289697911903,0.008543932321135579,0.026605222019047484
t8gHon4atu8_first48h,t8gHon4atu8,UC5nwNW4KdC0SzrhF9BXEYOQ,2026-05-08 11:00:07+00:00,1556,News & Politics,11.0,False,98,76,3270000.0,15.000300848683787,,,12605.0,14713.711566424323,0.0,0.0,9.441928170073055,9.596603059145144,,,2108.711566424323,,89.91976206212823,1.9197620621282223,0.006111290251694136,0.000130474357436025,0.006241764609130162
YWvQDrp4XGY_first48h,YWvQDrp4XGY,UClQ5uf3vMejw6-BalB-xeOg,2026-05-07 13:36:02+00:00,5166,Education,13.0,False,29,3,350000.0,12.765691290604371,,,,8948.0,0.0,0.0,0.0,9.099297073182859,,,,,585.0,24.0,0.06537773804202056,0.002682163611980331,0.06805990165400089
LI5zgcZU3X4_first48h,LI5zgcZU3X4,UCeBPTBz1oRnsWsUBnKNNKNw,2026-05-07 14:41:03+00:00,7568,Gaming,14.0,False,62,1,1890000.0,14.452087916136215,,,,331618.8714057508,0.0,0.0,0.0,12.711744626279373,,,,,5858.073482428115,334.5766773162939,0.017665078762241174,0.0010089192930969363,0.01867399805533811
YqS83Wc0l_g_first48h,YqS83Wc0l_g,UCdokt2U4QvDBxWxuJ-MBGHA,2026-05-07 23:24:51+00:00,5211,Entertainment,23.0,False,36,21,718000.0,13.484226240787052,,,56941.326429163215,58469.92403100775,0.0,0.0,10.949794217552057,10.976284884551045,,,1528.5976018445363,,2988.975968992248,,0.051119888019815714,0.0,0.051119888019815714
yPFkZCFg31A_first48h,yPFkZCFg31A,UCDq-_Ozntz1f_KiexzPgpSw,2026-05-07 15:07:05+00:00,10459,People & Blogs,15.0,False,85,9,73100.0,11.199597325534862,,,,8196769.539732494,0.0,0.0,0.0,15.919250798042484,,,,,13000.0,4.942564909520062,0.0015859906682729867,6.029893710640259e-07,0.0015865936576440506
qw949ROgyQM_first48h,qw949ROgyQM,UCwIdAI4fCV4lisP3TZzOGuw,2026-05-08 15:00:06+00:00,2949,People & Blogs,15.0,False,75,14,177000.0,12.083910661257521,168.55102040816328,404.35483870967744,4057.0,4491.0,5.133153886885377,6.004762828477746,8.30844552038576,8.410053315858335,235.80381830151416,3652.6451612903224,434.0,1.8405130295433099,79.0,,0.017590737029614785,0.0,0.017590737029614785
IN7YeEgoMcY_first48h,IN7YeEgoMcY,UCwIdAI4fCV4lisP3TZzOGuw,2026-05-08 10:56:24+00:00,0,People & Blogs,10.0,False,79,14,177000.0,12.083910661257521,,,3989.8269550748755,25903.530066815147,0.0,0.0,8.29175374532016,10.162173138447987,,,21913.703111740273,,270.0731036289794,115.94838202541595,0.010426111921130334,0.00447616142380365,0.014902273344933985
t3bOXryrKQw_first48h,t3bOXryrKQw,UCGKL5LoNqNAR8yCj8wiWScA,2026-05-06 18:39:30+00:00,729,Gaming,18.0,False,51,1,97700.0,11.489667073393028,,,,12998.814509480626,0.0,0.0,0.0,9.472690367840388,,,,,120.68178070898598,44.0,0.009284060528824939,0.0033849240611833332,0.01266898459000827
3rDZlVHFx0s_first48h,3rDZlVHFx0s,UC2TuODJhC03pLgd6MpWP0iw,2026-05-08 11:53:01+00:00,99,News & Politics,11.0,False,100,35,2140000.0,14.576316854287645,,,1260.1308943089432,1938.7695225637672,0.0,0.0,7.139764132567511,7.57032444219758,,,678.638628254824,,31.547416612164817,9.909483322432964,0.01627187566392498,0.005111222972666177,0.021383098636591158
JmaI7OUFE9Y_first48h,JmaI7OUFE9Y,UCX65vg9q8k-IuWqoViBL5vw,2026-05-08 12:50:00+00:00,0,Gaming,12.0,False,43,23,641000.0,13.370786295963992,,12589.752577319588,35999.93030794166,36826.99853587116,0.0,9.4407179010517,10.49130005899162,10.514013664651875,,23410.17773062207,827.0682279294997,,340.0,,0.009232357061866573,0.0,0.009232357061866573
QI5KY_rKGR8_first48h,QI5KY_rKGR8,UC8rk-fIWJXYlSF8tkfG9wWg,2026-05-07 09:00:06+00:00,1470,Gaming,9.0,False,40,2,203000.0,12.220966184120165,,,,75194.6214642263,0.0,0.0,0.0,11.22784828303302,,,,,3310.3444259567386,303.83444259567386,0.044023686288940614,0.004040640629333078,0.04806432691827369
5g5Smb0GnLw_first48h,5g5Smb0GnLw,UCsZ0adX615jzhh1nitOQ3Eg,2026-05-07 14:54:26+00:00,0,Sports,14.0,False,19,0,17000.0,9.741027444837728,,,,2405.229314420804,0.0,0.0,0.0,7.785816201394802,,,,,69.28211189913317,,0.028804784426892282,0.0,0.028804784426892282
ePZeyh5q9R8_first48h,ePZeyh5q9R8,UCGIY_O-8vW4rfX98KlMkvRg,2026-05-06 22:21:17+00:00,1015,Gaming,22.0,False,24,10,10100000.0,16.128046080821385,,,,2566566.9323990108,0.0,0.0,0.0,14.758080129519405,,,,,120000.0,22000.0,0.046755063538449826,0.0085717616487158,0.055326825187165626
DpDdnp_45vE_first48h,DpDdnp_45vE,UCIr2L5vnVPAC1-FCLf5mcng,2026-05-07 15:43:06+00:00,117,News & Politics,15.0,False,81,19,21400.0,9.97119292889014,,,,79261.0,0.0,0.0,0.0,11.280514099835102,,,,,134.0,401.0,0.0016906170752324597,0.005059234680359824,0.0067498517555922835
3JsvwbrGZGM_first48h,3JsvwbrGZGM,UCo5E9pEhK_9kWG7-5HHcyRg,2026-05-07 21:40:45+00:00,0,News & Politics,21.0,False,68,0,2170000.0,14.59023818634603,,,35720.07154742097,59103.0,0.0,0.0,10.483496033068512,10.987053882998966,,,23382.928452579028,,468.0,98.0,0.00791837977767626,0.0016581222611373365,0.009576502038813597
gIxr2aTckX0_first48h,gIxr2aTckX0,UC9tnW2dpPDNc_aEOnhsRs4g,2026-05-08 12:00:06+00:00,2962,News & Politics,12.0,False,95,16,316000.0,12.663500657121004,,,5544.111111111111,6075.246739697444,0.0,0.0,8.620671937656045,8.712142471794607,,,531.135628586333,,140.773604590506,26.886802295253,0.023171668678187173,0.004425631327789001,0.027597300005976176
hPmsZqYYZiM_first48h,hPmsZqYYZiM,UC4wpY8jmg-n4W-UddQBr1Ag,2026-05-08 11:33:30+00:00,352,News & Politics,11.0,False,54,3,54500.0,10.905974329106854,,,33709.235732009925,60832.97729645095,0.0,0.0,10.425556801143731,11.01590374897563,,,27123.74156444102,,337.4164926931107,,0.005546604945025367,0.0,0.005546604945025367
OblHI0ed0ac_first48h,OblHI0ed0ac,UCZRYEa3YILhcdYd7MHkFGzg,2026-05-07 08:31:44+00:00,8486,Science & Technology,8.0,False,25,4,198000.0,12.19602736016897,,,,3819.404522613065,0.0,0.0,0.0,8.248111591966046,,,,,175.4681742043551,4.0,0.04594123852697008,0.0010472836737553475,0.04698852220072543
r9okBpTebXg_first48h,r9okBpTebXg,UChqUTb7kYRX8-EiaN3XFrSQ,2026-05-08 11:55:02+00:00,41,News & Politics,11.0,True,51,0,4190000.0,15.248211530561777,,,5203.497114591921,5707.454652071931,0.0,0.0,8.557278360548976,8.649703627154187,,,503.9575374800106,,88.85327078446703,22.0,0.015567932852906915,0.003854607936659386,0.0194225407895663
LJk0eIqocuY_first48h,LJk0eIqocuY,UCNkLoS8K8QOpkTqCGqz3ycg,2026-05-08 15:25:34+00:00,0,People & Blogs,15.0,False,51,0,13400.0,9.503084610020228,40.62264150943396,251.39999999999998,675.0,676.0,3.728644286261326,5.531015130667058,6.516193076042964,6.517671272912275,210.77735849056603,423.6,1.0,0.004744342595244915,40.0,5.0,0.05917159763313609,0.0073964497041420114,0.06656804733727811
m-f98AArA48_first48h,m-f98AArA48,UCmFA-w0lm-HBBxrb9c69poA,2026-05-08 12:34:55+00:00,0,Entertainment,12.0,False,98,21,440000.0,12.994532278619134,,,10639.189256198348,11948.758307372793,0.0,0.0,9.272393549974131,9.388466331830669,,,1309.5690511744451,,693.5983904465213,58.0,0.0580477378991378,0.004854060857872739,0.06290179875701055
2q5ZosbG2nY_first48h,2q5ZosbG2nY,UCk5C4AR3uvmKwZYkIlSobbg,2026-05-07 10:14:24+00:00,666,Gaming,10.0,False,87,37,117000.0,11.669937760751914,,,,31008.321546052633,0.0,0.0,0.0,10.342043133301548,,,,,164.72944078947367,70.0,0.005312426876921488,0.0022574585308023877,0.007569885407723876
ztgsjERJcps_first48h,ztgsjERJcps,UCyoSQyaCrZHro6F_nBiXIYg,2026-05-07 04:25:22+00:00,2049,Gaming,4.0,False,46,4,342000.0,12.742568940017076,,,,204707.06532663316,0.0,0.0,0.0,12.229340171589525,,,,,1179.2613065326634,121.0,0.005760725965422929,0.0005910885381847026,0.006351814503607631
2Lubw14IhnI_first48h,2Lubw14IhnI,UC_v7qcdPJUANBAa--1pv_UQ,2026-05-07 20:24:10+00:00,0,Entertainment,20.0,False,44,9,15200.0,9.62911649414402,,,13279.906018136853,21419.0,0.0,0.0,9.49408264496055,9.97208034400174,,,8139.093981863147,,498.0,,0.023250385172043513,0.0,0.023250385172043513
oCtxwpfHEls_first48h,oCtxwpfHEls,UCTBbuMEc805yl3utRp35rDg,2026-05-08 15:24:55+00:00,192,Entertainment,15.0,False,37,0,16700.0,9.723223876851618,15.257142857142856,36.0421052631579,48.341580207502,59.0,2.7885323726369173,3.6120552457210446,3.898767137493549,4.0943445622221,20.784962406015044,12.299474944344098,10.658419792498002,0.5127947592252329,5.0,3.0,0.0847457627118644,0.05084745762711865,0.13559322033898305
bsUBqySizT8_first48h,bsUBqySizT8,UCgnysg0nQxiD1ahcBMuwuUA,2026-05-08 13:12:10+00:00,36475,Sports,13.0,False,48,0,74500.0,11.218567827096358,,945050.3846153846,963903.951433121,970624.422253923,0.0,13.758994580251974,13.778747970633148,13.785695907918011,,18853.56681773637,6720.470820802031,,12000.0,26.0,0.012363175420760951,2.6786880078315394e-05,0.012389962300839266
yFE7Kdt8Xq0_first48h,yFE7Kdt8Xq0,UCgjsiInAgdceEq2lpRNNYvw,2026-05-07 09:01:31+00:00,1114,News & Politics,9.0,False,93,28,344000.0,12.748399843328054,,,,24113.223684210527,0.0,0.0,0.0,10.09055713974813,,,,,547.0921052631579,20.0,0.02268846805503641,0.0008294204152013118,0.02351788847023772
KNU4Zw_HKtg_first48h,KNU4Zw_HKtg,UC5l1Yto5oOIgRXlI4p4VKbw,2026-05-07 00:00:00+00:00,581,News & Politics,0.0,False,61,0,3750000.0,15.137266664613225,,,,1851.0,0.0,0.0,0.0,7.524021415206125,,,,,34.0,1.0,0.018368449486763912,0.0005402485143165856,0.0189086980010805
ywpRCuMw-lw_first48h,ywpRCuMw-lw,UCNxBGANd7itrXCT-KiGSA-w,2026-05-08 14:45:37+00:00,0,Sports,14.0,False,53,0,168000.0,12.031725210748633,,6837.64705882353,38258.54095826893,39181.18155619597,0.0,8.830345192634297,10.552148244967979,10.575977370300556,,31420.8938994454,922.6405979270348,,434.78674351585016,1.0,0.011096825727224518,2.5522456451848978e-05,0.011122348183676366
WGMR-IvFWlM_first48h,WGMR-IvFWlM,UCpmAcCUZtDEZNQWmqwX7DxQ,2026-05-08 15:00:06+00:00,2688,News & Politics,15.0,False,85,16,496000.0,13.114333221834064,406.3804347826087,985.4470588235293,3833.1078509119748,4142.0,6.009747478050898,6.894109658359697,8.251692053338264,8.329175442077402,579.0666240409207,2847.6607920884453,308.89214908802523,0.533431104926187,97.0,18.0,0.023418638338966683,0.0043457267020762915,0.027764365041042974
8hyRKquHF1U_first48h,8hyRKquHF1U,UCMJiPpN_09F0aWpQrgbc_qg,2026-05-07 08:30:29+00:00,5963,Gaming,8.0,False,48,12,5650000.0,15.547166280113759,,,,792340.2342569269,0.0,0.0,0.0,13.582747429341282,,,,,17000.0,958.6465155331654,0.021455429454422383,0.0012098925109264506,0.02266532196534883
vssft_vWMWo_first48h,vssft_vWMWo,UC67Wr_9pA4I0glIxDt_Cpyw,2026-05-06 23:41:12+00:00,6873,Entertainment,23.0,False,89,0,8900000.0,16.001561947061912,,,,135859.40661157024,0.0,0.0,0.0,11.81938321561267,,,,,2215.785950413223,54.0,0.016309404005776948,0.00039746971775306706,0.016706873723530014
u2ZuHy1h1dw_first48h,u2ZuHy1h1dw,UCYbN-4QeDOp3oRU4TpPvj-g,2026-05-08 15:14:31+00:00,2123,Sports,15.0,False,98,32,0.0,0.0,129.13333333333333,282.8118811881188,812.0,886.0,4.868559565870828,5.648311628501223,6.70073110954781,6.787844982309579,153.67854785478545,529.1881188118812,74.0,0.4815245916425784,31.0,29.0,0.034988713318284424,0.0327313769751693,0.06772009029345373
FlhdlwKyGyE_first48h,FlhdlwKyGyE,UCExxWMXIf8UR5xb4eQTdh7A,2026-05-07 23:32:15+00:00,92,News & Politics,23.0,False,51,16,108000.0,11.58989576532275,,,22042.618181818183,22670.0,0.0,0.0,10.00077841412268,10.02884185368883,,,627.3818181818169,,176.0,113.0,0.007763564181737979,0.004984561093956771,0.01274812527569475
BK6AkX_aK90_first48h,BK6AkX_aK90,UChqUTb7kYRX8-EiaN3XFrSQ,2026-05-08 11:10:28+00:00,32,News & Politics,11.0,True,66,0,4190000.0,15.248211530561777,,,2092.821862348178,2319.0,0.0,0.0,7.646746317299927,7.749322464660356,,,226.178137651822,,35.0,8.0,0.015092712376024149,0.0034497628288055198,0.018542475204829666
07A6cjrNdc0_first48h,07A6cjrNdc0,UCbxdaKZDeMf3D2gqMjmYFow,2026-05-08 15:36:30+00:00,0,Entertainment,15.0,False,32,0,16500.0,9.711176264112805,49.0,130.66101694915255,259.3463732681337,308.0,3.912023005428146,4.880230566065442,5.562012949295379,5.733341276897746,81.66101694915255,128.68535631898112,48.653626731866325,0.5957999122416174,52.0,2.0,0.16883116883116883,0.006493506493506494,0.17532467532467533
xNKJxjTOzhQ_first48h,xNKJxjTOzhQ,UCCk96NNITxAavc1ED1VvnEg,2026-05-08 12:51:54+00:00,0,Gaming,12.0,False,32,17,26400.0,10.181157167204903,,,31938.125816993463,31042.690360272638,0.0,0.0,10.371587051857615,10.343150857702945,,,0.0,,429.0,,0.01381967848215306,0.0,0.01381967848215306
NvCPzprtuXQ_first48h,NvCPzprtuXQ,UCb5NLtXAsTBrmaZVhyFa-Wg,2026-05-07 10:44:33+00:00,0,Gaming,10.0,False,17,0,580000.0,13.270785106659046,,,,45299.36113360324,0.0,0.0,0.0,10.72107028348357,,,,,129.8072874493927,,0.0028655434469935857,0.0,0.0028655434469935857
xJNzZdBhHEU_first48h,xJNzZdBhHEU,UCi6Nwwk1pAp7gYwe3is7Y0g,2026-05-08 10:38:14+00:00,5401,Sports,10.0,False,69,0,114000.0,11.643962499267984,,,7799.628966639544,9121.0,0.0,0.0,8.961959646175375,9.118444357271645,,,1321.3710333604558,,441.0,96.0,0.04834996162701458,0.010525161714724262,0.05887512334173885
GPjVI7kpIbw_first48h,GPjVI7kpIbw,UC5Fms2Bl_HM6DPYgyL5DOyg,2026-05-08 12:40:01+00:00,16412,Gaming,12.0,False,38,6,167000.0,12.025755079404917,,,357488.28571428574,362675.7113801453,0.0,0.0,12.78686067063712,12.801267114166619,,,5187.4256658595405,,1234.1641646489104,25.0,0.0034029413217454155,6.893210439944732e-05,0.0034718734261448628
FLekkNKo32E_first48h,FLekkNKo32E,UCmgDmqjxbkqIXu4rNbrKodA,2026-05-08 09:23:21+00:00,109,News & Politics,9.0,False,33,30,1320000.0,14.093143052138025,,,6608.866108786611,6870.495655715449,0.0,0.0,8.796318676783788,8.835137069776916,,,261.62954692883795,,36.0,6.0,0.005239796632438332,0.000873299438739722,0.006113096071178054
9IOvW_1qNvU_first48h,9IOvW_1qNvU,UC2TuODJhC03pLgd6MpWP0iw,2026-05-08 15:20:36+00:00,5953,News & Politics,15.0,False,98,35,2140000.0,14.576316854287645,1214.7171717171718,3676.9263157894743,50111.346761453395,58429.0,7.103089446424706,8.210104371192374,10.82202269905541,10.975584735548482,2462.2091440723025,46434.42044566392,8317.653238546605,3.3781262077476706,942.0,130.0,0.01612213113351247,0.002224922555580277,0.018347053689092747
uX7jTzh5GWw_first48h,uX7jTzh5GWw,UCU09evAyoTH4HYC4e1S5qtA,2026-05-08 14:58:27+00:00,4082,News & Politics,14.0,False,33,6,68600.0,11.136062390867204,,24472.884615384617,56503.667990468624,70901.0,0.0,10.105361893955134,10.942078533022075,11.169053920867071,,32030.783375084007,14397.332009531376,,13000.0,269.0,0.18335425452391363,0.0037940226513025204,0.18714827717521615
3lf9HdiQtjk_first48h,3lf9HdiQtjk,UCzYfz8uibvnB7Yc1LjePi4g,2026-05-07 20:20:51+00:00,1093,Gaming,20.0,False,35,12,24800000.0,17.02635425145779,,,358267.42953020136,493962.0,0.0,0.0,12.789037787577872,13.11021589457958,,,135694.57046979864,,10000.0,952.0,0.020244472246852996,0.0019272737579004054,0.0221717460047534
iFmjYBMQ4x4_first48h,iFmjYBMQ4x4,UCiOki3bA8llEHVgXBQ3x6wg,2026-05-08 09:18:06+00:00,0,Sports,9.0,False,85,6,107000.0,11.580593459194764,,,44134.355648535566,44737.415954415956,0.0,0.0,10.695016455619115,10.708587828838784,,,603.0603058803899,,299.8860398860399,4.0,0.006703249025191824,8.941061781654304e-05,0.0067926596430083665
X-FN-1Zbtjg_first48h,X-FN-1Zbtjg,UCdZGwKwvi_i5BLvFzCj4FXw,2026-05-07 08:00:35+00:00,1126,Gaming,8.0,False,22,41,113000.0,11.635151947212842,,,,58271.71416596815,0.0,0.0,0.0,10.972889238183427,,,,,388.8113998323554,96.9371332774518,0.006672386515436147,0.001663536668946407,0.008335923184382555
wWTIYj0swhA_first48h,wWTIYj0swhA,UCoLrcjPV5PbUrUyXq5mjc_A,2026-05-06 22:47:21+00:00,615,Sports,22.0,False,59,6,7200000.0,15.789591722875162,,,,105173.39406430339,0.0,0.0,0.0,11.56337514722799,,,,,1622.9752679307503,99.0,0.015431424290999467,0.0009413027018931332,0.0163727269928926
NS1Syihzbrk_first48h,NS1Syihzbrk,UCnVJ112p6NFV8VcyYAgPlMg,2026-05-07 17:02:01+00:00,352,People & Blogs,17.0,False,98,4,15900.0,9.674137279312397,,,,57.0,0.0,0.0,0.0,4.060443010546419,,,,,2.0,,0.03508771929824561,0.0,0.03508771929824561
XG58-insqGU_first48h,XG58-insqGU,UCmAQ_4ELJodnKuNqviK86Dg,2026-05-07 21:36:26+00:00,669,Sports,21.0,False,61,16,266000.0,12.491255347155265,,,197647.07361455748,206837.63000785545,0.0,0.0,12.194243322229358,12.239694203049117,,,9190.556393297971,,3526.7297721916734,128.0,0.017050716410054265,0.000618842905882932,0.017669559315937198
vdT4cq7PF0s_first48h,vdT4cq7PF0s,UCiWXd0nmBjlKROwzMyPV-Nw,2026-05-08 11:55:27+00:00,955,News & Politics,11.0,False,41,1,1650000.0,14.316286451937186,,,161275.6378018318,237494.0,0.0,0.0,11.99087641668499,12.377901849603644,,,76218.36219816821,,4684.0,998.0,0.019722603518404675,0.004202211424288614,0.02392481494269329
aehY3OXOhJQ_first48h,aehY3OXOhJQ,UCiWXd0nmBjlKROwzMyPV-Nw,2026-05-07 11:00:03+00:00,1410,People & Blogs,11.0,False,74,1,1650000.0,14.316286451937186,,,,32516.633638634474,0.0,0.0,0.0,10.389537794674496,,,,,930.7868442964196,64.35720233139051,0.02862494484024662,0.001979208642770598,0.030604153483017222
yndCujkWU9w_first48h,yndCujkWU9w,UCXOBLGJdYA1mfhOrDwQESTg,2026-05-08 15:49:15+00:00,0,Gaming,15.0,False,65,7,516000.0,13.153863982446317,6688.878260869566,14652.04,24903.800643086815,25611.0,8.808350955777266,9.592403101450719,10.12281586078098,10.150816270638693,7963.161739130435,10251.760643086815,707.1993569131846,0.088808865131805,235.0,2.0,0.009175744797157472,7.809144508219124e-05,0.009253836242239662
nJpgMT4bQ0g_first48h,nJpgMT4bQ0g,UC1M2vOZevdQWwRsW4DUBNsw,2026-05-08 15:31:41+00:00,0,Sports,15.0,False,60,0,222000.0,12.310437165348775,2517.0,5499.270833333333,16167.418226200163,17315.0,7.831220214604293,8.612552612432436,9.690815126277359,9.759386208561871,2982.270833333333,10668.147392866831,1147.5817737998368,0.3848013268859173,975.0,27.0,0.05630955818654346,0.001559341611319665,0.057868899797863124
04me1Y64hj0_first48h,04me1Y64hj0,UCiWLfSweyRNmLpgEHekhoAg,2026-05-08 15:03:41+00:00,836,Sports,15.0,False,100,0,14300000.0,16.475770165160203,,115616.12999999999,369485.4892942109,406058.0,0.0,11.658039407633343,12.819869453868895,12.914253748222958,,253869.3592942109,36572.510705789085,,9058.0,3248.0,0.022307158090716105,0.007998857306099129,0.030306015396815232
8nXS_0nPHl0_first48h,8nXS_0nPHl0,UCaS8sePfGIHBU1R6uz04d0g,2026-05-08 11:00:19+00:00,0,Sports,11.0,False,30,0,115000.0,11.652696102959753,,,39104.4921552436,39906.230562642675,0.0,0.0,10.574018200437747,10.594312803568958,,,801.7384073990761,,696.0,7.0,0.017440885550627394,0.00017541120525056288,0.017616296755877957
uIn7RlD0lDo_first48h,uIn7RlD0lDo,UC5Fms2Bl_HM6DPYgyL5DOyg,2026-05-07 12:45:10+00:00,17823,Gaming,12.0,False,37,6,167000.0,12.025755079404917,,,,243505.0,0.0,0.0,0.0,12.40289686185829,,,,,688.0,31.0,0.002825403995811174,0.0001273074474856779,0.002952711443296852
d-zYS06_VAQ_first48h,d-zYS06_VAQ,UC5fkmrA5VDTr2IU7lPmpsHA,2026-05-07 10:20:08+00:00,827,News & Politics,10.0,False,61,77,1740000.0,14.36939624590319,,,,6681.26913372582,0.0,0.0,0.0,8.807212899526393,,,,,174.0,5.0,0.026042956288301566,0.0007483608128822289,0.026791317101183793
BY_2HPiEpeo_first48h,BY_2HPiEpeo,UCexpzYDEnfmAvPSfG4xbcjA,2026-05-08 12:36:04+00:00,139,People & Blogs,12.0,False,45,0,476000.0,13.073175234051686,,,4647.3322341302555,4712.0,0.0,0.0,8.444263774920936,8.45807992692373,,,64.66776586974447,,18.0,5.0,0.0038200339558573855,0.0010611205432937182,0.004881154499151104
WB3Jar0dPU0_first48h,WB3Jar0dPU0,UCvs0dfHDjed-qDVtvGlWNeQ,2026-05-08 16:25:52+00:00,0,Entertainment,16.0,False,73,5,45599.0,10.727662995502477,2.8599999999999994,26.0,68.0,74.0,1.3506671834767394,3.295836866004329,4.23410650459726,4.31748811353631,23.14,42.0,6.0,0.25929127052722556,7.963574756459128,3.0,0.10761587508728551,0.04054054054054054,0.14815641562782605
oVcfN6FI_lY_first48h,oVcfN6FI_lY,UCGKL5LoNqNAR8yCj8wiWScA,2026-05-08 10:02:01+00:00,0,Gaming,10.0,False,64,6,97700.0,11.489667073393028,,,27186.754430379748,27947.389891696752,0.0,0.0,10.210521946146047,10.238114870186767,,,760.6354613170042,,91.8832731648616,,0.0032877228793433905,0.0,0.0032877228793433905
ipWXRxjjj9Q_first48h,ipWXRxjjj9Q,UCMpuxj_U02VaHfaPD5Jjx_Q,2026-05-08 15:16:23+00:00,3459,News & Politics,15.0,False,92,24,496000.0,13.114333221834064,,21754.069306930694,41058.178628389156,47202.0,0.0,9.987602080942889,10.622769686193324,10.762212728875873,,19304.10932145846,6143.821371610844,,513.0,19.0,0.010868183551544426,0.00040252531672386766,0.011270708868268293
D6QLAoePQZM_first48h,D6QLAoePQZM,UCmnZL4tFRl4sm-uJOxTLHmg,2026-05-08 11:00:06+00:00,2426,Gaming,11.0,False,50,0,630000.0,13.353476685668044,,,265790.6081967213,326088.0160299225,0.0,0.0,12.490467852892005,12.69492567838254,,,60297.40783320123,,3998.9094309377506,309.6176863478493,0.01226328240952836,0.0009494911530862212,0.01321277356261458
BUiqx2E4I5E_first48h,BUiqx2E4I5E,UCuTAXTexrhetbOe3zgskJBQ,2026-05-08 10:33:14+00:00,237,News & Politics,10.0,False,57,1,3220000.0,14.984892228079548,,,16037.12647554806,22766.90501672241,0.0,0.0,9.682724071328401,10.033107148532562,,,6729.778541174348,,79.13177257525084,39.68428093645485,0.0034757369311783108,0.001743068761753367,0.005218805692931678
7n6BQcIVTNc_first48h,7n6BQcIVTNc,UC6wvdADTJ88OfIbJYIpAaDA,2026-05-08 16:07:42+00:00,15866,Gaming,16.0,False,37,17,1180000.0,13.981025843899115,189312.35294117648,252782.0224719101,314959.9423233144,336111.0,12.151158873226207,12.44028678105625,12.66020391749565,12.725199716735462,63469.669530733634,62177.919851404266,21151.057676685625,0.33324669614742114,8943.0,117.0,0.026607281523068273,0.000348099288627864,0.026955380811696135
lc--p7eVBHY_first48h,lc--p7eVBHY,UCzzF1kdBgwv5RB6rbB6kVSA,2026-05-07 22:53:00+00:00,954,Gaming,22.0,False,27,29,5840000.0,15.580241526037272,,,470156.52508361207,700045.5035294117,0.0,0.0,13.060823077285125,13.458902045432373,,,229888.97844579967,,25000.0,1175.8776470588234,0.03571196425654872,0.0016797160200735723,0.03739168027662229
8M7-QcI01yY_first48h,8M7-QcI01yY,UChqUTb7kYRX8-EiaN3XFrSQ,2026-05-08 15:38:09+00:00,98,News & Politics,15.0,False,61,17,4190000.0,15.248211530561777,,2286.546391752577,3341.2174267100977,3715.0,0.0,7.735235077491604,8.114389765899096,8.22040309993373,,1054.6710349575205,373.7825732899023,,19.0,9.0,0.0051144010767160165,0.0024226110363391655,0.007537012113055182
49QcHrpAy1w_first48h,49QcHrpAy1w,UC9DWR5r56dXZL1SYmUiUc2w,2026-05-08 16:27:35+00:00,0,People & Blogs,16.0,False,32,0,12600.0,9.441531454869693,1.0,7.3636363636363615,51.0,52.0,0.6931471805599453,2.1238933042506694,3.9512437185814275,3.970291913552122,6.3636363636363615,43.63636363636364,1.0,0.1571428571428572,1.0,,0.019230769230769232,0.0,0.019230769230769232
d1-jRWVytzA_first48h,d1-jRWVytzA,UChWoDluh-gUgIpqzG1m-Sng,2026-05-08 16:00:06+00:00,2507,People & Blogs,16.0,False,56,7,31100.0,10.344995251991222,538.8421052631579,844.9537037037037,4155.146103896104,4457.0,6.291276699140971,6.740464634354336,8.332343506532888,8.402455513945814,306.1115984405458,3310.192400192401,301.85389610389575,0.9860910126949111,580.0,124.0,0.1301323760376935,0.027821404532196545,0.15795378056989007
5pJZdzw4Kag_first48h,5pJZdzw4Kag,UC05cNJvMKzDLRPo59X2Xx7g,2026-05-06 22:26:52+00:00,600,Sports,22.0,False,60,0,585000.0,13.279368835614243,,,,372016.14285714284,0.0,0.0,0.0,12.826695215142806,,,,,6027.968253968254,241.87301587301587,0.016203512588654094,0.000650168065330157,0.01685368065398425
eWRizNQrh6I_first48h,eWRizNQrh6I,UCfdLDnGcRM3okEOtocWNHuQ,2026-05-08 12:48:14+00:00,0,Gaming,12.0,False,28,0,232000.0,12.354496960983985,,,98286.0,97858.0,0.0,0.0,11.495647049169955,11.491282946111157,,,0.0,,1406.0,,0.014367757362709233,0.0,0.014367757362709233
3l5982osFNk_first48h,3l5982osFNk,UC6kZpTl39-_SqfBrF1-N2oQ,2026-05-07 13:05:50+00:00,7094,News & Politics,13.0,False,79,0,1020000.0,13.83531416565213,,,,68923.0,0.0,0.0,0.0,11.14075972726299,,,,,2248.0,25.0,0.03261610783047749,0.00036272361911118204,0.03297883144958867
u0j71OZ1Y5U_first48h,u0j71OZ1Y5U,UCDCJyLpbfgeVE9iZiEam-Kg,2026-05-08 12:56:46+00:00,147,News & Politics,12.0,False,46,9,1340000.0,14.108180918195472,,,475.0,488.0,0.0,0.0,6.16541785423142,6.192362489474872,,,13.0,,4.0,,0.00819672131147541,0.0,0.00819672131147541
-Pt4U1nsOwE_first48h,-Pt4U1nsOwE,UCACRQnfs6_wOuX5ngWABkJg,2026-05-08 15:41:33+00:00,0,Sports,15.0,False,40,38,41600.0,10.635879484421974,,2636.0,7623.1612903225805,9014.0,0.0,7.877397186353287,8.939077600713958,9.106645135637418,,4987.1612903225805,1390.8387096774195,,397.0,36.0,0.04404260039937875,0.0039937874417572666,0.04803638784113601
BNIomgSPGtU_first48h,BNIomgSPGtU,UCAVR6Q0YgYa8xwz8rdg9Mrg,2026-05-08 13:02:24+00:00,3528,Entertainment,13.0,False,16,0,2130000.0,14.571633007169066,,,583741.0,617462.0,0.0,0.0,13.277214383374549,13.333374426660713,,,33721.0,,28000.0,520.0,0.04534692013435645,0.0008421570882094769,0.046189077222565926
0Q-fxRJakCY_first48h,0Q-fxRJakCY,UCe3uJZIjfYwNNR0S6W3GvEA,2026-05-08 11:50:35+00:00,8910,Gaming,11.0,False,42,21,513000.0,13.148033073468746,,,220969.07518189168,228823.2222664016,0.0,0.0,12.305782564914834,12.34070939943327,,,7854.147084509925,,5879.707355864811,74.99390324718357,0.025695413680607605,0.0003277372921524277,0.026023150972760034
SIrx0qoRO9k_first48h,SIrx0qoRO9k,UCtmU4jurM43b268MbBAIklw,2026-05-08 16:04:37+00:00,0,Sports,16.0,False,99,0,3040.0,8.019941687677365,2475.596153846154,5875.016949152542,13519.100731112916,13810.0,7.8146403777821964,8.67863442176077,9.511932800095304,9.533220655077928,3399.4207953063883,7644.083781960374,290.89926888708396,0.08557318625829767,29.0,,0.002099927588703838,0.0,0.002099927588703838
kXd8JO8HqY8_first48h,kXd8JO8HqY8,UC5DOK_H_fkhHBw_7pl0TViQ,2026-05-08 16:20:16+00:00,168,News & Politics,16.0,False,45,3,230000.0,12.345838935721968,478.16,1151.6701030927836,2343.0,2439.8780694326842,6.17203457086313,7.049836358854185,7.759614150696903,7.800113118073133,673.5101030927835,1191.3298969072164,96.87806943268424,0.14384055857190045,38.0,48.0,0.015574548776052438,0.01967311424343466,0.0352476630194871
igGfDRY9WTE_first48h,igGfDRY9WTE,UCMYlXK0jyerVnc3dmz-vjCA,2026-05-07 23:05:42+00:00,160,News & Politics,23.0,False,59,3,542000.0,13.20302312543853,,,360.0,488.6177156177156,0.0,0.0,5.8888779583328805,6.19362491440321,,,128.6177156177156,,4.0,3.0,0.00818635893081191,0.006139769198108933,0.014326128128920841
4CAdOte2zfA_first48h,4CAdOte2zfA,UCmbagenu_49x_Mzb_-L3DVA,2026-05-08 15:59:03+00:00,0,Gaming,15.0,False,90,22,94000.0,11.451060699493427,,83807.05555555555,178014.02926829268,177958.0,0.0,11.33628441019806,12.089623259801396,12.089308465663912,,94206.97371273713,0.0,,267.0,,0.0015003540161161622,0.0,0.0015003540161161622
Fxq9qS1rlZg_first48h,Fxq9qS1rlZg,UCCj2OE6mkIuPY3vP4pazmqQ,2026-05-08 15:57:10+00:00,0,News & Politics,15.0,False,87,24,695000.0,13.451668563394815,,15430.203703703703,47557.612195121954,51438.0,0.0,9.64414695292398,10.769718170293226,10.848151918598122,,32127.408491418253,3880.387804878046,,4759.0,479.0,0.09251914926707881,0.009312181655585365,0.10183133092266418
7F7LQhYP3Ew_first48h,7F7LQhYP3Ew,UCTHCOPwqNfZ0uiKOvFyhGwg,2026-05-07 21:00:05+00:00,41,News & Politics,21.0,False,53,8,2230000.0,14.617512591866694,,,1030.0,1272.7011217948718,0.0,0.0,6.93828448401696,7.149682210332448,,,242.70112179487182,,2.0,6.0,0.0015714608604881475,0.004714382581464443,0.00628584344195259
N6q21mPok1E_first48h,N6q21mPok1E,UC-f4h9oSW5JreShkauu0m1A,2026-05-07 20:59:48+00:00,0,Entertainment,20.0,False,74,31,597000.0,13.299674067415213,,,55139.066061106525,112778.15292233787,0.0,0.0,10.917631882638487,11.633186786447506,,,57639.08686123135,,11000.0,836.0792634107286,0.09753662136650616,0.007413486049789055,0.10495010741629522
fm5Yto58HvQ_first48h,fm5Yto58HvQ,UCpu3bemTQwAU8PqM4kJdoEQ,2026-05-07 00:32:02+00:00,186,News & Politics,0.0,False,49,8,3220000.0,14.984892228079548,,,,4265.44784768212,0.0,0.0,0.0,8.358536874224939,,,,,58.31043046357616,43.68956953642384,0.013670412239423474,0.010242668788030106,0.02391308102745358
k8PC_N_XJiY_first48h,k8PC_N_XJiY,UCV4vOEEG8DXZyLSl5P9lLmg,2026-05-08 13:10:30+00:00,0,Education,13.0,False,98,0,100000.0,11.51293546492023,,,1730.2842105263157,1958.0,0.0,0.0,7.456618730333228,7.580189417944541,,,227.71578947368425,,135.0,17.0,0.06894790602655772,0.008682328907048007,0.07763023493360573
muaXx9dp4k4_first48h,muaXx9dp4k4,UCQhaZjODkIjuv38d-i5TVRw,2026-05-08 11:26:29+00:00,696,News & Politics,11.0,False,95,39,816000.0,13.61217085943569,,,15118.303643724696,16937.05359957961,0.0,0.0,9.623727593363732,9.737318061933948,,,1818.7499558549134,,123.1991592222806,172.86547556489754,0.007273942808171694,0.010206348734067193,0.017480291542238888
p8kDo0lCb0U_first48h,p8kDo0lCb0U,UCnLN4e9bOcN8a9v3EQ1QApg,2026-05-08 16:10:38+00:00,0,Gaming,16.0,False,66,27,92899.0,11.439278924801929,,6816.7422680412365,30591.736053288925,31710.912265386294,0.0,8.827283650288015,10.328517875881012,10.364447670519754,,23774.993785247687,1119.176212097369,,762.8769096464426,5.0,0.024057236299668133,0.000157674429488353,0.024214910729156488
aqpJc_eiSuM_first48h,aqpJc_eiSuM,UCUQPlc6ur83fAUxWO_Tkscw,2026-05-08 15:04:37+00:00,0,Gaming,15.0,False,15,0,2260.0,7.72356247227797,,33708.119999999995,61649.260111022995,61621.0,0.0,10.425523702874015,11.029232727740492,11.028774228618424,,27941.140111023,0.0,,124.0,,0.0020123010012820307,0.0,0.0020123010012820307
bR3CqRt6B-w_first48h,bR3CqRt6B-w,UCeA0fcfLVewbuD7H5YsrpdA,2026-05-08 15:14:22+00:00,0,Gaming,15.0,False,35,21,149000.0,11.91170829631447,,10459.595959595961,36199.7209486166,36596.0,0.0,9.255370711100671,10.496834313323188,10.507721548816848,,25740.12498902064,396.279051383397,,413.0,,0.01128538638102525,0.0,0.01128538638102525
JBRzy8w3t2g_first48h,JBRzy8w3t2g,UCeY0bbntWzzVIaj2z3QigXg,2026-05-08 15:51:59+00:00,30,News & Politics,15.0,True,90,0,11900000.0,16.29204904211537,,9232.56,27139.22606596943,28111.0,0.0,9.130599951942466,10.208772262977213,10.243951810426879,,17906.66606596943,971.7739340305707,,265.0,98.0,0.009426914730888265,0.0034861797872718864,0.01291309451816015
coH9yuEWgMw_first48h,coH9yuEWgMw,UCp1KrVaZDZ7BOI_QBuTWWmg,2026-05-08 13:39:15+00:00,45,News & Politics,13.0,False,70,2,595000.0,13.296318365198623,,,11403.0,11421.0,0.0,0.0,9.341719450032562,9.343296599224809,,,18.0,,79.0,142.0,0.0069170825672007705,0.012433237019525435,0.019350319586726207
-J4VoHt5x-A_first48h,-J4VoHt5x-A,UCDvm7YoLE5r3ZZ6MWyD2vGQ,2026-05-08 12:31:30+00:00,0,Gaming,12.0,False,81,21,4110000.0,15.22893382978139,,,67418.05996758508,69160.0,0.0,0.0,11.118683045759745,11.144192398917678,,,1741.9400324149174,,1179.0,15.0,0.017047426257952573,0.00021688837478311162,0.017264314632735686
_8l52WlwuDk_first48h,_8l52WlwuDk,UCMOcj8AJi-jnlbuONEEpgww,2026-05-07 19:08:22+00:00,0,Sports,19.0,False,71,0,1670.0,7.421177528595393,,,,73747.98014888338,0.0,0.0,0.0,11.208422445616735,,,,,48.0,,0.0006508652834029756,0.0,0.0006508652834029756
gAK5IDoDBx4_first48h,gAK5IDoDBx4,UCAAvO0ehWox1bbym3rXKBZw,2026-05-08 01:00:05+00:00,10599,News & Politics,1.0,False,100,0,2290000.0,14.64406281221155,,,1226023.6567411083,1286186.0,0.0,0.0,14.019287506810405,14.06719258533902,,,60162.34325889172,,84000.0,837.0,0.06530937205038774,0.0006507612429306493,0.06596013329331839
k833hrS7qAs_first48h,k833hrS7qAs,UCgi-ChJ65n4TLMVAE5Izi_Q,2026-05-08 15:04:51+00:00,0,Entertainment,15.0,False,92,25,61800.0,11.031674824544641,,5201.0,37296.614583333336,52071.0,0.0,8.556798446008598,10.526684651397424,10.860382655252224,,32095.614583333336,14774.385416666664,,1939.0,317.0,0.03723761786791112,0.006087841600891091,0.04332545946880221
-ToM_XtDYa0_first48h,-ToM_XtDYa0,UCBYfdTTVxTqByXPw0ERNisw,2026-05-08 11:00:01+00:00,772,Travel & Events,11.0,False,71,15,53300.0,10.883710371704016,,,4292.599831508003,6279.576923076923,0.0,0.0,8.364880781620025,8.745217121974749,,,1986.9770915689196,,141.26923076923077,10.653846153846153,0.022496616014062682,0.0016965866147278417,0.024193202628790527
0eWJ0ZdkhJg_first48h,0eWJ0ZdkhJg,UCGX7nGXpz-CmO_Arg-cgJ7A,2026-05-07 13:00:05+00:00,5232,News & Politics,13.0,False,64,30,2930000.0,14.89051332229012,,,,358156.1270096463,0.0,0.0,0.0,12.788727071354995,,,,,22000.0,3307.006430868167,0.06142572565680963,0.009233421353082418,0.07065914700989205
CPYO4zXC5Hc_first48h,CPYO4zXC5Hc,UCoLrcjPV5PbUrUyXq5mjc_A,2026-05-07 22:48:53+00:00,683,Sports,22.0,False,55,6,7200000.0,15.789591722875162,,,93720.40734557596,101275.09582689335,0.0,0.0,11.448081909000406,11.525605688322333,,,7554.688481317382,,1461.6120556414219,125.0,0.014432097483666804,0.001234261977037859,0.015666359460704663
cmH3BC1zY0Q_first48h,cmH3BC1zY0Q,UCoQBJMzcwmXrRSHBFAlTsIw,2026-05-07 10:20:53+00:00,325,News & Politics,10.0,False,62,7,2330000.0,14.66137925472634,,,,28970.059216013346,0.0,0.0,0.0,10.27405265260841,,,,,204.33110925771476,93.93244370308591,0.007053182312612248,0.0032423973662837487,0.010295579678895996
NXt0pD9aYDk_first48h,NXt0pD9aYDk,UCXIJgqnII2ZOINSWNOGFThA,2026-05-08 16:30:08+00:00,365,News & Politics,16.0,False,56,30,15300000.0,16.54336345172214,,89959.5,156959.63959390862,167920.8875502008,0.0,11.407125964083596,11.963750349675626,12.031254195201948,,67000.13959390862,10961.24795629218,,2824.8232931726907,1036.3469879518073,0.016822346132062908,0.006171638341549297,0.0229939844736122
DvahO4ZXW_g_first48h,DvahO4ZXW_g,UCbk_QsfaFZG6PdQeCvaYXJQ,2026-05-08 13:00:33+00:00,1482,Education,13.0,False,52,14,5550000.0,15.52930866590278,,,16559.154340836012,26397.0,0.0,0.0,9.714754747994611,10.1810435286889,,,9837.845659163988,,1130.0,91.0,0.04280789483653445,0.003447361442588173,0.04625525627912263
4g2G-S87J3M_first48h,4g2G-S87J3M,UCKuq0c-RXYaulECSuu5hFug,2026-05-07 03:00:12+00:00,83,Gaming,3.0,False,51,2,122000.0,11.711784520403112,,,,115783.75930521092,0.0,0.0,0.0,11.659488223241862,,,,,5319.1612903225805,1361.9081885856078,0.04594047837314597,0.011762514853189037,0.05770299322633501
b-_l4FXtL6A_first48h,b-_l4FXtL6A,UCBvKuSAkXERBnGSQOH0Sarw,2026-05-08 12:44:04+00:00,0,Gaming,12.0,False,50,51,102000.0,11.532737896139919,,,21393.50081168831,21834.0,0.0,0.0,9.970889196570697,9.991269465919661,,,440.49918831168907,,183.0,6.0,0.00838142346798571,0.0002748007694421544,0.008656224237427864
_mp8hstae3Y_first48h,_mp8hstae3Y,UCIU8ha-NHmLjtUwU7dFiXUA,2026-05-08 15:57:34+00:00,95,News & Politics,15.0,False,67,19,3100000.0,14.946912992035967,,296.1913043478261,832.2038678485093,845.0,0.0,5.694376053828168,6.725278351536999,6.740519359606223,,536.0125635006832,12.796132151490724,,2.0,3.0,0.002366863905325444,0.0035502958579881655,0.005917159763313609
RVLWKUOzO-o_first48h,RVLWKUOzO-o,UCGuYW3C2jbzaMuKWiCLhQeQ,2026-05-08 14:01:36+00:00,0,Gaming,14.0,False,38,0,3820.0,8.2482674474469,,,29113.991452991453,29032.0,0.0,0.0,10.279008490710863,10.276188393050319,,,0.0,,112.0,,0.0038578120694406173,0.0,0.0038578120694406173
2ghjyx0E66w_first48h,2ghjyx0E66w,UCkaNo2FUEWips2z4BkOHl6Q,2026-05-06 21:03:50+00:00,0,Sports,21.0,False,97,15,745000.0,13.521140839642674,,,,8806.348547717847,0.0,0.0,0.0,9.083341714236472,,,,,308.19751037344406,52.32863070539423,0.03499719647745637,0.005942148487746959,0.04093934496520333
nywOccqa-qk_first48h,nywOccqa-qk,UC5l1Yto5oOIgRXlI4p4VKbw,2026-05-08 13:00:31+00:00,670,News & Politics,13.0,False,62,0,3750000.0,15.137266664613225,,,3004.061224489796,3321.493123772102,0.0,0.0,8.008053220968012,8.108470720990708,,,317.43189928230595,,87.28290766208251,,0.026278214167415888,0.0,0.026278214167415888
TjGvd7vvZTo_first48h,TjGvd7vvZTo,UCd6GEK664CTEWRZda7Fu7Lg,2026-05-08 09:26:25+00:00,60,News & Politics,9.0,False,31,3,349000.0,12.762830066509972,,,921.2301324503311,1134.25111985883,0.0,0.0,6.826794793767466,7.034609156420058,,,213.02098740849885,,22.72146056739514,5.907153522465046,0.020032125311212456,0.005207976804290268,0.025240102115502722
CFrmH11vUCI_first48h,CFrmH11vUCI,UC8p1vwvWtl6T73JiExfWs1g,2026-05-07 13:46:41+00:00,177,News & Politics,13.0,False,82,6,7010000.0,15.762848401664115,,,,3802.0064882400648,0.0,0.0,0.0,8.24354721401149,,,,,57.0,75.0,0.01499208383160469,0.019726426094216695,0.034718509925821386
5TssANqdlL8_first48h,5TssANqdlL8,UCF2e8f4ifh-_tzKRDqS4Wzg,2026-05-08 17:01:52+00:00,0,Entertainment,17.0,False,11,0,328000.0,12.700771936142122,,4247824.907563025,4666520.720871752,4672401.0,0.0,15.261917858852025,15.355924538615861,15.35718384430913,,418695.813308727,5880.279128247872,,7189.0,29.0,0.0015386093787754947,6.206659060298977e-06,0.0015448160378357936
IimL3viA7hI_first48h,IimL3viA7hI,UCxRmRUB3kX-X-_9YsNFhq3g,2026-05-08 12:37:31+00:00,0,Sports,12.0,False,40,7,208000.0,12.245298166364206,,,79582.82875605815,82101.27896786758,0.0,0.0,11.284566194862505,11.315721053494574,,,2518.450211809424,,693.5847127555988,,0.008447916055327844,0.0,0.008447916055327844
31SW6j50gRs_first48h,31SW6j50gRs,UCNkJevYXQcjTc70j45FXFjA,2026-05-08 09:56:00+00:00,1457,Gaming,9.0,False,62,0,48500.0,10.789339695269716,,,80179.1961602671,93210.05623901582,0.0,0.0,11.292031832692222,11.442621622811789,,,13030.860078748708,,768.261862917399,40.92442882249561,0.00824226369896578,0.00043905593960327945,0.00868131963856906
tES0PmnotWE_first48h,tES0PmnotWE,UCTFj-OhIp1jlPACOaPlZ6zg,2026-05-07 12:58:55+00:00,0,People & Blogs,12.0,False,89,21,806.0,6.693323668269949,,,,3154.05631536605,0.0,0.0,0.0,8.056761624377359,,,,,22.368463395012068,,0.007091967028628039,0.0,0.007091967028628039
dYH2Sk4sAEE_first48h,dYH2Sk4sAEE,UCupvZG-5ko_eiXAupbDfxWw,2026-05-08 13:22:17+00:00,42,People & Blogs,13.0,True,52,0,19500000.0,16.785925074816024,,,56641.444444444445,78930.6247582205,0.0,0.0,10.944513885000685,11.276337247290034,,,22289.18031377605,,1330.4206963249517,216.178916827853,0.016855570323943123,0.0027388471520407966,0.01959441747598392
KtBhJep7hug_first48h,KtBhJep7hug,UCJpAwvQaZyCI5spAz7tipGA,2026-05-07 08:30:08+00:00,1411,Gaming,8.0,False,11,4,787000.0,13.575984798046763,,,,274530.0,0.0,0.0,0.0,12.522819466160051,,,,,1939.0,289.0,0.0070629803664444685,0.0010527082650347867,0.008115688631479255
SkCdTQwIgTI_first48h,SkCdTQwIgTI,UCgizYG4LeUQnwFMBQBwJWSQ,2026-05-08 15:33:50+00:00,0,Sports,15.0,False,65,32,213000.0,12.269052139516223,,7511.990654205607,48826.5109135004,57043.0,0.0,8.924388888418648,10.79604918122237,10.951578178856657,,41314.5202592948,8216.489086499598,,4189.0,195.0,0.07343582911137213,0.0034184737829356803,0.07685430289430781
BFSC4yFcme0_first48h,BFSC4yFcme0,UCExxWMXIf8UR5xb4eQTdh7A,2026-05-08 15:16:11+00:00,49,News & Politics,15.0,False,58,15,108000.0,11.58989576532275,,,426.3998410174881,445.0,0.0,0.0,6.05771997090905,6.100318952020064,,,18.600158982511914,,2.0,,0.0044943820224719105,0.0,0.0044943820224719105
kmEPjV4qxHU_first48h,kmEPjV4qxHU,UCExxWMXIf8UR5xb4eQTdh7A,2026-05-08 14:40:52+00:00,145,News & Politics,14.0,False,61,15,108000.0,11.58989576532275,,,15.0,16.0,0.0,0.0,2.772588722239781,2.833213344056216,,,1.0,,0.0,,0.0,0.0,0.0
WZTA6abAZMo_first48h,WZTA6abAZMo,UCExxWMXIf8UR5xb4eQTdh7A,2026-05-08 14:28:49+00:00,237,News & Politics,14.0,False,99,15,108000.0,11.58989576532275,,,24.0,32.0,0.0,0.0,3.2188758248682006,3.4965075614664802,,,8.0,,0.0,,0.0,0.0,0.0
yqCCAJxObkg_first48h,yqCCAJxObkg,UCQ7SNp-izmqQasmP3Oc2t5w,2026-05-07 20:06:59+00:00,584,Gaming,20.0,False,99,7,29500.0,10.292179440058462,,,,16584.378861788617,0.0,0.0,0.0,9.716276794761399,,,,,344.0,448.37235772357724,0.020742410847390626,0.0270358245828943,0.04777823543028492
YiLgoSv7w0M_first48h,YiLgoSv7w0M,UC2VmWn8dAqkzlQqvy02E1PA,2026-05-08 10:04:38+00:00,129,News & Politics,10.0,False,33,14,1460000.0,14.19394767861579,,,465.71475953565505,500.2033195020747,0.0,0.0,6.1457182777731525,6.217011846108669,,,34.48855996641964,,5.0,9.0,0.009995935262839177,0.01799268347311052,0.027988618735949697
2wB9npWFFZk_first48h,2wB9npWFFZk,UCK1ejENR4sra6wiCJgOuUOg,2026-05-08 14:03:02+00:00,0,Gaming,14.0,False,67,2,60900.0,11.017004873924424,,,9220.423622047245,9340.328442972077,0.0,0.0,9.129284710493238,9.142203752690529,,,119.90482092483217,,26.0,,0.0027836280232268625,0.0,0.0027836280232268625
vzPB8jR2Gr8_first48h,vzPB8jR2Gr8,UCYzPXprvl5Y-Sf0g4vX-m6g,2026-05-07 16:01:37+00:00,5885,Gaming,16.0,False,15,1,31200000.0,17.25592868483099,,,,642604.6803874092,0.0,0.0,0.0,13.373286565318894,,,,,31646.489104116223,1922.6973365617432,0.04924721227526292,0.00299203755472587,0.05223924982998879
lzIIC5T2RSE_first48h,lzIIC5T2RSE,UCnwI-VN5jXWIGQKOI9PMDMw,2026-05-08 17:27:34+00:00,27,News & Politics,17.0,False,31,3,194000.0,12.175618592671356,,580.5263157894736,858.0,878.0,0.0,6.365656225946735,6.755768921984255,6.778784897685177,,277.47368421052636,20.0,,10.0,2.0,0.011389521640091117,0.002277904328018223,0.01366742596810934
Em7z-ENltTs_first48h,Em7z-ENltTs,UCORy0Yqzd8bVj2Gb4xyq6HA,2026-05-08 17:03:12+00:00,473,Sports,17.0,False,84,27,401000.0,12.901719200051183,,3803.1578947368416,28660.254194630874,32043.0,0.0,8.243849930358241,10.263301461577178,10.374865237335007,,24857.09629989403,3382.745805369126,,373.0,147.0,0.01164060793308991,0.004587585432075649,0.01622819336516556
n2XDB_fuv7Y_first48h,n2XDB_fuv7Y,UCWsDFcIhY2DBi3GB5uykGXA,2026-05-07 00:17:13+00:00,19580,Gaming,0.0,False,36,1,53700000.0,17.798923578101068,,,,6688189.651527663,0.0,0.0,0.0,15.715853939848694,,,,,250000.0,7231.142857142857,0.03737932281015641,0.0010811808925739982,0.03846050370273041
zyd2gDuT2R8_first48h,zyd2gDuT2R8,UCF4Wxdo3inmxP-Y59wXDsFw,2026-05-08 10:59:20+00:00,0,News & Politics,10.0,False,96,15,6160000.0,15.633587497847351,,,150495.46960865945,166681.78934010153,0.0,0.0,11.92169490514616,12.023847820098199,,,16186.319731442083,,951.6700507614213,7.967005076142132,0.005709502246940791,4.7797693483395854e-05,0.005757299940424187
eefPAkU_Cko_first48h,eefPAkU_Cko,UCuTAXTexrhetbOe3zgskJBQ,2026-05-08 14:18:25+00:00,0,News & Politics,14.0,False,67,27,3220000.0,14.984892228079548,,,87245.58523173605,89808.12031466914,0.0,0.0,11.376493701553626,11.405441811657322,,,2562.5350829330855,,209.0,6.0,0.002327183769883025,6.680910344161793e-05,0.002393992873324643
eQeLeVUFzrw_first48h,eQeLeVUFzrw,UCMOcj8AJi-jnlbuONEEpgww,2026-05-07 19:15:27+00:00,3769,Sports,19.0,False,59,0,1670.0,7.421177528595393,,,,95026.0,0.0,0.0,0.0,11.461916340728832,,,,,52.0,,0.0005472186559467935,0.0,0.0005472186559467935
9Ptga3Oe23c_first48h,9Ptga3Oe23c,UCEuhJuBlJ02uvpVjR39RVqQ,2026-05-07 09:30:00+00:00,1476,Gaming,9.0,False,51,24,250000.0,12.429220196836383,,,,29364.0,0.0,0.0,0.0,10.28755876795662,,,,,198.0,23.0,0.006742950551695954,0.0007832720337828633,0.007526222585478817
9XBCefQhEds_first48h,9XBCefQhEds,UCXOBLGJdYA1mfhOrDwQESTg,2026-05-07 09:30:09+00:00,609,Gaming,9.0,False,86,17,516000.0,13.153863982446317,,,,89037.0,0.0,0.0,0.0,11.396818523882242,,,,,1554.0,90.0,0.01745341824185451,0.0010108157282927323,0.018464233970147244
jtPdyL45MHY_first48h,jtPdyL45MHY,UCiS882YPwZt1NfaM0gR0D9Q,2026-05-08 12:00:06+00:00,2379,Gaming,12.0,False,80,0,8190000.0,15.918424577929366,,,938288.1380443714,1015921.0146148782,0.0,0.0,13.751813430003496,13.831307146905754,,,77632.87657050684,,64990.388413429886,4933.404081632653,0.06397189100184807,0.004856090198609425,0.0688279812004575
IDRo3zdU_Gs_first48h,IDRo3zdU_Gs,UCVXxhhmqa51GtveM8X6lp9w,2026-05-08 16:50:09+00:00,0,Gaming,16.0,False,98,1,56700.0,10.945547126244623,,1138.6875,2999.093434343434,3134.0,0.0,7.038509381002999,8.006398711946403,8.050384453067021,,1860.4059343434342,134.90656565656582,,204.0,8.0,0.0650925335035099,0.0025526483726866626,0.06764518187619656
1B2dO7EyqSA_first48h,1B2dO7EyqSA,UChzO3erIRWTNMP9PN4wx3sA,2026-05-07 15:52:02+00:00,0,Gaming,15.0,False,24,13,3240.0,8.083637203141548,,,,66162.2837398374,0.0,0.0,0.0,11.099880961776604,,,,,38.0,,0.0005743453498283581,0.0,0.0005743453498283581
iWtp_nnv40o_first48h,iWtp_nnv40o,UCm_jnI7ubEWq57tEk6pDHBw,2026-05-08 10:56:41+00:00,592,Film & Animation,10.0,False,70,8,10800.0,9.287394001418473,,,552.3560732113144,640.0195205030788,0.0,0.0,6.316001688003081,6.463059909659911,,,87.66344729176433,,5.886807284160881,,0.009197855839668194,0.0,0.009197855839668194
Ixoy6yofGvs_first48h,Ixoy6yofGvs,UCGWkDcYbDKP9r--ym28YwAQ,2026-05-07 21:39:45+00:00,26718,Gaming,21.0,False,40,28,2060000.0,14.53821702620254,,,93467.64066390041,95222.0,0.0,0.0,11.445381265050662,11.463976788238345,,,1754.3593360995874,,865.0,4.0,0.00908403520194913,4.200709919976476e-05,0.009126042301148895
ufEaYEzFnng_first48h,ufEaYEzFnng,UCiwt1aanVMoPYUt_CQYCPQg,2026-05-08 12:01:43+00:00,670,News & Politics,12.0,False,62,0,1500000.0,14.220976332738882,,,1825.8719806763286,1986.474820143885,0.0,0.0,7.510360483138221,7.594620177338238,,,160.60283946755635,,52.96533682145193,3.0,0.026662979205352086,0.001510212950890917,0.028173192156243
ooHlQU7NpN0_first48h,ooHlQU7NpN0,UCMJnMEgyClpkTg-Ej3U3u0w,2026-05-08 16:57:14+00:00,0,Gaming,16.0,False,24,0,18400.0,9.820160289946374,,6901.297872340425,34817.13930348259,36895.0,0.0,8.839609660121715,10.457893774314863,10.515858423068785,,27915.841431142166,2077.8606965174113,,1291.0,9.0,0.03499119121832227,0.00024393549261417536,0.03523512671093644
7VeNBYhRRgk_first48h,7VeNBYhRRgk,UCcMTEMM9thvQDfjcdeGooRQ,2026-05-07 20:49:33+00:00,0,Sports,20.0,False,59,0,32400.0,10.385944565501662,,,,19118.24458700882,0.0,0.0,0.0,9.858450676777233,,,,,309.01924619085804,1.0,0.016163578449082193,5.2306057465104165e-05,0.016215884506547297
t84CEMWfyUM_first48h,t84CEMWfyUM,UC1ifSsWUG241rRfK0ezYCgA,2026-05-08 12:05:20+00:00,0,Sports,12.0,False,56,5,1190000.0,13.989464705423494,,,1382.5787755102037,2221.734779200418,0.0,0.0,7.232428736897799,7.706493599244327,,,839.1560036902142,,25.925790436373138,,0.011669165320310461,0.0,0.011669165320310461
8tIl-m1X4PU_first48h,8tIl-m1X4PU,UCHilzfET9Mh0DDYEnSHaeUg,2026-05-07 15:00:13+00:00,570,Gaming,15.0,False,30,20,128000.0,11.759793355371237,,,,39064.78016910069,0.0,0.0,0.0,10.573002175282257,,,,,582.2475019215988,22.649500384319754,0.014904666029124174,0.0005797933659494895,0.015484459395073662
tV8Xo-qaNR8_first48h,tV8Xo-qaNR8,UC2VmWn8dAqkzlQqvy02E1PA,2026-05-07 15:01:31+00:00,140,News & Politics,15.0,False,36,8,1460000.0,14.19394767861579,,,,2322.0434782608695,0.0,0.0,0.0,7.750633449022668,,,,,12.0,4.0,0.005167861890763383,0.001722620630254461,0.006890482521017844
LFw3dw6tPUo_first48h,LFw3dw6tPUo,UC-EVzsFgTt29NdXVM61r4oQ,2026-05-08 16:19:21+00:00,0,Sports,16.0,False,99,12,6430.0,8.768885326134862,,,8881.563237774031,8897.751125665165,0.0,0.0,9.091845447236462,9.093666222915074,,,16.18788789113387,,18.0,,0.0020229830825544003,0.0,0.0020229830825544003
l5ZTFlhvy4E_first48h,l5ZTFlhvy4E,UC-gW4TeZAlKm7UATp24JsWQ,2026-05-07 19:28:00+00:00,2140,Gaming,19.0,False,34,21,4310000.0,15.276448694098464,,,,1082241.1818181819,0.0,0.0,0.0,13.89454554127091,,,,,63818.181818181816,1734.2727272727273,0.05896853944419883,0.001602482659511369,0.0605710221037102
ST0d1W7v06A_first48h,ST0d1W7v06A,UCBi2mrWuNuyYy4gbM6fU18Q,2026-05-08 13:52:47+00:00,64,News & Politics,13.0,False,43,18,19600000.0,16.791040175221152,,,14716.270769230769,15039.0,0.0,0.0,9.596776965393367,9.618468597503831,,,322.72923076923144,,104.0,268.0,0.006915353414455748,0.017820333798789813,0.024735687213245563
8u1iPcfJ08M_first48h,8u1iPcfJ08M,UCIul30v9pU1JxKx6jlI7wBA,2026-05-07 22:18:27+00:00,196,News & Politics,22.0,False,75,6,201000.0,12.211065162153215,,,274.69786535303774,400.0,0.0,0.0,5.619305575355735,5.993961427306569,,,125.30213464696226,,8.0,9.0,0.02,0.0225,0.0425
HB7kHFL3fL8_first48h,HB7kHFL3fL8,UC7eBNeDW1GQf2NJQ6G6gAxw,2026-05-08 17:00:17+00:00,563,People & Blogs,17.0,False,55,14,4560000.0,15.33283340078879,,11062.806722689076,45488.11735121543,53053.0,0.0,9.311434404165352,10.725228397236995,10.879065541765154,,34425.31062852635,7564.882648784573,,1174.0,415.0,0.02212881458164477,0.007822366312932351,0.02995118089457712
1tStsDJnCNw_first48h,1tStsDJnCNw,UCn2mYERnrasqYZoFXRNpMIQ,2026-05-08 17:48:37+00:00,0,Sports,17.0,False,32,0,36200.0,10.49684202174171,,13992.349999999999,43341.0,43355.0,0.0,9.546337495749158,10.676877420772277,10.677200380935641,,29348.65,14.0,,181.0,3.0,0.00417483565909353,6.919617114519663e-05,0.004244031830238726
PZtfSifPvqM_first48h,PZtfSifPvqM,UCfq4V1DAuaojnr2ryvWNysw,2026-05-08 16:46:10+00:00,0,News & Politics,16.0,False,59,6,3400000.0,15.039286283703994,,,106439.00253807107,109939.0,0.0,0.0,11.575336748936712,11.607690041414651,,,3499.997461928928,,619.0,30.0,0.0056303950372479285,0.00027287859631250057,0.005903273633560429
PK0YBhIhYEA_first48h,PK0YBhIhYEA,UCENoC6MLc4pL-vehJyzSWmg,2026-05-07 13:00:47+00:00,1827,Gaming,13.0,False,88,7,1600000.0,14.285514812209815,,,,152820.55727051178,0.0,0.0,0.0,11.93702622737678,,,,,1149.7863525588953,294.1145410235581,0.007523767568283549,0.001924574456975301,0.00944834202525885
jJw0oOetgPM_first48h,jJw0oOetgPM,UCkKJhKO73xF1pK5h9R82ZGQ,2026-05-08 09:04:40+00:00,208,News & Politics,9.0,False,89,15,1290000.0,14.070153551531353,,,2540.1712846347605,4275.938285090115,0.0,0.0,7.8403803894051745,8.360992678637208,,,1735.7670004553543,,20.575095576187874,29.78754778809394,0.004811831744141802,0.0069663184550537004,0.011778150199195501
VLqlssP1Dxw_first48h,VLqlssP1Dxw,UC3ZhM0fDxU9bqqlwWRMHwuw,2026-05-07 06:10:13+00:00,165,Gaming,6.0,False,30,10,702000.0,13.461690107508359,,,,549632.0,0.0,0.0,0.0,13.21700606175585,,,,,42000.0,3828.0,0.07641476478807639,0.0069646599906846764,0.08337942477876106
wS-6VeQGgH4_first48h,wS-6VeQGgH4,UCCQmi1Bd-_tHRm6M2uPlGUA,2026-05-07 17:13:38+00:00,5805,News & Politics,17.0,False,99,33,3440000.0,15.050982320047213,,,,11384.614093959732,0.0,0.0,0.0,9.340105915906586,,,,,255.5738255033557,2.0,0.02244905478517309,0.00017567569559174854,0.022624730480764837
tqp37fK4yYY_first48h,tqp37fK4yYY,UCAySceX4rbSr408F1dUpuUw,2026-05-07 08:00:57+00:00,1418,News & Politics,8.0,False,46,29,537000.0,13.19375523568666,,,,14177.0,0.0,0.0,0.0,9.559446746414963,,,,,285.0,15.0,0.02010298370600268,0.001058051774000141,0.02116103548000282
lfF-jRcFkeg_first48h,lfF-jRcFkeg,UCLlE4endO2rIcWqUqc76xDA,2026-05-07 19:22:14+00:00,13968,Gaming,19.0,False,69,121,127000.0,11.751950239425476,,,,21745.705490848584,0.0,0.0,0.0,9.987217553358713,,,,,103.0,4.0,0.004736567412970174,0.0001839443655522398,0.004920511778522415
3g_3jpRXxGQ_first48h,3g_3jpRXxGQ,UCIU8ha-NHmLjtUwU7dFiXUA,2026-05-07 16:48:46+00:00,63,News & Politics,16.0,False,66,19,3100000.0,14.946912992035967,,,,15796.0,0.0,0.0,0.0,9.667575327569097,,,,,91.0,12.0,0.005760952139782224,0.0007596859964547987,0.006520638136237022
Uvz08xkjrSY_first48h,Uvz08xkjrSY,UCd6GEK664CTEWRZda7Fu7Lg,2026-05-08 10:07:41+00:00,83,News & Politics,10.0,False,32,3,349000.0,12.762830066509972,,,1434.0,2006.3800757985923,0.0,0.0,7.268920128193722,7.6045857059536335,,,572.3800757985923,,10.950460205739036,11.0,0.005457819451970217,0.005482510583455485,0.0109403300354257
j7JddsoUH8A_first48h,j7JddsoUH8A,UCk2uxbWi5py_iJXaEsh2YRA,2026-05-08 15:27:34+00:00,5406,Gaming,15.0,False,38,10,2270000.0,14.635290829986122,,,1702258.1806656101,2088133.2426564496,0.0,0.0,14.347466856584076,14.55178151837798,,,385875.06199083943,,100000.0,18000.0,0.047889664297850805,0.008620139573613144,0.05650980387146395
I9LwnLJ9-q0_first48h,I9LwnLJ9-q0,UC2xLESFeytXO0j7pgVBf7fg,2026-05-08 19:54:02+00:00,124,News & Politics,19.0,False,66,12,88699.0,11.393015168297671,4001.38,19192.115384615383,49316.97576736672,58950.0,8.294644463159711,9.862306919994996,10.806043913600776,10.984461869350051,15190.735384615382,30124.860382751336,9633.024232633281,0.634138110416251,291.0,250.0,0.0049363867684478376,0.004240882103477523,0.00917726887192536
CZXb7686MbM_first48h,CZXb7686MbM,UC8BxSGcBKriJvoeyKOnJ6tA,2026-05-08 14:00:21+00:00,39,News & Politics,14.0,True,79,2,246000.0,12.413090879946887,,,1634.8712791633145,1753.5539499036609,0.0,0.0,7.3999308338492185,7.469969943996888,,,118.68267074034634,,22.0,5.0,0.01254594989860943,0.0028513522496839616,0.015397302148293391
jU5ysw_fWnk_first48h,jU5ysw_fWnk,UCCWSG8MXoqvIEBPRnOSxwzw,2026-05-08 18:41:53+00:00,0,Gaming,18.0,False,83,0,2850000.0,14.862829903121964,,67262.43434343435,183720.29521492295,190916.35326998323,0.0,11.116372044701892,12.121175188354586,12.159595907992015,,116457.8608714886,7196.058055060275,,2953.1816657350473,34.0,0.015468458385850389,0.00017808846344304042,0.015646546849293428
CZYOy58RTl8_first48h,CZYOy58RTl8,UCk2U-Oqn7RXf-ydPqfSxG5g,2026-05-07 09:00:29+00:00,4643,Education,9.0,False,96,10,5600000.0,15.53827733427679,,,,61468.275,0.0,0.0,0.0,11.026292735460263,,,,,2106.06,205.41916666666665,0.03426255251184452,0.00334187296888788,0.0376044254807324
xpLv8qt3CD4_first48h,xpLv8qt3CD4,UCvixJtaXuNdMPUGdOPcY8Ag,2026-05-08 19:00:06+00:00,3466,News & Politics,19.0,False,46,14,3570000.0,15.088076433867828,,8748.699029126214,41519.945,49077.097520661155,0.0,9.076774582088792,10.633953277696369,10.801168135250835,,32771.24597087379,7557.152520661155,,2870.477685950413,364.43471074380165,0.05848914933777328,0.007425759247281828,0.06591490858505511
rcrMBHrQgSI_first48h,rcrMBHrQgSI,UCUR5w0E-jQTOO8Q0FZ4ilYQ,2026-05-07 10:01:23+00:00,748,Gaming,10.0,False,58,24,577000.0,13.265599278590988,,,,282861.0943238731,0.0,0.0,0.0,12.552714758647602,,,,,1003.6560934891486,248.0,0.0035482295502257104,0.0008767554286417434,0.004424984978867454
xt5qrEwGX7M_first48h,xt5qrEwGX7M,UCOTJtP0Z9DjpPU43B5m1V6A,2026-05-08 09:59:11+00:00,3127,Gaming,9.0,False,34,12,1010000.0,13.825461878915961,,,174801.43369474562,207918.64612057313,0.0,0.0,12.07141166484547,12.244906967315911,,,33117.212425827514,,1970.05866450392,209.50419032170856,0.009475141846400213,0.0010076257912925038,0.010482767637692719
Q-U2c9km9nM_first48h,Q-U2c9km9nM,UCNb9uOjbsdxAJgK1TI--o6w,2026-05-08 18:46:19+00:00,0,Gaming,18.0,False,36,0,7170.0,8.877800393882575,,63069.097826086945,224065.0,224106.4063368538,0.0,11.052002050728111,12.319695930295637,12.319880708492587,,160995.90217391305,41.40633685380453,,628.0,5.0,0.0028022402851619276,2.2310830295875217e-05,0.002824551115457803
y99zdZZxTe0_first48h,y99zdZZxTe0,UC2dq2kvvBDHbnwuFd3_9b3A,2026-05-07 22:30:27+00:00,1080,News & Politics,22.0,False,38,0,141000.0,11.856522261533737,,,24140.27638190955,25543.250589159466,0.0,0.0,10.091678367400775,10.148167544445132,,,1402.9742072499175,,2682.6150824823253,148.0,0.10502246270961398,0.005794094196562871,0.11081655690617685
tE7IkZAprA0_first48h,tE7IkZAprA0,UC5nwNW4KdC0SzrhF9BXEYOQ,2026-05-08 15:04:25+00:00,3600,News & Politics,15.0,False,65,76,3270000.0,15.000300848683787,,,3853.0,4054.0,0.0,0.0,8.256866848974312,8.307705966549513,,,201.0,,10.0,1.0,0.00246669955599408,0.000246669955599408,0.002713369511593488
LU5jnplrn3k_first48h,LU5jnplrn3k,UCR3asjvr_WAaxwJYEDV_Bfw,2026-05-08 14:52:51+00:00,0,News & Politics,14.0,False,44,33,3150000.0,14.962913328262083,,,5848.726550079492,7833.0,0.0,0.0,8.674150195557232,8.966228514225776,,,1984.273449920508,,62.0,9.0,0.007915230435337674,0.0011489850631941786,0.009064215498531852
psvG-L8DRSk_first48h,psvG-L8DRSk,UCHsKlGM7IXNnQqA6S8mEmBQ,2026-05-08 14:50:01+00:00,849,News & Politics,14.0,False,75,50,621000.0,13.339087971220277,,,27275.923076923078,31081.0,0.0,0.0,10.213796315160709,10.344384152475557,,,3805.076923076922,,464.0,52.0,0.014928734596698948,0.0016730478427335028,0.01660178243943245
gBbY_LpC4Sw_first48h,gBbY_LpC4Sw,UCGCZAYq5Xxojl_tSXcVJhiQ,2026-05-07 04:02:20+00:00,0,News & Politics,4.0,False,100,0,4980000.0,15.42094064980403,,,,86532.8492706645,0.0,0.0,0.0,11.368290937422003,,,,,204.39222042139383,,0.002362018841909148,0.0,0.002362018841909148
__3SadBBK-k_first48h,__3SadBBK-k,UChqUTb7kYRX8-EiaN3XFrSQ,2026-05-08 11:41:16+00:00,41,News & Politics,11.0,False,51,18,4190000.0,15.248211530561777,,,39022.72396694215,39490.0,0.0,0.0,10.571925047012844,10.583828076826626,,,467.27603305785306,,248.0,99.0,0.006280070904026336,0.0025069637883008357,0.008787034692327172
ctQzY7e91zA_first48h,ctQzY7e91zA,UCqaOC0lzyzUoJTBONXh3LGA,2026-05-08 17:58:51+00:00,0,Howto & Style,17.0,False,27,0,132000.0,11.790564777297387,,73194.0,570281.5779816514,570160.0905077263,0.0,11.200882391605512,13.253887267811884,13.253674214808493,,497087.5779816514,0.0,,2147.0,,0.003765609055674348,0.0,0.003765609055674348
l6zykIFzJv8_first48h,l6zykIFzJv8,UCPZIPuQPrfrUG9Xe_okEmQA,2026-05-08 13:35:35+00:00,8170,Entertainment,13.0,False,76,21,1170000.0,13.972515161474428,,,126904.66826923077,142608.9012229539,0.0,0.0,11.751199319917149,11.867868218092987,,,15704.232953723127,,12000.0,400.31138287864536,0.08414622016643458,0.0028070574799030318,0.0869532776463376
rIYmRSnDViU_first48h,rIYmRSnDViU,UCiwt1aanVMoPYUt_CQYCPQg,2026-05-08 16:30:31+00:00,2360,News & Politics,16.0,False,76,0,1500000.0,14.220976332738882,,,17790.374292643493,20852.038062283737,0.0,0.0,9.786469028527424,9.945254927033497,,,3061.663769640243,,634.4740484429066,29.0,0.030427435752216268,0.0013907513459057964,0.031818187098122064
3urPfk-8l9g_first48h,3urPfk-8l9g,UCRN5ho3UGhUi7ZCBe2G2f2w,2026-05-08 19:27:34+00:00,0,Sports,19.0,False,80,4,1480000.0,14.207553321415745,,59141.45454545456,188883.56758957656,192517.0,0.0,10.987704296526509,12.148891353961584,12.167944934832024,,129742.113044122,3633.43241042344,,1803.0,,0.009365406691357128,0.0,0.009365406691357128
vL7mWQCoFi4_first48h,vL7mWQCoFi4,UC4Aa3OPkMenwTANpf0oWVRQ,2026-05-08 00:31:16+00:00,7317,News & Politics,0.0,False,95,3,1630000.0,14.30409118627969,,,103491.4356187291,105411.0,0.0,0.0,11.547253803207282,11.565631760601162,,,1919.5643812709022,,2093.0,74.0,0.01985561279183387,0.0007020140213070742,0.020557626813140942
ThPxPwaiur8_first48h,ThPxPwaiur8,UCaHvWPMrGgcd42waw4WYQ6w,2026-05-08 11:51:41+00:00,108,News & Politics,11.0,False,94,38,687000.0,13.440091026807503,,,33585.23716381418,47162.92141245188,0.0,0.0,10.421871653819117,10.761384502433872,,,13577.684248637699,,187.9934952874021,53.999070755343155,0.003986044325866726,0.0011449475379844984,0.005130991863851225
TmTGXqZlCoU_first48h,TmTGXqZlCoU,UCQhaZjODkIjuv38d-i5TVRw,2026-05-07 11:36:35+00:00,163,News & Politics,11.0,True,53,39,816000.0,13.61217085943569,,,,10247.482506102522,0.0,0.0,0.0,9.23488492542122,,,,,32.3506916192026,,0.0031569404095042174,0.0,0.0031569404095042174
5a5GwrInJ7w_first48h,5a5GwrInJ7w,UC7jO_iRTMr2Ld_Z7nK2y9eA,2026-05-07 13:20:53+00:00,5192,People & Blogs,13.0,False,90,0,371000.0,12.82396003700373,,,,70052.0,0.0,0.0,0.0,11.157007377400586,,,,,136.0,4.0,0.0019414149488951064,5.710043967338549e-05,0.001998515388568492
nkIMLKGtTvk_first48h,nkIMLKGtTvk,UC_ifDTtFAcsj-wJ5JfM27CQ,2026-05-08 16:12:47+00:00,250,News & Politics,16.0,False,47,21,588000.0,13.28448392755959,,,21117.090170593016,23504.0,0.0,0.0,9.957885306202643,10.06496844345823,,,2386.9098294069845,,212.0,27.0,0.009019741320626277,0.0011487406398910823,0.010168481960517358
VuQ1KU4KtO4_first48h,VuQ1KU4KtO4,UCkKJhKO73xF1pK5h9R82ZGQ,2026-05-07 09:30:15+00:00,690,News & Politics,9.0,False,96,13,1290000.0,14.070153551531353,,,,111222.0,0.0,0.0,0.0,11.61929247394368,,,,,350.0,361.0,0.003146859434284584,0.003245760730790671,0.006392620165075255
Q-fi8M508w8_first48h,Q-fi8M508w8,UCGCZAYq5Xxojl_tSXcVJhiQ,2026-05-07 06:43:09+00:00,0,News & Politics,6.0,False,97,0,4980000.0,15.42094064980403,,,,53997.0875,0.0,0.0,0.0,10.89670390825256,,,,,108.01,,0.0020002930713624136,0.0,0.0020002930713624136
N9SiV3V5iQU_first48h,N9SiV3V5iQU,UCvaTdHTWBGv3MKj3KVqJVCw,2026-05-08 18:49:21+00:00,0,Gaming,18.0,False,51,45,2110000.0,14.562198979385785,,,181243.5346373268,208022.72203765227,0.0,0.0,12.107602418537194,12.24540740043839,,,26779.187400325463,,8547.67441860465,154.84163898117387,0.04109009984523477,0.0007443496434641761,0.041834449488698945
AXlUFEgmrDg_first48h,AXlUFEgmrDg,UCXwRxm0zS0jBNTMOVI6xZJw,2026-05-08 20:19:39+00:00,39,News & Politics,20.0,True,60,2,1140000.0,13.946539697563276,,2708.930693069307,5789.744987971131,6587.0,0.0,7.904678339033542,8.664016230333392,8.79300509129753,,3080.8142949018243,797.2550120288688,,82.0,25.0,0.012448762714437529,0.003795354486109003,0.01624411720054653
6si_KIa9yZM_first48h,6si_KIa9yZM,UCzQUP1qoWDoEbmsQxvdjxgQ,2026-05-08 17:00:08+00:00,9762,People & Blogs,17.0,False,45,12,20900000.0,16.855259764781927,,,347220.9817578773,472975.0,0.0,0.0,12.757719571278866,13.066799926229038,,,125754.01824212272,,9402.0,2435.0,0.019878429092446748,0.0051482636502986415,0.02502669274274539
dFLu8ZHIRxQ_first48h,dFLu8ZHIRxQ,UCDBAVzfX3yZ1hah0FHnOoaA,2026-05-08 13:01:17+00:00,1245,Gaming,13.0,False,5,7,1210000.0,14.006131744018864,,,332522.99267697317,392970.0,0.0,0.0,12.71446729490174,12.881491096780083,,,60447.00732302683,,2130.0,486.0,0.00542026108863272,0.0012367356286739446,0.006656996717306665
cUt0y-o3kiA_first48h,cUt0y-o3kiA,UCAAvO0ehWox1bbym3rXKBZw,2026-05-07 01:00:19+00:00,10730,News & Politics,1.0,False,98,0,2290000.0,14.64406281221155,,,,1346383.8114478115,0.0,0.0,0.0,14.112933640933408,,,,,85000.0,2391.6531986531986,0.063132072205025,0.0017763532050206203,0.06490842541004561
kDizzramBE8_first48h,kDizzramBE8,UCnXJvlsx6k50xCqlz4uHarg,2026-05-07 12:00:06+00:00,5687,Film & Animation,12.0,False,74,89,15400.0,9.642187721358466,,,,3278.920065252855,0.0,0.0,0.0,8.095574330731488,,,,,16.0,,0.004879655399213325,0.0,0.004879655399213325
HzDYzAtjGQ4_first48h,HzDYzAtjGQ4,UCXOBLGJdYA1mfhOrDwQESTg,2026-05-07 18:44:51+00:00,14505,Gaming,18.0,False,71,7,516000.0,13.153863982446317,,,,37955.32450331126,0.0,0.0,0.0,10.5441914225173,,,,,372.5331125827815,1.0,0.009815042222871294,2.6346764599858946e-05,0.009841388987471153
okpLFWEUM7c_first48h,okpLFWEUM7c,UCaHvWPMrGgcd42waw4WYQ6w,2026-05-08 11:23:17+00:00,93,News & Politics,11.0,False,65,38,687000.0,13.440091026807503,,,1633.8872180451128,1670.0300457217504,0.0,0.0,7.399329101163217,7.421195509117017,,,36.14282767663758,,22.0,3.0,0.013173415685759164,0.001796374866239886,0.014969790551999049
vL9UJkmEwE8_first48h,vL9UJkmEwE8,UCib5ktx2na_eMmmG53TzitA,2026-05-08 12:23:15+00:00,9065,Gaming,12.0,False,80,0,21700.0,9.985113621416073,,,17650.980535279807,18026.492478744276,0.0,0.0,9.778603267696772,9.799653231580692,,,375.51194346446937,,364.95945062132114,8.0,0.020245727284531848,0.00044379127051106057,0.020689518555042908
9rieniR8ZJg_first48h,9rieniR8ZJg,UCoLrcjPV5PbUrUyXq5mjc_A,2026-05-08 00:02:47+00:00,653,Sports,0.0,False,58,6,7200000.0,15.789591722875162,,,81653.51741293533,87968.0,0.0,0.0,11.310252423419719,11.384739758670458,,,6314.482587064675,,1499.0,116.0,0.017040287377228083,0.0013186613313932339,0.018358948708621318
o-gdM1mFn6Q_first48h,o-gdM1mFn6Q,UCIkAO7iHS6R9AtcABE9MdRQ,2026-05-08 14:04:48+00:00,0,Sports,14.0,False,32,23,1160000.0,13.963931425151141,,,58956.28892331526,64674.0,0.0,0.0,10.984568544179764,11.07713000705423,,,5717.71107668474,,3888.0,40.0,0.06011689396047871,0.0006184865633794106,0.06073538052385812
dzzgslM8A7M_first48h,dzzgslM8A7M,UCZzIaWixWHa96R7K4c40_Dg,2026-05-07 03:45:58+00:00,1341,Science & Technology,3.0,False,65,0,6260.0,8.74209519574531,,,,321.0,0.0,0.0,0.0,5.7745515455444085,,,,,17.0,,0.0529595015576324,0.0,0.0529595015576324
hhfu4TWnhFo_first48h,hhfu4TWnhFo,UCg40OxZ1GYh3u3jBntB6DLg,2026-05-08 16:30:18+00:00,35,News & Politics,16.0,False,97,1,5550000.0,15.52930866590278,,,13865.433613445379,14745.792390405293,0.0,0.0,9.53722635071732,9.598780873061743,,,880.3587769599144,,82.93961952026469,69.93961952026469,0.005624629543423612,0.00474302212241728,0.010367651665840891
dgzUlo0yq8I_first48h,dgzUlo0yq8I,UCODc8Pa-_WUMaVRp9dvmNmw,2026-05-08 20:27:02+00:00,21,News & Politics,20.0,False,63,3,343000.0,12.745488641595722,,656.5714285714286,960.0,997.0,0.0,6.4885533947619285,6.8679744089702925,6.905753276311464,,303.42857142857144,37.0,,6.0,4.0,0.006018054162487462,0.004012036108324975,0.010030090270812437
iKqfrhofGuM_first48h,iKqfrhofGuM,UCHyFuvaP40uvL0RE48NbsMw,2026-05-08 19:09:35+00:00,0,News & Politics,19.0,False,99,0,47300.0,10.764286715905591,,4292.954545454546,10503.32558139535,10589.921882137962,0.0,8.364963392787576,9.259542411446228,9.267752486944309,,6210.371035940803,86.59630074261258,,119.0,7.0,0.0112370989441119,0.0006610058202418765,0.011898104764353776
rsz6Mu9uvgc_first48h,rsz6Mu9uvgc,UCA_hK5eRICBdSOLlXKESvEg,2026-05-07 12:00:07+00:00,1736,Education,12.0,False,65,19,686000.0,13.438634364432907,,,,176122.0,0.0,0.0,0.0,12.078937893565179,,,,,3784.0,123.0,0.021485106914525157,0.0006983795323696074,0.022183486446894767
8BuNvIyvmBY_first48h,8BuNvIyvmBY,UCkKVQ_GNjd8FbAuT6xDcWgg,2026-05-07 09:54:00+00:00,58,News & Politics,9.0,False,32,0,2600000.0,14.77102238760702,,,,5954.0,0.0,0.0,0.0,8.691986481789401,,,,,45.0,11.0,0.007557944239166946,0.0018474974806852536,0.009405441719852201
TLZI5S1dChQ_first48h,TLZI5S1dChQ,UCWO9wFxN-4UvnCkV8BloULw,2026-05-08 12:13:21+00:00,0,Entertainment,12.0,False,59,0,13100.0,9.48044384215367,,,601763.6759868421,601249.9790697674,0.0,0.0,13.307621744191858,13.306767728791248,,,0.0,,968.070542635659,,0.0016100965926575553,0.0,0.0016100965926575553
bRaNyC8K_1c_first48h,bRaNyC8K_1c,UC63anZxfVGHUEmfBAf5w7pw,2026-05-07 22:00:53+00:00,2598,Gaming,22.0,False,30,10,10200000.0,16.13789837629371,,,,339520.00970088923,0.0,0.0,0.0,12.735291108310287,,,,,12000.0,637.7857720291026,0.03534401407025104,0.0018784924417002107,0.037222506511951255
8HJX_jTlhIA_first48h,8HJX_jTlhIA,UCXIJgqnII2ZOINSWNOGFThA,2026-05-08 20:30:03+00:00,139,News & Politics,20.0,False,65,19,15300000.0,16.54336345172214,,111269.0,134333.36854646544,139217.56646870717,0.0,11.619714959151747,11.808087258532248,11.843800397792092,,23064.36854646544,4884.1979222417285,,1655.7935130196436,684.2581087254454,0.011893567421262366,0.004915027076552516,0.016808594497814883
EY3LLtIty38_first48h,EY3LLtIty38,UCsRiYH-VrZ2mYsohk7GhLdQ,2026-05-08 11:11:45+00:00,2516,Gaming,11.0,False,38,9,273000.0,12.51723073716405,,,142250.57954545453,156950.0,0.0,0.0,11.865352455937153,11.96368893370568,,,14699.42045454547,,1813.0,181.0,0.01155144950621217,0.0011532335138579165,0.012704683020070086
_8n79Rb0d7U_first48h,_8n79Rb0d7U,UCIU8ha-NHmLjtUwU7dFiXUA,2026-05-08 12:06:50+00:00,108,News & Politics,12.0,False,38,19,3100000.0,14.946912992035967,,,1063.0448717948718,1294.0,0.0,0.0,6.969832841751886,7.166265974133638,,,230.95512820512818,,14.0,2.0,0.010819165378670788,0.0015455950540958269,0.012364760432766615
42MzuDFf6oE_first48h,42MzuDFf6oE,UCQa62kyOcsyhVUqyvRCbDNQ,2026-05-08 20:01:31+00:00,0,News & Politics,20.0,False,65,10,584000.0,13.277657974137664,,12818.67032967033,48611.18064516129,51410.0,0.0,9.45873601482969,10.791629409044868,10.847607436328959,,35792.51031549096,2798.8193548387135,,2713.0,106.0,0.052771834273487646,0.002061855670103093,0.05483368994359074
e8mYEnJn0xs_first48h,e8mYEnJn0xs,UC6pJGaMdx5Ter_8zYbLoRgA,2026-05-07 14:46:22+00:00,0,Entertainment,14.0,False,61,36,557000.0,13.230322314239945,,,,21196.57853196527,0.0,0.0,0.0,9.961642233946163,,,,,,,0.0,0.0,0.0
jFs-4lufhVQ_first48h,jFs-4lufhVQ,UCIALMKvObZNtJ6AmdCLP7Lg,2026-05-08 18:53:47+00:00,356,News & Politics,18.0,False,60,6,3140000.0,14.959733676355723,,,7101.575353871774,7967.0,0.0,0.0,8.868212723157704,8.983188799264434,,,865.4246461282264,,74.0,70.0,0.009288314296472951,0.008786243253420358,0.01807455754989331
q-XoLnfYl90_first48h,q-XoLnfYl90,UCO3bfz4KY6zGT5IOaFJuxpA,2026-05-07 01:13:07+00:00,655,News & Politics,1.0,False,39,28,990000.0,13.805461232211272,,,,1285.0,0.0,0.0,0.0,7.1592919047975645,,,,,8.0,8.0,0.0062256809338521405,0.0062256809338521405,0.012451361867704281
29_f4SAoDAU_first48h,29_f4SAoDAU,UCuTAXTexrhetbOe3zgskJBQ,2026-05-07 00:45:04+00:00,110,News & Politics,0.0,False,38,1,3220000.0,14.984892228079548,,,,17700.0,0.0,0.0,0.0,9.781376414141157,,,,,73.0,25.0,0.004124293785310734,0.0014124293785310734,0.005536723163841808
krZCDgsTTdw_first48h,krZCDgsTTdw,UCNBmxc6FvKyxtCpUygcdINA,2026-05-08 21:15:08+00:00,23,News & Politics,21.0,True,65,8,549000.0,13.215855541983634,,466.4077669902913,1231.0,1380.0,0.0,6.147202039404197,7.116394144093465,7.2305631534092925,,764.5922330097087,149.0,,19.0,5.0,0.013768115942028985,0.0036231884057971015,0.017391304347826087
FCn-XWXeTiY_first48h,FCn-XWXeTiY,UCzuAvLVHGfA9LSDYzjkxfJQ,2026-05-07 22:10:25+00:00,8180,Sports,22.0,False,93,36,63000.0,11.050905878263567,,,,26578.673725490196,0.0,0.0,0.0,10.187902057003415,,,,,678.8329411764706,18.0,0.025540512223732142,0.0006772346952262391,0.026217746918958378
Oe4a1B1u-eE_first48h,Oe4a1B1u-eE,UCtoa24oOeDyA_DCRBzqhT7Q,2026-05-08 15:49:28+00:00,0,Sports,15.0,False,49,29,6930.0,8.843759381917984,,,4899.426506024096,5216.0,0.0,0.0,8.497077522356513,8.559677803022392,,,316.57349397590406,,142.0,1.0,0.027223926380368097,0.00019171779141104295,0.027415644171779142
IvSXUJJNBdg_first48h,IvSXUJJNBdg,UCIU9cV1CA6UxVmL3GPAuOCg,2026-05-08 21:12:30+00:00,0,Gaming,21.0,False,67,25,536000.0,13.19189130572284,,404752.9259259257,1058039.6682389937,1058146.0,0.0,12.911034571124528,13.87192932945085,13.872029823147786,,653286.742313068,106.33176100626588,,3524.0,5.0,0.003330353278281069,4.725245854541812e-06,0.0033350785241356108
ywUZazGFbio_first48h,ywUZazGFbio,UCF4LEacx9sDvAbEJnlaJfKQ,2026-05-08 19:14:04+00:00,858,News & Politics,19.0,False,78,10,469000.0,13.058360179622305,,,6834.315447154471,8332.0,0.0,0.0,8.829857899834783,9.027978814382207,,,1497.6845528455287,,89.0,11.0,0.010681709073451753,0.0013202112337974076,0.01200192030724916
Fy1wtMPMTdU_first48h,Fy1wtMPMTdU,UCmEBMzGiw3loRzs4e-JSggw,2026-05-08 21:12:31+00:00,0,Gaming,21.0,False,32,0,94500.0,11.456365695436427,,21758.851851851854,56790.545954438334,56722.0,0.0,9.987821892667835,10.947142754801334,10.94593505120364,,35031.69410258648,0.0,,178.0,,0.0031381121963259405,0.0,0.0031381121963259405
5r-JkHx-ry4_first48h,5r-JkHx-ry4,UCetMicrNjXa_Pev2pjl-Vjw,2026-05-08 21:29:48+00:00,0,News & Politics,21.0,False,40,0,40800.0,10.616461869895815,,4801.5,15049.567420109119,15618.0964840556,0.0,8.476891894642712,9.61917097179914,9.656249578190303,,10248.067420109119,568.529063946482,,760.881030253475,46.0,0.04871791072812573,0.00294530130781053,0.051663212035936254
8kEAiFzIhtk_first48h,8kEAiFzIhtk,UC5nwNW4KdC0SzrhF9BXEYOQ,2026-05-07 08:56:27+00:00,2902,News & Politics,8.0,False,93,76,3270000.0,15.000300848683787,,,,6580.0,0.0,0.0,0.0,8.791941988456118,,,,,70.0,4.0,0.010638297872340425,0.0006079027355623101,0.011246200607902736
zJNvm0Syq2o_first48h,zJNvm0Syq2o,UCNxBGANd7itrXCT-KiGSA-w,2026-05-08 21:37:16+00:00,0,Sports,21.0,False,40,0,168000.0,12.031725210748633,,6877.666666666666,36079.48705882353,39177.627411575566,0.0,8.83618011369643,10.493507473498513,10.575886658000117,,29201.820392156864,3098.140352752038,,512.4774919614148,9.0,0.013080871043507762,0.00022972294635026385,0.013310593989858026
IuKQ8nK6O8Y_first48h,IuKQ8nK6O8Y,UC1q4Ihlv_YhLELw-ijE0Diw,2026-05-08 11:42:05+00:00,1211,Gaming,11.0,False,34,8,841000.0,13.642348128015021,,,152036.65309446256,176803.86367868067,0.0,0.0,11.93188348687817,12.0828019383021,,,24767.21058421812,,3746.6072616039364,252.96382497672562,0.021190754453267693,0.0014307595983109075,0.0226215140515786
vtzuLZjn_cY_first48h,vtzuLZjn_cY,UCpmAcCUZtDEZNQWmqwX7DxQ,2026-05-08 11:01:47+00:00,813,News & Politics,11.0,False,71,16,496000.0,13.114333221834064,,,2559.748110831234,2854.5516651309727,0.0,0.0,7.848054725575958,7.957020331140668,,,294.8035542997386,,45.65144135843096,15.73858101882322,0.015992508356416937,0.005513503647901606,0.02150601200431854
7R7fBkNG_5s_first48h,7R7fBkNG_5s,UCarpqAWmTDGkYyJj5syhAxA,2026-05-08 20:11:12+00:00,194,News & Politics,20.0,False,63,4,214000.0,12.273735966890268,,,1890.304347826087,1996.0,0.0,0.0,7.5450220011476254,7.599401333415815,,,105.695652173913,,16.0,3.0,0.008016032064128256,0.001503006012024048,0.009519038076152305
8xv_v8xF0bs_first48h,8xv_v8xF0bs,UCcukTqc1cJJ4K3c4uzxTzjA,2026-05-08 17:10:02+00:00,0,News & Politics,17.0,False,61,10,385000.0,12.861001210669146,,,146069.63426688634,190034.0,0.0,0.0,11.891845580047288,12.154963544704263,,,43964.365733113664,,10000.0,1011.0,0.05262216234989528,0.005320100613574413,0.057942262963469694
GGZRFZXqPns_first48h,GGZRFZXqPns,UC52X5wxOL_s5yw0dQk7NtgA,2026-05-08 21:33:49+00:00,47,News & Politics,21.0,False,76,13,4450000.0,15.308414878861498,,4728.000000000001,23143.045206547155,33353.68969746525,0.0,8.461469042643875,10.049492799926927,10.41495366207127,,18415.045206547155,10210.644490918094,,134.4869174161897,180.38430089942764,0.00403214512805191,0.005408226272283638,0.009440371400335547
-rBF0_nhIRM_first48h,-rBF0_nhIRM,UCvKGiwSwqd92gUoxJI3W_fw,2026-05-08 19:26:51+00:00,0,News & Politics,19.0,False,82,0,453000.0,13.023649611968253,,,64143.99497487437,84394.68874172185,0.0,0.0,11.068901346343338,11.343271598020136,,,20250.693766847486,,8181.761589403974,424.6026490066225,0.09694640399045859,0.005031153682029204,0.1019775576724878
I3mCDpMXE9g_first48h,I3mCDpMXE9g,UCRA5hbjN2NDxzNxXZkOAmKg,2026-05-08 23:10:34+00:00,0,News & Politics,23.0,False,41,0,544000.0,13.206706364071684,,,,1132.667018469657,0.0,0.0,0.0,7.03321280666217,,,,,66.0,7.0,0.05826955223713709,0.0061801040251509036,0.06444965626228799
Gb1FAX4s0OM_first48h,Gb1FAX4s0OM,UCIul30v9pU1JxKx6jlI7wBA,2026-05-08 22:28:15+00:00,105,News & Politics,22.0,False,51,6,201000.0,12.211065162153215,,13.0,41.74294670846395,65.0,0.0,2.6390573296152584,3.755204192494844,4.189654742026425,,28.742946708463947,23.257053291536053,,4.0,,0.06153846153846154,0.0,0.06153846153846154
O41Wz3uWXMU_first48h,O41Wz3uWXMU,UCrbctXCueK60wHFE2o8YL-Q,2026-05-07 05:03:29+00:00,74,Entertainment,5.0,False,30,0,342000.0,12.742568940017076,,,,1196.6999161777032,0.0,0.0,0.0,7.088158259967405,,,,,8.0,18.0,0.006685051023946127,0.015041364803878786,0.021726415827824915
TAFdQsyz2KM_first48h,TAFdQsyz2KM,UCvdshrdrVmCp31YTWSf_lCw,2026-05-08 21:56:56+00:00,0,Gaming,21.0,False,33,4,6280.0,8.74528448245438,,14150.82857142857,131512.0202020202,131540.89612403102,0.0,9.557599122385005,11.786861138641617,11.78708068156087,,117361.19163059164,28.87592201080406,,386.2217054263566,,0.0029361340602559443,0.0,0.0029361340602559443
Upd9cG3yStQ_first48h,Upd9cG3yStQ,UC6pJGaMdx5Ter_8zYbLoRgA,2026-05-07 14:47:48+00:00,0,Entertainment,14.0,False,59,38,557000.0,13.230322314239945,,,,16499.0,0.0,0.0,0.0,9.711115659888671,,,,,,10.849261849261852,0.0,0.0006575708739476242,0.0006575708739476242
vxgYGGFNs98_first48h,vxgYGGFNs98,UCA7X5unt1JrIiVReQDUbl_A,2026-05-07 20:04:14+00:00,241,Gaming,20.0,False,56,0,388000.0,12.868763195921677,,,,1323354.0,0.0,0.0,0.0,14.0956807366572,,,,,21000.0,2353.0,0.01586876980762517,0.0017780578741591441,0.017646827681784313
6znjO6P_hEQ_first48h,6znjO6P_hEQ,UCbLj9QP9FAaHs_647QckGtg,2026-05-08 21:40:11+00:00,15500,Gaming,21.0,False,50,11,1930000.0,14.47303107901565,,67814.66666666667,109667.00233463035,125860.14109206856,0.0,11.12454851901526,11.605212920348366,11.742934523399818,,41852.33566796368,16193.13875743821,,1127.258270227182,69.0,0.008956435774234321,0.0005482275754762223,0.009504663349710544
Z0m7S3uej4w_first48h,Z0m7S3uej4w,UCXJ46ISpHMQtXQLXg1gqf5Q,2026-05-08 23:07:57+00:00,0,Entertainment,23.0,False,28,0,1160.0,7.057036981697891,269.8787878787879,592.6470588235294,1179.0,1204.7348008385745,5.601671443621372,6.386284965704732,7.07326971745971,7.094844453303447,322.7682709447415,586.3529411764706,25.73480083857453,0.07973150757120229,17.0,,0.014110989396311025,0.0,0.014110989396311025
cJrG54Ps_6s_first48h,cJrG54Ps_6s,UCc7o0OkR2BDFN4TCgPChjEw,2026-05-07 09:54:29+00:00,0,Sports,9.0,False,30,16,1090000.0,13.901689171636098,,,,48258.0,0.0,0.0,0.0,10.784337617870264,,,,,861.0,222.0,0.01784160139251523,0.004600273529777446,0.022441874922292677
ZYsanHlADk4_first48h,ZYsanHlADk4,UC-ujeda5rDgCe-910J5keTg,2026-05-07 10:01:04+00:00,883,People & Blogs,10.0,False,43,0,1270000.0,14.054528245836039,,,,113828.0,0.0,0.0,0.0,11.642452601250366,,,,,3812.0,129.0,0.03348912394138525,0.0011332888217310327,0.034622412763116284
gE0qksivRt8_first48h,gE0qksivRt8,UCexpzYDEnfmAvPSfG4xbcjA,2026-05-08 12:39:07+00:00,142,People & Blogs,12.0,False,42,0,476000.0,13.073175234051686,,,1663.3513513513515,1717.0,0.0,0.0,7.417190747741064,7.4489161025442,,,53.64864864864853,,7.0,3.0,0.004076878276062901,0.0017472335468841002,0.005824111822947
nyhJqbqQf8E_first48h,nyhJqbqQf8E,UC7tdFNggH_jwjJTDWqYelmA,2026-05-08 22:31:34+00:00,103,Sports,22.0,False,94,11,897000.0,13.706812255867513,,5958.0,63206.33436532508,92924.00559910414,0.0,8.69265796074698,11.054175623485916,11.439548055419463,,57248.33436532508,29717.671233779067,,962.9104143337066,384.62486002239643,0.010362342950302066,0.004139133451497538,0.014501476401799603
7slJJa3WjhQ_first48h,7slJJa3WjhQ,UCjXB7nX8bL2U2sje8d212Yw,2026-05-08 21:55:56+00:00,0,News & Politics,21.0,False,85,0,1930000.0,14.47303107901565,,7764.825242718447,17424.412587412586,18481.167575993764,0.0,8.957488007169303,9.7656849132487,9.824561631390637,,9659.587344694139,1056.7549885811786,,1675.211223694466,53.0,0.09064423104255019,0.0028677841798720933,0.09351201522242229
_Z_7KkCRid8_first48h,_Z_7KkCRid8,UCwdfm8NKZihY3Ito5ruKWeQ,2026-05-08 13:35:04+00:00,0,Gaming,13.0,False,16,0,46500.0,10.747229096720554,,,27832.767045454544,27790.0,0.0,0.0,10.234005204520852,10.232467506256102,,,0.0,,167.0,2.0,0.006009355883411299,7.196833393306946e-05,0.006081324217344368
ry2yvz6YWBM_first48h,ry2yvz6YWBM,UCR3asjvr_WAaxwJYEDV_Bfw,2026-05-07 12:28:50+00:00,111,News & Politics,12.0,False,32,34,3150000.0,14.962913328262083,,,,4133.0,0.0,0.0,0.0,8.327000740241713,,,,,30.0,33.0,0.007258649891120251,0.007984514880232278,0.015243164771352529
Wzj4Y1-baLQ_first48h,Wzj4Y1-baLQ,UCEGdkq71j00u3gRELh7dDvg,2026-05-07 09:27:30+00:00,1483,Entertainment,9.0,False,41,0,15400.0,9.642187721358466,,,,153419.11764705883,0.0,0.0,0.0,11.940935304342995,,,,,195.30588235294118,,0.0012730218068535825,0.0,0.0012730218068535825
Wx8115o_LFg_first48h,Wx8115o_LFg,UCOlNt3zxzA0GufXV_yzPEMQ,2026-05-07 20:11:37+00:00,0,Entertainment,20.0,False,34,29,83600.0,11.33381076072374,,,,40406.29901153212,0.0,0.0,0.0,10.606765716232916,,,,,1071.0,,0.026505768313359563,0.0,0.026505768313359563
YuK-4r6V0d8_first48h,YuK-4r6V0d8,UCWNgOwKXVY3rEhoidJRwvzA,2026-05-08 22:30:17+00:00,5574,Entertainment,22.0,False,21,0,20400.0,9.923339198238729,,516.4455445544554,688.829754601227,710.0,0.0,6.248904291688583,6.536444834685853,6.566672429803241,,172.3842100467716,21.170245398772977,,,1.0,0.0,0.0014084507042253522,0.0014084507042253522
N0rQNHrq5R4_first48h,N0rQNHrq5R4,UCGnUbr6kmyTBkBhS3AotBfg,2026-05-08 10:00:28+00:00,604,People & Blogs,10.0,False,43,9,30900.0,10.33854382482173,,,19832.613010842368,28028.188985896577,0.0,0.0,9.895133404153198,10.241001709951323,,,8195.57597505421,,697.8663532572197,165.05883143049027,0.02489873154517322,0.005889029487903972,0.03078776103307719
2zNoc-oGu7g_first48h,2zNoc-oGu7g,UC6CY2nCQuKuxND2-lDvGdqw,2026-05-07 11:00:05+00:00,28,People & Blogs,11.0,True,30,4,4070000.0,15.219153803118994,,,,104965.45923460899,0.0,0.0,0.0,11.561396142248292,,,,,1915.9667221297836,4.0,0.018253306717283004,3.810777401601772e-05,0.01829141449129902
Hs6CU5OZB_4_first48h,Hs6CU5OZB_4,UCuTAXTexrhetbOe3zgskJBQ,2026-05-09 00:00:00+00:00,337,News & Politics,0.0,False,48,27,3220000.0,14.984892228079548,302.53333333333336,725.2710280373832,1569.0,1739.0,5.715491434232572,6.587923262015296,7.358830898342354,7.461640392208575,422.73769470404983,843.7289719626168,170.0,0.40214062320374244,17.0,3.0,0.0097757331799885,0.0017251293847038527,0.011500862564692352
A9ifBHZ8fUI_first48h,A9ifBHZ8fUI,UC5nwNW4KdC0SzrhF9BXEYOQ,2026-05-08 11:47:12+00:00,148,News & Politics,11.0,False,73,76,3270000.0,15.000300848683787,,,289.12138728323697,329.0,0.0,0.0,5.670299412240421,5.799092654460526,,,39.87861271676303,,2.0,2.0,0.0060790273556231,0.0060790273556231,0.0121580547112462
jIfhjezif8s_first48h,jIfhjezif8s,UCAnQLOgT1_Lhe4jidK-h8Hg,2026-05-08 12:01:31+00:00,1464,Education,12.0,False,75,22,506000.0,13.134293924552235,,,37087.78364987613,53215.0,0.0,0.0,10.521069875388756,10.882114381992654,,,16127.216350123868,,958.0,119.0,0.018002442920229258,0.002236211594475242,0.0202386545147045
3obF84gwlp4_first48h,3obF84gwlp4,UCuTAXTexrhetbOe3zgskJBQ,2026-05-07 10:14:01+00:00,469,News & Politics,10.0,False,39,1,3220000.0,14.984892228079548,,,,58570.54975124378,0.0,0.0,0.0,10.97800435854671,,,,,132.0,37.0,0.0022536923515421997,0.0006317167955080409,0.0028854091470502407
gv7SKKN5G6U_first48h,gv7SKKN5G6U,UCHJuQZuzapBh-CuhRYxIZrg,2026-05-07 21:00:50+00:00,2536,People & Blogs,21.0,False,64,10,0.0,0.0,,,,31812.0,0.0,0.0,0.0,10.367630290261705,,,,,1066.0,79.0,0.0335093675342638,0.0024833396202690807,0.03599270715453288
6_ivOgXyOJQ_first48h,6_ivOgXyOJQ,UC1dHu9GhbHH7RcHKyJdaOvA,2026-05-07 11:52:09+00:00,610,Gaming,11.0,False,92,11,264000.0,12.483708170000067,,,,54386.114427860695,0.0,0.0,0.0,10.90388253765167,,,,,358.70315091210614,140.0,0.0065954914169847586,0.0025741864715432103,0.009169677888527968
m3nB9PVhNeg_first48h,m3nB9PVhNeg,UCku0WwA8FwW3ZoBTKuHq8xw,2026-05-07 22:49:42+00:00,6962,Gaming,22.0,False,45,42,49600.0,10.811766273800105,,,,11926.541241162608,0.0,0.0,0.0,9.386605395037826,,,,,133.0,80.0,0.011151598549038771,0.006707728450549637,0.017859326999588407
Tc8WJ5bQg2g_first48h,Tc8WJ5bQg2g,UC8ROUUjHzEQm-ndb69CX8Ww,2026-05-08 15:51:43+00:00,131,News & Politics,15.0,False,24,2,1630000.0,14.30409118627969,,,8189.273607748184,8443.0,0.0,0.0,9.010702583828557,9.041211408968211,,,253.72639225181592,,31.0,42.0,0.003671680682221959,0.004974535117849106,0.008646215800071065
uNunnDS25jI_first48h,uNunnDS25jI,UCQhaZjODkIjuv38d-i5TVRw,2026-05-07 12:26:31+00:00,46,News & Politics,12.0,False,65,2,816000.0,13.61217085943569,,,,806.2139951179821,0.0,0.0,0.0,6.693588806745867,,,,,4.0,6.0,0.004961461875162111,0.0074421928127431656,0.012403654687905276
FAxsQM0JfZk_first48h,FAxsQM0JfZk,UC1zYGo1jIIjMVDTLL3dydow,2026-05-07 07:42:11+00:00,160,News & Politics,7.0,False,34,2,691000.0,13.445896549926763,,,,4257.0,0.0,0.0,0.0,8.356554845453426,,,,,93.0,19.0,0.021846370683579985,0.004463237021376556,0.026309607704956543
4E1iQ7gvN2k_first48h,4E1iQ7gvN2k,UC52X5wxOL_s5yw0dQk7NtgA,2026-05-07 14:00:05+00:00,102,News & Politics,14.0,False,69,18,4450000.0,15.308414878861498,,,,26203.505154639177,0.0,0.0,0.0,10.1736866274342,,,,,102.11340206185567,72.0,0.0038969367441201693,0.002747724000094423,0.006644660744214592
MsCKVvJxFiE_first48h,MsCKVvJxFiE,UCNKUkQV2R0JKakyE1vuC1lQ,2026-05-08 14:27:42+00:00,0,Sports,14.0,False,67,8,250000.0,12.429220196836383,,,61056.6362922231,61523.041666666664,0.0,0.0,11.019573554308373,11.027183298813958,,,466.40537444356596,,2264.2291666666665,5.0,0.036802945779799305,8.127036415218418e-05,0.03688421614395149
CurTULlOZZ4_first48h,CurTULlOZZ4,UCPibkYslKyJFp30ocgPryCA,2026-05-08 22:40:42+00:00,0,Entertainment,22.0,False,71,0,508000.0,13.138238695062618,,18329.260000000002,78901.0,85917.91155492153,0.0,9.816308525130315,11.275961855055156,11.36115924154003,,60571.74,7016.911554921535,,4887.708987161198,450.9514978601997,0.0568881261043783,0.005248631975556538,0.062136758079934844
sWqaEhbOZLc_first48h,sWqaEhbOZLc,UCMLJc_D3jgFcS_48G7i4V0A,2026-05-07 11:30:00+00:00,4073,News & Politics,11.0,False,42,0,1370000.0,14.130322027731049,,,,60702.035830618894,0.0,0.0,0.0,11.013748989480948,,,,,1108.7695439739414,114.89087947882736,0.01826577195973819,0.0018927022447717463,0.020158474204509936
UpK232caw54_first48h,UpK232caw54,UC5l1Yto5oOIgRXlI4p4VKbw,2026-05-08 14:38:01+00:00,631,News & Politics,14.0,False,93,0,3750000.0,15.137266664613225,,,1488.0,1540.972401103956,0.0,0.0,7.305860032684009,7.340817655846341,,,52.97240110395592,,41.0,1.0,0.026606576451744048,0.000648940889066928,0.027255517340810977
LcmTWjveld4_first48h,LcmTWjveld4,UC-bFNSvwBh-zoQVJv_fcYWg,2026-05-07 16:49:48+00:00,7610,Gaming,16.0,False,77,20,2160.0,7.6783263565068856,,,,61.0,0.0,0.0,0.0,4.127134385045092,,,,,8.0,,0.13114754098360656,0.0,0.13114754098360656
BY66DwQmlRQ_first48h,BY66DwQmlRQ,UCNsidkYpIAQ4QaufptQBPHQ,2026-05-07 22:27:32+00:00,0,News & Politics,22.0,False,86,14,1560000.0,14.260197020251155,,,,31131.374514374515,0.0,0.0,0.0,10.34600353789175,,,,,587.0,,0.018855576059738713,0.0,0.018855576059738713
U3zc2KayuDU_first48h,U3zc2KayuDU,UCaLjq8bBXAA7lLlHaGHvI8w,2026-05-08 23:28:40+00:00,38,News & Politics,23.0,False,63,0,44200.0,10.69650269224425,,18261.638095238093,23031.0,23135.0,0.0,9.812612617713492,10.044639832292011,10.04914512495849,,4769.361904761907,104.0,,121.0,274.0,0.005230170736978604,0.011843527123406094,0.0170736978603847
X8-iAxHHtmg_first48h,X8-iAxHHtmg,UCrVtzrm96PDy0YYR2iTKUCg,2026-05-08 12:40:52+00:00,0,Gaming,12.0,False,19,2,1550.0,7.346655163176539,,,44334.46185064935,44287.0,0.0,0.0,10.69954012905204,10.698469038977342,,,0.0,,19.0,,0.0004290198026508908,0.0,0.0004290198026508908
Kr8OLZriFKo_first48h,Kr8OLZriFKo,UC2rBfO8HDq4OfMUTBLXVzqQ,2026-05-07 04:41:20+00:00,1499,Education,4.0,False,71,92,11100.0,9.314790473332646,,,,16069.984193011647,0.0,0.0,0.0,9.684770700976415,,,,,940.2329450915141,35.70549084858569,0.058508641564214675,0.0022218746714208304,0.06073051623563551
9hjqTYQnWzg_first48h,9hjqTYQnWzg,UCi2GvcaxZCN-61a0co8Smnw,2026-05-08 16:18:49+00:00,15337,Gaming,16.0,False,97,44,1350000.0,14.115615891155079,,,76079.50244698205,80349.0,0.0,0.0,11.239547301390184,11.294147371165659,,,4269.497553017951,,3869.0,183.0,0.04815243500230246,0.002277564126498152,0.050429999128800605
5V78OLxMQB4_first48h,5V78OLxMQB4,UCIU8ha-NHmLjtUwU7dFiXUA,2026-05-08 17:06:33+00:00,0,News & Politics,17.0,False,62,19,3100000.0,14.946912992035967,,,10796.74443528442,11218.0,0.0,0.0,9.287092542715632,9.325364048544964,,,421.2555647155805,,48.0,,0.004278837582456766,0.0,0.004278837582456766
ry9axzRv5VE_first48h,ry9axzRv5VE,UCoNYj9OFHZn3ACmmeRCPwbA,2026-05-08 15:00:07+00:00,5918,News & Politics,15.0,False,74,46,1430000.0,14.173185701536545,,,11215.23417721519,15623.065706570656,0.0,0.0,9.325117487909406,9.656567678037344,,,4407.831529355466,,211.44014401440145,4.0,0.013533844636233925,0.00025603169538726984,0.013789876331621195
9jzzkSXo8A8_first48h,9jzzkSXo8A8,UCv7_krlrre3GQi79d4guxHQ,2026-05-07 10:41:54+00:00,53,News & Politics,10.0,False,47,2,967000.0,13.78195480856106,,,,909.0201511335013,0.0,0.0,0.0,6.813466743368467,,,,,2.0,2.0,0.002200171247585769,0.002200171247585769,0.004400342495171538
lNd5ZNcjL4U_first48h,lNd5ZNcjL4U,UCaJ9irc3XYSp7z_Ca9qi0aQ,2026-05-08 12:57:28+00:00,0,Entertainment,12.0,False,63,29,37900.0,10.542732775946709,,,17715.369951534733,17912.0,0.0,0.0,9.782244347165015,9.793281985215103,,,196.63004846526746,,123.0,,0.006866904868244752,0.0,0.006866904868244752
w2B59uM-pXQ_first48h,w2B59uM-pXQ,UCGJjgsCx-yswf-0q2ELf8JQ,2026-05-07 16:31:14+00:00,441,Gaming,16.0,False,57,24,4180.0,8.338305731356565,,,,722.0,0.0,0.0,0.0,6.583409222158765,,,,,45.0,11.0,0.062326869806094184,0.015235457063711912,0.07756232686980609
6eEZ9Tle9Uk_first48h,6eEZ9Tle9Uk,UCYUbNjkuE4lsr2v1Id2O1oA,2026-05-08 19:16:15+00:00,60,People & Blogs,19.0,False,88,0,676000.0,13.423949834313948,,,2647.0243492863137,3016.0,0.0,0.0,7.8815691123644385,8.012018239159062,,,368.97565071368626,,36.0,2.0,0.011936339522546418,0.000663129973474801,0.012599469496021221
zoS5RV0M2x4_first48h,zoS5RV0M2x4,UCIALMKvObZNtJ6AmdCLP7Lg,2026-05-08 23:01:11+00:00,3393,News & Politics,23.0,False,99,32,3140000.0,14.959733676355723,,845.0000000000001,9934.0,14970.0,0.0,6.740519359606224,9.203819154985917,9.613870275449836,,9089.0,5036.0,,226.0,28.0,0.01509686038744155,0.0018704074816299266,0.016967267869071476
BbLv8sae2_o_first48h,BbLv8sae2_o,UCIALMKvObZNtJ6AmdCLP7Lg,2026-05-08 22:28:14+00:00,182,News & Politics,22.0,False,53,12,3140000.0,14.959733676355723,,,1215.4458204334364,1509.3456582633053,0.0,0.0,7.103688623980171,7.3200938163695985,,,293.89983782986883,,28.0,3.0,0.018551085264469885,0.001987616278336059,0.020538701542805942
_aaONXrpJhs_first48h,_aaONXrpJhs,UCIU8ha-NHmLjtUwU7dFiXUA,2026-05-07 08:21:47+00:00,0,News & Politics,8.0,False,52,19,3100000.0,14.946912992035967,,,,672.0836120401335,0.0,0.0,0.0,6.511869559728941,,,,,29.663043478260864,,0.04413594223524905,0.0,0.04413594223524905
sVZvWDzBVbA_first48h,sVZvWDzBVbA,UCoNYj9OFHZn3ACmmeRCPwbA,2026-05-09 00:00:06+00:00,2949,News & Politics,0.0,False,84,46,1430000.0,14.173185701536545,,1764.0,12731.0,18798.0,0.0,7.475905969367397,9.451873788401983,9.841558955913962,,10967.0,6067.0,,257.0,2.0,0.013671667198638153,0.00010639429726566656,0.01377806149590382
pJmrxm4JyYI_first48h,pJmrxm4JyYI,UCoQBJMzcwmXrRSHBFAlTsIw,2026-05-07 05:05:00+00:00,82,News & Politics,5.0,False,46,7,2330000.0,14.66137925472634,,,,3217.7608695652175,0.0,0.0,0.0,8.076751741358645,,,,,20.0,10.0,0.006215502273387516,0.003107751136693758,0.009323253410081275
lNW7pyyLpZs_first48h,lNW7pyyLpZs,UCRkuUgtDAL4XSU5jB40J_wA,2026-05-08 17:01:05+00:00,1159,Gaming,17.0,False,29,20,11100000.0,16.22245575637265,,,682918.0447761194,856736.0,0.0,0.0,13.434131602649522,13.660886266000492,,,173817.9552238806,,13000.0,3173.0,0.015173869196578642,0.003703591304672618,0.01887746050125126
SS4h_Fo2T5M_first48h,SS4h_Fo2T5M,UCdokt2U4QvDBxWxuJ-MBGHA,2026-05-08 23:15:51+00:00,5348,Entertainment,23.0,False,36,21,718000.0,13.484226240787052,,44003.77669902913,53082.0,54715.48739063304,0.0,10.692053468349613,10.879612005311733,10.909920357813368,,9078.223300970873,1633.4873906330395,,2374.0,,0.043388081020848485,0.0,0.043388081020848485
XVWpE5U67Gs_first48h,XVWpE5U67Gs,UCexpzYDEnfmAvPSfG4xbcjA,2026-05-08 12:36:41+00:00,134,People & Blogs,12.0,False,35,0,476000.0,13.073175234051686,,,2350.487804878049,2652.899561063775,0.0,0.0,7.762803515268337,7.883785369814234,,,302.41175618572606,,24.95713916860315,26.95713916860315,0.00940749492928247,0.01016138702129896,0.01956888195058143
sn7IEbqR4nk_first48h,sn7IEbqR4nk,UCyoSQyaCrZHro6F_nBiXIYg,2026-05-08 10:33:13+00:00,1668,Gaming,10.0,False,60,2,342000.0,12.742568940017076,,,154554.5616883117,166665.0,0.0,0.0,11.948308933249306,12.02374708872822,,,12110.438311688311,,802.0,135.0,0.004812048120481205,0.0008100081000810009,0.005622056220562206
IL1ceSof_aI_first48h,IL1ceSof_aI,UCSybvgR_8VqWUE8mjIraeGw,2026-05-07 16:37:06+00:00,4708,People & Blogs,16.0,False,6,0,93699.0,11.447853468226514,,,,142137.1861252115,0.0,0.0,0.0,11.864555005114795,,,,,1032.7267343485616,1.0,0.00726570408843476,7.035456570239683e-06,0.007272739545005
mB4QWcUWUMI_first48h,mB4QWcUWUMI,UCIU8ha-NHmLjtUwU7dFiXUA,2026-05-08 12:01:51+00:00,103,News & Politics,12.0,False,39,19,3100000.0,14.946912992035967,,,1999.8948233360722,2208.0,0.0,0.0,7.601349771151362,7.700295203420117,,,208.10517666392775,,7.0,10.0,0.003170289855072464,0.004528985507246377,0.007699275362318841
N7ceK17t5RA_first48h,N7ceK17t5RA,UC5l1Yto5oOIgRXlI4p4VKbw,2026-05-08 13:22:37+00:00,0,News & Politics,13.0,False,48,10,3750000.0,15.137266664613225,,,11820.418416801293,13502.28263002944,0.0,0.0,9.377668285181924,9.510688092648417,,,1681.8642132281475,,154.801766437684,,0.011464858993056529,0.0,0.011464858993056529
RW9YRziML7A_first48h,RW9YRziML7A,UC6AG81pAkf6Lbi_1VC5NmPA,2026-05-08 10:11:23+00:00,51,News & Politics,10.0,False,66,7,3260000.0,14.997238060091309,,,8636.37033968517,9752.213472485768,0.0,0.0,9.063853456638817,9.185352096611672,,,1115.8431328005972,,80.92328544320954,69.7314990512334,0.008297940326216299,0.007150325333624937,0.015448265659841235
dLj5GT_w3WI_first48h,dLj5GT_w3WI,UCPten6gyvQBcVMLnoIiQN9Q,2026-05-08 13:00:09+00:00,9448,Sports,13.0,False,36,0,41000.0,10.62135173563291,,,32203.344827586207,32499.081395348836,0.0,0.0,10.379856654963657,10.388997872786964,,,295.7365677626294,,448.31976744186045,,0.013794844290768863,0.0,0.013794844290768863
Ltw51upVqPk_first48h,Ltw51upVqPk,UCExxWMXIf8UR5xb4eQTdh7A,2026-05-09 01:39:05+00:00,36,News & Politics,1.0,False,55,14,108000.0,11.58989576532275,759.4666666666667,2758.2911392405063,,6615.571756601607,6.633932279925688,7.922729092115284,0.0,8.797332653253912,1998.8244725738396,,,,31.0,6.0,0.004685913952798628,0.000906951087638444,0.005592865040437072
4G8MT-z3p38_first48h,4G8MT-z3p38,UC7tdFNggH_jwjJTDWqYelmA,2026-05-09 01:13:08+00:00,207,Sports,1.0,False,25,12,897000.0,13.706812255867513,,773.8469387755101,,5499.0,0.0,6.652665511493798,0.0,8.612503371220562,,,,,57.0,17.0,0.010365521003818877,0.0030914711765775596,0.013456992180396435
pfzdglUdPFA_first48h,pfzdglUdPFA,UCX9T2vC1e3gsd-VHeJlk4jQ,2026-05-08 10:35:44+00:00,0,Sports,10.0,False,40,24,167000.0,12.025755079404917,,,1155.807787903894,1388.5206611570247,0.0,0.0,7.053419583663905,7.236714118562491,,,232.71287325313074,,194.0,16.0,0.1397170423365137,0.011523055038062984,0.15124009737457667
looavAivwMQ_first48h,looavAivwMQ,UCyxNn8Emqqo3z6VQKFEQcvA,2026-05-08 15:58:14+00:00,8417,Gaming,15.0,False,37,0,11200.0,9.32375833901174,,,20479.974481658694,20683.720259128386,0.0,0.0,9.927251660133692,9.937150554952403,,,203.74577746969226,,666.479976442874,9.0,0.03222244200236343,0.00043512481735620133,0.03265756681971963
lN8KpN02YT0_first48h,lN8KpN02YT0,UCkKJhKO73xF1pK5h9R82ZGQ,2026-05-07 09:51:06+00:00,57,News & Politics,9.0,True,59,4,1290000.0,14.070153551531353,,,,2849.4804655029093,0.0,0.0,0.0,7.9552428434409315,,,,,11.0,7.0,0.003860352837357877,0.00245658816922774,0.006316941006585617
3QggNdyIdb4_first48h,3QggNdyIdb4,UCBZZzp0XhGNoThhHsvzgqzA,2026-05-07 23:15:00+00:00,8366,Education,23.0,False,86,13,1190.0,7.0825485693553,,,,61.0,0.0,0.0,0.0,4.127134385045092,,,,,7.0,7.0,0.11475409836065574,0.11475409836065574,0.22950819672131148
Flf1YQn1Epg_first48h,Flf1YQn1Epg,UC9i-5Q3FPF4SOK_BzX9Y_5g,2026-05-08 14:37:01+00:00,0,Sports,14.0,False,68,14,33900.0,10.431199791458543,,,84412.68152866242,84878.0,0.0,0.0,11.34348477086688,11.348981991880104,,,465.3184713375813,,2100.0,16.0,0.024741393529536512,0.00018850585546313533,0.024929899384999645
CMyo7sMpWdE_first48h,CMyo7sMpWdE,UCfq4V1DAuaojnr2ryvWNysw,2026-05-08 09:53:32+00:00,0,News & Politics,9.0,False,56,6,3400000.0,15.039286283703994,,,87537.04882154881,195470.19300605246,0.0,0.0,11.379828821503438,12.183168297197755,,,107933.14418450365,,1557.8776059179556,49.949562878278414,0.007969898540335089,0.0002555354456356003,0.00822543398597069
fClh5QmrAHk_first48h,fClh5QmrAHk,UCMXR0GRIKcohg_YTzabuzvA,2026-05-07 09:41:24+00:00,614,Entertainment,9.0,False,50,57,126000.0,11.744045122410057,,,,415.4291666666667,0.0,0.0,0.0,6.03171637911648,,,,,17.640833333333333,,0.042464118431742276,0.0,0.042464118431742276
pIB5DTYvjvU_first48h,pIB5DTYvjvU,UCsGqE-IVUCwyyi_WRsvVLJg,2026-05-07 12:30:06+00:00,248,News & Politics,12.0,False,48,48,278000.0,12.535379989788607,,,,11807.0,0.0,0.0,0.0,9.376532546840254,,,,,1414.0,77.0,0.11975946472431609,0.006521555009739985,0.12628101973405606
WPUNH_C72Go_first48h,WPUNH_C72Go,UCpu3bemTQwAU8PqM4kJdoEQ,2026-05-09 01:36:45+00:00,487,News & Politics,1.0,False,71,8,3220000.0,14.984892228079548,,719.25,,2207.5414110429447,0.0,6.579598373964638,0.0,7.700087581616026,,,,,17.0,5.0,0.007700874789917718,0.002264963173505211,0.00996583796342293
pS4obSXjtlA_first48h,pS4obSXjtlA,UCBuotNL7-vTwIWzwXbcm0Fg,2026-05-08 23:46:25+00:00,0,Gaming,23.0,False,82,7,10300.0,9.239996256883693,,1095.4210526315792,5274.0,5292.0,0.0,6.999806565841856,8.570733958344267,8.574140471857987,,4178.578947368421,18.0,,36.0,1.0,0.006802721088435374,0.0001889644746787604,0.006991685563114134
gEwwFHUlQMw_first48h,gEwwFHUlQMw,UC6AG81pAkf6Lbi_1VC5NmPA,2026-05-09 01:10:30+00:00,0,News & Politics,1.0,False,61,12,3260000.0,14.997238060091309,,7577.7962962962965,,35670.0,0.0,8.933109666065457,0.0,10.482093312723077,,,,,235.0,2.0,0.006588169329969162,5.6069526212503504e-05,0.006644238856181665
K3AZOLBmE4g_first48h,K3AZOLBmE4g,UCtUM3ZNoM1ngtcX8Y2Y3PYw,2026-05-08 22:27:44+00:00,0,Entertainment,22.0,False,63,0,433000.0,12.978495316450783,,,46647.97327044025,52966.0,0.0,0.0,10.750406196825143,10.8774243571031,,,6318.026729559751,,4297.0,85.0,0.08112751576483027,0.001604803081221916,0.08273231884605219
F2nS96jQty4_first48h,F2nS96jQty4,UCQ6RtwFR0XV2yZFhRj8JZfA,2026-05-07 22:59:59+00:00,244,News & Politics,22.0,False,37,5,38500.0,10.55843949396453,,,,96.99056603773585,0.0,0.0,0.0,4.584871209115744,,,,,1.0,1.0,0.010310281101060208,0.010310281101060208,0.020620562202120416
9t00xGZYWB0_first48h,9t00xGZYWB0,UCxXTyFekH99JnS3qaXIQW7A,2026-05-09 01:49:38+00:00,91,News & Politics,1.0,True,91,7,257000.0,12.456835254920371,244.18691588785046,485.7450980392157,,1653.549107142857,5.502020841658906,6.18774057340389,0.0,7.411283807877894,241.55818215136523,,,,48.44642857142857,2.0,0.029298451652965078,0.0012095195669487979,0.030507971219913874
PQl6LS5CiDo_first48h,PQl6LS5CiDo,UChypcqzwU_8ZD_pTiWquBOw,2026-05-09 00:54:22+00:00,0,People & Blogs,0.0,False,36,0,49900.0,10.817796321618971,,12500.727272727274,,47168.0,0.0,9.433622095562347,0.0,10.761492176138386,,,,,363.0,3.0,0.007695895522388059,6.360244233378561e-05,0.0077594979647218456
qelA4Hzrf8s_first48h,qelA4Hzrf8s,UChlgI3UHCOnwUGzWzbJ3H5w,2026-05-09 00:17:18+00:00,0,News & Politics,0.0,False,49,2,5330000.0,15.48886198375927,,26689.315789473687,157978.0,175822.64922159657,0.0,10.192056074081055,11.970217391783198,12.077236778630551,,131288.68421052632,17844.64922159657,,928.9980125869494,59.99867505796622,0.005283722072780821,0.0003412454272734078,0.005624967500054229
b_n9gwiZMDg_first48h,b_n9gwiZMDg,UC6ZFN9Tx6xh-skXCuRHCDpQ,2026-05-08 23:05:12+00:00,746,News & Politics,23.0,False,82,0,5270000.0,15.477541110270847,,,168575.25194401245,209111.0,0.0,0.0,12.035143460204376,12.250625272579233,,,40535.748055987555,,4616.0,,0.022074400677152325,0.0,0.022074400677152325
7upmV12yPZA_first48h,7upmV12yPZA,UC0l4egqFkC7XQvZFW1qajPg,2026-05-08 17:42:01+00:00,0,Gaming,17.0,False,86,0,150000.0,11.918397239722838,,,210436.8319467554,213430.28860190904,0.0,0.0,12.256945553314745,12.271070226605055,,,2993.4566551536263,,2644.760808534531,7.0,0.012391684544209884,3.279759422082976e-05,0.012424482138430712
Rl_hAXDTb1s_first48h,Rl_hAXDTb1s,UCmgMQUgO5nJxM5ORoz59MXg,2026-05-07 20:00:18+00:00,10860,Sports,20.0,False,60,7,726000.0,13.495306671216452,,,,91229.2142279709,0.0,0.0,0.0,11.421141417555232,,,,,2165.4074373484236,309.8714632174616,0.02373589924755166,0.0033966253665534143,0.027132524614105074
_ELXgAMakro_first48h,_ELXgAMakro,UCdEqVBX1Tboh4u5UOuIKu7Q,2026-05-09 01:30:34+00:00,1838,People & Blogs,1.0,False,95,16,4460.0,8.403128235128264,,5.0,,216.2169556840077,0.0,1.791759469228055,0.0,5.380896649856377,,,,,6.0,2.0,0.027749905094255217,0.00924996836475174,0.03699987345900696
CRYB6WaVGY4_first48h,CRYB6WaVGY4,UC477Kvszl9JivqOxN1dFgPQ,2026-05-08 19:00:00+00:00,8726,Gaming,19.0,False,50,11,1680000.0,14.33430494661736,,,440801.8623248145,657397.0,0.0,0.0,12.996353030277106,13.396044897919827,,,216595.1376751855,,28000.0,2352.0,0.042592223572666135,0.0035777467801039555,0.04616997035277009
2XvCPxKTXm4_first48h,2XvCPxKTXm4,UCIhiLrReluo0GbUMCEXIDyw,2026-05-07 21:45:34+00:00,0,Sports,21.0,False,53,20,24900.0,10.122663242288953,,,,25586.0,0.0,0.0,0.0,10.14983968898722,,,,,693.0,,0.02708512467755804,0.0,0.02708512467755804
CoHX5OVgo1w_first48h,CoHX5OVgo1w,UCmU9b04Ym19_OvsSdt7rRYg,2026-05-07 17:25:36+00:00,42900,News & Politics,17.0,False,40,6,119000.0,11.686887175419702,,,,7914.0,0.0,0.0,0.0,8.976514972315112,,,,,294.0,,0.037149355572403335,0.0,0.037149355572403335
0iJzIglghEE_first48h,0iJzIglghEE,UCD1rbchGoEjBY1F5I1q48Dw,2026-05-09 01:42:56+00:00,0,Gaming,1.0,False,29,4,74200.0,11.214532906153606,,297913.7692307692,,1171706.8050555342,0.0,12.604562715286363,0.0,13.973972904942872,,,,,3685.5407889697435,16.0,0.0031454462610166914,1.3655293227764144e-05,0.0031591015542444555
o9f5irzKzeQ_first48h,o9f5irzKzeQ,UCF4Wxdo3inmxP-Y59wXDsFw,2026-05-09 03:22:08+00:00,47,News & Politics,3.0,False,49,20,6160000.0,15.633587497847351,5222.382352941177,15784.349999999999,,59225.0,8.560900431374584,9.666837573695277,0.0,10.989115913645943,10561.967647058822,,,,426.0,179.0,0.007192908400168847,0.0030223723089911354,0.010215280709159983
VGDxT6nzeig_first48h,VGDxT6nzeig,UCuTAXTexrhetbOe3zgskJBQ,2026-05-07 22:24:37+00:00,74,News & Politics,22.0,False,41,1,3220000.0,14.984892228079548,,,,3756.0,0.0,0.0,0.0,8.231376045573969,,,,,23.0,3.0,0.006123535676251331,0.0007987220447284345,0.006922257720979766
o1xJ9liChck_first48h,o1xJ9liChck,UCMBzCzLVj4J40PUtQUSY0eQ,2026-05-09 00:47:51+00:00,0,People & Blogs,0.0,False,47,0,258000.0,12.460718739865236,,,,71470.0,0.0,0.0,0.0,11.177047052000846,,,,,7213.0,120.0,0.10092346439065342,0.0016790261648244019,0.10260249055547782
5xDnY78RBeg_first48h,5xDnY78RBeg,UC8p1vwvWtl6T73JiExfWs1g,2026-05-08 13:21:01+00:00,325,News & Politics,13.0,False,67,8,7010000.0,15.762848401664115,,,127199.43902439025,140138.0,0.0,0.0,11.753519381331811,11.850390066177644,,,12938.560975609755,,926.0,520.0,0.006607772338694715,0.003710628095163339,0.010318400433858054
f3UMGA5xb68_first48h,f3UMGA5xb68,UCF2e8f4ifh-_tzKRDqS4Wzg,2026-05-09 00:10:11+00:00,3125,Entertainment,0.0,False,11,0,334000.0,12.718899265966332,,,3292484.3330751355,3296631.293965962,0.0,0.0,15.007153257942768,15.008411988374698,,,4146.9608908263035,,3704.4785972150594,12.0,0.0011237163840541122,3.6400795023587804e-06,0.001127356463556471
PsYSQGOdmq8_first48h,PsYSQGOdmq8,UCKDhW7EA8QQhVeYSxO0Jrqg,2026-05-07 16:13:17+00:00,7887,Gaming,16.0,False,43,5,43400.0,10.6782377612977,,,,1216.0,0.0,0.0,0.0,7.104144092987527,,,,,43.0,,0.03536184210526316,0.0,0.03536184210526316
iKcnseuV1B0_first48h,iKcnseuV1B0,UCLv3v82YNNsa8EsxrcPMjGQ,2026-05-08 00:12:17+00:00,5486,News & Politics,0.0,False,100,13,760000.0,13.541075028051122,,,,48655.0,0.0,0.0,0.0,10.792530409917147,,,,,1456.0,65.0,0.029924982016236768,0.0013359366971534272,0.0312609187133902
seo92Db-Syo_first48h,seo92Db-Syo,UCR3asjvr_WAaxwJYEDV_Bfw,2026-05-08 13:54:12+00:00,1164,News & Politics,13.0,False,51,39,3150000.0,14.962913328262083,,,5275.657142857142,6924.029197080292,0.0,0.0,8.571048059314064,8.84289754723153,,,1648.3720542231495,,58.98394160583941,3.9678832116788305,0.008518730919088502,0.0005730598613524042,0.009091790780440905
UuOsjMK_XZk_first48h,UuOsjMK_XZk,UCODc8Pa-_WUMaVRp9dvmNmw,2026-05-07 22:50:57+00:00,70,News & Politics,22.0,True,45,2,343000.0,12.745488641595722,,,,12558.0,0.0,0.0,0.0,9.438192819018127,,,,,96.0,57.0,0.007644529383659818,0.004538939321548017,0.012183468705207836
PgJV4V9OuaE_first48h,PgJV4V9OuaE,UCD_zO_MDaC7MyekAmrn6WVQ,2026-05-07 16:00:46+00:00,3416,Education,16.0,False,41,48,286000.0,12.563750586299374,,,,39330.83544303798,0.0,0.0,0.0,10.579789532097895,,,,,915.5569620253165,91.84810126582279,0.02327835022348555,0.0023352695215143465,0.025613619744999896
PDkqXeT-hWo_first48h,PDkqXeT-hWo,UCGKL5LoNqNAR8yCj8wiWScA,2026-05-07 16:52:47+00:00,632,Gaming,16.0,False,77,1,97700.0,11.489667073393028,,,,34894.06543624161,0.0,0.0,0.0,10.460100706682095,,,,,281.2634228187919,496.2634228187919,0.008060494508234246,0.014222000693085298,0.022282495201319544
JbRBCNLWGOk_first48h,JbRBCNLWGOk,UCdOJAN1W_Y8yQZrnOW4yKKQ,2026-05-08 09:58:10+00:00,1836,News & Politics,9.0,False,30,0,161000.0,11.989165855127435,,,258.68916666666667,418.57297590035205,0.0,0.0,5.559485402999489,6.0392374700161335,,,159.88380923368538,,3.0,,0.007167208999928838,0.0,0.007167208999928838
MR0sKeOyRD0_first48h,MR0sKeOyRD0,UC5qSUdhxQMdFm7AjXt-QDxg,2026-05-08 18:08:04+00:00,0,Sports,18.0,False,86,14,176000.0,12.07824495582233,,,27481.30453020134,34291.0,0.0,0.0,10.221297604908898,10.442667369798647,,,6809.695469798658,,1932.0,315.0,0.05634131404741769,0.009186083812078971,0.06552739785949666
tqwff4gkRXw_first48h,tqwff4gkRXw,UCSWOnDD1KIriGmyQ7SgNA4A,2026-05-08 23:11:14+00:00,138,News & Politics,23.0,False,49,7,324000.0,12.688501881189456,,,434659.0,443475.24696802645,0.0,0.0,12.982319395259694,13.00239952116451,,,8816.246968026448,,562.0,1170.0,0.0012672635143501456,0.0026382532238250363,0.0039055167381751824
O9a9La9VUKI_first48h,O9a9La9VUKI,UCgnysg0nQxiD1ahcBMuwuUA,2026-05-09 02:01:21+00:00,0,Sports,2.0,False,53,0,75000.0,11.225256725762893,,18685.292035398234,,1077710.3177638839,0.0,9.835545487797523,0.0,13.890350200305676,,,,,13000.0,19.0,0.012062610690202353,1.7629969470295746e-05,0.012080240659672649
EGiqxUjr0so_first48h,EGiqxUjr0so,UCI9CLAkPxQ6b9T82jNK2kqg,2026-05-07 21:41:54+00:00,0,Sports,21.0,False,44,0,2150.0,7.67368812926773,,,,720.1446540880503,0.0,0.0,0.0,6.580839746964603,,,,,76.73584905660377,4.0,0.10655616010060871,0.0055544396216693015,0.11211059972227802
KYcKhoSMB7A_first48h,KYcKhoSMB7A,UCUaOgmrSO6N6TUVCQfp3yww,2026-05-07 18:15:59+00:00,743,Gaming,18.0,False,54,0,215.0,5.375278407684165,,,,4.0,0.0,0.0,0.0,1.6094379124341003,,,,,0.0,,0.0,0.0,0.0
UceXGNRV7Uc_first48h,UceXGNRV7Uc,UCfn_5Hfc7ZK9jZlsnoxlIHw,2026-05-08 11:00:50+00:00,923,People & Blogs,11.0,False,55,16,58400.0,10.975088291957388,,,4863.701827242525,7604.311325818572,0.0,0.0,8.489760703377504,8.936602140846762,,,2740.6094985760474,,212.61352657004832,23.0,0.027959603106749626,0.003024599995256526,0.030984203102006152
jJXyCP7n298_first48h,jJXyCP7n298,UClQ5uf3vMejw6-BalB-xeOg,2026-05-08 14:23:14+00:00,6956,News & Politics,14.0,False,47,3,350000.0,12.765691290604371,,,10310.127388535031,10763.452347745235,0.0,0.0,9.240978920066302,9.284004535094729,,,453.3249592102038,,715.4105067410507,15.0,0.06646663947844925,0.0013936049062494573,0.0678602443846987
_ZKIYRm1S-k_first48h,_ZKIYRm1S-k,UCfmkz6A3aTJwJzox2xhAuRw,2026-05-09 03:28:16+00:00,709,News & Politics,3.0,False,72,4,396000.0,12.889172015485954,,873.375,,1811.0,0.0,6.773509345419746,0.0,7.502186486602924,,,,,14.0,1.0,0.007730535615681944,0.0005521811154058532,0.008282716731087797
owFZVWRoRTM_first48h,owFZVWRoRTM,UCLe_q9axMaeTbjN0hy1Z9xA,2026-05-08 15:01:37+00:00,5424,Education,15.0,False,31,30,3160000.0,14.96608290201874,,,477129.4835605453,615790.1438547486,0.0,0.0,13.075545282903773,13.33066313284062,,,138660.66029420326,,10000.0,3752.958100558659,0.016239298565906862,0.006094540710031078,0.02233383927593794
5VJvYcPQ32I_first48h,5VJvYcPQ32I,UC8vKBjGY2HVfbW9GAmgikWw,2026-05-08 18:54:12+00:00,0,Gaming,18.0,False,53,12,282000.0,12.549665896013254,,,46561.22277227723,48449.0,0.0,0.0,10.748544821220213,10.788287617318913,,,1887.7772277227705,,1330.0,13.0,0.027451546987553924,0.0002683233916076699,0.02771987037916159
FRXgpbzi1Us_first48h,FRXgpbzi1Us,UCJg9wBPyKMNA5sRDnvzmkdg,2026-05-08 22:06:30+00:00,1109,News & Politics,22.0,False,65,25,5560000.0,15.531108846082864,,,102101.52705882353,108555.21244550138,0.0,0.0,11.533732754667454,11.595023404857201,,,6453.685386677855,,1105.8680142687276,408.49068569163694,0.010187147990004745,0.0037629762448921,0.013950124234896845
inMC82cffYU_first48h,inMC82cffYU,UCpu3bemTQwAU8PqM4kJdoEQ,2026-05-09 02:23:51+00:00,421,News & Politics,2.0,False,63,8,3220000.0,14.984892228079548,,401.66279069767444,,1097.539468897781,0.0,5.998099464029514,0.0,7.001736820990566,,,,,25.0,5.0,0.022778224117176022,0.004555644823435205,0.02733386894061123
dRp0-8qOmAM_first48h,dRp0-8qOmAM,UCantjb1gLVf1F4X5Ut8UcgA,2026-05-09 03:45:41+00:00,0,Sports,3.0,False,74,36,26600.0,10.188704088048116,,7421.977272727272,,56853.0,0.0,8.912335505375998,0.0,10.948241857301557,,,,,1928.0,3.0,0.03391201871493149,5.27676639755158e-05,0.03396478637890701
d2odvYy6TCA_first48h,d2odvYy6TCA,UCZvWI9aiyzMp-osh-XbU7xA,2026-05-07 22:12:43+00:00,147,News & Politics,22.0,False,82,0,58099.0,10.969920942840002,,,,9133.0,0.0,0.0,0.0,9.119758993744945,,,,,103.0,64.0,0.011277783860724843,0.007007555020256214,0.018285338880981057
dNYW4Qgd1vA_first48h,dNYW4Qgd1vA,UCwDyCMbrFn0RkqXdCKxjIbg,2026-05-07 11:00:06+00:00,863,News & Politics,11.0,False,76,15,466000.0,13.051943059028227,,,,9281.905121746431,0.0,0.0,0.0,9.135929828702052,,,,,66.71620486985726,1.0,0.0071877706133355,0.00010773650310830214,0.007295507116443802
kLB1l_RVe5M_first48h,kLB1l_RVe5M,UCQ9eDVhFn_jq7eTpjf21ouA,2026-05-08 11:52:52+00:00,907,Gaming,11.0,False,10,4,447000.0,13.010316110729669,,,236190.84991843393,298031.5318870883,0.0,0.0,12.37239967714769,12.604957926935551,,,61840.68196865439,,5290.265812859383,391.25901725039205,0.017750691610925396,0.00131281081157085,0.019063502422496246
qE0LAl4-U68_first48h,qE0LAl4-U68,UCnVJ112p6NFV8VcyYAgPlMg,2026-05-09 01:11:57+00:00,150,People & Blogs,1.0,False,85,4,16500.0,9.711176264112805,,,,70.0,0.0,0.0,0.0,4.2626798770413155,,,,,1.0,,0.014285714285714285,0.0,0.014285714285714285
4qjf9z5_aPo_first48h,4qjf9z5_aPo,UCnVJ112p6NFV8VcyYAgPlMg,2026-05-09 00:54:09+00:00,112,People & Blogs,0.0,False,79,4,16500.0,9.711176264112805,,,39.0,60.0,0.0,0.0,3.6888794541139363,4.110873864173311,,,21.0,,2.0,,0.03333333333333333,0.0,0.03333333333333333
CzrUxYPsT8M_first48h,CzrUxYPsT8M,UC1eyYJRpM_g5WBp60mmRwCQ,2026-05-08 12:11:18+00:00,1091,Education,12.0,False,38,0,128000.0,11.759793355371237,,,54295.461224489794,77429.8675643875,0.0,0.0,10.902214332978607,11.257140785817386,,,23134.40633989771,,3433.3227872924567,165.45639952935025,0.044341064957103875,0.0021368549983862943,0.046477919955490166
ther8bTJt4g_first48h,ther8bTJt4g,UC1eyYJRpM_g5WBp60mmRwCQ,2026-05-07 14:23:20+00:00,995,Education,14.0,False,36,0,128000.0,11.759793355371237,,,,41656.2187742436,0.0,0.0,0.0,10.637229952486638,,,,,1490.8813033359193,55.0,0.035790125633240244,0.0013203310722481364,0.037110456705488376
oMteHKRPI24_first48h,oMteHKRPI24,UC4LjkybVKXCDlneVXlKAbmw,2026-05-09 03:46:34+00:00,118,News & Politics,3.0,False,27,60,746000.0,13.522482219667573,,12712.576923076924,,15570.0,0.0,9.450425750481843,0.0,9.653165488841426,,,,,99.0,90.0,0.006358381502890174,0.005780346820809248,0.012138728323699421
Q3FAQkOyvYE_first48h,Q3FAQkOyvYE,UC5nwNW4KdC0SzrhF9BXEYOQ,2026-05-09 04:14:27+00:00,123,News & Politics,4.0,False,38,76,3270000.0,15.000300848683787,,7486.781818181818,,38298.65582475938,0.0,8.921027880203784,0.0,10.55319618882965,,,,,185.0,173.0,0.004830456735779246,0.004517129812377349,0.009347586548156595
P40z5-ok_QE_first48h,P40z5-ok_QE,UC5nwNW4KdC0SzrhF9BXEYOQ,2026-05-09 04:08:56+00:00,0,News & Politics,4.0,False,33,76,3270000.0,15.000300848683787,,,,3617.568679495687,0.0,0.0,0.0,8.193833834227123,,,,,33.0,5.0,0.009122148858442798,0.001382143766430727,0.010504292624873525
MLziSPNvdu4_first48h,MLziSPNvdu4,UCLG2sbIo3Rktb77h6q9yuDw,2026-05-08 14:03:17+00:00,5960,News & Politics,14.0,False,97,29,634000.0,13.359805810705184,,,111495.77795031056,113969.0,0.0,0.0,11.621750972158143,11.643690534849782,,,2473.2220496894442,,2321.0,155.0,0.02036518702454176,0.0013600189525221772,0.021725205977063938
oqtAgBOcAtA_first48h,oqtAgBOcAtA,UCLONYvLH7pQ9rNlS5QOMrPA,2026-05-07 10:59:28+00:00,869,Gaming,10.0,False,58,8,152000.0,11.931642378754141,,,,25547.558388157893,0.0,0.0,0.0,10.148336170875929,,,,,824.4407894736842,34.0,0.032270825139041025,0.0013308512494000242,0.03360167638844105
OcUewUGjagQ_first48h,OcUewUGjagQ,UCuTAXTexrhetbOe3zgskJBQ,2026-05-09 04:05:39+00:00,0,News & Politics,4.0,False,57,27,3220000.0,14.984892228079548,,6703.362637362637,,21634.0,0.0,8.81051373338432,0.0,9.982067652658985,,,,,51.0,1.0,0.002357400388277711,4.622353702505316e-05,0.0024036239253027642
Fyew49phL7E_first48h,Fyew49phL7E,UC6ZFN9Tx6xh-skXCuRHCDpQ,2026-05-08 22:44:47+00:00,460,News & Politics,22.0,False,67,0,5270000.0,15.477541110270847,,,58994.14972847168,61854.301886792455,0.0,0.0,10.98521051151659,11.03255309584104,,,2860.1521583207723,,495.0,,0.008002677015189072,0.0,0.008002677015189072
IVIxQc-32EA_first48h,IVIxQc-32EA,UC64F2oovpjsxy06vTdrJG-g,2026-05-09 03:56:37+00:00,77,Sports,3.0,False,41,2,60000.0,11.002116507732017,,125.6774193548387,,952.0,0.0,4.841643850092863,0.0,6.859614903654202,,,,,10.0,1.0,0.01050420168067227,0.0010504201680672268,0.011554621848739496
igO1LNYZ50s_first48h,igO1LNYZ50s,UCTHCOPwqNfZ0uiKOvFyhGwg,2026-05-09 04:07:30+00:00,41,News & Politics,4.0,False,46,8,2230000.0,14.617512591866694,,197.9,,1235.6289222373807,0.0,5.292802185859927,0.0,7.120144345365745,,,,,5.0,2.0,0.004046522309421496,0.0016186089237685984,0.005665131233190094
8qR51VZn2wk_first48h,8qR51VZn2wk,UCv1tOT645xHOJrwdGlzjMaA,2026-05-07 12:25:52+00:00,0,Gaming,12.0,False,58,61,261000.0,12.472279517715116,,,,85600.66115702476,0.0,0.0,0.0,11.357459967981548,,,,,1120.5454545454543,,0.013090383174610531,0.0,0.013090383174610531
XH-xEo3_KUY_first48h,XH-xEo3_KUY,UCCjG8NtOig0USdrT5D1FpxQ,2026-05-08 19:14:41+00:00,0,News & Politics,19.0,False,41,8,0.0,0.0,,,,53973.12382009994,0.0,0.0,0.0,10.896260022182236,,,,,2238.9022765130485,894.9444752915047,0.04148179905198051,0.01658129846763143,0.05806309751961194
rojBHyYKGSs_first48h,rojBHyYKGSs,UC1dG3vI9FfHnH3YgyeKUz_A,2026-05-08 14:30:41+00:00,2406,Gaming,14.0,False,31,10,721000.0,13.488395803228677,,,124038.5868544601,149603.0,0.0,0.0,11.728356042464402,11.915747082132976,,,25564.413145539904,,635.0,80.0,0.004244567288089142,0.000534748634719892,0.004779315922809034
oQL_b7xFy_g_first48h,oQL_b7xFy_g,UCL0_NxCvkcXwZHpvqgMZY-A,2026-05-09 04:44:36+00:00,126,News & Politics,4.0,False,40,66,1040000.0,13.854732232655556,,2398.1844660194174,,3819.0,0.0,7.782884152763713,0.0,8.24800570160062,,,,,28.0,69.0,0.007331762241424456,0.018067556952081697,0.025399319193506152
4VVdcu1bzmQ_first48h,4VVdcu1bzmQ,UC5l1Yto5oOIgRXlI4p4VKbw,2026-05-08 11:30:06+00:00,2023,News & Politics,11.0,False,48,0,3750000.0,15.137266664613225,,,1301.7408026755852,1931.0,0.0,0.0,7.1722256338339365,7.566311014772463,,,629.2591973244148,,108.0,,0.055929570170895906,0.0,0.055929570170895906
_6VeAg9hVMg_first48h,_6VeAg9hVMg,UCqQo7ewe87aYAe7ub5UqXMw,2026-05-09 04:31:21+00:00,600,Sports,4.0,False,85,4,17500000.0,16.677711496036597,,11645.56074766355,,35507.449327648406,0.0,9.362766200616553,0.0,10.477525956373336,,,,,382.77697605772386,21.0,0.010780187912840838,0.0005914251909851501,0.011371613103825987
-KCxTw5lFcs_first48h,-KCxTw5lFcs,UCtRQx6izrg2R00c8aGOVzUg,2026-05-08 14:02:12+00:00,0,Sports,14.0,False,48,0,11200.0,9.32375833901174,,,5559.394084732214,6565.610358180058,0.0,0.0,8.623424263281821,8.789753051124768,,,1006.2162734478443,,10.0,,0.0015230876421932433,0.0,0.0015230876421932433
mXj84g1qZKw_first48h,mXj84g1qZKw,UCGCZAYq5Xxojl_tSXcVJhiQ,2026-05-07 08:36:08+00:00,61,News & Politics,8.0,False,50,5,4980000.0,15.42094064980403,,,,5912.0,0.0,0.0,0.0,8.68490859582083,,,,,31.0,26.0,0.0052435723951285524,0.004397834912043302,0.009641407307171853
EkPJgZOJSc8_first48h,EkPJgZOJSc8,UCS3nuaXXw7nsiSzdJ5HJaoQ,2026-05-09 03:58:29+00:00,0,News & Politics,3.0,False,100,10,1030000.0,13.845070331079134,,2453.296296296296,,11159.0,0.0,7.805595358119393,0.0,9.320091235935301,,,,,263.0,9.0,0.023568420109328792,0.0008065238820682857,0.02437494399139708
Hje_pZr1tyE_first48h,Hje_pZr1tyE,UCt9kDudA1tTXS7TR-g2X_-A,2026-05-07 15:11:13+00:00,2033,Gaming,15.0,False,60,27,495000.0,13.112315061750808,,,,23775.44849445325,0.0,0.0,0.0,10.076450810666175,,,,,463.89064976228207,42.0,0.01951133118984092,0.0017665281901958019,0.021277859380036724
U3wO7mWwNkI_first48h,U3wO7mWwNkI,UCUk7VggtJdo9XYTy3Z5QVAw,2026-05-09 05:08:27+00:00,0,Gaming,5.0,False,78,31,12000000.0,16.300417291085605,,,,110978.0,0.0,0.0,0.0,11.61709627320675,,,,,8982.0,380.0,0.08093496008217844,0.0034241020742849936,0.08435906215646344
U1K7-qsZ95I_first48h,U1K7-qsZ95I,UCDoTL_pndu118kDgTSDQi-g,2026-05-09 03:49:35+00:00,0,Entertainment,3.0,False,41,0,20299.0,9.918376165029878,,2437.1315789473683,,52908.0,0.0,7.798987278620723,0.0,10.87632873570067,,,,,424.0,,0.008013910939744462,0.0,0.008013910939744462
W09DxeDO7Vk_first48h,W09DxeDO7Vk,UC5nwNW4KdC0SzrhF9BXEYOQ,2026-05-09 04:00:06+00:00,1566,News & Politics,4.0,False,96,76,3270000.0,15.000300848683787,,440.3404255319149,,853.0,0.0,6.089816517636087,0.0,6.74993119378857,,,,,24.0,5.0,0.02813599062133646,0.005861664712778429,0.03399765533411489
6oKdexMqWo0_first48h,6oKdexMqWo0,UC2VmWn8dAqkzlQqvy02E1PA,2026-05-09 04:52:59+00:00,132,News & Politics,4.0,False,36,14,1460000.0,14.19394767861579,,3062.554347826087,,6973.910313901345,0.0,8.02733107244448,0.0,8.85007474838487,,,,,82.85586162716207,289.37860345932097,0.011880832688943894,0.04149445439275183,0.05337528708169573
1SZ0hKzbPWc_first48h,1SZ0hKzbPWc,UCNsidkYpIAQ4QaufptQBPHQ,2026-05-07 23:41:54+00:00,0,News & Politics,23.0,False,84,14,1560000.0,14.260197020251155,,,,25982.0,0.0,0.0,0.0,10.165197756999154,,,,,582.0,,0.022400123162189207,0.0,0.022400123162189207
5uT_EqDuiW4_first48h,5uT_EqDuiW4,UC6AG81pAkf6Lbi_1VC5NmPA,2026-05-07 09:34:26+00:00,96,News & Politics,9.0,False,86,7,3260000.0,14.997238060091309,,,,9752.510851419032,0.0,0.0,0.0,9.18538258650104,,,,,35.0,42.0,0.0035888193854106145,0.004306583262492738,0.007895402647903352
44VqrCCp5Ys_first48h,44VqrCCp5Ys,UCry2gCVdntv6r661sKUiKXw,2026-05-09 03:28:20+00:00,126,News & Politics,3.0,False,54,16,411000.0,12.926350926565435,,,,2228.0,0.0,0.0,0.0,7.709308333385869,,,,,32.0,12.0,0.01436265709156194,0.005385996409335727,0.019748653500897665
lsXgZkXRlRY_first48h,lsXgZkXRlRY,UCoe5u1Hr0tHkJVzgsiKoMJg,2026-05-09 05:00:44+00:00,605,News & Politics,5.0,False,50,5,113000.0,11.635151947212842,,345.91743119266056,,1184.0,0.0,5.84908680117873,0.0,7.077498053569231,,,,,11.0,8.0,0.009290540540540541,0.006756756756756757,0.016047297297297296
dPbzqzWnjwA_first48h,dPbzqzWnjwA,UCEWqfxUKLIpqyMzebADGUlg,2026-05-07 09:00:53+00:00,4915,Gaming,9.0,False,58,11,233000.0,12.358798024384122,,,,194742.0,0.0,0.0,0.0,12.179436019569682,,,,,1524.0,285.0,0.007825738669624426,0.0014634747512092922,0.009289213420833718
KIGw7DTN9Ho_first48h,KIGw7DTN9Ho,UCiCtfd2JP-IWrrVY-WENCMQ,2026-05-09 04:00:18+00:00,0,Sports,4.0,False,31,0,13600.0,9.517898598432753,,18834.909090909092,,156269.0,0.0,9.8435203850038,0.0,11.959340559407346,,,,,218.0,,0.0013950303643077001,0.0,0.0013950303643077001
WmzQQyG4_mw_first48h,WmzQQyG4_mw,UCoNYj9OFHZn3ACmmeRCPwbA,2026-05-08 11:23:49+00:00,93,News & Politics,11.0,False,69,46,1430000.0,14.173185701536545,,,10738.682707993476,10903.094259012016,0.0,0.0,9.281700824609086,9.296893617782514,,,164.4115510185402,,23.0,8.0,0.002109492906657137,0.0007337366631850911,0.002843229569842228
WrCZl8G8eCs_first48h,WrCZl8G8eCs,UCcbjV9pxJa5y7pTINthXyrw,2026-05-08 11:28:54+00:00,332,News & Politics,11.0,False,54,83,543000.0,13.204866440535003,,,18935.338223308885,28872.913758523868,0.0,0.0,9.848838012425778,10.270693828364072,,,9937.575535214983,,103.857734991309,6.0,0.003597064565769643,0.00020780722202755442,0.0038048717877971973
rFVBqo2unFY_first48h,rFVBqo2unFY,UCuTAXTexrhetbOe3zgskJBQ,2026-05-08 11:26:03+00:00,65,News & Politics,11.0,False,45,1,3220000.0,14.984892228079548,,,12606.723127035832,14870.967923015236,0.0,0.0,9.44206485175468,9.607233372528004,,,2264.2447959794044,,76.97113071371291,31.985565356856455,0.005175932804924392,0.002150873132296493,0.007326805937220885
G6R-TvmuE_Q_first48h,G6R-TvmuE_Q,UCzYfz8uibvnB7Yc1LjePi4g,2026-05-08 22:23:13+00:00,1118,Gaming,22.0,False,26,12,24800000.0,17.02635425145779,,,388802.4285714286,466215.0,0.0,0.0,12.87082916987169,13.052404325029196,,,77412.57142857142,,11000.0,1650.0,0.02359426444880581,0.0035391396673208715,0.02713340411612668
G0fTflXuwu0_first48h,G0fTflXuwu0,UCNXjJ4Igw2Ir8774eBNb4yA,2026-05-08 21:43:55+00:00,53,News & Politics,21.0,True,42,11,31200.0,10.348205424565993,,,1108.0,1363.0,0.0,0.0,7.011213987350367,7.218176838403408,,,255.0,,36.0,1.0,0.02641232575201761,0.0007336757153338225,0.02714600146735143
ueoA9W0_tLo_first48h,ueoA9W0_tLo,UCrvhNP_lWuPIP6QZzJmM-bw,2026-05-08 18:45:07+00:00,236,News & Politics,18.0,False,50,27,0.0,0.0,,,22285.239530988274,23808.0,0.0,0.0,10.011724705596816,10.077818939438902,,,1522.760469011726,,246.0,39.0,0.01033266129032258,0.0016381048387096775,0.011970766129032258
FsuPgdbIa6I_first48h,FsuPgdbIa6I,UCHK_Z9vb2_tzr6qekkwWPIA,2026-05-09 02:00:13+00:00,36001,People & Blogs,2.0,False,77,21,34500.0,10.448743588106625,,,,1284.3247049866768,0.0,0.0,0.0,7.158766654114491,,,,,30.81385610963076,,0.023992263007936464,0.0,0.023992263007936464
WfHGO1IBk9c_first48h,WfHGO1IBk9c,UCkF-6h_Zgf9zXNUmUB-MzTw,2026-05-09 01:29:28+00:00,0,News & Politics,1.0,False,82,0,414000.0,12.933623668263472,,,,98349.97716025884,0.0,0.0,0.0,11.49629775930683,,,,,7280.920441568329,365.08983631518845,0.07403072834174887,0.0037121496807292964,0.07774287802247817
1ru-fmhDnEc_first48h,1ru-fmhDnEc,UCYUGo6ZfQZCTMrK9rMDijNQ,2026-05-09 06:11:34+00:00,0,News & Politics,6.0,False,83,127,1100000.0,13.910821646859095,4199.991596638655,10860.683673469388,,43989.0,8.343075870843329,9.292996615860783,0.0,10.691717614342766,6660.692076830733,,,,1657.0,21.0,0.03766850803609993,0.00047739207529155016,0.03814590011139148
qprPJqS9ayY_first48h,qprPJqS9ayY,UCEh5UPBv0alseI62OJhnKow,2026-05-09 05:19:32+00:00,0,Science & Technology,5.0,False,35,0,20200.0,9.913487387114461,,893.55,,2473.6209987195903,0.0,6.796320798535832,0.0,7.813842531446446,,,,,170.72855313700384,14.0,0.06901968944530198,0.005659719094900455,0.07467940854020243
VC4Fl0XobnU_first48h,VC4Fl0XobnU,UC2TuODJhC03pLgd6MpWP0iw,2026-05-09 06:35:00+00:00,110,News & Politics,6.0,False,87,35,2140000.0,14.576316854287645,2082.8504672897197,5400.333333333332,,7506.0,7.641972647558849,8.59440111565447,0.0,8.923591197573002,3317.4828660436124,,,,36.0,19.0,0.004796163069544364,0.0025313082867039704,0.007327471356248335
urb1o2ZV6GQ_first48h,urb1o2ZV6GQ,UCiQHlJWI2rqWs73KkW-zjSQ,2026-05-08 13:25:09+00:00,0,Gaming,13.0,False,55,9,20200.0,9.913487387114461,,,5403.4544000000005,6173.0,0.0,0.0,8.594978781407395,8.728102205062104,,,769.5455999999995,,35.0,2.0,0.00566985258383282,0.0003239915762190183,0.005993844160051839
MYWu1D1Yrq4_first48h,MYWu1D1Yrq4,UCuTAXTexrhetbOe3zgskJBQ,2026-05-09 03:32:52+00:00,108,News & Politics,3.0,False,48,1,3220000.0,14.984892228079548,,,,12903.0,0.0,0.0,0.0,9.465292619805044,,,,,74.0,22.0,0.005735100364256374,0.0017050298380221654,0.00744013020227854
ZPKAzAAxtzg_first48h,ZPKAzAAxtzg,UC-fzWbU1zavz77kP1gPPdSg,2026-05-08 12:29:05+00:00,0,Sports,12.0,False,86,16,6670000.0,15.713130567816833,,,483421.6277372262,575672.0,0.0,0.0,13.088646555707552,13.263295070137303,,,92250.3722627738,,3323.0,3.0,0.0057723842743784655,5.211300879667589e-06,0.005777595575258133
SSxDyyAwFU4_first48h,SSxDyyAwFU4,UCDn8Lqf-x0zD8hmFUg08f6w,2026-05-09 06:37:04+00:00,0,Gaming,6.0,False,16,0,2910000.0,14.883663982790228,28871.07619047619,59998.69672131148,,143537.0,10.270630185224524,11.002094786546655,0.0,11.874355087488636,31127.620530835287,,,,2416.0,57.0,0.01683189700216669,0.00039711015278290617,0.017229007154949596
n5WudFj--a4_first48h,n5WudFj--a4,UCouaZqnOJay2Lacj8fomO3Q,2026-05-09 05:01:00+00:00,605,News & Politics,5.0,False,50,5,166000.0,12.019749091416921,,7224.95652173913,,71429.88732394367,0.0,8.885434894769906,0.0,11.176485650358627,,,,,469.543661971831,258.0,0.006573490167251566,0.00361193345902867,0.010185423626280237
HeB8Ru-RODo_first48h,HeB8Ru-RODo,UCaLjq8bBXAA7lLlHaGHvI8w,2026-05-09 02:20:22+00:00,50,News & Politics,2.0,False,38,0,44300.0,10.698762529141884,,,,21065.82872928177,0.0,0.0,0.0,9.955454984282904,,,,,104.0,7.0,0.004936905228676747,0.00033229169808401184,0.005269196926760759
XgNWdh7KwxY_first48h,XgNWdh7KwxY,UCcT6w3xUyVshyR2_2vrMp1w,2026-05-09 03:00:49+00:00,200,News & Politics,3.0,False,57,3,613000.0,13.326121846238388,,,,5483.387845303868,0.0,0.0,0.0,8.609660761249256,,,,,84.50092081031308,,0.015410349075103654,0.0,0.015410349075103654
32jzdSigX1s_first48h,32jzdSigX1s,UC29bqEA2oMcQLISYEWC7nDA,2026-05-09 02:57:21+00:00,0,Sports,2.0,False,94,4,555000.0,13.22672519452875,,,,202964.36256448049,0.0,0.0,0.0,12.220790615704171,,,,,3913.436256448047,3.0,0.01928139603919271,1.4780919970849164e-05,0.01929617695916356
-KRJ2hQSkzw_first48h,-KRJ2hQSkzw,UCLZ-0qWzJr33yxQ4z8ag3QQ,2026-05-09 02:22:39+00:00,0,Gaming,2.0,False,75,13,11100.0,9.314790473332646,,,,7933.48643761302,0.0,0.0,0.0,8.978973909708225,,,,,155.0,5.0,0.019537438075791995,0.000630239937928774,0.02016767801372077
R-WbAau45tE_first48h,R-WbAau45tE,UCWskYkV4c4S9D__rsfOl2JA,2026-05-08 12:41:08+00:00,697,News & Politics,12.0,False,51,31,747000.0,13.523821802802145,,,14666.699341021416,15568.0,0.0,0.0,9.593403031368744,9.653037036689675,,,901.3006589785837,,506.0,8.0,0.03250256937307297,0.0005138746145940391,0.03301644398766701
3W1NhLzJFp0_first48h,3W1NhLzJFp0,UCjXTgj2f0pVxwvIZVlzQ6Jw,2026-05-08 13:11:44+00:00,34862,Gaming,13.0,False,88,78,11399.0,9.341368634382587,,,1371.7666126418153,1328.0,0.0,0.0,7.224583407809898,7.192182058713246,,,0.0,,87.0,13.0,0.06551204819277108,0.009789156626506024,0.07530120481927711
1eqO-P1EkpY_first48h,1eqO-P1EkpY,UCz6XquIbM5OcfK7r3hQQCXA,2026-05-08 18:09:37+00:00,7583,Gaming,18.0,False,43,3,1380000.0,14.137594781770806,,,188557.0874684609,239918.77234869517,0.0,0.0,12.14716139473115,12.388059864559049,,,51361.68488023427,,4709.330927262632,376.2715158245419,0.019628855554571382,0.0015683287811996355,0.021197184335771016
9t8samcUDOg_first48h,9t8samcUDOg,UCTvZcgH_rsvaGuZ8mU5jpnA,2026-05-09 01:15:53+00:00,53,News & Politics,1.0,True,47,3,358000.0,12.788291058675025,,,,7402.0,0.0,0.0,0.0,8.909640602443098,,,,,98.0,32.0,0.013239664955417455,0.004323155903809781,0.017562820859227234
HisWQVg5WC4_first48h,HisWQVg5WC4,UC1VKVKhJLc7PjdPPVxTDk0Q,2026-05-09 05:17:21+00:00,215,News & Politics,5.0,False,79,6,329000.0,12.703816069256568,,23460.834710743802,,134662.31988472622,0.0,10.063130325063602,0.0,11.81053301562521,,,,,536.0742875440282,2108.474223503042,0.003980878155098761,0.015657492202034988,0.019638370357133752
GHqOc_kGAtI_first48h,GHqOc_kGAtI,UCGCZAYq5Xxojl_tSXcVJhiQ,2026-05-09 03:17:22+00:00,83,News & Politics,3.0,False,41,6,4980000.0,15.42094064980403,,,,4001.8137432188064,0.0,0.0,0.0,8.294752828611728,,,,,33.0,20.0,0.008246260850075666,0.004997733848530707,0.013243994698606374
K0x4ZU4rFmc_first48h,K0x4ZU4rFmc,UC52X5wxOL_s5yw0dQk7NtgA,2026-05-08 23:27:53+00:00,0,News & Politics,23.0,False,67,6,4450000.0,15.308414878861498,,,151652.93394777266,190784.04420817012,0.0,0.0,11.929356453748104,12.158902650270889,,,39131.11026039746,,4477.928931169558,1593.593732512591,0.0234711919948796,0.008352866924100706,0.03182405891898031
RxMl7Ph6urM_first48h,RxMl7Ph6urM,UCwjVcMTea1yIoZzLdE3Riaw,2026-05-07 14:51:49+00:00,0,Entertainment,14.0,False,98,0,453000.0,13.023649611968253,,,,6442.430769230767,0.0,0.0,0.0,8.770816405390562,,,,,,,0.0,0.0,0.0
wJgRzMrW4Wk_first48h,wJgRzMrW4Wk,UCKa1VlSq1WwdSQWv4JFdgxg,2026-05-07 10:01:36+00:00,1145,Sports,10.0,False,27,17,406000.0,12.914110901635024,,,,12368.0,0.0,0.0,0.0,9.42294862137501,,,,,241.0,5.0,0.019485769728331177,0.00040426908150064685,0.019890038809831825
5d7w82oKE4Q_first48h,5d7w82oKE4Q,UCzpwkXk_GlfmWntZ9v4l3Tg,2026-05-07 12:59:06+00:00,7644,People & Blogs,12.0,False,70,17,1160000.0,13.963931425151141,,,,28648.9958643507,0.0,0.0,0.0,10.262908577792114,,,,,532.8660049627791,122.64433416046319,0.018599814369963642,0.0042809295914303,0.022880743961393942
kP0AZlkxySA_first48h,kP0AZlkxySA,UC2TuODJhC03pLgd6MpWP0iw,2026-05-09 07:30:06+00:00,528,News & Politics,7.0,False,78,35,2140000.0,14.576316854287645,4125.177419354839,10533.106194690265,,30982.15124500461,8.325106693035076,9.262373481128867,0.0,10.34119882748749,6407.928775335426,,,,142.0,85.0,0.0045832840617513705,0.0027435151073863834,0.0073267991691377534
qbutq7FIsm4_first48h,qbutq7FIsm4,UCB8-vcejM22MzXnzvyiXr8A,2026-05-09 05:02:46+00:00,0,People & Blogs,5.0,False,16,0,27700.0,10.229223792606835,,13175.315789473683,,82902.0,0.0,9.48617623859165,0.0,11.325426528647139,,,,,313.0,8.0,0.0037755422064606405,9.649948131528793e-05,0.0038720416877759283
o_ZyjQQFJeI_first48h,o_ZyjQQFJeI,UCkKJhKO73xF1pK5h9R82ZGQ,2026-05-08 10:36:13+00:00,837,News & Politics,10.0,False,99,15,1290000.0,14.070153551531353,,,26147.93181818182,31186.0,0.0,0.0,10.17156362040567,10.347756620301231,,,5038.06818181818,,125.0,34.0,0.004008208811646251,0.0010902327967677804,0.005098441608414032
naZupSggtno_first48h,naZupSggtno,UCwPaG8zQJvsCwiTstXcx8ng,2026-05-09 03:42:45+00:00,0,Sports,3.0,False,36,54,232000.0,12.354496960983985,,,,23053.542009884677,0.0,0.0,0.0,10.045618079333307,,,,,128.0,2.0,0.0055522921356344025,8.675456461928754e-05,0.005639046700253689
ArktDtvemJ0_first48h,ArktDtvemJ0,UCUnHqTLivhRkXAoe66J1plQ,2026-05-07 21:25:21+00:00,1792,Gaming,21.0,False,45,8,12200.0,9.409273194575334,,,,3353.0,0.0,0.0,0.0,8.117908942383155,,,,,242.55690072639226,31.639225181598064,0.07234026266817545,0.00943609459636089,0.08177635726453633
jmLBmui4nTM_first48h,jmLBmui4nTM,UCkqV44VPd2aLiqtLfM7fbpQ,2026-05-09 00:55:14+00:00,0,Gaming,0.0,False,12,0,80800.0,11.299744620670225,,,,2301657.0,0.0,0.0,0.0,14.649140290762931,,,,,4377.0,,0.001901673446564801,0.0,0.001901673446564801
p856yADQIEk_first48h,p856yADQIEk,UCFDidMd82mpDkKijLUqHp7A,2026-05-07 20:43:34+00:00,2744,Sports,20.0,False,94,10,1390000.0,14.144815024531075,,,,56266.0,0.0,0.0,0.0,10.937863496628953,,,,,904.0,262.0,0.016066541072761526,0.004656453275512743,0.02072299434827427
7yvfit80mvs_first48h,7yvfit80mvs,UCnJEWsS5agXCkqIpyHC9Grg,2026-05-08 09:57:28+00:00,2186,Gaming,9.0,False,82,21,3300000.0,15.009433329466965,,,,67271.48034697749,0.0,0.0,0.0,11.116506521857344,,,,,3235.589861751152,123.60341555977229,0.04809749755858505,0.0018373821257127395,0.04993487968429779
otDjaEoNUAc_first48h,otDjaEoNUAc,UCoNYj9OFHZn3ACmmeRCPwbA,2026-05-09 06:20:02+00:00,106,News & Politics,6.0,False,81,46,1430000.0,14.173185701536545,,277.680412371134,,730.0,0.0,5.630065649890743,0.0,6.594413459749778,,,,,5.0,12.0,0.00684931506849315,0.01643835616438356,0.023287671232876714
HB7YXu8Q2V0_first48h,HB7YXu8Q2V0,UCQlzjmKRThzun1vWlT7lxWw,2026-05-08 15:18:51+00:00,19799,Entertainment,15.0,False,51,12,27400.0,10.21833478806055,,,14467.252373417721,14618.339697169191,0.0,0.0,9.579712036479274,9.590100567931517,,,151.08732375146974,,115.0,1.0,0.007866830459704634,6.840722138873594e-05,0.007935237681093369
FKD__1RHr_s_first48h,FKD__1RHr_s,UCdcEhhmXDVrKTukbKqnC5bw,2026-05-09 02:43:25+00:00,144,News & Politics,2.0,False,15,0,123000.0,11.719947764402807,,,,52255.72980910426,0.0,0.0,0.0,10.863923961707272,,,,,560.1791483113069,,0.010719956459467717,0.0,0.010719956459467717
BDJNkNp4w-Q_first48h,BDJNkNp4w-Q,UC8zlWNFM-iCWZDup6BkoaNA,2026-05-08 15:13:32+00:00,10911,Entertainment,15.0,False,24,0,89500.0,11.402005077384885,,,36380.86688051323,41405.03313840156,0.0,0.0,10.501825766877346,10.631181877176829,,,5024.166257888326,,1315.6972059779077,11.0,0.031776262600250155,0.0002656681849095763,0.03204193078515973
4VB223cRpUg_first48h,4VB223cRpUg,UCBjPppB6FOLloYBUvgbqE_A,2026-05-09 04:21:36+00:00,31686,Gaming,4.0,False,39,7,259000.0,12.464587201678082,,,,205800.0,0.0,0.0,0.0,12.234664961456772,,,,,1820.0,105.0,0.008843537414965987,0.0005102040816326531,0.00935374149659864
psMUR0yCfqg_first48h,psMUR0yCfqg,UCarvAHwttb_r2hYihGX8aXA,2026-05-08 18:30:59+00:00,7204,Gaming,18.0,False,38,0,248000.0,12.421188057397055,,,96461.91174021648,120443.0,0.0,0.0,11.476913879153447,11.6989401936018,,,23981.088259783515,,1447.0,381.0,0.012013981717492923,0.0031633220693606102,0.015177303786853532
FO8-wfKt5r8_first48h,FO8-wfKt5r8,UCR9QvLrN3wTXWWvURmlX2MA,2026-05-09 07:37:54+00:00,0,Sports,7.0,False,78,0,9050.0,9.11063052782717,3659.523809523809,7622.379310344828,,27030.862947240752,8.205361533511333,8.938975029420801,0.0,10.204771558362065,3962.8555008210187,,,,1311.0,,0.04850011642465243,0.0,0.04850011642465243
4DZ6pOmaJwg_first48h,4DZ6pOmaJwg,UCVCZ8gDIKlSG1IQDPfnkxNA,2026-05-08 17:16:28+00:00,0,Sports,17.0,False,98,12,77500.0,11.258046118484,,,33086.1525,48155.81705150977,0.0,0.0,10.406900344024596,10.782217986675452,,,15069.664551509777,,3151.9129662522205,43.0,0.06545238268682646,0.0008929346989171659,0.06634531738574362
sR_h2yb5_HI_first48h,sR_h2yb5_HI,UCL0_NxCvkcXwZHpvqgMZY-A,2026-05-09 03:22:29+00:00,123,News & Politics,3.0,False,49,66,1040000.0,13.854732232655556,,,,4179.0,0.0,0.0,0.0,8.338066525518801,,,,,38.0,10.0,0.009093084469968891,0.0023929169657812875,0.01148600143575018
xXZwjvCq4W4_first48h,xXZwjvCq4W4,UCt4bWJILlEo1hvsR224ASyA,2026-05-09 07:34:07+00:00,0,Sports,7.0,False,67,24,88300.0,11.388506711556236,,6773.188679245282,,21291.08396946565,0.0,8.820874886436124,0.0,9.966090637994512,,,,,391.0,4.0,0.018364494760377062,0.00018787206915986764,0.01855236682953693
jGNwgPUpPjY_first48h,jGNwgPUpPjY,UCaHvWPMrGgcd42waw4WYQ6w,2026-05-09 01:50:23+00:00,66,News & Politics,1.0,False,71,41,687000.0,13.440091026807503,,,,36484.35493594574,0.0,0.0,0.0,10.504666224422806,,,,,90.0,44.0,0.0024668107784284452,0.0012059963805650176,0.003672807158993463
YFLzACtNeBo_first48h,YFLzACtNeBo,UC1dGHGJTXU_dkiR8tW3qQgg,2026-05-08 12:29:50+00:00,0,Gaming,12.0,False,71,5,7690000.0,15.85543147152083,,,2613739.2582728006,5971690.0,0.0,0.0,14.776292802610545,15.602540694842435,,,3357950.7417271994,,39000.0,141.0,0.00653081456003242,2.3611406486271056e-05,0.006554425966518691
tVd29JA0Tnc_first48h,tVd29JA0Tnc,UC5nwNW4KdC0SzrhF9BXEYOQ,2026-05-07 15:05:34+00:00,1401,News & Politics,15.0,False,57,76,3270000.0,15.000300848683787,,,,30108.0,0.0,0.0,0.0,10.312579409366641,,,,,170.0,14.0,0.005646339843231035,0.0004649926929719676,0.006111332536203003
C5-bM6LSK9M_first48h,C5-bM6LSK9M,UC6AG81pAkf6Lbi_1VC5NmPA,2026-05-09 07:45:55+00:00,75,News & Politics,7.0,True,75,7,3260000.0,14.997238060091309,,109573.3103448276,,173844.73684210525,0.0,11.604358231357347,0.0,12.0659236150882,,,,,581.6491228070175,277.29824561403507,0.003345796561763623,0.0015950914054182245,0.004940887967181847
3W_h5h_tnoM_first48h,3W_h5h_tnoM,UCuTAXTexrhetbOe3zgskJBQ,2026-05-09 06:50:52+00:00,0,News & Politics,6.0,False,67,27,3220000.0,14.984892228079548,,,,32479.0,0.0,0.0,0.0,10.388379794275615,,,,,91.0,3.0,0.00280181040056652,9.23673758428523e-05,0.002894177776409372
Q9yjt7cfYjI_first48h,Q9yjt7cfYjI,UCkKVQ_GNjd8FbAuT6xDcWgg,2026-05-08 16:20:40+00:00,47,News & Politics,16.0,False,34,0,2600000.0,14.77102238760702,,,10290.98954143202,14091.0,0.0,0.0,9.2391211572169,9.553362539461128,,,3800.01045856798,,169.0,30.0,0.011993471009864453,0.0021290185224611454,0.014122489532325599
Tz1BL1uCSUA_first48h,Tz1BL1uCSUA,UCFDidMd82mpDkKijLUqHp7A,2026-05-08 18:44:03+00:00,2498,Sports,18.0,False,100,10,1390000.0,14.144815024531075,,,13853.540833333333,15998.0,0.0,0.0,9.5363683158842,9.680281499268713,,,2144.4591666666674,,273.0,146.0,0.017064633079134892,0.00912614076759595,0.026190773846730842
wS1Gd81vvls_first48h,wS1Gd81vvls,UCvzGlP9oQwU--Y0r9id_jnA,2026-05-09 02:45:26+00:00,4634,Gaming,2.0,False,35,45,1990000.0,14.503645699213111,,,,158375.49306518724,0.0,0.0,0.0,11.9727303449835,,,,,8268.702149791956,90.0,0.05220948007649494,0.0005682697383171275,0.05277774981481207
cswQzsSVfuo_first48h,cswQzsSVfuo,UCzVgCrOcBAWYEHTtVOMPAtw,2026-05-07 12:32:59+00:00,0,Gaming,12.0,False,45,3,476000.0,13.073175234051686,,,,207195.6228571431,0.0,0.0,0.0,12.241423490282624,,,,,1817.5779591836738,,0.008772279713828001,0.0,0.008772279713828001
SqRwkRAoK_I_first48h,SqRwkRAoK_I,UCwhZ2BQ-gyp6ipySEUxQXOQ,2026-05-07 16:45:01+00:00,1311,Gaming,16.0,False,50,3,32000.0,10.373522431293592,,,,17839.224958949097,0.0,0.0,0.0,9.789211015861062,,,,,328.0,6.0,0.018386449005199517,0.0003363374818024302,0.018722786487001947
f695hLogRa4_first48h,f695hLogRa4,UCoA3lm9UTWDWK8Z1kcoWQcA,2026-05-07 16:00:06+00:00,3875,Sports,16.0,False,100,10,834000.0,13.633989880380932,,,,117099.17142857143,0.0,0.0,0.0,11.670785013534962,,,,,2691.457142857143,479.57142857142856,0.022984425167336796,0.004095429734649824,0.02707985490198662
DiZqxJF8Y38_first48h,DiZqxJF8Y38,UCREjdu30qQ0Mfrbz9t-gt9A,2026-05-09 07:50:13+00:00,0,Sports,7.0,False,38,0,238000.0,12.380030154325457,,11296.01538461539,,58772.69631363371,0.0,9.332293844557938,0.0,10.981449692194744,,,,,1655.0,12.0,0.028159334245417014,0.0002041764416586128,0.028363510687075627
a2Mx8DM8CSo_first48h,a2Mx8DM8CSo,UC5fkmrA5VDTr2IU7lPmpsHA,2026-05-08 15:15:01+00:00,627,News & Politics,15.0,False,70,82,1740000.0,14.36939624590319,,,10315.587337909992,11121.335183603758,0.0,0.0,9.241508300036394,9.316710544283488,,,805.7478456937661,,69.67762596071734,56.0,0.00626522128956633,0.005035366624194646,0.011300587913760976
6Y_1D_EXiCs_first48h,6Y_1D_EXiCs,UCVLNsyFMnytkeEjJuP81XKg,2026-05-09 06:37:30+00:00,0,News & Politics,6.0,False,58,33,180000.0,12.100717685412471,,,,21653.0,0.0,0.0,0.0,9.982945473870844,,,,,4031.0,154.0,0.18616358010437353,0.007112178451022953,0.19327575855539647
kf59BanvQS4_first48h,kf59BanvQS4,UCaYxyR9mzVlTrOOyZD0XAmA,2026-05-09 00:20:40+00:00,4317,Sports,0.0,False,43,1,3200000.0,14.978661680269907,,,164244.0,223465.35450236965,0.0,0.0,12.009114494483203,12.317016142564322,,,59221.35450236965,,5689.520379146919,338.7706161137441,0.025460413726399754,0.0015159871957250166,0.02697640092212477
RkyJeNOVWL4_first48h,RkyJeNOVWL4,UCyxNn8Emqqo3z6VQKFEQcvA,2026-05-09 06:25:25+00:00,5691,Gaming,6.0,False,39,0,11200.0,9.32375833901174,,,,12057.0,0.0,0.0,0.0,9.397483619049352,,,,,211.0,6.0,0.0175002073484283,0.0004976362279173924,0.017997843576345693
AmOJbE4Mh6Y_first48h,AmOJbE4Mh6Y,UCoe5u1Hr0tHkJVzgsiKoMJg,2026-05-07 11:54:38+00:00,64,People & Blogs,11.0,True,80,0,113000.0,11.635151947212842,,,,717.0,0.0,0.0,0.0,6.576469569048224,,,,,12.0,2.0,0.016736401673640166,0.002789400278940028,0.019525801952580194
w8TWGA5u6ZA_first48h,w8TWGA5u6ZA,UC3ti8PjJczdDKHSwk7TESkw,2026-05-09 07:48:16+00:00,0,Gaming,7.0,False,39,3,1020000.0,13.83531416565213,,41009.01176470588,,135979.10014814814,0.0,10.62157150526014,0.0,11.820263831571928,,,,,2431.511703703704,32.75585185185185,0.01788151047517296,0.0002408888705408744,0.018122399345713833
TX-HQhqnnfQ_first48h,TX-HQhqnnfQ,UCiWLfSweyRNmLpgEHekhoAg,2026-05-08 14:26:26+00:00,429,Sports,14.0,False,71,0,14300000.0,16.475770165160203,,,12300.382215288611,13703.0,0.0,0.0,9.417466910273603,9.525443040003957,,,1402.6177847113886,,195.0,56.0,0.014230460483105889,0.004086696343866307,0.018317156826972197
NW2MFnwnsA4_first48h,NW2MFnwnsA4,UCoLrcjPV5PbUrUyXq5mjc_A,2026-05-09 05:41:05+00:00,610,Sports,5.0,False,60,6,7200000.0,15.789591722875162,,,,228651.76256281408,0.0,0.0,0.0,12.339959811072317,,,,,3653.287688442211,245.36683417085428,0.01597751815903277,0.0010731027455056171,0.017050620904538388
N6frGosBQgo_first48h,N6frGosBQgo,UCT350j4u6alUKyF9eu2bGug,2026-05-08 23:32:02+00:00,140,News & Politics,23.0,False,75,23,484000.0,13.089842251812337,,,,9444.676582278482,0.0,0.0,0.0,9.153312411279868,,,,,80.0,5.0,0.008470380039281387,0.0005293987524550867,0.008999778791736473
HQyYWeaZU7M_first48h,HQyYWeaZU7M,UCIU8ha-NHmLjtUwU7dFiXUA,2026-05-08 09:55:41+00:00,236,News & Politics,9.0,False,85,19,3100000.0,14.946912992035967,,,,2013.3310382071015,0.0,0.0,0.0,7.608042428295366,,,,,15.920075604158228,1.0,0.007907331334014138,0.0004966893079294668,0.008404020641943604
suS8mzRvzCc_first48h,suS8mzRvzCc,UCz9owiXUt0UoSRfhdz8-FYw,2026-05-09 05:30:30+00:00,0,Sports,5.0,False,69,10,54400.0,10.904137815028022,,,,40578.0,0.0,0.0,0.0,10.611005970395047,,,,,520.0,22.0,0.012814825767657351,0.000542165705554734,0.013356991473212086
cPO4kBjBXrs_first48h,cPO4kBjBXrs,UCQElBxJec9PsoGdHnBFmZCQ,2026-05-09 05:03:52+00:00,1870,People & Blogs,5.0,False,92,0,297000.0,12.601490784782536,,,,336.0,0.0,0.0,0.0,5.820082930352362,,,,,38.0,10.0,0.1130952380952381,0.02976190476190476,0.14285714285714285
ZOOQXY9XdXw_first48h,ZOOQXY9XdXw,UC41xJSNY2xCPC4-gOsRcDcg,2026-05-09 00:58:08+00:00,127,News & Politics,0.0,False,68,2,151000.0,11.92504173829169,,,,224.0,0.0,0.0,0.0,5.41610040220442,,,,,5.0,2.0,0.022321428571428572,0.008928571428571428,0.03125
nuoT76iQDCA_first48h,nuoT76iQDCA,UC0Cbaofl1u2ZSCUjZ9yy-wg,2026-05-09 07:38:32+00:00,0,Sports,7.0,False,87,0,235000.0,12.367345048436391,,10762.063157894736,,34803.079262672814,0.0,9.283875473303825,0.0,10.457489879084564,,,,,1278.9668202764976,3.0,0.036748668433147,8.619926924735008e-05,0.03683486770239436
sClNRANL11I_first48h,sClNRANL11I,UCuTAXTexrhetbOe3zgskJBQ,2026-05-09 09:03:45+00:00,49,News & Politics,9.0,False,42,1,3220000.0,14.984892228079548,,5755.387096774193,41153.47920335998,46193.9212962963,0.0,8.658065316749171,10.625088050809849,10.740625142375638,,35398.092106585784,5040.442092936319,,114.95717592592592,46.957175925925924,0.0024885779925148477,0.001016522836949346,0.0035051008294641937
wzqA6uM4xxY_first48h,wzqA6uM4xxY,UCdhGbKNYGK7dglu2HJf3B3Q,2026-05-09 10:01:25+00:00,10609,Howto & Style,10.0,False,68,8,89000.0,11.39640288460621,1374.3982300884954,3742.8999999999996,,26432.0,7.226498590050893,8.227883127839071,0.0,10.18236850853484,2368.501769911504,,,,1191.0,168.0,0.04505901937046005,0.006355932203389831,0.05141495157384988
OB1mdH-amCw_first48h,OB1mdH-amCw,UCrvhNP_lWuPIP6QZzJmM-bw,2026-05-09 03:45:04+00:00,896,News & Politics,3.0,False,55,17,2460000.0,14.715672314412528,,,,17949.0,0.0,0.0,0.0,9.795345393916424,,,,,172.0,77.0,0.009582706557468382,0.004289932586773636,0.013872639144242018
JUTRPiU_q6E_first48h,JUTRPiU_q6E,UCsOlx6HglzlHo-dJjCOdE2Q,2026-05-09 08:48:45+00:00,8518,Howto & Style,8.0,False,16,7,14200.0,9.561067663645012,,16459.08510638298,17454.744249726176,17496.399479317326,0.0,9.708693644714836,9.767424056827014,9.769807547687488,,995.6591433431968,41.65522959114969,,577.0,18.0,0.03297821364230267,0.0010287830945605687,0.03400699673686324
-3_3FjEDrH4_first48h,-3_3FjEDrH4,UCYJ0Ucu9jPX5kn6SeDcNaIQ,2026-05-08 17:11:07+00:00,2200,Gaming,17.0,False,40,15,444000.0,13.003582093664077,,,147043.94970662196,173930.65628476086,0.0,0.0,11.898493599336756,12.066417721065768,,,26886.706578138896,,1831.086763070078,88.0,0.010527682710931683,0.0005059487607286757,0.011033631471660359
Uu9ss4vuyKs_first48h,Uu9ss4vuyKs,UCOTJtP0Z9DjpPU43B5m1V6A,2026-05-09 10:00:23+00:00,0,Gaming,10.0,False,17,10,1010000.0,13.825461878915961,6999.196078431372,19738.89010989011,,60034.0,8.853693438849625,9.89039674609711,0.0,11.002683004464819,12739.69403145874,,,,775.0,10.0,0.012909351367558384,0.00016657227571043075,0.013075923643268815
fpg4T9vuKNc_first48h,fpg4T9vuKNc,UCWcEgYIOqq1BVr4Qm1sPuVg,2026-05-09 05:14:35+00:00,4369,Gaming,5.0,False,47,7,2050000.0,14.53335083891935,,,,359976.0,0.0,0.0,0.0,12.793795419502421,,,,,6575.0,250.0,0.018265106562659734,0.0006944907438273663,0.018959597306487098
j7GBw4Fk5og_first48h,j7GBw4Fk5og,UC1ZE5z-vuh0wLdAPSpvnZ9g,2026-05-09 04:47:24+00:00,0,Entertainment,4.0,False,18,0,32900.0,10.401258331428318,,,,47294.0,0.0,0.0,0.0,10.76415986064727,,,,,52.0,,0.0010995052226498076,0.0,0.0010995052226498076
w-xfXtJGkrw_first48h,w-xfXtJGkrw,UCMYlXK0jyerVnc3dmz-vjCA,2026-05-07 18:26:42+00:00,104,News & Politics,18.0,True,63,6,542000.0,13.20302312543853,,,,2478.0,0.0,0.0,0.0,7.8156105320351905,,,,,26.0,2.0,0.010492332526230832,0.0008071025020177562,0.011299435028248588
wa2Fod41L1U_first48h,wa2Fod41L1U,UCjPg8EWPOdT5GZAbL67lf0A,2026-05-09 10:14:57+00:00,0,Sports,10.0,False,100,21,524000.0,13.169248871698304,,28852.909090909092,,165484.92722674907,0.0,10.270000759842581,0.0,12.016641438321297,,,,,692.0,2.0,0.004181649722405321,1.2085692839321737e-05,0.004193735415244643
-Av9vcpZjUc_first48h,-Av9vcpZjUc,UCmHCyBKDCQk5GwJB3NvTbdw,2026-05-08 15:03:30+00:00,0,Sports,15.0,False,75,20,2130000.0,14.571633007169066,,,118926.69151467094,188266.56672760512,0.0,0.0,11.686270953078612,12.14561945725857,,,69339.87521293419,,1734.658135283364,1.0,0.009213840595463596,5.311617550485516e-06,0.009219152213014082
7bGN4cTCiMk_first48h,7bGN4cTCiMk,UCuzqko_GKcj9922M1gUo__w,2026-05-08 13:54:45+00:00,1164,News & Politics,13.0,False,51,17,1270000.0,14.054528245836039,,,7630.111975116641,8147.0,0.0,0.0,8.939988850896645,9.005527777346696,,,516.8880248833593,,44.0,1.0,0.005400761016325028,0.00012274456855284154,0.005523505584877869
ydH6_yeYtrI_first48h,ydH6_yeYtrI,UC05cNJvMKzDLRPo59X2Xx7g,2026-05-09 05:43:45+00:00,610,Sports,5.0,False,60,0,585000.0,13.279368835614243,,,,240426.6660335549,0.0,0.0,0.0,12.390174558355866,,,,,4317.710984488762,92.0,0.01795853619617287,0.0003826530622321241,0.018341189258404993
agZedMjSqnk_first48h,agZedMjSqnk,UCOb49mOu4z3FTYRkIrFtYMQ,2026-05-09 06:35:00+00:00,4876,Gaming,6.0,False,62,55,1040000.0,13.854732232655556,,,,192439.0,0.0,0.0,0.0,12.16753969581339,,,,,4033.0,593.0,0.02095729036214073,0.003081495954562225,0.024038786316702955
MT9-_IPpY2s_first48h,MT9-_IPpY2s,UCm_jnI7ubEWq57tEk6pDHBw,2026-05-09 09:49:13+00:00,528,Film & Animation,9.0,False,67,8,10800.0,9.287394001418473,,129.22222222222223,651.9388244702119,859.0,0.0,4.8692423928007385,6.481483441074983,6.756932389247553,,522.7166022479896,207.0611755297881,,5.0,,0.005820721769499418,0.0,0.005820721769499418
P7eM9Qw1NT8_first48h,P7eM9Qw1NT8,UC2VmWn8dAqkzlQqvy02E1PA,2026-05-09 03:57:20+00:00,38,News & Politics,3.0,False,38,0,1460000.0,14.19394767861579,,,,6865.308794788273,0.0,0.0,0.0,8.834381947487568,,,,,35.7628664495114,62.5257328990228,0.005209214547881721,0.009107490248142742,0.014316704796024465
jYCpCYLEPgA_first48h,jYCpCYLEPgA,UCSQQQENHsSigOcawOR2Pl4A,2026-05-08 14:25:43+00:00,14281,Gaming,14.0,False,22,0,1240.0,7.123672785204607,,,1345.0,1372.0,0.0,0.0,7.204892510204673,7.224753405767971,,,27.0,,5.0,,0.0036443148688046646,0.0,0.0036443148688046646
HJ0Xxd66Tew_first48h,HJ0Xxd66Tew,UCtvggO4vLSDBq1hUCrRRPvg,2026-05-08 20:00:24+00:00,1854,Sports,20.0,False,42,0,9210000.0,16.035800516809118,,,132915.0,163918.93126856172,0.0,0.0,11.797472628726522,12.007133363614022,,,31003.93126856172,,2333.691132795927,131.32541366143403,0.014236861567700505,0.0008011607484572536,0.01503802231615776
9OCJyRTsBjI_first48h,9OCJyRTsBjI,UC7pymGbBtC0rJmLa3qdRdjg,2026-05-09 10:00:06+00:00,5963,Music,10.0,False,85,0,37300.0,10.526775414924009,,247.90654205607478,,1368.0,0.0,5.517077492901473,0.0,7.221835825288449,,,,,232.0,791.0,0.1695906432748538,0.5782163742690059,0.7478070175438597
Oe0AsM3jxOQ_first48h,Oe0AsM3jxOQ,UCTLIq9jl-pb_ojAZZtoGaOQ,2026-05-08 11:43:16+00:00,660,Gaming,11.0,False,49,43,239000.0,12.384223015005313,,,,218824.5049057578,0.0,0.0,0.0,12.296029909947492,,,,,1536.1729925122645,329.208236509166,0.00702011410090408,0.0015044395354667781,0.008524553636370858
aWZAN87qpc4_first48h,aWZAN87qpc4,UCdOjVxkj5JA0iDu3_xcsTyQ,2026-05-07 23:22:07+00:00,1552,Education,23.0,False,37,46,372000.0,12.826651821423713,,,,32950.714617169375,0.0,0.0,0.0,10.402798575516668,,,,,1302.5893271461716,50.0,0.03953144392405503,0.0015174177732080775,0.04104886169726311
SuUwvWqnzgE_first48h,SuUwvWqnzgE,UCTQ-gSOpuLtgQarXw3XVmyQ,2026-05-09 00:10:16+00:00,0,Entertainment,0.0,False,31,8,4120000.0,15.231363964044126,,,,3269.3224555735055,0.0,0.0,0.0,8.092643869296753,,,,,52.0,,0.01590543628125484,0.0,0.01590543628125484
b1lbiBmaeWo_first48h,b1lbiBmaeWo,UCe10BxbsFg9Kbmkg-ean_Dg,2026-05-08 15:33:42+00:00,0,Sports,15.0,False,57,24,190000.0,12.154784614286667,,,16856.683042789224,33251.06013639182,0.0,0.0,9.732561798790286,10.41187200315385,,,16394.377093602594,,614.9584624922504,1.0,0.0184944016813228,3.0074229089181555e-05,0.018524475910411984
aLv0zmH_LQI_first48h,aLv0zmH_LQI,UCMpuxj_U02VaHfaPD5Jjx_Q,2026-05-07 15:11:38+00:00,2976,News & Politics,15.0,False,85,24,496000.0,13.114333221834064,,,,48085.1648,0.0,0.0,0.0,10.780749780623598,,,,,545.3176,35.0,0.011340661974813487,0.0007278752219229162,0.012068537196736404
bWv0Sa3t5h8_first48h,bWv0Sa3t5h8,UCRlWXcripH3oV_v6uSb9ASw,2026-05-08 21:30:57+00:00,31,News & Politics,21.0,False,74,2,125000.0,11.736077016252437,,,2922.3938679245284,3052.0,0.0,0.0,7.980500503869537,8.023879992734878,,,129.60613207547158,,14.0,35.0,0.0045871559633027525,0.011467889908256881,0.016055045871559634
XKzZzzaoaBk_first48h,XKzZzzaoaBk,UCoLrcjPV5PbUrUyXq5mjc_A,2026-05-09 05:37:02+00:00,615,Sports,5.0,False,62,6,7200000.0,15.789591722875162,,,,89071.0,0.0,0.0,0.0,11.397200310423289,,,,,1395.0,132.0,0.01566166316758541,0.0014819638266102323,0.01714362699419564
I6OWtAACHcI_first48h,I6OWtAACHcI,UCwPzlQU2MqEQJWgqM_0VFKQ,2026-05-09 00:39:53+00:00,26,News & Politics,0.0,False,90,1,84900.0,11.349241150793087,,,,833.560975609756,0.0,0.0,0.0,6.726905808868419,,,,,5.0,1.0,0.0059983614232209746,0.0011996722846441949,0.007198033707865169
zzpdRGOMYWc_first48h,zzpdRGOMYWc,UCzbQyIOwWK0j4E5DbWPcXBQ,2026-05-08 13:40:04+00:00,34,Gaming,13.0,True,51,0,40500.0,10.609081944147828,,,,115540.57681564246,0.0,0.0,0.0,11.65738571659926,,,,,2894.7276536312847,52.61871508379888,0.025053775335137345,0.00045541329750982423,0.02550918863264717
y6KeRAxrZJ4_first48h,y6KeRAxrZJ4,UC5AdfeJkjzRZhjK037UgY-A,2026-05-09 08:00:28+00:00,1435,Gaming,8.0,False,70,121,155000.0,11.951186847493476,,,,21586.0,0.0,0.0,0.0,9.979846560634877,,,,,151.0,36.0,0.006995274715093116,0.0016677476141943853,0.008663022329287501
or1fNDi1NOA_first48h,or1fNDi1NOA,UC8ROUUjHzEQm-ndb69CX8Ww,2026-05-09 12:33:14+00:00,115,News & Politics,12.0,False,25,2,1630000.0,14.30409118627969,280.6875,631.0065789473684,1140.8993858617537,1281.0,5.640798300450867,6.4488998038195255,7.040448282886067,7.156176637480615,350.31907894736844,509.89280691438523,140.10061413824633,0.39992287762121825,10.0,27.0,0.0078064012490242,0.02107728337236534,0.02888368462138954
j19FZnuHrDU_first48h,j19FZnuHrDU,UC8ROUUjHzEQm-ndb69CX8Ww,2026-05-09 12:31:18+00:00,120,News & Politics,12.0,False,22,2,1630000.0,14.30409118627969,91.41666666666667,207.71052631578948,477.5818633215732,503.0,4.526307337562367,5.340948250356933,6.170827279481622,6.222576268071369,116.29385964912281,269.87133700578374,25.418136678426777,0.21856817509640977,4.0,7.0,0.007952286282306162,0.013916500994035786,0.02186878727634195
FXNRCf6khfk_first48h,FXNRCf6khfk,UC8ROUUjHzEQm-ndb69CX8Ww,2026-05-09 12:26:12+00:00,120,News & Politics,12.0,False,24,2,1630000.0,14.30409118627969,210.89473684210526,2928.3552631578946,24741.40109746538,25271.0,5.356089627033296,7.982537631093495,10.116273694489557,10.137452342481922,2717.460526315789,21813.045834307486,529.5989025346207,0.19488743163185046,85.0,260.0,0.0033635392346958964,0.010288472953187447,0.013652012187883344
u8EzeDS0X8w_first48h,u8EzeDS0X8w,UCjg5-lUiUzdmzzBRY9Xqrhw,2026-05-09 09:01:15+00:00,1978,Gaming,9.0,False,49,12,1200000.0,13.997832948091215,,,,215536.0,0.0,0.0,0.0,12.280887867523756,,,,,2507.0,172.0,0.011631467597060352,0.0007980105411624972,0.012429478138222849
UFAr86CmHQs_first48h,UFAr86CmHQs,UCv7_krlrre3GQi79d4guxHQ,2026-05-09 06:48:03+00:00,212,News & Politics,6.0,False,43,0,967000.0,13.78195480856106,,,,369374.2784431138,0.0,0.0,0.0,12.81956842096452,,,,,1080.6676646706587,892.8023952095808,0.002925671135590696,0.0024170670436844685,0.0053427381792751655
U7mUMAImz88_first48h,U7mUMAImz88,UCuTAXTexrhetbOe3zgskJBQ,2026-05-09 07:34:30+00:00,0,News & Politics,7.0,False,68,27,3220000.0,14.984892228079548,,,,85873.94642857143,0.0,0.0,0.0,11.360647405694138,,,,,184.0,,0.002142675487181065,0.0,0.002142675487181065
rxstNOH5GUE_first48h,rxstNOH5GUE,UCwnf7bQbOJ42gXoFgRU9Gsw,2026-05-09 09:30:06+00:00,14158,People & Blogs,9.0,False,93,24,72500.0,11.19135563385109,,,,13480.0,0.0,0.0,0.0,9.509036565691064,,,,,233.0,38.0,0.01728486646884273,0.0028189910979228485,0.020103857566765578
dsqvveZSABg_first48h,dsqvveZSABg,UCSWoppsVL0TLxFQ2qP_DLqQ,2026-05-09 07:30:06+00:00,206,News & Politics,7.0,False,52,0,395000.0,12.886643575525625,,,,5057.090370370371,0.0,0.0,0.0,8.528744293889275,,,,,24.0,13.0,0.004745811967414434,0.002570648149016152,0.007316460116430587
6D3i43S-FaM_first48h,6D3i43S-FaM,UCXDG9ue-emCN8Ad3h7lERqQ,2026-05-09 11:19:43+00:00,971,Sports,11.0,False,90,28,5160000.0,15.456447331256177,,28192.653225806454,108298.0,124355.58044164038,0.0,10.246852168681082,11.59265119933611,11.730908366541822,,80105.34677419355,16057.580441640384,,1249.2502628811776,376.89064143007363,0.010045791740463519,0.003030749726643325,0.013076541467106843
0WX4BwI5DZU_first48h,0WX4BwI5DZU,UCL0_NxCvkcXwZHpvqgMZY-A,2026-05-09 10:40:38+00:00,122,News & Politics,10.0,False,48,66,1040000.0,13.854732232655556,,3546.3853211009173,,6739.071251719395,0.0,8.173966081831177,0.0,8.815825775322196,,,,,39.0,25.0,0.0057871475969406925,0.0037097099980389053,0.009496857594979598
QOobBpzQP30_first48h,QOobBpzQP30,UCNBmxc6FvKyxtCpUygcdINA,2026-05-08 22:56:46+00:00,152,News & Politics,22.0,False,99,2,549000.0,13.215855541983634,,,210.95104895104896,228.0,0.0,0.0,5.356355346835935,5.43372200355424,,,17.04895104895104,,1.0,1.0,0.0043859649122807015,0.0043859649122807015,0.008771929824561403
24qFuAfGiyc_first48h,24qFuAfGiyc,UCdHm_sm5CzM8ftbORawpKYA,2026-05-08 23:15:02+00:00,192,Autos & Vehicles,23.0,False,65,0,62000.0,11.034905792929415,,,176.0,190.0,0.0,0.0,5.176149732573829,5.25227342804663,,,14.0,,6.0,1.0,0.031578947368421054,0.005263157894736842,0.03684210526315789
_Zdh2Cj8c7g_first48h,_Zdh2Cj8c7g,UCnkGBfcmoiIGEwL9B-G1fpA,2026-05-08 23:59:50+00:00,16617,Entertainment,23.0,False,53,40,0.0,0.0,,,1130320.0,1176719.0,0.0,0.0,13.938012221144515,13.978241464993225,,,46399.0,,5776.0,424.0,0.004908563556804981,0.00036032391760479777,0.005268887474409779
oRJHLz2tank_first48h,oRJHLz2tank,UCoaNwwtAyRK0g0jvoyNOL_w,2026-05-08 17:10:43+00:00,0,Sports,17.0,False,90,2,1500.0,7.313886831633462,,,5759.508143322476,5864.0,0.0,0.0,8.65878096912566,8.676757761087575,,,104.49185667752408,,42.0,,0.007162346521145975,0.0,0.007162346521145975
x3HWXAErnKQ_first48h,x3HWXAErnKQ,UCl3aKvzB7uC5mTlVEWiCogA,2026-05-09 09:35:17+00:00,61,News & Politics,9.0,False,28,0,815000.0,13.610944619216111,,,,1892.1279702261666,0.0,0.0,0.0,7.545985750734337,,,,,22.0,3.0,0.011627120546910119,0.0015855164382150163,0.013212636985125136
wnDXDOPfSQo_first48h,wnDXDOPfSQo,UCiJTKr-wja_JVM2dVTYCELA,2026-05-08 23:53:30+00:00,0,Sports,23.0,False,77,0,58800.0,10.981914140544825,,,15540.0,15639.0,0.0,0.0,9.651236971915612,9.657587014099303,,,99.0,,92.0,,0.005882729074749025,0.0,0.005882729074749025
dBMRnuczKUA_first48h,dBMRnuczKUA,UCpOH7QWJI7N4FueKSiekZKw,2026-05-08 19:45:49+00:00,0,Gaming,19.0,False,49,6,280000.0,12.54254845357358,,,83828.27910685806,89757.0,0.0,0.0,11.336537618130034,11.404872438868356,,,5928.7208931419445,,4747.0,85.0,0.052887239992423986,0.000947001348084272,0.05383424134050826
vquCzlsSZjg_first48h,vquCzlsSZjg,UCIS6VD2q4y_P7FKsWEsGsoA,2026-05-09 10:01:34+00:00,1792,Entertainment,10.0,False,55,17,43700.0,10.685126264117057,,,,14975.37166151251,0.0,0.0,0.0,9.614229015551027,,,,,183.44166432386842,23.813888107956142,0.012249556703512281,0.0015902034784992403,0.013839760182011522
1VqO8w3KA60_first48h,1VqO8w3KA60,UCZHBZUrLKMoL6FxpvdRzhKA,2026-05-08 18:13:36+00:00,31607,Entertainment,18.0,False,25,0,57800.0,10.96476135554887,,,11879.0,12238.736842105263,0.0,0.0,9.382611592916636,9.412443056007191,,,359.73684210526335,,76.0,2.0,0.006209791172119586,0.00016341555716104173,0.006373206729280627
oXtn50Dk58w_first48h,oXtn50Dk58w,UC8ROUUjHzEQm-ndb69CX8Ww,2026-05-09 10:05:39+00:00,110,News & Politics,10.0,False,29,2,1630000.0,14.30409118627969,,,,5291.0,0.0,0.0,0.0,8.573951525234847,,,,,35.0,8.0,0.006615006615006615,0.001512001512001512,0.008127008127008128
t8Sn9Rm5uCw_first48h,t8Sn9Rm5uCw,UC2VmWn8dAqkzlQqvy02E1PA,2026-05-09 10:31:59+00:00,120,News & Politics,10.0,False,35,10,1460000.0,14.19394767861579,,,,2024.6625602570969,0.0,0.0,0.0,7.6136521162760005,,,,,19.0,9.0,0.00938427981677467,0.004445185176366948,0.013829464993141617
OsFmwTnYM8I_first48h,OsFmwTnYM8I,UCNsidkYpIAQ4QaufptQBPHQ,2026-05-09 08:51:54+00:00,124,News & Politics,8.0,False,24,13,1560000.0,14.260197020251155,,,,19148.832369942196,0.0,0.0,0.0,9.860049241042658,,,,,113.89017341040463,1.0,0.005947630184970303,5.2222505303753866e-05,0.005999852690274057
FZl6_2Ej4cw_first48h,FZl6_2Ej4cw,UCa4kR_GYVvyqIkxfXurRMYw,2026-05-09 12:06:34+00:00,0,Gaming,12.0,False,35,6,34900.0,10.460270761075149,,7799.080952380949,68268.20348304308,68352.0,0.0,8.961889391134205,11.13121404318509,11.132440732922605,,60469.12253066213,83.79651695692155,,966.0,,0.014132724719101123,0.0,0.014132724719101123
DmaFT8RPf-Q_first48h,DmaFT8RPf-Q,UC_IYjiKaQBPq-K1Iq4sM-UQ,2026-05-09 13:10:06+00:00,4905,Sports,13.0,False,29,0,684000.0,13.435714658591923,19909.53153153153,49331.01762114537,185357.875,209923.0,9.899004093413671,10.806328593880847,12.13004908981723,12.254500839434368,29421.48608961384,136026.85737885462,24565.125,0.834938280315888,3708.0,1482.0,0.017663619517632657,0.007059731425332146,0.0247233509429648
k8vDNE6VnSI_first48h,k8vDNE6VnSI,UC9HNi_aAXBgpI2zhibOAfAA,2026-05-09 01:00:44+00:00,1664,Entertainment,1.0,False,55,0,1230000.0,14.0225255403564,,,247230.0,320561.0,0.0,0.0,12.418078401233926,12.67783098437217,,,73331.0,,8920.0,816.0,0.027826217163036054,0.002545537354824823,0.030371754517860877
Waz3pAlzc3o_first48h,Waz3pAlzc3o,UCVG4KpQRpA99jZk2hHZT9-Q,2026-05-09 05:15:06+00:00,26,Sports,5.0,False,52,9,726000.0,13.495306671216452,,,,7378.93408723748,0.0,0.0,0.0,8.906519986286,,,,,58.0,5.0,0.007860213862096442,0.0006776046432841761,0.008537818505380618
z7Mntc6mFnA_first48h,z7Mntc6mFnA,UCVG4KpQRpA99jZk2hHZT9-Q,2026-05-09 04:37:12+00:00,33,Sports,4.0,False,62,9,726000.0,13.495306671216452,,,,8854.452442159383,0.0,0.0,0.0,9.08878864345252,,,,,80.31105398457584,8.827763496143959,0.009070132174654263,0.0009969858163235087,0.01006711799097777
GvmgIcuAu-4_first48h,GvmgIcuAu-4,UCFNcY_a-jIigMo1DAjKqEfQ,2026-05-09 11:10:57+00:00,0,People & Blogs,11.0,False,28,0,472000.0,13.064736383209516,,15392.842696629214,91062.0,91484.0,0.0,9.641722883556229,11.419306853656872,11.423930303398667,,75669.15730337078,422.0,,1871.0,98.0,0.02045166367889467,0.0010712255694984916,0.02152288924839316
-7Kqq1s_jc8_first48h,-7Kqq1s_jc8,UCaHvWPMrGgcd42waw4WYQ6w,2026-05-09 13:28:04+00:00,424,News & Politics,13.0,False,53,38,687000.0,13.440091026807503,801.9928057553957,2114.7296137339054,13474.590604026846,18349.0,6.688345754697905,7.6571550030241315,9.50863522442909,9.817384853482716,1312.7368079785097,11359.86099029294,4874.4093959731545,3.713165781859414,159.0,20.0,0.008665322360891601,0.001089977655458063,0.009755300016349664
YcoyPs1Og2Y_first48h,YcoyPs1Og2Y,UC3BSzbgMn2vLYS4Dp_i-bow,2026-05-09 11:00:22+00:00,1489,Entertainment,11.0,False,15,6,2480000.0,14.72376952136689,,,1380954.0,2165448.0,0.0,0.0,14.13828584677725,14.588138288216562,,,784494.0,,28000.0,1297.0,0.012930349747488742,0.0005989522722318892,0.013529302019720631
uy_xo4Y2Ly4_first48h,uy_xo4Y2Ly4,UC2-hRIDWzqAnTjOxdLDmhCA,2026-05-08 11:00:06+00:00,1426,Gaming,11.0,False,67,18,261000.0,12.472279517715116,,,,70357.0,0.0,0.0,0.0,11.161351773205874,,,,,1463.0,107.0,0.020793950850661626,0.001520815270690905,0.022314766121352532
AWu9S8X89js_first48h,AWu9S8X89js,UCv7_krlrre3GQi79d4guxHQ,2026-05-09 09:12:22+00:00,44,News & Politics,9.0,False,55,2,967000.0,13.78195480856106,,,21738.303735787766,22883.21052631579,0.0,0.0,9.98687713328964,10.03820245506275,,,1144.9067905280244,,134.9248120300752,17.0,0.005896236101787863,0.0007429027487401703,0.006639138850528033
3f7dKDnqA_8_first48h,3f7dKDnqA_8,UC6AG81pAkf6Lbi_1VC5NmPA,2026-05-08 21:02:45+00:00,207,News & Politics,21.0,False,51,7,3260000.0,14.997238060091309,,,7967.395717684378,10563.0,0.0,0.0,8.983238461395253,9.265207273417023,,,2595.604282315622,,65.0,5.0,0.00615355486130834,0.00047335037394679544,0.0066269052352551355
jBo6C073RB4_first48h,jBo6C073RB4,UCj80uBZ1kBp_-8XJj4URetQ,2026-05-08 13:01:59+00:00,0,Sports,13.0,False,40,27,781000.0,13.568331709230735,,,,793244.1606192549,0.0,0.0,0.0,13.58388760872624,,,,,6156.994194484761,253.33575229801644,0.007761789497042417,0.000319366677846386,0.008081156174888802
wjLSBuzo3eI_first48h,wjLSBuzo3eI,UCHVXbQzkl3rDfsXWo8xi2qw,2026-05-09 10:31:35+00:00,0,Gaming,10.0,False,56,17,1010000.0,13.825461878915961,,,91952.15693974272,95187.0,0.0,0.0,11.429034562664876,11.463609162414267,,,3234.843060257277,,2550.0,19.0,0.026789372498345364,0.0001996070892033576,0.02698897958754872
go0CnkcgdcQ_first48h,go0CnkcgdcQ,UCNJRaN9NIAbCXpDa_hAKd3g,2026-05-09 11:01:13+00:00,1261,Education,11.0,False,42,21,1040000.0,13.854732232655556,,,36396.0,54022.0,0.0,0.0,10.502241632645898,10.897165160791639,,,17626.0,,1266.0,160.0,0.023434896893858057,0.0029617563214986487,0.026396653215356707
8Rjuzi4EV3c_first48h,8Rjuzi4EV3c,UCfYxZOdUz-zwmsjVKplsKxQ,2026-05-08 10:34:15+00:00,0,Sports,10.0,False,62,19,6210.0,8.734077192559303,,,,80957.98661619576,0.0,0.0,0.0,11.30169796735051,,,,,1159.6747329998648,64.37217790996351,0.014324401846820017,0.000795130667158733,0.01511953251397875
j9Ipj568NDA_first48h,j9Ipj568NDA,UCib5ktx2na_eMmmG53TzitA,2026-05-08 13:52:39+00:00,3979,Gaming,13.0,False,43,0,21900.0,9.994287576862567,,,,15842.49146110057,0.0,0.0,0.0,9.670514061603408,,,,,907.5759013282733,7.0,0.05728744771974297,0.0004418496937295312,0.0577292974134725
Rx4zxAlckoQ_first48h,Rx4zxAlckoQ,UCPW-5qfYGNR8XYrvESrqJKA,2026-05-09 05:30:20+00:00,47,News & Politics,5.0,True,70,6,743000.0,13.51845266959401,,,,20077.27530747398,0.0,0.0,0.0,9.907393679054763,,,,,88.0,3.0,0.0043830648657410725,0.00014942266587753656,0.004532487531618609
rtWH2cieEaU_first48h,rtWH2cieEaU,UCnxBP5BsR7r1C_nr3qWETug,2026-05-09 12:25:59+00:00,0,Gaming,12.0,False,75,0,49600.0,10.811766273800105,,2568.1315789473683,5947.9440815259995,6137.0,0.0,7.851323213761453,8.6909690175011,8.722254235179681,,3379.812502578631,189.05591847400046,,65.0,,0.010591494215414698,0.0,0.010591494215414698
N18F3yMrwsE_first48h,N18F3yMrwsE,UC_GJyBR3dQ2lKfv81tC8sEQ,2026-05-09 13:33:10+00:00,3025,Sports,13.0,False,15,0,86100.0,11.363276304750233,,20879.27819548872,50883.51782363978,51248.28824397442,0.0,9.94656036544655,10.837313987775689,10.844457008981767,,30004.239628151056,364.77042033464386,,683.0,50.0,0.013327274400824589,0.0009756423426665145,0.014302916743491103
3PIh9Kj8MVQ_first48h,3PIh9Kj8MVQ,UCFVQH7c09gAwNxsj-TiCsGA,2026-05-09 13:45:07+00:00,6084,Comedy,13.0,False,56,32,145000.0,11.884495917930655,,1630.3984962406014,11123.610225140714,17025.70528905289,0.0,7.397192899105972,9.31691507047826,9.742538289822674,,9493.211728900113,5902.095063912177,,276.4521525215252,47.40467404674047,0.016237339236646903,0.002784300165069843,0.019021639401716747
DMJwQc3mfME_first48h,DMJwQc3mfME,UCkinYTS9IHqOEwR1Sze2JTw,2026-05-09 07:09:31+00:00,0,News & Politics,7.0,False,24,21,5200000.0,15.46416937585933,,,,9397.62163777645,0.0,0.0,0.0,9.148318323227137,,,,,107.0,,0.011385859542363638,0.0,0.011385859542363638
jPb8lPXmHew_first48h,jPb8lPXmHew,UCX2fYWaYhi7J1yMaK0M8Amw,2026-05-09 08:45:06+00:00,3190,Gaming,8.0,False,38,9,1830000.0,14.419827071265543,,,,426596.18982158526,0.0,0.0,0.0,12.963595497612753,,,,,8899.84966364434,698.8552208248026,0.020862468713952913,0.0016382125239259259,0.022500681237878836
QTB1hGRmbu8_first48h,QTB1hGRmbu8,UCu0Gn50PSjozOgwgPVTBB4A,2026-05-07 23:07:17+00:00,339,News & Politics,23.0,False,67,3,170000.0,12.04355959836804,,,,294.1057993730407,0.0,0.0,0.0,5.687333933985681,,,,,5.0,,0.01700068482382441,0.0,0.01700068482382441
Rf3-4dHpfLg_first48h,Rf3-4dHpfLg,UCdh5nloZ9eo5YpZ2DRWwIew,2026-05-09 13:52:34+00:00,0,Sports,13.0,False,44,10,410000.0,12.923914877701906,,7003.533073929961,12286.49488372093,12219.48946716233,0.0,8.854312800436707,9.416337348074537,9.410869286519358,,5282.96180979097,0.0,,171.0,1.0,0.013994038004577164,8.183647955893078e-05,0.014075874484136094
WcipJUwjVdc_first48h,WcipJUwjVdc,UCuzqko_GKcj9922M1gUo__w,2026-05-09 10:15:02+00:00,2257,News & Politics,10.0,False,58,17,1270000.0,14.054528245836039,,,,40658.0,0.0,0.0,0.0,10.612975492684125,,,,,320.0,35.0,0.007870529785036155,0.0008608391952383295,0.008731368980274485
QbnVQ2y3vlo_first48h,QbnVQ2y3vlo,UCR3asjvr_WAaxwJYEDV_Bfw,2026-05-09 13:30:06+00:00,729,News & Politics,13.0,False,53,38,3150000.0,14.962913328262083,,3358.0,7031.491803278688,8203.44661877632,0.0,8.119398589612294,8.858296374814621,9.012431556859262,,3673.491803278688,1171.954815497631,,53.49170175873173,2.0,0.006520637513054349,0.00024379996517833542,0.006764437478232685
BbBRkULnL40_first48h,BbBRkULnL40,UC6AG81pAkf6Lbi_1VC5NmPA,2026-05-09 05:12:21+00:00,0,News & Politics,5.0,False,62,11,3260000.0,14.997238060091309,,,,51839.0,0.0,0.0,0.0,10.855917331026156,,,,,193.0,16.0,0.0037230656455564345,0.00030864792916530026,0.004031713574721735
A_U6PcLWaGI_first48h,A_U6PcLWaGI,UC72UssJ1DNQcakZXm-B2-zw,2026-05-09 12:14:17+00:00,23,News & Politics,12.0,False,63,15,348000.0,12.759960632315702,,,5424.115475255302,5585.561586638831,0.0,0.0,8.598794463943468,8.628119276116877,,,161.44611138352866,,18.0,8.0,0.0032225944913144688,0.0014322642183619862,0.004654858709676455
yMu1W5woLI8_first48h,yMu1W5woLI8,UCZeHMSqeusVpF1hBOtnxIoA,2026-05-09 11:28:54+00:00,0,Sports,11.0,False,93,15,165000.0,12.013706813470414,,,21729.598850874903,22298.952837522673,0.0,0.0,9.986476631585647,10.012339842536676,,,569.3539866477695,,437.8038351904639,7.0,0.01963338092063978,0.00031391608615006486,0.019947297006789842
ZcNiOamxTco_first48h,ZcNiOamxTco,UC_v7qcdPJUANBAa--1pv_UQ,2026-05-08 21:05:54+00:00,0,Entertainment,21.0,False,44,9,15300.0,9.635673464721814,,,14045.653937947493,21195.178082191782,0.0,0.0,9.550139492516012,9.961576165265969,,,7149.524144244289,,511.958904109589,6.0,0.024154498826303213,0.00028308325491453214,0.024437582081217744
XecvJ23WB40_first48h,XecvJ23WB40,UCoQBJMzcwmXrRSHBFAlTsIw,2026-05-09 05:20:00+00:00,114,News & Politics,5.0,False,53,7,2330000.0,14.66137925472634,,,,4466.642058165548,0.0,0.0,0.0,8.40461604466246,,,,,28.0,35.84787472035794,0.006268691252931875,0.008025687810560912,0.014294379063492787
3-cdCfNy8mU_first48h,3-cdCfNy8mU,UCaS8sePfGIHBU1R6uz04d0g,2026-05-09 10:55:25+00:00,17034,Sports,10.0,False,40,0,115000.0,11.652696102959753,,,46153.0,51852.0,0.0,0.0,10.739738910064524,10.856168071193151,,,5699.0,,1164.0,19.0,0.022448507289979172,0.00036642752449278715,0.022814934814471957
-n_W-ig6yNk_first48h,-n_W-ig6yNk,UCm-X6o81nRsXQTmqpyArkBQ,2026-05-09 04:54:43+00:00,650,Gaming,4.0,False,39,4,14500000.0,16.489659276356317,,,,611282.2424242424,0.0,0.0,0.0,13.323315702626584,,,,,29787.878787878788,2891.787878787879,0.04873015559841077,0.00473069177884104,0.05346084737725181
vHFtwJRw7UQ_first48h,vHFtwJRw7UQ,UCyw-NpaizmAD_5qQJ4MieVg,2026-05-09 06:52:27+00:00,58,News & Politics,6.0,False,45,1,96199.0,11.474184636653797,,,,2258.0,0.0,0.0,0.0,7.7226775164680035,,,,,1.0,1.0,0.0004428697962798937,0.0004428697962798937,0.0008857395925597874
V2beBpgOKNQ_first48h,V2beBpgOKNQ,UCfmkz6A3aTJwJzox2xhAuRw,2026-05-09 00:22:36+00:00,106,Sports,0.0,False,70,0,396000.0,12.889172015485954,,,,343.85569620253165,0.0,0.0,0.0,5.843126057654558,,,,,2.0,,0.00581639339434411,0.0,0.00581639339434411
ex3akKpBhqY_first48h,ex3akKpBhqY,UC5nwNW4KdC0SzrhF9BXEYOQ,2026-05-09 09:53:14+00:00,125,News & Politics,9.0,False,40,76,3270000.0,15.000300848683787,,,4945.5733189305965,5574.65393386545,0.0,0.0,8.506450357039073,8.62616488700384,,,629.0806149348537,,30.527080957810718,48.84236031927024,0.005476049512663349,0.008761505359562846,0.014237554872226195
zf9WJ6kPGLc_first48h,zf9WJ6kPGLc,UCyxNn8Emqqo3z6VQKFEQcvA,2026-05-09 11:39:38+00:00,13193,Gaming,11.0,False,43,0,11299.0,9.332558004700433,,,27551.0,27832.0,0.0,0.0,10.223830407227457,10.233977646051219,,,281.0,,534.0,2.0,0.019186547858580053,7.185972980741592e-05,0.01925840758838747
W1W5WaLU0II_first48h,W1W5WaLU0II,UC-hM6YJuNYVAmUWxeIr9FeA,2026-05-09 05:13:17+00:00,0,Gaming,5.0,False,42,41,2430000.0,14.70340222683928,,,,283249.48046875,0.0,0.0,0.0,12.554086875159776,,,,,13000.0,131.98828125,0.045895935902464075,0.00046597889970203084,0.04636191480216611
Hw7czHjhzKs_first48h,Hw7czHjhzKs,UCiWLfSweyRNmLpgEHekhoAg,2026-05-08 15:43:45+00:00,491,Sports,15.0,False,98,0,14300000.0,16.475770165160203,,,,66313.29898749256,0.0,0.0,0.0,11.10216082392321,,,,,461.41155449672425,180.0,0.006958054591489284,0.0027143876529796846,0.009672442244468967
ZidiXtwfCUs_first48h,ZidiXtwfCUs,UC2bBsPXFWZWiBmkRiNlz8vg,2026-05-08 13:50:28+00:00,0,People & Blogs,13.0,False,47,25,953000.0,13.767371231953732,,,,16404.953712632592,0.0,0.0,0.0,9.705399579190471,,,,,585.8389585342334,38.66827386692382,0.03571110097574427,0.0023571095989833495,0.038068210574727625
hP0-aGG6_G4_first48h,hP0-aGG6_G4,UCFr6uAPwrG040QAWDKY0nnA,2026-05-09 12:46:56+00:00,0,Sports,12.0,False,46,15,716000.0,13.481436842589853,,,,90267.32821782178,0.0,0.0,0.0,11.410541938322565,,,,,2576.1148514851484,12.778712871287128,0.028538729375802412,0.00014156520552431931,0.028680294581326732
oKt_c0LyMOY_first48h,oKt_c0LyMOY,UC_lEiu6917IJz03TnntWUaQ,2026-05-09 16:10:55+00:00,112,News & Politics,16.0,True,79,0,5540000.0,15.527505239228866,1399.655021834061,2539.589519650655,8597.0,10337.301267010793,7.244695278923643,7.840151427433507,9.059284897056227,9.243610847042612,1139.9344978165939,6057.410480349345,1740.3012670107928,1.526667778143506,360.4406381980291,22.0,0.03486796300967793,0.002128215037149795,0.03699617804682772
ik1sV1p3Q0w_first48h,ik1sV1p3Q0w,UC7vpeN9Qz780sYvGt9CDO1g,2026-05-08 23:19:50+00:00,0,Gaming,23.0,False,22,6,2970.0,7.9966538754626075,,,66242.0,82360.0,0.0,0.0,11.101085077888659,11.31886730288443,,,16118.0,,262.0,2.0,0.003181155900922778,2.4283632831471587e-05,0.0032054395337542496
sb5JiZdV7A4_first48h,sb5JiZdV7A4,UC1eyYJRpM_g5WBp60mmRwCQ,2026-05-09 13:52:32+00:00,1174,Education,13.0,False,39,0,129000.0,11.767575435251748,,,67090.61509958314,77041.09268292683,0.0,0.0,11.113814353893389,11.252107209692477,,,9950.477583343687,,2870.819512195122,218.2468292682927,0.037263483839856386,0.0028328625888850954,0.04009634642874148
j5lwhnAufwc_first48h,j5lwhnAufwc,UCNK4w5nU1jajVcsdQDBbrFQ,2026-05-09 02:00:42+00:00,707,People & Blogs,2.0,False,50,0,17.0,2.8903717578961645,,,,47.0,0.0,0.0,0.0,3.871201010907891,,,,,0.0,,0.0,0.0,0.0
0l9o9G84uyI_first48h,0l9o9G84uyI,UCHjbBVD4yRI7vU-S9Pwpnkw,2026-05-09 09:47:27+00:00,0,Sports,9.0,False,99,21,885000.0,13.69334405393293,,,65502.57646116894,67006.0,0.0,0.0,11.089860022593278,11.112552370527638,,,1503.4235388310626,,1387.0,24.0,0.020699638838312988,0.0003581768796824165,0.021057815717995403
k35PX3xU7ig_first48h,k35PX3xU7ig,UCOFyXr74X90UPniJ9sHohZg,2026-05-09 03:19:35+00:00,116,News & Politics,3.0,False,60,1,27100.0,10.207325906555994,,,,270.0,0.0,0.0,0.0,5.602118820879701,,,,,,3.0,0.0,0.011111111111111112,0.011111111111111112
iqkedYckMw0_first48h,iqkedYckMw0,UCOFyXr74X90UPniJ9sHohZg,2026-05-09 02:59:48+00:00,21,News & Politics,2.0,False,69,1,27100.0,10.207325906555994,,,,153.0,0.0,0.0,0.0,5.0369526024136295,,,,,,,0.0,0.0,0.0
C8CWLpqjw9A_first48h,C8CWLpqjw9A,UCOFyXr74X90UPniJ9sHohZg,2026-05-09 01:46:35+00:00,142,News & Politics,1.0,False,55,1,27100.0,10.207325906555994,,,,156.42125094197436,0.0,0.0,0.0,5.058925339207787,,,,,,,0.0,0.0,0.0
FLL-ktCM0LE_first48h,FLL-ktCM0LE,UCpu3bemTQwAU8PqM4kJdoEQ,2026-05-09 15:45:02+00:00,481,News & Politics,15.0,False,79,8,3220000.0,14.984892228079548,,1322.0,4762.0,4988.0,0.0,7.187657164114956,8.46863300080086,8.514990767861038,,3440.0,226.0,,193.0,39.0,0.03869286287089014,0.007818765036086608,0.046511627906976744
Ncd4K2V9Wo0_first48h,Ncd4K2V9Wo0,UC8ROUUjHzEQm-ndb69CX8Ww,2026-05-09 08:35:29+00:00,44,News & Politics,8.0,False,31,2,1630000.0,14.30409118627969,,,,41171.018824210834,0.0,0.0,0.0,10.625514149855391,,,,,65.0,31.0,0.0015787804590780836,0.0007529568343295476,0.002331737293407631
neuBI7GCc8o_first48h,neuBI7GCc8o,UCHyYUv384bv9eMOC1UoG9PQ,2026-05-09 10:15:45+00:00,981,Gaming,10.0,False,41,0,1180000.0,13.981025843899115,,,388789.10761741875,466808.0,0.0,0.0,12.870794907873897,13.053675459414332,,,78018.89238258125,,8113.0,867.0,0.017379736422683416,0.001857294647906634,0.01923703107059005
YYDRLr8DNiA_first48h,YYDRLr8DNiA,UCmnZL4tFRl4sm-uJOxTLHmg,2026-05-09 11:00:06+00:00,2000,Gaming,11.0,False,49,0,631000.0,13.355062726308148,,,196889.6837674296,231540.0,0.0,0.0,12.190403948969655,12.352512242658573,,,34650.31623257039,,2535.0,264.0,0.010948432236330656,0.0011401917595231926,0.012088623995853849
VVbXxu2vZcM_first48h,VVbXxu2vZcM,UCNsidkYpIAQ4QaufptQBPHQ,2026-05-08 12:30:38+00:00,142,News & Politics,12.0,False,23,13,1560000.0,14.260197020251155,,,,10402.0,0.0,0.0,0.0,9.249849505070895,,,,,91.0,10.0,0.008748317631224764,0.0009613535858488752,0.00970967121707364
wANpfeINsxo_first48h,wANpfeINsxo,UCxRmRUB3kX-X-_9YsNFhq3g,2026-05-08 19:01:45+00:00,0,Sports,19.0,False,40,7,208000.0,12.245298166364206,,,,115787.0,0.0,0.0,0.0,11.659516211808384,,,,,753.0,,0.006503320752761536,0.0,0.006503320752761536
SuJhvd46PZA_first48h,SuJhvd46PZA,UC4LjkybVKXCDlneVXlKAbmw,2026-05-09 10:56:57+00:00,110,News & Politics,10.0,False,33,60,746000.0,13.522482219667573,,,881.1666666666666,1115.5584905660378,0.0,0.0,6.782381002629933,7.018006457338435,,,234.39182389937116,,16.0,1.0,0.014342591746920909,0.0008964119841825568,0.015239003731103465
fGU2SKcxwgM_first48h,fGU2SKcxwgM,UCoQBJMzcwmXrRSHBFAlTsIw,2026-05-08 10:59:41+00:00,254,News & Politics,10.0,False,70,7,2330000.0,14.66137925472634,,,,6712.85729234794,0.0,0.0,0.0,8.81192892207845,,,,,33.53747547416612,12.768737737083061,0.004996006024498072,0.0019021315635054967,0.006898137588003569
wnaf2OdH628_first48h,wnaf2OdH628,UC_MbGNpd7ldQAHdBTQ2Ke1w,2026-05-09 05:02:04+00:00,11302,Sports,5.0,False,57,0,339000.0,12.733758336210744,,,,642676.6912751677,0.0,0.0,0.0,13.37339861981119,,,,,3855.0,24.0,0.00599835041839015,3.7343815834335565e-05,0.006035694234224486
fFRNYKCg3is_first48h,fFRNYKCg3is,UCo-RDlyRDeQ3ZrBK9w6tmGw,2026-05-09 16:00:06+00:00,7210,Science & Technology,16.0,False,87,6,0.0,0.0,,357.70539419087135,1969.0,3160.4312662107995,0.0,5.882501422593192,7.585788821732034,8.058780136383255,,1611.2946058091286,1191.4312662107995,,156.3567554821976,46.72176373496817,0.04947323397090094,0.014783350688396793,0.06425658465929773
HTKIPeicQJw_first48h,HTKIPeicQJw,UCf6tI0ykRcPOCQuXRmMhnWQ,2026-05-08 19:28:54+00:00,0,Gaming,19.0,False,30,18,14500.0,9.581972891547895,,,,240843.0,0.0,0.0,0.0,12.391904699977252,,,,,419.0,1.0,0.001739722557848889,4.152082476966322e-06,0.0017438746403258553
h6VkBl095lY_first48h,h6VkBl095lY,UCcyY51NBozNbM2zA9cJT8qg,2026-05-09 01:25:52+00:00,0,News & Politics,1.0,False,23,77,62000.0,11.034905792929415,,,,9569.0,0.0,0.0,0.0,9.166388484447,,,,,644.0,,0.06730065837600585,0.0,0.06730065837600585
9aPkTcQs5x4_first48h,9aPkTcQs5x4,UCXqNekyeNqRnCJngLoqtqKQ,2026-05-08 11:51:57+00:00,1322,Gaming,11.0,False,63,14,32200.0,10.379752786950895,,,,13256.747878313095,0.0,0.0,0.0,9.49233740605038,,,,,290.2962527745136,60.788875832354094,0.0218979990748269,0.004585504408045618,0.026483503482872518
rn2ZVZLhUH8_first48h,rn2ZVZLhUH8,UCuTAXTexrhetbOe3zgskJBQ,2026-05-09 10:30:11+00:00,112,News & Politics,10.0,False,43,1,3220000.0,14.984892228079548,,,,19933.0,0.0,0.0,0.0,9.900182095527402,,,,,143.0,21.0,0.007174033010585461,0.00105352932323283,0.008227562333818291
2AFEtckvpFQ_first48h,2AFEtckvpFQ,UCyR7wj7KsD0K4h6Rm_y0MSg,2026-05-09 09:29:43+00:00,0,Sports,9.0,False,80,14,396000.0,12.889172015485954,,,,115079.68023255814,0.0,0.0,0.0,11.65338872860177,,,,,1624.115988372093,,0.01411296924956697,0.0,0.01411296924956697
CKvP_mf6izA_first48h,CKvP_mf6izA,UCXOE3YlluOUu_-5DdUUbAtw,2026-05-08 22:18:47+00:00,161,News & Politics,22.0,False,86,38,94100.0,11.452123952509567,,,196.0,322.73021001615507,0.0,0.0,5.2832037287379885,5.779910483782166,,,126.73021001615507,,3.0,7.0,0.009295690043550082,0.021689943434950194,0.030985633478500276
0TgRQcg-_cI_first48h,0TgRQcg-_cI,UCfbPQcdF5an7ui8bwwry1Cw,2026-05-09 15:57:46+00:00,64,News & Politics,15.0,False,39,1,127000.0,11.751950239425476,,470.1004366812226,1373.0,1641.4103852596315,0.0,6.155071312645117,7.2254814727822945,7.403920188906622,,902.8995633187774,268.41038525963154,,12.0,,0.007310785960515225,0.0,0.007310785960515225
99CWkua9RI0_first48h,99CWkua9RI0,UCUR5w0E-jQTOO8Q0FZ4ilYQ,2026-05-09 11:26:14+00:00,873,Gaming,11.0,False,58,24,578000.0,13.267330877756825,,,261018.821985447,320318.0,0.0,0.0,12.47235162972545,12.677072653225999,,,59299.17801455301,,1129.0,207.0,0.003524622406483557,0.0006462328061488896,0.004170855212632447
iIo6WcsQPYc_first48h,iIo6WcsQPYc,UCRtyjMKnclAwRYuuCuPGojg,2026-05-09 04:00:45+00:00,4842,Sports,4.0,False,79,42,1470000.0,14.200773639026796,,,,90292.80342167059,0.0,0.0,0.0,11.410824114920576,,,,,2341.8765514927877,163.0,0.025936469604960002,0.0018052380015136339,0.027741707606473636
0oqMJYMSKAU_first48h,0oqMJYMSKAU,UCL0_NxCvkcXwZHpvqgMZY-A,2026-05-09 11:34:35+00:00,116,News & Politics,11.0,False,40,66,1040000.0,13.854732232655556,,,,4176.0,0.0,0.0,0.0,8.337348564497175,,,,,15.0,35.0,0.0035919540229885057,0.008381226053639846,0.011973180076628353
Qzn9FAr5yJI_first48h,Qzn9FAr5yJI,UC1VKVKhJLc7PjdPPVxTDk0Q,2026-05-09 01:59:17+00:00,292,News & Politics,1.0,False,98,6,329000.0,12.703816069256568,,,,2134.0,0.0,0.0,0.0,7.666221925662725,,,,,38.0,46.0,0.01780693533270853,0.02155576382380506,0.03936269915651359
gHVn2buD-jk_first48h,gHVn2buD-jk,UCjAmcKweNBx-Ju2xOPBOkkQ,2026-05-09 13:00:11+00:00,1440,Entertainment,13.0,False,27,0,82200.0,11.316922746420394,,,17335.508524111057,20691.0,0.0,0.0,9.760569876202629,9.937502431123406,,,3355.4914758889427,,1132.0,82.0,0.05470977719781547,0.003963075733410662,0.058672852931226135
kc-lfhqrRDE_first48h,kc-lfhqrRDE,UCoLrcjPV5PbUrUyXq5mjc_A,2026-05-09 02:41:39+00:00,633,Sports,2.0,False,62,6,7200000.0,15.789591722875162,,,,121459.35480464625,0.0,0.0,0.0,11.70734319061185,,,,,1885.4318901795143,100.0,0.015523150878020224,0.0008233206916078121,0.016346471569628037
wM1x_rJDuX4_first48h,wM1x_rJDuX4,UC8Wi0RcjvIy5z7V4Eypmzww,2026-05-08 10:18:21+00:00,921,Gaming,10.0,False,77,4,222000.0,12.310437165348775,,,,138625.5630936228,0.0,0.0,0.0,11.839539000287008,,,,,2333.215739484396,197.9226594301221,0.016831064108346488,0.0014277500845673908,0.018258814192913878
pWsCtWgsyuI_first48h,pWsCtWgsyuI,UCpQs_warGhUzJhBdwLfF34g,2026-05-08 20:00:31+00:00,34,News & Politics,20.0,False,48,6,200000.0,12.206077645517674,,,,4770.510175763182,0.0,0.0,0.0,8.470418132468087,,,,,28.0,5.0,0.005869393202902158,0.0010481059290896712,0.0069174991319918295
69BQgxEinMA_first48h,69BQgxEinMA,UCoQBJMzcwmXrRSHBFAlTsIw,2026-05-09 05:00:05+00:00,103,News & Politics,5.0,False,73,7,2330000.0,14.66137925472634,,,,16765.0,0.0,0.0,0.0,9.727108305197802,,,,,167.0,169.0,0.009961228750372801,0.010080524903071876,0.020041753653444676
UNyql99_v-g_first48h,UNyql99_v-g,UCupvZG-5ko_eiXAupbDfxWw,2026-05-08 18:06:02+00:00,150,News & Politics,18.0,True,59,0,19500000.0,16.785925074816024,,,,30754.0,0.0,0.0,0.0,10.333807861642468,,,,,618.0,88.0,0.02009494699876439,0.0028614164011185536,0.022956363399882943
rnLSS0Sygoo_first48h,rnLSS0Sygoo,UC3kw97i3Ap0BYqYyfmP0zDg,2026-05-09 09:28:15+00:00,7286,People & Blogs,9.0,False,56,7,115000.0,11.652696102959753,,,3688.926061097594,4955.92021732914,0.0,0.0,8.213361699190887,8.508539902940301,,,1266.9941562315457,,298.55275950814985,77.79325135830712,0.060241639577694184,0.015697034646823208,0.07593867422451739
36EzVEUp5l4_first48h,36EzVEUp5l4,UC2TuODJhC03pLgd6MpWP0iw,2026-05-09 08:30:06+00:00,484,News & Politics,8.0,False,90,35,2140000.0,14.576316854287645,,,,6501.0,0.0,0.0,0.0,8.779865100863852,,,,,45.0,1.0,0.00692201199815413,0.00015382248884786957,0.007075834487002
ba4pt0mC59E_first48h,ba4pt0mC59E,UCoLrcjPV5PbUrUyXq5mjc_A,2026-05-09 03:32:36+00:00,636,Sports,3.0,False,64,6,7200000.0,15.789591722875162,,,,96745.0,0.0,0.0,0.0,11.479844266368104,,,,,1491.0,132.0,0.015411649180836219,0.0013644115974985787,0.0167760607783348
X9N7cr6DeJs_first48h,X9N7cr6DeJs,UC2TuODJhC03pLgd6MpWP0iw,2026-05-09 15:33:53+00:00,0,News & Politics,15.0,False,58,35,2140000.0,14.576316854287645,,,20336.0,21535.0,0.0,0.0,9.920197166099076,9.977481232444454,,,1199.0,,126.0,,0.005850940329695844,0.0,0.005850940329695844
TUZpGavLQCI_first48h,TUZpGavLQCI,UCZMRuagdTBKmmrFtSMN48Xw,2026-05-09 08:00:26+00:00,3089,Gaming,8.0,False,37,6,1830000.0,14.419827071265543,,,,174709.22309079976,0.0,0.0,0.0,12.070884012388285,,,,,5234.708358388455,287.96331930246544,0.0299624041924099,0.0016482433738074912,0.03161064756621739
DEcwc5hQdt8_first48h,DEcwc5hQdt8,UCPW-5qfYGNR8XYrvESrqJKA,2026-05-08 12:00:20+00:00,50,News & Politics,12.0,True,46,6,743000.0,13.51845266959401,,,,10472.0,0.0,0.0,0.0,9.256555795773146,,,,,46.0,2.0,0.00439266615737204,0.00019098548510313216,0.004583651642475172
Mef7HJewqZQ_first48h,Mef7HJewqZQ,UCNm3ewTgQgBVfn2qQ4sX-jQ,2026-05-09 15:46:50+00:00,0,People & Blogs,15.0,False,90,0,6040.0,8.706324840138741,,,46140.0,46902.0,0.0,0.0,10.739457204661502,10.755836918273502,,,762.0,,88.0,,0.00187625261182892,0.0,0.00187625261182892
uDvsMTADc7w_first48h,uDvsMTADc7w,UCQeRaTukNYft1_6AZPACnog,2026-05-09 15:01:36+00:00,1169,Gaming,15.0,False,23,10,4530000.0,15.326232718209745,,,641026.1407407407,744875.7507886435,0.0,0.0,13.370827076255647,13.520974048492759,,,103849.6100479028,,28000.0,10000.0,0.03759016180934171,0.01342505778905061,0.05101521959839232
aAgVxdqd3yI_first48h,aAgVxdqd3yI,UCCXoCcu9Rp7NPbTzIvogpZg,2026-05-08 14:15:00+00:00,567,News & Politics,14.0,False,75,27,3340000.0,15.021481664354036,,,,204201.675,0.0,0.0,0.0,12.226868284528956,,,,,4263.4125,1271.425,0.020878440394771495,0.006226320131801074,0.02710476052657257
3xRWEnfo9Qg_first48h,3xRWEnfo9Qg,UCmcBe97VA2LqVEQUeeZl6Ew,2026-05-09 09:00:04+00:00,1967,Gaming,9.0,False,10,0,413000.0,12.931205293247745,,,,159097.0,0.0,0.0,0.0,11.977275643536622,,,,,869.0,95.0,0.0054620765947818,0.0005971199959772969,0.006059196590759096
XkaF52Hgfb4_first48h,XkaF52Hgfb4,UChlgI3UHCOnwUGzWzbJ3H5w,2026-05-09 14:47:04+00:00,107,News & Politics,14.0,False,39,5,5330000.0,15.48886198375927,,,1515.6943799349744,1535.742420567548,0.0,0.0,7.324288495594545,7.337420143656881,,,20.048040632573475,,7.0,2.0,0.004558056029612755,0.0013023017227465016,0.005860357752359257
3FCb-LOdyck_first48h,3FCb-LOdyck,UC6AG81pAkf6Lbi_1VC5NmPA,2026-05-09 09:00:03+00:00,182,News & Politics,9.0,False,72,7,3260000.0,14.997238060091309,,,,11200.963222416813,0.0,0.0,0.0,9.323844329637875,,,,,84.98949211908932,55.992994746059544,0.007587694953680178,0.004998944611656178,0.012586639565336358
1F5viyQTfa8_first48h,1F5viyQTfa8,UCxgBOl_NSOut3hBgYQ7ibMw,2026-05-09 18:15:38+00:00,0,Gaming,18.0,False,37,0,457000.0,13.032440858057756,,100562.52941176471,188156.58934517202,193268.2950379973,0.0,11.518544940219472,12.145035131881864,12.171839806422788,,87594.0599334073,5111.705692825286,,3716.675011175682,193.55833705856057,0.019230650378764758,0.0010015007221981559,0.020232151100962912
UibImTt5KTE_first48h,UibImTt5KTE,UCpu3bemTQwAU8PqM4kJdoEQ,2026-05-08 12:01:03+00:00,596,News & Politics,12.0,False,27,8,3220000.0,14.984892228079548,,,,1349.969649191959,0.0,0.0,0.0,7.208577872268883,,,,,28.84548679542767,6.0,0.021367507641889202,0.004444544367046603,0.02581205200893581
vb02Ordc4x8_first48h,vb02Ordc4x8,UCPrwVv_YyKqdW50rWamQdIg,2026-05-09 10:49:00+00:00,0,News & Politics,10.0,False,97,37,5320.0,8.579416534596369,,,2239.7019520503077,2313.912845343207,0.0,0.0,7.714544467209538,7.747127318011728,,,74.21089329289953,,6.0,1.0,0.002593010368594959,0.0004321683947658265,0.0030251787633607855
_sQL5J1Ap7k_first48h,_sQL5J1Ap7k,UCSdExItCszcnIp-roT7b0kw,2026-05-09 10:09:27+00:00,1708,Gaming,10.0,False,39,8,1020000.0,13.83531416565213,,,,208459.88205128204,0.0,0.0,0.0,12.247506686557902,,,,,2167.9897435897437,344.0,0.010400033436920053,0.0016501976141163434,0.012050231051036397
0bRbs6xetv0_first48h,0bRbs6xetv0,UCdVDU3XD3RqxL77phhxsGuA,2026-05-09 18:35:49+00:00,0,Sports,18.0,False,62,0,6550.0,8.787372988731876,,43149.48231511254,,46048.0,0.0,10.672448874087866,0.0,10.737461325921066,,,,,222.0,,0.004821056289089645,0.0,0.004821056289089645
9thLFANVGyY_first48h,9thLFANVGyY,UCNb9uOjbsdxAJgK1TI--o6w,2026-05-09 18:31:59+00:00,0,Gaming,18.0,False,36,0,7330.0,8.899867211223587,,41269.66666666666,105894.34252619967,105901.0,0.0,10.62790727640018,11.570206550699782,11.57026941715243,,64624.67585953302,6.657473800325533,,358.38521487419285,,0.0033841532645980006,0.0,0.0033841532645980006
M-Q2yPro8B4_first48h,M-Q2yPro8B4,UCuUC85dZ6qxUFNKUphv00DQ,2026-05-09 18:54:36+00:00,0,Sports,18.0,False,73,3,1670.0,7.421177528595393,,5941.945454545454,20061.0,20070.86660738106,0.0,8.68996015722349,9.90658275744343,9.907074442317771,,14119.054545454546,9.866607381060021,,37.0,,0.001843467983908241,0.0,0.001843467983908241
rBMNcvvydzI_first48h,rBMNcvvydzI,UCzeRR8rMI8IkjqGx_MFlUjQ,2026-05-08 10:30:27+00:00,118,News & Politics,10.0,False,44,0,54900.0,10.91328684226798,,,,1068.0,0.0,0.0,0.0,6.974478911025045,,,,,7.0,,0.006554307116104869,0.0,0.006554307116104869
k5v4PqzlRy0_first48h,k5v4PqzlRy0,UC2rBfO8HDq4OfMUTBLXVzqQ,2026-05-09 11:26:37+00:00,1022,Education,11.0,False,69,93,11200.0,9.32375833901174,,,,19358.0,0.0,0.0,0.0,9.87091270660395,,,,,708.0,81.0,0.03657402624238041,0.004184316561628268,0.04075834280400868
MUclQWBkmTk_first48h,MUclQWBkmTk,UCpujOXXHnJytkw2GriVQcjA,2026-05-08 20:23:57+00:00,0,Entertainment,20.0,False,28,0,8490.0,9.046762057999363,,,,9151.0,0.0,0.0,0.0,9.12172771361958,,,,,26.0,,0.0028412195388482133,0.0,0.0028412195388482133
vHu9Xdc-jqc_first48h,vHu9Xdc-jqc,UC2x_qNZXKDxNP1j4jvHATRQ,2026-05-08 23:59:51+00:00,146,News & Politics,23.0,False,47,10,797000.0,13.588611212476708,,,,26305.333333333332,0.0,0.0,0.0,10.177565000328864,,,,,77.0,72.0,0.002927163059455624,0.0027370875361143496,0.0056642505955699736
LIf8u836hbo_first48h,LIf8u836hbo,UCyKV3Zl7AKVj7ikyOlcfZTQ,2026-05-08 16:00:06+00:00,4128,People & Blogs,16.0,False,67,32,1800000.0,14.403297778421795,,,,167174.11150442477,0.0,0.0,0.0,12.02679711391418,,,,,3591.741592920354,1060.6353982300884,0.02148503473772186,0.00634449550044126,0.02782953023816312
2k23RhdxLpE_first48h,2k23RhdxLpE,UCWM3hAGXUIgqsdEkTeUxATA,2026-05-09 18:25:36+00:00,0,Entertainment,18.0,False,47,0,784000.0,13.572165574841936,,60131.01444043322,199014.08268590455,205575.0,0.0,11.004297664893263,12.201135893226011,12.233571074231984,,138883.06824547134,6560.917314095452,,22000.0,1333.0,0.1070169038063967,0.006484251489723945,0.11350115529612063
jfc5v18rwiM_first48h,jfc5v18rwiM,UCyX1ExBFqsG0r1JJdkjS27Q,2026-05-09 08:49:49+00:00,695,Entertainment,8.0,False,80,0,3020.0,8.013343181386672,,,,1027.0,0.0,0.0,0.0,6.93537044601511,,,,,8.0,,0.007789678675754625,0.0,0.007789678675754625
RoQWqmFeHg0_first48h,RoQWqmFeHg0,UCrBq9GPtUdKaYpiTFY_E4VA,2026-05-08 13:01:48+00:00,1432,People & Blogs,13.0,False,25,23,662000.0,13.403022345492023,,,,28865.0,0.0,0.0,0.0,10.27041971092751,,,,,828.0,76.0,0.028685258964143426,0.0026329464749696866,0.031318205439113116
Dnbh6yIziQ8_first48h,Dnbh6yIziQ8,UCFPn6FEkfzRqZJUq1LzdSvQ,2026-05-08 11:00:32+00:00,40,Entertainment,11.0,True,16,89,358000.0,12.788291058675025,,,,31976.967295931932,0.0,0.0,0.0,10.372802422639605,,,,,621.7295931932997,18.87769210316405,0.01944304434624716,0.0005903527976389946,0.020033397143886154
P0eCFEQcQN8_first48h,P0eCFEQcQN8,UCaXkIU1QidjPwiAYu6GcHjg,2026-05-09 20:37:25+00:00,199,News & Politics,20.0,False,96,1,9820000.0,16.099931782163637,11928.776978417265,45050.22750000001,81238.40916808149,86162.0,9.386792820735938,10.715555510168052,11.305155742995318,11.363996130165608,33121.450521582745,36188.18166808148,4923.590831918511,0.14865263309377647,390.0,211.0,0.004526357326895847,0.002448875374294933,0.00697523270119078
r3r2iTwUb7s_first48h,r3r2iTwUb7s,UCZ6IM7_T-bCmr_7DgAKjYxg,2026-05-08 13:21:54+00:00,1471,Gaming,13.0,False,18,18,260000.0,12.468440756144114,,,,130027.0,0.0,0.0,0.0,11.775505090861168,,,,,516.0,103.0,0.003968406561714106,0.0007921431702646374,0.004760549731978743
Uj7RM403Ezk_first48h,Uj7RM403Ezk,UCWElIIlFx2JiyI9UVrbrEcw,2026-05-09 20:38:05+00:00,33,News & Politics,20.0,True,44,0,458000.0,13.034626646500051,810.7047619047619,1349.9144385026739,5013.0,6134.0,6.69913668033211,7.20853700398031,8.519989278718239,8.721765357145012,539.209676597912,3663.085561497326,1121.0,2.078968625104865,212.0,9.0,0.0345614607107923,0.0014672318226279751,0.03602869253342028
T9afcwEgnCo_first48h,T9afcwEgnCo,UC5nwNW4KdC0SzrhF9BXEYOQ,2026-05-09 11:34:27+00:00,116,News & Politics,11.0,False,40,76,3270000.0,15.000300848683787,,,5388.025483533716,6402.3267326732675,0.0,0.0,8.592119846727979,8.764572936277709,,,1014.3012491395511,,34.0,30.0,0.005310569332003371,0.00468579646941474,0.00999636580141811
u-2e7Rrn3HQ_first48h,u-2e7Rrn3HQ,UCYZz5FgoK92y1hzoLRU1Vqw,2026-05-08 19:01:00+00:00,1317,Gaming,19.0,False,43,6,3010.0,8.010027528481734,,,,2382.705396475771,0.0,0.0,0.0,7.7764114452453965,,,,,195.22687224669605,38.80671806167401,0.08193496037548478,0.0162868301381583,0.09822179051364308
SqYQ-n3DsbM_first48h,SqYQ-n3DsbM,UCIJAuSf8iqdtp8Wa1E0exMg,2026-05-09 14:00:06+00:00,0,Gaming,14.0,False,66,21,129000.0,11.767575435251748,,,,56110.0,0.0,0.0,0.0,10.935087150721298,,,,,702.0,23.0,0.012511138834432365,0.0004099091071110319,0.012921047941543397
j6Iz8ieDJhk_first48h,j6Iz8ieDJhk,UCexpzYDEnfmAvPSfG4xbcjA,2026-05-09 11:52:49+00:00,81,People & Blogs,11.0,False,41,0,476000.0,13.073175234051686,,,6399.365654205607,7339.0,0.0,0.0,8.764110401185334,8.901094121608562,,,939.6343457943931,,109.0,9.0,0.014852159694781306,0.0012263251124131353,0.01607848480719444
YRpmRKHRq8I_first48h,YRpmRKHRq8I,UCIALMKvObZNtJ6AmdCLP7Lg,2026-05-08 11:56:16+00:00,2902,News & Politics,11.0,False,69,27,3140000.0,14.959733676355723,,,,5848.056846203764,0.0,0.0,0.0,8.674035704356946,,,,,60.83750811161583,19.918754055807916,0.010403029538111995,0.0034060465860105437,0.01380907612412254
UZrXcJfCGIk_first48h,UZrXcJfCGIk,UCDBAVzfX3yZ1hah0FHnOoaA,2026-05-09 13:00:54+00:00,1307,Gaming,13.0,False,16,7,1210000.0,14.006131744018864,,,504548.4724950884,584650.0,0.0,0.0,13.131421176396318,13.278770366992042,,,80101.52750491159,,2833.0,560.0,0.004845634140083811,0.000957838022748653,0.005803472162832464
i_MoEktmyOU_first48h,i_MoEktmyOU,UCxSBJW4GLTzzNWYiW9RO4rw,2026-05-09 18:40:58+00:00,0,People & Blogs,18.0,False,68,20,4000.0,8.294299608857235,,,,71033.87301587302,0.0,0.0,0.0,11.170926204676974,,,,,321.0,5.0,0.00451897082858301,7.038895371624625e-05,0.004589359782299256
xHgOZCXZQXo_first48h,xHgOZCXZQXo,UCA_hgsFzmynpv1zkvA5A7jA,2026-05-09 01:01:02+00:00,2191,Howto & Style,1.0,False,52,0,3780000.0,15.145234832146,,,,129843.0,0.0,0.0,0.0,11.7740890088612,,,,,3044.0,155.0,0.023443697388384435,0.0011937493742442797,0.024637446762628714
VLvpdplCffc_first48h,VLvpdplCffc,UC4wpY8jmg-n4W-UddQBr1Ag,2026-05-08 11:35:50+00:00,219,News & Politics,11.0,False,48,5,54600.0,10.907807476583594,,,,19637.0,0.0,0.0,0.0,9.885221743729236,,,,,82.0,,0.004175790599378724,0.0,0.004175790599378724
h7ClQtEdsHU_first48h,h7ClQtEdsHU,UCuPGV3JFlcj-Q4pcXAQIIvQ,2026-05-08 22:00:48+00:00,2090,News & Politics,22.0,False,90,0,3220.0,8.0774471493312,,,,2645.0,0.0,0.0,0.0,7.880804344674901,,,,,35.0,21.0,0.013232514177693762,0.007939508506616257,0.02117202268431002
18ifaX2O09U_first48h,18ifaX2O09U,UCEz9c3Qv7mnZcjP4s2_WpMw,2026-05-08 14:00:03+00:00,2709,Gaming,14.0,False,50,38,522000.0,13.165424782571753,,,,22035.107407407406,0.0,0.0,0.0,10.000437632759681,,,,,1249.4518518518519,41.0,0.05670278019302195,0.0018606671273232497,0.0585634473203452
TzmdGfEL1EA_first48h,TzmdGfEL1EA,UCOtrySrpC5ZwQ8qY59oAfKQ,2026-05-09 08:00:26+00:00,1247,People & Blogs,8.0,False,58,39,17000.0,9.741027444837728,,,,2980.3892180094786,0.0,0.0,0.0,8.000144651411155,,,,,27.594786729857823,,0.009258786256208388,0.0,0.009258786256208388
CneSLNgboBw_first48h,CneSLNgboBw,UCIU8ha-NHmLjtUwU7dFiXUA,2026-05-09 07:45:06+00:00,565,News & Politics,7.0,False,94,19,3100000.0,14.946912992035967,,,,942.7529002320185,0.0,0.0,0.0,6.849864373652042,,,,,12.752900232018561,1.0,0.01352729885941478,0.0010607233345597692,0.01458802219397455
WNqitjROmmU_first48h,WNqitjROmmU,UCWFACumyV8XlBgvUfcbyt9Q,2026-05-08 14:22:41+00:00,808,Education,14.0,False,72,12,2480.0,7.816416983691801,,,,56.0,0.0,0.0,0.0,4.04305126783455,,,,,4.0,,0.07142857142857142,0.0,0.07142857142857142
dCJbO_EjBjk_first48h,dCJbO_EjBjk,UCKgAB8lqTbqbwXC-e6_9lhQ,2026-05-08 21:50:03+00:00,18,News & Politics,21.0,True,57,4,294000.0,12.591338447675579,,,,7946.41634541249,0.0,0.0,0.0,8.980602166829906,,,,,64.982266769468,46.96453353893601,0.008177556264967493,0.005910152639566752,0.014087708904534245
B4qrl0r8gd8_first48h,B4qrl0r8gd8,UCRlWXcripH3oV_v6uSb9ASw,2026-05-09 20:33:52+00:00,92,News & Politics,20.0,True,46,2,125000.0,11.736077016252437,,,6064.0,6116.0,0.0,0.0,8.71028982137815,8.718827059242566,,,52.0,,63.0,14.0,0.010300850228907784,0.002289077828646174,0.012589928057553957
2rJbGPqKDa0_first48h,2rJbGPqKDa0,UChbq21l7nh2u_mSunnUkvrA,2026-05-09 05:06:32+00:00,0,Entertainment,5.0,False,73,0,77200.0,11.25416768929685,,,,32603.7993485342,0.0,0.0,0.0,10.392214775799294,,,,,1615.8866449511402,6.0,0.04956129890499363,0.0001840276323584278,0.04974532653735206
8jrTZ7tnoCQ_first48h,8jrTZ7tnoCQ,UCf6_6_swiYberzNZOqisoZQ,2026-05-08 15:31:06+00:00,0,Sports,15.0,False,70,34,82500.0,11.320565693461432,,,,33240.223495702005,0.0,0.0,0.0,10.411546056225262,,,,,668.3581661891118,,0.020106909518088262,0.0,0.020106909518088262
Pit_fY1wbCo_first48h,Pit_fY1wbCo,UCOGtuGCXBM8bGcMPu7RzN1A,2026-05-09 09:21:05+00:00,0,People & Blogs,9.0,False,30,0,510.0,6.236369590203704,,,,360.63366336633663,0.0,0.0,0.0,5.890631719777641,,,,,13.914385556202678,2.0,0.03858315784033798,0.005545793981989897,0.04412895182232787
pG2hUhb2TvA_first48h,pG2hUhb2TvA,UCgVaz5LtVCMZV79uTSAF_Wg,2026-05-09 00:07:49+00:00,0,Gaming,0.0,False,19,0,20299.0,9.918376165029878,,,,50271.0,0.0,0.0,0.0,10.825203541055348,,,,,417.0,10.0,0.008295040878438862,0.00019892184360764656,0.008493962722046508
F3rMzsmPBhw_first48h,F3rMzsmPBhw,UCoaSU0GNxF9Kamg5Pizi8eQ,2026-05-09 10:51:11+00:00,0,Sports,10.0,False,40,0,1380.0,7.2305631534092925,,,,783.0,0.0,0.0,0.0,6.664409020350408,,,,,30.0,,0.038314176245210725,0.0,0.038314176245210725
4T-fP_O6XOg_first48h,4T-fP_O6XOg,UCMI4X9e8DhwpKMCQn0nQ_Ug,2026-05-10 07:36:08+00:00,0,Sports,7.0,False,60,32,9240.0,9.13140538388804,,,3678.601593625498,4734.0,0.0,0.0,8.210559762700392,8.462737005620179,,,1055.398406374502,,103.0,40.0,0.02175749894381073,0.008449514152936205,0.030207013096746938
_Q3yNvTkgGg_first48h,_Q3yNvTkgGg,UCF2e8f4ifh-_tzKRDqS4Wzg,2026-05-09 12:02:50+00:00,4056,Entertainment,12.0,False,11,0,350000.0,12.765691290604371,,,,7953657.0,0.0,0.0,0.0,15.88914250659127,,,,,8827.0,17.0,0.001109803955589234,2.137381584345415e-06,0.0011119413371735794
eiM0HgWOfks_first48h,eiM0HgWOfks,UCxLGPZs0gsY9Sm6AsI2E-PQ,2026-05-10 07:48:03+00:00,134,People & Blogs,7.0,True,26,0,182000.0,12.111767460549332,,,65335.99356420472,86787.0,0.0,0.0,11.08731367191717,11.371223642243262,,,21451.00643579528,,2042.0,233.0,0.023528869531150978,0.002684733888716052,0.026213603419867032
3l3le_nqEss_first48h,3l3le_nqEss,UCrPyrDfApHhxvepgAkDAQAQ,2026-05-09 11:07:54+00:00,18,People & Blogs,11.0,True,23,0,37800.0,10.540090836284206,,,,30096.133911098685,0.0,0.0,0.0,10.312185227302983,,,,,247.96924797316188,14.981548783897122,0.008239239255966932,0.0004977898100849528,0.008737029066051885
ecAVCkQJmvE_first48h,ecAVCkQJmvE,UCdVDU3XD3RqxL77phhxsGuA,2026-05-09 02:17:11+00:00,182,Sports,2.0,False,94,0,6750.0,8.81744592104187,,,,15.0,0.0,0.0,0.0,2.772588722239781,,,,,1.0,,0.06666666666666667,0.0,0.06666666666666667
IfrBrBXfNm4_first48h,IfrBrBXfNm4,UCBZBcImIUt_-3BRktBs0qYQ,2026-05-09 09:00:31+00:00,654,Gaming,9.0,False,17,0,0.0,0.0,,,,39389.4357122219,0.0,0.0,0.0,10.581278317397095,,,,,776.1450447847443,59.0,0.019704396134416293,0.0014978635497866059,0.0212022596842029
I80eMxC2Nck_first48h,I80eMxC2Nck,UCL0_NxCvkcXwZHpvqgMZY-A,2026-05-10 00:09:01+00:00,0,News & Politics,0.0,False,34,66,1040000.0,13.854732232655556,,,11240.0,11453.562930864684,0.0,0.0,9.327323087461798,9.34614343884449,,,213.56293086468395,,27.0,,0.0023573450604825585,0.0,0.0023573450604825585
zFyLrPIqdYE_first48h,zFyLrPIqdYE,UCGzxLbFlisVJMJHrfbV-Pkg,2026-05-09 10:51:20+00:00,0,Sports,10.0,False,49,0,67700.0,11.12285622984002,,,,50910.0,0.0,0.0,0.0,10.837834289209853,,,,,229.0,19.0,0.0044981339618935376,0.0003732076212924769,0.004871341583186015
Tm7ISpY_jFw_first48h,Tm7ISpY_jFw,UCD8LsHm_WovZiH-SQ_MDeVg,2026-05-08 23:40:05+00:00,0,Gaming,23.0,False,100,32,82800.0,11.324195417595107,,,,411268.0,0.0,0.0,0.0,12.927002780602406,,,,,1803.0,,0.0043840026454769155,0.0,0.0043840026454769155
v0_lvsz9HUk_first48h,v0_lvsz9HUk,UCkVBB_F_qqJ09bRQsgX6WZg,2026-05-09 08:37:20+00:00,42899,Gaming,8.0,False,50,16,1110.0,7.01301578963963,,,,977.0378567268492,0.0,0.0,0.0,6.885548377595332,,,,,45.0,,0.046057580768419155,0.0,0.046057580768419155
wS5R3oUEUIk_first48h,wS5R3oUEUIk,UCPqswBEjZm3FdvOzPyDw9wg,2026-05-09 09:39:27+00:00,15762,Gaming,9.0,False,43,3,40199.0,10.601622274607113,,,,4572.8060570762955,0.0,0.0,0.0,8.428100972519866,,,,,557.0,10.0,0.1218070464934889,0.002186841050152404,0.12399388754364131
neQmCtDJzkw_first48h,neQmCtDJzkw,UCYzPXprvl5Y-Sf0g4vX-m6g,2026-05-09 17:03:06+00:00,2413,Gaming,17.0,False,19,1,31200000.0,17.25592868483099,,,503364.0,712321.2350176263,0.0,0.0,13.129070832051285,13.476285665283855,,,208957.2350176263,,45889.54171562867,1949.68625146886,0.06442253783785225,0.0027370884870793095,0.06715962632493155
bCohEU0FqpQ_first48h,bCohEU0FqpQ,UCBoN1di3_aH33K4_Ka9sPyw,2026-05-08 19:15:05+00:00,4216,Sports,19.0,False,81,24,29200.0,10.281958234245314,,,,1227.0913242009133,0.0,0.0,0.0,7.113216474183694,,,,,8.0,,0.0065194821625926104,0.0,0.0065194821625926104
CYOc1rBR1e4_first48h,CYOc1rBR1e4,UCJCreS7pODbA6XYRsI5fdLg,2026-05-10 03:32:22+00:00,59,News & Politics,3.0,False,67,2,633000.0,13.358227280903897,,,2377.5104685942174,2405.0,0.0,0.0,7.774229717205605,7.785720896534624,,,27.4895314057826,,17.0,13.0,0.007068607068607069,0.005405405405405406,0.012474012474012475
Dg077BOvTss_first48h,Dg077BOvTss,UC_lEiu6917IJz03TnntWUaQ,2026-05-09 01:02:11+00:00,519,News & Politics,1.0,False,81,15,5540000.0,15.527505239228866,,,,2215.0,0.0,0.0,0.0,7.703459047867175,,,,,14.0,4.0,0.006320541760722348,0.0018058690744920992,0.008126410835214447
AwKzG9mAnok_first48h,AwKzG9mAnok,UC8w76cjoqEArF-ns44l_ujA,2026-05-08 14:30:36+00:00,680,News & Politics,14.0,False,56,6,464000.0,13.047641986378483,,,,28940.0,0.0,0.0,0.0,10.273014553838664,,,,,229.0,98.0,0.007912923289564616,0.0033863165169315825,0.011299239806496199
60jstU930U0_first48h,60jstU930U0,UCZXsCL1WTILfkPQrq9eOefQ,2026-05-09 13:13:08+00:00,767,Sports,13.0,False,92,0,117000.0,11.669937760751914,,,,35794.96395061728,0.0,0.0,0.0,10.485590427223721,,,,,277.8316049382716,96.0,0.007761751215102995,0.0026819415192718605,0.010443692734374855
5IYisKZ0vRQ_first48h,5IYisKZ0vRQ,UCZXsCL1WTILfkPQrq9eOefQ,2026-05-09 13:02:08+00:00,99,Sports,13.0,False,84,0,117000.0,11.669937760751914,,,,448.6414814814815,0.0,0.0,0.0,6.108450557405092,,,,,4.0,,0.008915805080688035,0.0,0.008915805080688035
sULVf21gObg_first48h,sULVf21gObg,UCZXsCL1WTILfkPQrq9eOefQ,2026-05-09 13:02:06+00:00,64,Sports,13.0,False,82,0,117000.0,11.669937760751914,,,,774.8276374442794,0.0,0.0,0.0,6.653930378816136,,,,,5.0,2.0,0.0064530480823995744,0.00258121923295983,0.009034267315359404
SyVkm_RWuKo_first48h,SyVkm_RWuKo,UCNKUkQV2R0JKakyE1vuC1lQ,2026-05-08 21:19:57+00:00,53,Sports,21.0,False,68,9,251000.0,12.433212202169729,,,,2878.7252124645893,0.0,0.0,0.0,7.96545015623926,,,,,104.46458923512748,5.0,0.03628848935730523,0.0017368799141892757,0.038025369271494504
EntK6-yIzzQ_first48h,EntK6-yIzzQ,UCNKUkQV2R0JKakyE1vuC1lQ,2026-05-08 18:45:19+00:00,73,Sports,18.0,False,63,9,251000.0,12.433212202169729,,,,1139.0,0.0,0.0,0.0,7.038783541388542,,,,,57.0,2.0,0.05004389815627744,0.001755926251097454,0.05179982440737489
jEXudFbbSHg_first48h,jEXudFbbSHg,UCH4yRBPH2pDUjPeqomx8CTQ,2026-05-09 23:44:49+00:00,717,Gaming,23.0,False,43,28,1440000.0,14.180154365996387,,,,219366.0,0.0,0.0,0.0,12.298501405300854,,,,,5070.0,1668.0,0.02311205929815924,0.007603730751347064,0.030715790049506305
9yAQPEkV2QE_first48h,9yAQPEkV2QE,UCvHm-lDQEhRJNCd8BdpzDkQ,2026-05-09 01:34:21+00:00,613,Sports,1.0,False,68,0,539000.0,13.197472705176983,,,,4186.356148491879,0.0,0.0,0.0,8.339824822944303,,,,,74.05491105955143,4.0,0.01768958694215003,0.0009554848794794936,0.01864507182162952
7EwhJRJvgx4_first48h,7EwhJRJvgx4,UCKMyoorQfJNJzkw4WkTvcKQ,2026-05-10 07:55:10+00:00,0,Sports,7.0,False,99,0,104000.0,11.552155793461898,,,376930.070634205,378397.0,0.0,0.0,12.83981761319947,12.84370183073363,,,1466.9293657949893,,2327.0,5.0,0.006149625921981411,1.3213635414657093e-05,0.006162839557396068
TwO8Fyrp0Y8_first48h,TwO8Fyrp0Y8,UCBi2mrWuNuyYy4gbM6fU18Q,2026-05-09 15:30:31+00:00,121,News & Politics,15.0,False,22,7,19600000.0,16.791040175221152,,,143433.0,209199.0,0.0,0.0,11.873630278067836,12.251046011172905,,,65766.0,,1456.0,540.0,0.006959880305355188,0.0025812742890740396,0.009541154594429228
ceNVWigqZow_first48h,ceNVWigqZow,UCqoAEDirJPjEUFcF2FklnBA,2026-05-09 15:15:04+00:00,4049,Science & Technology,15.0,False,44,15,5660000.0,15.548934626857795,,,,146696.0,0.0,0.0,0.0,11.89612451402422,,,,,6150.0,946.0,0.04192343349511916,0.00644871025794841,0.048372143753067566
Gm6MnSMQRBQ_first48h,Gm6MnSMQRBQ,UCMYlXK0jyerVnc3dmz-vjCA,2026-05-09 23:12:28+00:00,23,News & Politics,23.0,False,55,3,542000.0,13.20302312543853,,,330.0,343.0,0.0,0.0,5.802118375377063,5.840641657373398,,,13.0,,14.0,1.0,0.04081632653061224,0.0029154518950437317,0.043731778425655975
gYXgq_N0J-E_first48h,gYXgq_N0J-E,UCO3bfz4KY6zGT5IOaFJuxpA,2026-05-09 03:52:25+00:00,178,News & Politics,3.0,False,42,28,990000.0,13.805461232211272,,,,8787.0,0.0,0.0,0.0,9.081142433504501,,,,,92.0,4.0,0.010470012518493228,0.00045521793558666213,0.010925230454079891
vAfAaW0VQF8_first48h,vAfAaW0VQF8,UCWAiAV3m08lldG31uEfFuEw,2026-05-10 10:00:06+00:00,4862,Education,10.0,False,98,25,0.0,0.0,,,1170.0,1671.0,0.0,0.0,7.065613363597717,7.421775793644647,,,501.0,,91.0,14.0,0.054458408138839016,0.008378216636744464,0.06283662477558348
dedky4JTgvU_first48h,dedky4JTgvU,UCIjw-PdaPP7gIddIizy3nhg,2026-05-09 10:00:37+00:00,305,Gaming,10.0,False,49,23,13600.0,9.517898598432753,,,,1210.0,0.0,0.0,0.0,7.099201743553092,,,,,23.0,11.0,0.019008264462809916,0.00909090909090909,0.02809917355371901
FKp-0K1x4d0_first48h,FKp-0K1x4d0,UCDJdSCRNFsl-rJBxG5z41Lw,2026-05-10 00:48:31+00:00,7946,Entertainment,0.0,False,30,0,13600.0,9.517898598432753,,,,26521.0,0.0,0.0,0.0,10.185729856237545,,,,,171.0,,0.006447720674182723,0.0,0.006447720674182723
b0JCIXYVWLM_first48h,b0JCIXYVWLM,UCnxBP5BsR7r1C_nr3qWETug,2026-05-09 04:57:01+00:00,1890,Travel & Events,4.0,False,44,0,49600.0,10.811766273800105,,,,749.0,0.0,0.0,0.0,6.620073206530356,,,,,33.0,3.0,0.044058744993324434,0.004005340453938585,0.04806408544726302
TsHLGO6vTIc_first48h,TsHLGO6vTIc,UCMNEVbszv8ZyvSXoTn3yhpQ,2026-05-09 16:04:33+00:00,4238,Gaming,16.0,False,50,0,1830000.0,14.419827071265543,,,48155.0,73849.70144652597,0.0,0.0,10.782201020054917,11.209800786174755,,,25694.70144652597,,1845.6198719468816,115.87384396490395,0.024991568493791156,0.0015690495925539706,0.026560618086345127
-jBA2i-QLNI_first48h,-jBA2i-QLNI,UCMNEVbszv8ZyvSXoTn3yhpQ,2026-05-08 16:55:57+00:00,1920,Gaming,16.0,False,29,0,1830000.0,14.419827071265543,,,,82415.0,0.0,0.0,0.0,11.319534871805367,,,,,2472.0,116.0,0.02999453982891464,0.0014075107686707517,0.03140205059758539
BeswCHWoK-A_first48h,BeswCHWoK-A,UCA_hK5eRICBdSOLlXKESvEg,2026-05-09 12:00:16+00:00,491,Education,12.0,False,63,11,686000.0,13.438634364432907,,,,19813.0,0.0,0.0,0.0,9.894144037532975,,,,,391.0,13.0,0.019734517740877203,0.0006561348609498814,0.020390652601827083
l6dj1UvwCtA_first48h,l6dj1UvwCtA,UCorQ8Y6syhWYB6QJW_4xVzQ,2026-05-09 19:07:58+00:00,266,Sports,19.0,False,46,0,96000.0,11.472113887062386,,,383.0,437.0,0.0,0.0,5.950642552587727,6.082218910376446,,,54.0,,12.0,4.0,0.02745995423340961,0.009153318077803204,0.036613272311212815
o7HHV6mrBCM_first48h,o7HHV6mrBCM,UCorQ8Y6syhWYB6QJW_4xVzQ,2026-05-09 18:04:20+00:00,491,Sports,18.0,False,96,0,96000.0,11.472113887062386,,,981.0,1051.6308260267651,0.0,0.0,6.889591308354466,6.959047858094858,,,70.63082602676513,,19.0,,0.01806717674089598,0.0,0.01806717674089598
9_nt-0-dwFA_first48h,9_nt-0-dwFA,UCorQ8Y6syhWYB6QJW_4xVzQ,2026-05-08 19:28:14+00:00,187,Sports,19.0,False,62,0,96000.0,11.472113887062386,,,,155.0,0.0,0.0,0.0,5.049856007249537,,,,,6.0,,0.03870967741935484,0.0,0.03870967741935484
npJVxNvYe0Q_first48h,npJVxNvYe0Q,UCUGUy6eAkpopV_Cgvkxgwfg,2026-05-10 05:40:28+00:00,56,Entertainment,5.0,False,49,0,138000.0,11.835016210489899,,,2494.0,2611.0,0.0,0.0,7.822044008185619,7.867871490396322,,,117.0,,386.0,47.0,0.1478360781309843,0.01800076599004213,0.16583684412102642
K2Yiddbx0po_first48h,K2Yiddbx0po,UCUGUy6eAkpopV_Cgvkxgwfg,2026-05-10 05:27:36+00:00,65,Entertainment,5.0,False,35,0,138000.0,11.835016210489899,,,2013.498879282741,2119.0,0.0,0.0,7.608125748305976,7.659171367666058,,,105.50112071725903,,302.0,17.0,0.14252005663048609,0.008022652194431336,0.1505427088249174
FJcN51kYfqs_first48h,FJcN51kYfqs,UCzbQyIOwWK0j4E5DbWPcXBQ,2026-05-10 10:00:18+00:00,1958,Gaming,10.0,False,99,5,40500.0,10.609081944147828,,,8349.0,9930.0,0.0,0.0,9.030016817844901,9.203416456903359,,,1581.0,,186.0,23.0,0.018731117824773415,0.0023162134944612286,0.02104733131923464
gibz7BeLfXU_first48h,gibz7BeLfXU,UCzbQyIOwWK0j4E5DbWPcXBQ,2026-05-09 12:01:14+00:00,1816,Gaming,12.0,False,91,5,40500.0,10.609081944147828,,,,3990.3889325990035,0.0,0.0,0.0,8.291894552718245,,,,,70.96905323891949,4.0,0.017784996509775355,0.0010024085540440632,0.01878740506381942
NkNj5uRB0DI_first48h,NkNj5uRB0DI,UC2RbHv4m_52hBImrXucmhHg,2026-05-10 11:00:40+00:00,8450,Film & Animation,11.0,False,24,14,10800.0,9.287394001418473,,,31.0,40.0,0.0,0.0,3.4657359027997265,3.713572066704308,,,9.0,,0.0,,0.0,0.0,0.0
6DY-1iNvyAs_first48h,6DY-1iNvyAs,UCiwt1aanVMoPYUt_CQYCPQg,2026-05-09 11:16:29+00:00,537,News & Politics,11.0,False,69,0,1500000.0,14.220976332738882,,,,11045.63777893098,0.0,0.0,0.0,9.309881387245444,,,,,75.19252724442138,15.0,0.006807440977998345,0.0013580021634071484,0.008165443141405493
htLaGt0WWsU_first48h,htLaGt0WWsU,UC4zGMicoES8FZwkhiXXZThg,2026-05-10 12:32:37+00:00,12236,Entertainment,12.0,False,71,15,179000.0,12.095146671399466,,233450.5968992248,,240686.0,0.0,12.36073004080929,0.0,12.39125261317261,,,,,925.0,,0.0038431815726714474,0.0,0.0038431815726714474
XbmfLVmc-xI_first48h,XbmfLVmc-xI,UC2O-V4sGR4o2n-hQrwkqSLg,2026-05-09 12:22:46+00:00,3164,People & Blogs,12.0,False,29,0,22300.0,10.012386799492118,,,,4534.051870967742,0.0,0.0,0.0,8.419591800403945,,,,,112.83587096774194,5.0,0.02488632114913551,0.0011027663869519885,0.0259890875360875
vlET82_4coc_first48h,vlET82_4coc,UCorQ8Y6syhWYB6QJW_4xVzQ,2026-05-10 07:50:16+00:00,0,Sports,7.0,False,89,0,96000.0,11.472113887062386,,,27368.57407944332,27704.948921917523,0.0,0.0,10.217187240329547,10.22940243164136,,,336.37484247420434,,204.87795687670086,1.0,0.007394994932281607,3.6094634313109854e-05,0.007431089566594717
tqVRKAtfNHc_first48h,tqVRKAtfNHc,UCJg9wBPyKMNA5sRDnvzmkdg,2026-05-10 11:52:02+00:00,0,News & Politics,11.0,False,68,24,5560000.0,15.531108846082864,,,18425.104046242774,18390.13320667089,0.0,0.0,9.821523636360999,9.819623936508522,,,0.0,,118.0,27.0,0.006416484245867036,0.0014681785986305931,0.007884662844497629
Xhe_JNYDz8Y_first48h,Xhe_JNYDz8Y,UCJpAwvQaZyCI5spAz7tipGA,2026-05-10 08:30:12+00:00,1566,Gaming,8.0,False,10,4,787000.0,13.575984798046763,,,333207.34889791184,409922.4345047923,0.0,0.0,12.716523245677333,12.92372567613119,,,76715.08560688049,,2262.3872204472846,183.63194888178913,0.005519061729764477,0.0004479675505040999,0.005967029280268576
axzYJ9-TPEg_first48h,axzYJ9-TPEg,UCfDfvvMARk4TKcC62ALi6eA,2026-05-09 17:51:17+00:00,493,People & Blogs,17.0,False,93,34,366000.0,12.810391344620207,,,,245748.0,0.0,0.0,0.0,12.412065968825141,,,,,3258.0,107.0,0.013257483275550564,0.00043540537461139056,0.013692888650161954
VlY33vcW9PA_first48h,VlY33vcW9PA,UCvqG0FNvh9SUGyI6HNXxqgQ,2026-05-10 09:22:51+00:00,7192,Sports,9.0,False,37,59,32800.0,10.39821428171237,,,15033.69534883721,15215.27025261324,0.0,0.0,9.618115832419678,9.630120545708758,,,181.57490377603062,,199.0,,0.01307896584786731,0.0,0.01307896584786731
CwtkEhRgy30_first48h,CwtkEhRgy30,UC3Y_we_V_TVptQ-wExHRpuQ,2026-05-10 12:00:31+00:00,175,People & Blogs,12.0,False,56,63,12500.0,9.433563920090563,,2.0,,9.0,0.0,1.0986122886681098,0.0,2.302585092994046,,,,,0.0,,0.0,0.0,0.0
RjRInBZBHOo_first48h,RjRInBZBHOo,UCAJLrGIaHlsIyrFqzuyHhSw,2026-05-10 12:00:46+00:00,5610,People & Blogs,12.0,False,37,0,128000.0,11.759793355371237,,5.0,,1042.0,0.0,1.791759469228055,0.0,6.949856455000773,,,,,5.0,,0.0047984644913627635,0.0,0.0047984644913627635
G0weTCxqPkg_first48h,G0weTCxqPkg,UCby585TmFCMPFO0m5HDLz2Q,2026-05-10 12:00:25+00:00,48,People & Blogs,12.0,True,37,87,19500.0,9.87822102528824,,402.0,,601.0,0.0,5.998936561946683,0.0,6.400257445308821,,,,,10.0,,0.016638935108153077,0.0,0.016638935108153077
KJR7uA1FcQs_first48h,KJR7uA1FcQs,UCJt9_uuliE7wrj54TYNebDA,2026-05-10 12:00:36+00:00,4677,People & Blogs,12.0,False,61,12,86800.0,11.371373421319406,,3.0,,412.0,0.0,1.3862943611198906,0.0,6.023447592961033,,,,,4.0,,0.009708737864077669,0.0,0.009708737864077669
Ss7gkNXmufY_first48h,Ss7gkNXmufY,UCKiw9OKbQecHMy_K1JqxKeA,2026-05-10 12:00:06+00:00,5750,Film & Animation,12.0,False,98,52,1200000.0,13.997832948091215,,1291.0,,13811.0,0.0,7.163946684342547,0.0,9.533293058509884,,,,,141.0,11.0,0.010209253493592065,0.000796466584606473,0.011005720078198538
G-SZHNtamzs_first48h,G-SZHNtamzs,UCdMJ5ZVu9wIHAzmUELIbXVg,2026-05-10 12:00:06+00:00,5068,People & Blogs,12.0,False,85,43,10400.0,9.249657234353133,,4.0,,454.0,0.0,1.6094379124341003,0.0,6.12029741895095,,,,,5.0,,0.011013215859030838,0.0,0.011013215859030838
1Sj79szfzBo_first48h,1Sj79szfzBo,UCYRDa8WA7PTF42TJwOgpkQw,2026-05-10 13:05:14+00:00,3376,Entertainment,13.0,False,68,0,18500.0,9.825580063659602,,,,4660.0,0.0,0.0,0.0,8.446985296372741,,,,,76.0,4.0,0.01630901287553648,0.0008583690987124463,0.017167381974248927
QLnC6FrK0BE_first48h,QLnC6FrK0BE,UC6cS-kci69AsI9_sTSqUgkQ,2026-05-10 12:42:36+00:00,9084,News & Politics,12.0,False,48,16,255000.0,12.449022745701502,,,4514.0,4458.913969513468,0.0,0.0,8.415160465851086,8.402884755481312,,,0.0,,324.0,1.0,0.0726634337902135,0.0002242698573772022,0.07288770364759072
j1tEKJupMcI_first48h,j1tEKJupMcI,UCT350j4u6alUKyF9eu2bGug,2026-05-10 06:31:48+00:00,234,News & Politics,6.0,False,38,4,484000.0,13.089842251812337,,,204.17076167076166,208.04671947999188,0.0,0.0,5.323842616159787,5.342557765165654,,,3.875957809230215,,0.0,,0.0,0.0,0.0
Gv0Sc1jL5lA_first48h,Gv0Sc1jL5lA,UCT350j4u6alUKyF9eu2bGug,2026-05-10 06:28:31+00:00,153,News & Politics,6.0,False,51,8,484000.0,13.089842251812337,,,459.6546564885497,862.0700325732898,0.0,0.0,6.132648644021271,6.760495837933795,,,402.41537608474016,,15.953175895765472,2.9063517915309447,0.018505661133057884,0.00337136390515217,0.02187702503821005
YJWfddC2X_o_first48h,YJWfddC2X_o,UCT350j4u6alUKyF9eu2bGug,2026-05-10 06:22:17+00:00,34,News & Politics,6.0,False,68,3,484000.0,13.089842251812337,,,197.25839951130115,245.70270820606802,0.0,0.0,5.289571227896394,5.508184001205368,,,48.444308694766875,,3.9405416412136027,1.0,0.01603784374207514,0.004069959209246125,0.020107802951321266
h6lpKqWy9fQ_first48h,h6lpKqWy9fQ,UCWCM-nFVZ9d4yRxFbhLcPTw,2026-05-09 08:12:59+00:00,1562,Gaming,8.0,False,36,6,306000.0,12.631343648903034,,,,59790.40970350405,0.0,0.0,0.0,10.998617279176933,,,,,1183.954177897574,61.0,0.019801740509367807,0.001020230506907282,0.020821971016275087
wR8EowhvAAQ_first48h,wR8EowhvAAQ,UC2VmWn8dAqkzlQqvy02E1PA,2026-05-09 14:36:51+00:00,53,News & Politics,14.0,False,29,14,1460000.0,14.19394767861579,,,,9051.049304369051,0.0,0.0,0.0,9.110746453531464,,,,,42.0,11.918721015377105,0.004640345951902625,0.0013168330670371882,0.005957179018939813
F95oIZAiRIM_first48h,F95oIZAiRIM,UCcP1uBSHsP5NaBx6QfgD-HA,2026-05-10 07:45:44+00:00,4017,Pets & Animals,7.0,False,11,65,236000.0,12.371591321286905,,,17242.456896551725,18523.0,0.0,0.0,9.755188040158313,9.826822467600643,,,1280.5431034482754,,1386.0,26.0,0.07482589213410355,0.0014036603142039627,0.07622955244830751
BYBhOB1AlxQ_first48h,BYBhOB1AlxQ,UC7Tmdxj18fdu4tTtxVUhoCA,2026-05-09 08:15:03+00:00,1080,Gaming,8.0,False,46,61,1230000.0,14.0225255403564,,,,86193.6231675769,0.0,0.0,0.0,11.364363078460098,,,,,6293.547571141133,380.0,0.07301639425117647,0.004408678809814124,0.0774250730609906
SOIGkZ9ywfI_first48h,SOIGkZ9ywfI,UCiOki3bA8llEHVgXBQ3x6wg,2026-05-10 09:19:07+00:00,0,Sports,9.0,False,85,6,108000.0,11.58989576532275,,,40158.33429561201,40742.0,0.0,0.0,10.600610177923741,10.615039324772178,,,583.6657043879895,,251.0,,0.006160718668695695,0.0,0.006160718668695695
CU31_5n8ZoE_first48h,CU31_5n8ZoE,UCYu7Fc1bLWCL81kzpzIaIYA,2026-05-10 12:00:30+00:00,533,Entertainment,12.0,False,72,37,339000.0,12.733758336210744,,,2060.0,2988.0,0.0,0.0,7.630946580890459,8.002694162283937,,,928.0,,20.0,3.0,0.006693440428380187,0.001004016064257028,0.007697456492637216
GamCBEXHBKs_first48h,GamCBEXHBKs,UCYu7Fc1bLWCL81kzpzIaIYA,2026-05-10 11:00:33+00:00,488,Entertainment,11.0,False,91,37,339000.0,12.733758336210744,,,4398.0,7117.0,0.0,0.0,8.389132521348719,8.870382066070137,,,2719.0,,42.0,,0.00590136293382043,0.0,0.00590136293382043
CUF67X90t-M_first48h,CUF67X90t-M,UCxf25PThunuFwS6F33_UWTg,2026-05-10 12:16:38+00:00,4440,News & Politics,12.0,False,69,67,16.0,2.833213344056216,,,30.0,33.0,0.0,0.0,3.4339872044851463,3.5263605246161616,,,3.0,,1.0,,0.030303030303030304,0.0,0.030303030303030304
0UK6byyD454_first48h,0UK6byyD454,UCLkRCRHQL8kDRbaQav4v8bg,2026-05-10 12:00:04+00:00,7807,People & Blogs,12.0,False,85,60,394000.0,12.884108726347916,,,2212.522262964903,2581.988792556566,0.0,0.0,7.702340309932731,7.856702454161366,,,369.46652959166295,,34.0,11.0,0.01316814391217197,0.004260281853937991,0.01742842576610996
h_rv2Qs_REk_first48h,h_rv2Qs_REk,UCfc5rX7XNwEvY0cgXygkDbQ,2026-05-10 12:01:17+00:00,1333,Education,12.0,False,34,59,423000.0,12.955129822091815,,,483707.4874279728,620584.4264892269,0.0,0.0,13.089237705541507,13.338418547783574,,,136876.9390612541,,12000.0,950.6197718631179,0.01933661156772247,0.0015318137730928386,0.02086842534081531
VxMP3Jp2zY0_first48h,VxMP3Jp2zY0,UC6XeHVdVtRqE96bI-jKIQew,2026-05-10 12:01:00+00:00,6281,Film & Animation,12.0,False,74,21,1580.0,7.365812837209472,,,178.65060240963857,225.99218419940854,0.0,0.0,5.19101386679431,5.424915586049038,,,47.341581789769975,,4.0,,0.017699727157247717,0.0,0.017699727157247717
Kfh8LT3ZrwY_first48h,Kfh8LT3ZrwY,UCYSgMvsMIrC6Dvm6VfBP9xw,2026-05-10 12:00:35+00:00,6384,Film & Animation,12.0,False,30,81,4790.0,8.474494436883122,,,49644.15817130846,101669.93284210526,0.0,0.0,10.812656145509722,11.529496728422407,,,52025.7746707968,,1496.1618947368422,54.17684210526316,0.014715873738801434,0.0005328698523820263,0.01524874359118346
fRO6WsVyncM_first48h,fRO6WsVyncM,UC8_XPLu1Vc0k3jBIb9nm9qg,2026-05-10 12:01:13+00:00,15240,Film & Animation,12.0,False,90,8,3110.0,8.042699496897637,,,2591.96243761492,3285.8490844032835,0.0,0.0,7.860556299361592,8.097684659742313,,,693.8866467883636,,21.0,1.0,0.0063910421509250906,0.0003043353405202424,0.006695377491445333
DPYq15kKKyM_first48h,DPYq15kKKyM,UCQF_OX6ISwaMbxLJEklyk-g,2026-05-10 12:30:14+00:00,5559,Film & Animation,12.0,False,96,70,116000.0,11.661354090741,,,2410.0,3024.9453027139875,0.0,0.0,7.787796878181171,8.014978818412953,,,614.9453027139875,,39.0,3.0,0.012892795107736036,0.000991753469825849,0.013884548577561884
yp2sTZoT-6U_first48h,yp2sTZoT-6U,UCGDe-gGoj3k3CuDcJIDpHFA,2026-05-10 12:01:48+00:00,2661,Film & Animation,12.0,False,83,52,16700.0,9.723223876851618,,,82.7835859905907,159.3105098855359,0.0,0.0,4.428237117068761,5.077112621318668,,,76.52692389494521,,0.8847034339229967,,0.005553327489558933,0.0,0.005553327489558933
kO3KL-xO4as_first48h,kO3KL-xO4as,UCDCJyLpbfgeVE9iZiEam-Kg,2026-05-10 10:45:43+00:00,96,News & Politics,10.0,True,46,8,1340000.0,14.108180918195472,,,13046.918263810598,13543.618660812293,0.0,0.0,9.476383880011655,9.513744600620647,,,496.7003970016958,,215.97760702524698,5.0,0.015946816905748104,0.00036917755329801346,0.016315994459046117
VoMypjNAK3w_first48h,VoMypjNAK3w,UC9tnW2dpPDNc_aEOnhsRs4g,2026-05-10 12:00:06+00:00,4267,News & Politics,12.0,False,80,16,316000.0,12.663500657121004,,,51273.531486804284,57462.91930116472,0.0,0.0,10.844949445635146,10.95891253941641,,,6189.387814360438,,609.644758735441,101.25623960066555,0.010609359325102789,0.0017621144353975274,0.012371473760500316
IcnFhI89Poc_first48h,IcnFhI89Poc,UCLqCmbd6bgcLaBVz3aA-68A,2026-05-10 03:30:12+00:00,866,Entertainment,3.0,False,38,14,3160000.0,14.96608290201874,,,173363.9778357236,231150.0,0.0,0.0,12.063154349663508,12.350826455602125,,,57786.02216427639,,10000.0,310.0,0.043261951113995244,0.0013411204845338524,0.044603071598529095
xWNg829vuMo_first48h,xWNg829vuMo,UCcT6w3xUyVshyR2_2vrMp1w,2026-05-10 12:27:53+00:00,50,News & Politics,12.0,False,43,3,613000.0,13.326121846238388,,,1867.9770773638968,1871.9128639273179,0.0,0.0,7.533146542727541,7.535250179166125,,,3.935786563421061,,10.0,,0.0053421290022120805,0.0,0.0053421290022120805
dpVfgLQX7FI_first48h,dpVfgLQX7FI,UC7hwQp3F6P_OwyRM14p88iQ,2026-05-10 12:19:18+00:00,0,Gaming,12.0,False,37,0,6590.0,8.79346036105272,,,33419.52478058854,33421.59783053622,0.0,0.0,10.41692550461702,10.416987531939125,,,2.073049947684922,,345.0,,0.010322666251605266,0.0,0.010322666251605266
6FiqxiV3I9o_first48h,6FiqxiV3I9o,UCPJxwJpEXd9jRyzGUDqIviA,2026-05-10 12:15:07+00:00,4061,People & Blogs,12.0,False,78,10,129000.0,11.767575435251748,,,10875.896443514644,13283.482348025904,0.0,0.0,9.294396226364023,9.494351892288039,,,2407.5859045112593,,417.37497388761227,36.0,0.03142059912848377,0.002710132708939088,0.03413073183742286
9V8hat7_vE0_first48h,9V8hat7_vE0,UCj0Qq7hXiQGh4uHEdeFl9RQ,2026-05-10 14:36:22+00:00,42896,People & Blogs,14.0,False,75,0,22900.0,10.038935856711177,,,1055.8917322834645,1098.8072423398328,0.0,0.0,6.96308755137468,7.002890209194634,,,42.91551005636825,,26.0,5.0,0.023662020960687178,0.004550388646285996,0.028212409606973174
vUj2tc8txnk_first48h,vUj2tc8txnk,UChWoDluh-gUgIpqzG1m-Sng,2026-05-09 16:30:31+00:00,402,People & Blogs,16.0,False,53,0,31200.0,10.348205424565993,,,,712.0,0.0,0.0,0.0,6.569481420414296,,,,,108.0,4.0,0.15168539325842698,0.0056179775280898875,0.15730337078651685
vrgi5km8mLY_first48h,vrgi5km8mLY,UChWoDluh-gUgIpqzG1m-Sng,2026-05-09 16:00:06+00:00,2436,People & Blogs,16.0,False,58,0,31200.0,10.348205424565993,,,,4355.0,0.0,0.0,0.0,8.37930948405285,,,,,599.0,129.0,0.13754305396096442,0.029621125143513203,0.16716417910447762
80yt3Gxcxcs_first48h,80yt3Gxcxcs,UCrvhNP_lWuPIP6QZzJmM-bw,2026-05-09 23:30:03+00:00,161,News & Politics,23.0,False,74,21,0.0,0.0,,,,5358.0,0.0,0.0,0.0,8.58653266949485,,,,,119.0,26.0,0.022209779768570363,0.0048525569242254575,0.02706233669279582
QLYKzyyC0PE_first48h,QLYKzyyC0PE,UCdbvc-yJ4JQjNGTgFiJIZNA,2026-05-10 00:16:16+00:00,1412,News & Politics,0.0,False,93,21,1360000.0,14.122995993006082,,,,33491.0,0.0,0.0,0.0,10.419061883324323,,,,,858.0,7.0,0.025618822967364365,0.00020901137619061836,0.025827834343554984
c3wdwprXrRw_first48h,c3wdwprXrRw,UCIr2L5vnVPAC1-FCLf5mcng,2026-05-10 13:57:44+00:00,21,News & Politics,13.0,False,53,5,21400.0,9.97119292889014,,,,34.0,0.0,0.0,0.0,3.5553480614894135,,,,,1.0,,0.029411764705882353,0.0,0.029411764705882353
ZE6-Iq6o1sY_first48h,ZE6-Iq6o1sY,UCIr2L5vnVPAC1-FCLf5mcng,2026-05-10 13:52:48+00:00,24,News & Politics,13.0,False,58,5,21400.0,9.97119292889014,,,,22.0,0.0,0.0,0.0,3.1354942159291497,,,,,0.0,,0.0,0.0,0.0
a46zQHO5W6U_first48h,a46zQHO5W6U,UCIr2L5vnVPAC1-FCLf5mcng,2026-05-10 13:29:42+00:00,40,News & Politics,13.0,False,89,5,21400.0,9.97119292889014,,,,110.0,0.0,0.0,0.0,4.709530201312334,,,,,1.0,,0.00909090909090909,0.0,0.00909090909090909
m3rBjmymiEI_first48h,m3rBjmymiEI,UCHc3el42hXKKhjs_1vzWk9A,2026-05-09 14:30:40+00:00,3194,Entertainment,14.0,False,88,25,7830000.0,15.873473195680898,,,,3299.0479302832246,0.0,0.0,0.0,8.101692271677344,,,,,55.17671266037279,,0.01672504123201261,0.0,0.01672504123201261
Y3cH_1gP0hg_first48h,Y3cH_1gP0hg,UCK7LdglLCApOTaylxX8hW2Q,2026-05-10 01:30:25+00:00,459,Entertainment,1.0,False,20,0,1220000.0,14.014362236381235,,,126454.0078125,146916.0,0.0,0.0,11.747641854417923,11.89762308044933,,,20461.9921875,,3412.0,102.0,0.023224155299626997,0.0006942742791799395,0.023918429578806938
dfm0ZRmJmsU_first48h,dfm0ZRmJmsU,UCqQo7ewe87aYAe7ub5UqXMw,2026-05-09 23:44:01+00:00,480,Sports,23.0,False,62,12,17500000.0,16.677711496036597,,,984900.0,1254938.1199358203,0.0,0.0,13.800296407488784,14.042597619360075,,,270038.11993582034,,12938.22703569996,3064.7725631768953,0.010309852597641741,0.0024421702667966074,0.012752022864438349
RiJTHjQBysM_first48h,RiJTHjQBysM,UCXRlIK3Cw_TJIQC5kSJJQMg,2026-05-10 14:21:48+00:00,0,Gaming,14.0,False,42,16,1010000.0,13.825461878915961,,,,72500.0,0.0,0.0,0.0,11.19135563385109,,,,,3005.0,20.0,0.041448275862068965,0.00027586206896551725,0.04172413793103448
C3o5PDWbC1o_first48h,C3o5PDWbC1o,UCPPyvsM48HS7RCGvkfjsX9g,2026-05-10 14:00:23+00:00,7381,People & Blogs,14.0,False,47,41,8290.0,9.022925868116218,,,,121.0,0.0,0.0,0.0,4.804021044733257,,,,,2.0,,0.01652892561983471,0.0,0.01652892561983471
vDsrkAjH74U_first48h,vDsrkAjH74U,UCIcRb5FLznQfVywDlnZjRNA,2026-05-10 14:11:48+00:00,8673,Film & Animation,14.0,False,54,0,253000.0,12.441148720271016,,,,3964.0,0.0,0.0,0.0,8.285261134068948,,,,,70.0,1.0,0.017658930373360242,0.0002522704339051463,0.01791120080726539
37HzV9kyqvE_first48h,37HzV9kyqvE,UCwbtZdhuhANYFNRPa99-16Q,2026-05-10 14:00:04+00:00,2784,News & Politics,14.0,False,60,10,260000.0,12.468440756144114,,,,8123.0,0.0,0.0,0.0,9.002577922700276,,,,,120.0,7.0,0.01477286716730272,0.0008617505847593254,0.015634617752062045
ATgnY1NMv6E_first48h,ATgnY1NMv6E,UCs33A_DQr7sbB8e1BTI3ESw,2026-05-10 14:00:15+00:00,6365,People & Blogs,14.0,False,32,0,4740.0,8.464003362902119,,,,2336.0,0.0,0.0,0.0,7.756623334538858,,,,,53.0,8.0,0.022688356164383562,0.003424657534246575,0.026113013698630137
Y2nmkvSlM6Y_first48h,Y2nmkvSlM6Y,UC80ztI40QAXzWL94eoRzWow,2026-05-10 14:02:37+00:00,6775,Film & Animation,14.0,False,78,96,750000.0,13.527829818844937,,,,1373.0,0.0,0.0,0.0,7.2254814727822945,,,,,11.0,,0.008011653313911144,0.0,0.008011653313911144
ryJimRgr0ck_first48h,ryJimRgr0ck,UCYkn7e_zaRR_UxOrJR0RVdg,2026-05-10 14:18:39+00:00,8147,Film & Animation,14.0,False,96,21,1210000.0,14.006131744018864,,,,921.0,0.0,0.0,0.0,6.826545223556594,,,,,18.0,1.0,0.019543973941368076,0.0010857763300760044,0.02062975027144408
BcnkJQ9_oTA_first48h,BcnkJQ9_oTA,UCSdExItCszcnIp-roT7b0kw,2026-05-10 10:14:11+00:00,1471,Gaming,10.0,False,72,8,1020000.0,13.83531416565213,,,137417.0,167891.0,0.0,0.0,11.830782654556875,12.031076194521287,,,30474.0,,1623.0,331.0,0.009666986318504267,0.001971517234396126,0.011638503552900394
pGtJlxmgOWk_first48h,pGtJlxmgOWk,UC1DD0A8op56S-v4Hyc6hqSg,2026-05-10 14:33:27+00:00,435,Education,14.0,False,51,101,260.0,5.564520407322694,,,,57.0,0.0,0.0,0.0,4.060443010546419,,,,,2.0,,0.03508771929824561,0.0,0.03508771929824561
k7PPy8kBNl0_first48h,k7PPy8kBNl0,UCYlMtMQMUN_5NlBtFc4HRwA,2026-05-10 14:37:38+00:00,2007,Gaming,14.0,False,74,10,111.0,4.718498871295094,,,,107.0,0.0,0.0,0.0,4.68213122712422,,,,,2.0,,0.018691588785046728,0.0,0.018691588785046728
dogKKOLQkY0_first48h,dogKKOLQkY0,UC1FbPiXx59_ltnFVx7IxWow,2026-05-10 12:01:10+00:00,206,News & Politics,12.0,False,77,5,1020000.0,13.83531416565213,,,10365.0,10974.0,0.0,0.0,9.246286498749653,9.303375237943373,,,609.0,,85.0,7.0,0.007745580462912338,0.0006378713322398396,0.008383451795152179
SHx1jS8iXBo_first48h,SHx1jS8iXBo,UC1FbPiXx59_ltnFVx7IxWow,2026-05-10 10:00:47+00:00,321,News & Politics,10.0,False,90,0,1020000.0,13.83531416565213,,,745.6220405862458,839.7080323922083,0.0,0.0,6.615559087322861,6.734244432505276,,,94.08599180596252,,17.0,2.0,0.020245132050921825,0.002381780241284921,0.022626912292206747
0NK9kx1mmbM_first48h,0NK9kx1mmbM,UCvzGlP9oQwU--Y0r9id_jnA,2026-05-10 12:23:28+00:00,28524,Gaming,12.0,False,36,45,1990000.0,14.503645699213111,,,343727.0,358906.0,0.0,0.0,12.747605925914831,12.79081858098562,,,15179.0,,8939.0,156.0,0.02490624286024753,0.00043465419914963805,0.02534089705939717
YGYnWrWR2Yg_first48h,YGYnWrWR2Yg,UCyR7wj7KsD0K4h6Rm_y0MSg,2026-05-10 15:13:29+00:00,7550,Sports,15.0,False,77,18,396000.0,12.889172015485954,,,,142216.0,0.0,0.0,0.0,11.865109339135431,,,,,2036.0,2.0,0.01431625133599595,1.4063115261292682e-05,0.014330314451257242
YHdr6fgUtEA_first48h,YHdr6fgUtEA,UCBPasXWxj1DYJLqZktw_UWg,2026-05-10 11:49:40+00:00,0,Sports,11.0,False,87,0,2320000.0,14.657078174676883,,,763476.0,764319.547521991,0.0,0.0,13.545638278760093,13.54674254497531,,,843.5475219909567,,7705.023170993349,8.0,0.01008089246961417,1.0466826376398315e-05,0.010091359295990568
sXjYanFatrQ_first48h,sXjYanFatrQ,UCUxTPRSns--l5BX2537u7Rw,2026-05-10 12:57:51+00:00,0,News & Politics,12.0,False,99,0,1590000.0,14.279245203127035,,,,2143.0,0.0,0.0,0.0,7.670428522190693,,,,,351.0,2.0,0.16378908072795148,0.0009332711152589828,0.16472235184321046
feKCUK431JM_first48h,feKCUK431JM,UCYfYQ_KKxoo_lgEsb-APThA,2026-05-10 15:00:38+00:00,379,Gaming,15.0,False,44,31,22100.0,10.003378135350923,,,,93.0,0.0,0.0,0.0,4.543294782270004,,,,,2.0,,0.021505376344086023,0.0,0.021505376344086023
mo4DXOuLw2Q_first48h,mo4DXOuLw2Q,UCu5Fk7_gq7NO_8Gx2HKZp4A,2026-05-10 14:56:03+00:00,15532,Sports,14.0,False,26,0,3230.0,8.080546965824498,,,,250.0,0.0,0.0,0.0,5.5254529391317835,,,,,4.0,1.0,0.016,0.004,0.02
QKxjn6efq-4_first48h,QKxjn6efq-4,UCC536GNHb0gJBi6pxrAqMrQ,2026-05-10 14:57:37+00:00,274,Music,14.0,False,53,0,16.0,2.833213344056216,,,,2.0,0.0,0.0,0.0,1.0986122886681098,,,,,2.0,1.0,1.0,0.5,1.5
TGrrWyBTwCc_first48h,TGrrWyBTwCc,UCBXNUPKWmdnHPxJ9bwgW-MQ,2026-05-10 15:00:47+00:00,678,Entertainment,15.0,False,58,28,12000.0,9.392745258631441,,,,591.0,0.0,0.0,0.0,6.3835066348840055,,,,,91.0,19.0,0.15397631133671744,0.032148900169204735,0.18612521150592218
rYV968eaXBc_first48h,rYV968eaXBc,UCwHfsu_vXxlIdtpqHDbp2yg,2026-05-10 14:44:11+00:00,2568,Education,14.0,False,76,0,467.0,6.148468295917647,,,,2311.0,0.0,0.0,0.0,7.7458682297922685,,,,,84.0,2.0,0.036347901341410645,0.0008654262224145391,0.037213327563825185
iO5Tu9JmMcM_first48h,iO5Tu9JmMcM,UCHpdtPldn7l9IER9ayEmXjA,2026-05-10 14:42:27+00:00,212,People & Blogs,14.0,False,100,0,918.0,6.823286122355687,,,,58.0,0.0,0.0,0.0,4.07753744390572,,,,,7.0,,0.1206896551724138,0.0,0.1206896551724138
VYr14kJpY24_first48h,VYr14kJpY24,UCPMLWMlHKkTWrHAZVsVoETw,2026-05-10 14:46:58+00:00,974,People & Blogs,14.0,False,38,30,7300.0,8.895766604056085,,,,11.0,0.0,0.0,0.0,2.4849066497880004,,,,,0.0,,0.0,0.0,0.0
IUdwuI4xQ0Y_first48h,IUdwuI4xQ0Y,UCl9abQAXRepSPOqWWFnA3vQ,2026-05-10 15:00:34+00:00,2920,Travel & Events,15.0,False,33,8,101000.0,11.522885696764481,,,,4680.0,0.0,0.0,0.0,8.45126704130007,,,,,70.0,5.0,0.014957264957264958,0.0010683760683760685,0.016025641025641024
F8V2NC--RdY_first48h,F8V2NC--RdY,UCa-W2A5iRRhHYFIoPBcDGdQ,2026-05-10 15:00:20+00:00,11,Education,15.0,True,78,0,4750.0,8.46611040118692,,,,12.0,0.0,0.0,0.0,2.5649493574615367,,,,,1.0,,0.08333333333333333,0.0,0.08333333333333333
QESkB2YKpRE_first48h,QESkB2YKpRE,UCwDyCMbrFn0RkqXdCKxjIbg,2026-05-10 16:00:07+00:00,3221,News & Politics,16.0,False,96,15,466000.0,13.051943059028227,,,15238.0,17048.26412106282,0.0,0.0,9.63161321028986,9.743862321725274,,,1810.2641210628208,,368.69980644026043,16.0,0.021626823928938225,0.000938511973206251,0.022565335902144476
LUcGqIGTrL8_first48h,LUcGqIGTrL8,UCm_jnI7ubEWq57tEk6pDHBw,2026-05-13 09:51:11+00:00,575,Film & Animation,9.0,False,83,8,10900.0,9.296609807128359,,,1644.4335839598998,1842.0,0.0,0.0,7.405759205344509,7.519149957669823,,,197.5664160401002,,14.0,,0.00760043431053203,0.0,0.00760043431053203
onLg0ngtS5E_first48h,onLg0ngtS5E,UCPARDnYdJQBJID-qyefVKcw,2026-05-13 13:31:01+00:00,287,Entertainment,13.0,False,28,52,493000.0,13.108266481420335,,,1024.1267723102585,1265.0,0.0,0.0,6.9325715642274215,7.143617602704121,,,240.8732276897415,,13.0,5.0,0.010276679841897233,0.003952569169960474,0.014229249011857707
xYKVdQxTPwk_first48h,xYKVdQxTPwk,UCPli4zx1L4CO4w7UuTi92uw,2026-05-14 05:31:25+00:00,99,Sports,5.0,False,92,17,79100.0,11.278480795900865,1.0,1.0,23.47953216374269,24.0,0.6931471805599453,0.6931471805599453,3.197837346503285,3.2188758248682006,0.0,22.47953216374269,0.5204678362573105,0.5204678362573105,0.0,,0.0,0.0,0.0
ttFBgMCPxK0_first48h,ttFBgMCPxK0,UCL0_NxCvkcXwZHpvqgMZY-A,2026-05-14 05:32:51+00:00,118,News & Politics,5.0,False,48,66,1040000.0,13.854732232655556,401.2277227722772,3532.0000000000005,56595.724770642206,120838.76254180603,5.997018402790779,8.169902647359145,10.943706396273889,11.702220670435834,3130.7722772277234,53063.724770642206,64243.03777116383,20.519869247101735,832.0551839464883,369.0183946488294,0.006885664553695062,0.003053808123210148,0.009939472676905209
xow8h1Qp3-c_first48h,xow8h1Qp3-c,UCbATDExtWstHnwWELZnXNZA,2026-05-14 05:34:00+00:00,47,News & Politics,5.0,False,87,5,212000.0,12.264346270624157,36.5,61.60000000000002,219.75229357798165,241.0,3.624340932976365,4.136765278106053,5.397041229364326,5.488937726156687,25.100000000000023,158.15229357798162,21.247706422018354,0.8465221682079017,2.0,,0.008298755186721992,0.0,0.008298755186721992
bO9LGMHu8ic_first48h,bO9LGMHu8ic,UCPaw88cPQ83rPMP0CjrOhJg,2026-05-14 00:11:30+00:00,1000,Entertainment,0.0,False,63,0,2610.0,7.8674885686991285,,,5592.0,5595.0,0.0,0.0,8.629271094821588,8.629807335785372,,,3.0,,26.0,,0.004647006255585344,0.0,0.004647006255585344
rKZY7d0mkD0_first48h,rKZY7d0mkD0,UCgCkdBQj4Wu7UrEuITnypSA,2026-05-13 07:28:10+00:00,627,Film & Animation,7.0,False,57,7,7840.0,8.967121656230923,,,,568.0,0.0,0.0,0.0,6.343880434126331,,,,,3.0,,0.00528169014084507,0.0,0.00528169014084507
fooFjZGVTsk_first48h,fooFjZGVTsk,UCuw_9BO3ufgtLJEiWoa5drQ,2026-05-14 06:01:17+00:00,3155,Film & Animation,6.0,False,89,92,7950.0,8.981052985901483,7.310679611650485,24.0,168.95503746877603,355.32972522897586,2.117541387912106,3.2188758248682006,5.135533916590021,5.875856496662011,16.689320388349515,144.95503746877603,186.37468776019983,11.167302407970089,8.0,,0.022514299907908826,0.0,0.022514299907908826
BcUe3Mmxx5w_first48h,BcUe3Mmxx5w,UCzmosvcc7ez4Oc-sdLD2hnQ,2026-05-14 06:05:27+00:00,886,People & Blogs,6.0,False,33,0,14.0,2.70805020110221,0.8431372549019607,1.0,33.453788509575354,49.0,0.6114691495456781,0.6931471805599453,3.539618962663646,3.912023005428146,0.15686274509803932,32.453788509575354,15.546211490424646,15.546211490424646,1.0,,0.02040816326530612,0.0,0.02040816326530612
xrwwBqSrVvo_first48h,xrwwBqSrVvo,UCi4-4miHWaGLAk5qqx6g3Mw,2026-05-14 06:15:23+00:00,79,People & Blogs,6.0,False,21,0,17.0,2.8903717578961645,4.0,4.0,21.815307820299505,44.0,1.6094379124341003,1.6094379124341003,3.1274317063023536,3.8066624897703196,0.0,17.815307820299505,22.184692179700495,22.184692179700495,1.0,,0.022727272727272728,0.0,0.022727272727272728
77qnjMRZkXE_first48h,77qnjMRZkXE,UCUxa6zbPQtMTdzVDeZcYc_Q,2026-05-12 10:57:22+00:00,526,Film & Animation,10.0,False,80,6,8090.0,8.99850761180784,,,,112.35946622185153,0.0,0.0,0.0,4.730563886672076,,,,,0.0,,0.0,0.0,0.0
tXYUhlwCcQI_first48h,tXYUhlwCcQI,UCm_jnI7ubEWq57tEk6pDHBw,2026-05-12 09:27:03+00:00,548,Film & Animation,9.0,False,72,8,10900.0,9.296609807128359,,,,422.15177065767284,0.0,0.0,0.0,6.047730910575451,,,,,4.0,,0.009475265243512719,0.0,0.009475265243512719
g7DaklPy-64_first48h,g7DaklPy-64,UCFnspr3LcLLJJfJxoB0fIuA,2026-05-14 06:24:26+00:00,219,Science & Technology,6.0,False,38,0,3.0,1.3862943611198906,0.0,0.0,7.0,7.0,0.0,0.0,2.0794415416798357,2.0794415416798357,0.0,7.0,0.0,0.0,0.0,,0.0,0.0,0.0
_i64yBIWKD0_first48h,_i64yBIWKD0,UCYiB80AmjJRm9ObwkvKroFw,2026-05-14 06:35:36+00:00,5972,Entertainment,6.0,False,33,9,29.0,3.4011973816621555,1.0,2.0,6.0,12.0,0.6931471805599453,1.0986122886681098,1.9459101490553132,2.5649493574615367,1.0,4.0,6.0,6.0,0.0,,0.0,0.0,0.0
PgqMQB98j1k_first48h,PgqMQB98j1k,UCMXR0GRIKcohg_YTzabuzvA,2026-05-13 10:26:17+00:00,543,Entertainment,10.0,False,39,57,126000.0,11.744045122410057,,,418.77731442869054,660.5672514619883,0.0,0.0,6.039724366928494,6.494611643484952,,,241.7899370332978,,25.847953216374272,3.0,0.03912993439981586,0.0045415512097523834,0.043671485609568246
2xzzDSGodxE_first48h,2xzzDSGodxE,UCaStl8gORo5UnMkOxVMOsiw,2026-05-14 06:47:24+00:00,51,People & Blogs,6.0,False,81,0,56.0,4.04305126783455,4.0,5.0,7.0,7.0,1.6094379124341003,1.791759469228055,2.0794415416798357,2.0794415416798357,1.0,2.0,0.0,0.0,0.0,,0.0,0.0,0.0
NNxOS-R_crY_first48h,NNxOS-R_crY,UCU1kccocfd3_fiv_RVSnDBA,2026-05-14 06:45:04+00:00,381,Howto & Style,6.0,False,60,16,21400.0,9.97119292889014,20.396039603960396,32.0,85.0,112.44804655029094,3.0632058396656268,3.4965075614664802,4.454347296253507,4.731344992481672,11.603960396039604,53.0,27.44804655029094,2.3654033289926493,3.0,3.448046550290939,0.026678987248198116,0.03066346331546849,0.05734245056366661
ojWZysVRfwI_first48h,ojWZysVRfwI,UCAJTSEi89cP1jjd6thlxBBg,2026-05-14 07:00:48+00:00,996,Science & Technology,7.0,False,96,0,17400.0,9.76428295481558,183.8421052631579,411.8888888888889,1241.9733555370524,1481.865112406328,5.2195019755885665,6.02317852259751,7.125261655671192,7.301731382105259,228.04678362573102,830.0844666481635,239.8917568692757,1.051940979193921,63.0,23.0,0.04251399096487088,0.015520980828444924,0.0580349717933158
Lo3ufgRZL3I_first48h,Lo3ufgRZL3I,UC6-bkbqTy73kmHhILAGbt3g,2026-05-14 07:00:30+00:00,1461,Education,7.0,False,80,14,15600.0,9.65509029374725,3.0,4.0,20.0,28.97171381031614,1.3862943611198906,1.6094379124341003,3.044522437723423,3.400254063888351,1.0,16.0,8.971713810316139,8.971713810316139,1.0,,0.03451642545371009,0.0,0.03451642545371009
JKYBImGwW1w_first48h,JKYBImGwW1w,UCPaw88cPQ83rPMP0CjrOhJg,2026-05-14 00:39:47+00:00,1149,Entertainment,0.0,False,61,0,2610.0,7.8674885686991285,,,6904.0,6911.0,0.0,0.0,8.840001065843392,8.841014310483892,,,7.0,,19.0,,0.0027492403414845898,0.0,0.0027492403414845898
0vSZ6JIAl2E_first48h,0vSZ6JIAl2E,UCTQ-gSOpuLtgQarXw3XVmyQ,2026-05-14 07:12:10+00:00,117,Entertainment,7.0,False,67,38,4120000.0,15.231363964044126,8.0,12.0,101.88195615514334,154.4474123539232,2.1972245773362196,2.5649493574615367,4.633582274258229,5.046307490202967,4.0,89.88195615514334,52.565456198779856,13.141364049694964,0.0,,0.0,0.0,0.0
mjCrPfjvC7k_first48h,mjCrPfjvC7k,UCY6-r6xoKtdeGu08i5Z5VNA,2026-05-14 07:13:28+00:00,7209,People & Blogs,7.0,False,99,0,4340.0,8.375860015299594,86.2315789473684,661.8737864077669,9967.383458646616,19029.520938023452,4.468566409248502,6.496584604654588,9.207173709252674,9.853799334483226,575.6422074603986,9305.50967223885,9062.137479376835,15.742656396508705,424.1892797319933,31.45561139028476,0.02229111710765183,0.0016529901878629201,0.02394410729551475
EWHGFJ620Ss_first48h,EWHGFJ620Ss,UC7AmGcOFl8hJCI_mST7sYdw,2026-05-14 07:25:24+00:00,2456,People & Blogs,7.0,False,24,0,2.0,1.0986122886681098,0.0,0.0,0.0,0.0,0.0,0.0,0.0,0.0,0.0,0.0,0.0,0.0,0.0,,0.0,0.0,0.0
sQHoJ5qemeY_first48h,sQHoJ5qemeY,UCq8cveuaw5Ztv44nw2txiIg,2026-05-14 07:27:49+00:00,2813,People & Blogs,7.0,False,42,8,13700.0,9.525224101853109,164.92929292929293,2936.866666666666,23339.821219715956,23258.0,5.11156175140661,7.985438973357745,10.057959090299372,10.054447432887068,2771.937373737373,20402.95455304929,0.0,0.0,70.0,2.0,0.00300971708659386,8.599191675982457e-05,0.003095709003353685
Md5NmOxp54o_first48h,Md5NmOxp54o,UC3DZ6OlP8BmFw9Sz_TsQyCg,2026-05-13 12:00:41+00:00,1128,Howto & Style,12.0,False,68,15,5390.0,8.592486175451668,,,2467.334995843724,3670.0,0.0,0.0,7.81129911156917,8.208219383496834,,,1202.6650041562762,,104.0,4.0,0.028337874659400544,0.0010899182561307902,0.029427792915531336
WuCx_wjYHh4_first48h,WuCx_wjYHh4,UCgff-vgkh7aFHyu-hfSCmJQ,2026-05-14 07:35:53+00:00,6537,Film & Animation,7.0,False,50,3,3160.0,8.058643712215618,1.3799999999999997,4.0,148.95,887.345,0.8671004876833832,1.6094379124341003,5.010301905195018,6.78936018105385,2.62,144.95,738.395,281.8301526717557,10.0,1.0,0.0112695738410652,0.00112695738410652,0.01239653122517172
eHjAf0W5108_first48h,eHjAf0W5108,UCepF4_i9hjtn81vDrfDjp4Q,2026-05-14 07:38:25+00:00,6978,Film & Animation,7.0,False,73,13,2460.0,7.8083230503910555,74.89,89.0,145.94254787676937,157.0,4.3292849234158215,4.499809670330265,4.990041679614209,5.062595033026967,14.11,56.94254787676937,11.057452123230632,0.7836606749277557,1.0,,0.006369426751592357,0.0,0.006369426751592357
7whq5gdiYCI_first48h,7whq5gdiYCI,UCC0LsAq7SZ7kkPMvRtqlZ7w,2026-05-14 07:46:29+00:00,111,Nonprofits & Activism,7.0,False,12,0,69.0,4.248495242049359,0.0,0.0,1.0,1.0,0.0,0.0,0.6931471805599453,0.6931471805599453,0.0,1.0,0.0,0.0,0.0,,0.0,0.0,0.0
zghkeVBaf24_first48h,zghkeVBaf24,UCC0LsAq7SZ7kkPMvRtqlZ7w,2026-05-14 07:49:37+00:00,160,Education,7.0,False,27,0,69.0,4.248495242049359,0.0,1.0,1.0,1.0,0.0,0.6931471805599453,0.6931471805599453,0.6931471805599453,1.0,0.0,0.0,0.0,0.0,,0.0,0.0,0.0
fD2QZIX2sTs_first48h,fD2QZIX2sTs,UCJPJAOXwC7qhus81x1PMxPQ,2026-05-14 08:00:22+00:00,8703,People & Blogs,8.0,False,68,43,8420.0,9.038483865029992,2.0,2.0,406.931609674729,522.0,1.0986122886681098,1.0986122886681098,6.011099537007546,6.259581464064923,0.0,404.931609674729,115.06839032527103,115.06839032527103,11.0,,0.0210727969348659,0.0,0.0210727969348659
dSCs8-HOG4U_first48h,dSCs8-HOG4U,UCvmb-5neSrLtrjnBvh0pR6w,2026-05-14 08:00:35+00:00,1802,Film & Animation,8.0,False,42,24,94400.0,11.455306945297822,101.28,589.2233009708738,20047.837209302324,35128.517097581316,4.627714150422986,6.380500941517526,9.905926436504453,10.466796999010578,487.9433009708738,19458.613908331452,15080.679888278992,30.9066234914437,138.89157631359467,9.0,0.003953812679532598,0.00025620210426188675,0.004210014783794485
qOULXLKXB8U_first48h,qOULXLKXB8U,UC22p8kPm77aZ-lWMk0DR8GA,2026-05-14 08:17:01+00:00,3624,People & Blogs,8.0,False,65,12,19900.0,9.898525260706313,45.25,99.66071428571429,1179.0,1276.0,3.834061463958434,4.611755597346426,7.07326971745971,7.152268856032539,54.41071428571429,1079.3392857142858,97.0,1.7827371184771905,6.0,,0.004702194357366771,0.0,0.004702194357366771
kh_ITt9_t90_first48h,kh_ITt9_t90,UCeOFmgRMNMmjLAk-ID3MDDw,2026-05-14 08:14:00+00:00,3624,People & Blogs,8.0,False,59,7,482000.0,13.085701467719382,43.333333333333336,97.93693693693695,1032.0,1616.7710241465445,3.791736839553644,4.594482646526484,6.940222469119639,7.388804569771053,54.60360360360361,934.063063063063,584.7710241465445,10.709385197206142,12.452123230641133,1.0,0.00770184710430119,0.0006185167751431447,0.008320363879444334
9DY8awV6g6A_first48h,9DY8awV6g6A,UCiE2Ko5NANcbA0Rfph7DXlw,2026-05-14 08:32:22+00:00,7240,People & Blogs,8.0,False,80,76,601.0,6.400257445308821,0.0,1.0,301.3823038397329,367.92527287993283,0.0,0.6931471805599453,5.7116921235445695,5.910594111011591,1.0,300.3823038397329,66.54296904019992,66.54296904019992,3.0,,0.008153829652737683,0.0,0.008153829652737683
L3k6Vzb7GRY_first48h,L3k6Vzb7GRY,UCQK2si_zQf-jPB6iIEv3inw,2026-05-14 08:30:09+00:00,2489,Film & Animation,8.0,False,57,0,121000.0,11.703554089007538,165.65625,356.66336633663366,4459.5809682804675,7687.391267842149,5.1159333078008755,5.87959222652943,8.403034298477053,8.947466842674846,191.00711633663366,4102.917601943834,3227.810299561682,16.898900739765857,138.22082283795132,2.0,0.017980198746505315,0.0002601662814232428,0.018240365027928557
6rJu4377LBE_first48h,6rJu4377LBE,UCRf7ceEvA0nEfyHPpvQ1E9A,2026-05-14 08:39:48+00:00,37,People & Blogs,8.0,False,81,0,12400.0,9.425532393502772,12.0,27.0,92.90682196339435,118.93023255813954,2.5649493574615367,3.332204510175204,4.542303034942586,4.786910178357396,15.0,65.90682196339435,26.023410594745187,1.734894039649679,7.0,2.0,0.05885803676183027,0.016816581931951506,0.07567461869378178
OKvIRnMmGcE_first48h,OKvIRnMmGcE,UCqtVbpwnInuZVvyWVlU_GDQ,2026-05-14 08:37:26+00:00,1349,Gaming,8.0,False,77,22,4010000.0,15.20430204865928,2742.666666666667,7052.752475247525,35136.90931780366,47751.669449081804,7.917050504304535,8.861315020195573,10.46703586417728,10.77379024903908,4310.085808580858,28084.15684255613,12614.760131278148,2.9268002289336543,2173.3839732888146,152.0,0.04551430344453864,0.0031831347836347268,0.048697438228173365
9OeypYUdlhY_first48h,9OeypYUdlhY,UCrpNycjkOVF5RZZCPboon0Q,2026-05-14 08:45:23+00:00,62,People & Blogs,8.0,False,49,0,28.0,3.367295829986474,0.0,0.0,1.0,4.0,0.0,0.0,0.6931471805599453,1.6094379124341003,0.0,1.0,3.0,3.0,0.0,,0.0,0.0,0.0
Dg7RtROi5q4_first48h,Dg7RtROi5q4,UCRmlhQf3AWrUJFN5QPiH6jw,2026-05-14 08:46:05+00:00,576,People & Blogs,8.0,False,44,30,741.0,6.60934924316738,31.791666666666668,116.17021276595746,701.9450457951707,883.4476744186046,3.490174418069458,4.763627687552423,6.555278717766776,6.784963353476376,84.37854609929079,585.7748330292133,181.5026286234339,2.1510518610957607,24.49418604651163,2.0,0.027725678334748247,0.002263857903430666,0.029989536238178915
JV7Srvm73wU_first48h,JV7Srvm73wU,UCNjLwWFmMcx3v85fIViIiEw,2026-05-14 08:54:37+00:00,43,People & Blogs,8.0,False,25,0,192.0,5.262690188904886,1.0,2.0,4.0,5.0,0.6931471805599453,1.0986122886681098,1.6094379124341003,1.791759469228055,1.0,2.0,1.0,1.0,0.0,,0.0,0.0,0.0
V0ntxo8dCao_first48h,V0ntxo8dCao,UC6uwR7Di3lb27AUvKD5lRvA,2026-05-14 09:00:39+00:00,5916,People & Blogs,9.0,False,80,27,398.0,5.988961416889864,3.722772277227723,16.0,36.896321070234116,43.47324414715719,1.5523959740470816,2.833213344056216,3.6348540379898804,3.7948877532257863,12.277227722772277,20.896321070234116,6.576923076923073,0.5357009925558309,0.0,,0.0,0.0,0.0
luzHPN1Xhqo_first48h,luzHPN1Xhqo,UCAf2d1Wb5HDRxavBeiP7tXQ,2026-05-14 09:00:55+00:00,7252,Film & Animation,9.0,False,61,55,73400.0,11.203692838488003,49.104166666666664,111.83,372.42677824267787,518.9732441471572,3.9141041716319704,4.725882261150355,5.922721943165811,6.253777356688534,62.725833333333334,260.5967782426779,146.5464659044793,2.3363016179587777,10.0,1.0,0.01926881609558364,0.001926881609558364,0.021195697705142003
ooWP6ur-wsE_first48h,ooWP6ur-wsE,UCzwG2cNftEhprJEBgagnFTA,2026-05-14 09:08:30+00:00,62,People & Blogs,9.0,False,98,18,2510.0,7.828436359157585,79.96000000000001,91.12,108.0,143.0,4.3939552055391555,4.523092074952484,4.6913478822291435,4.969813299576001,11.159999999999997,16.879999999999995,35.0,3.136200716845879,5.0,2.0,0.03496503496503497,0.013986013986013986,0.04895104895104895
3DfNNiqSq9E_first48h,3DfNNiqSq9E,UCx_vY4--R4XgUGUH-tRkRZg,2026-05-14 09:28:16+00:00,499,People & Blogs,9.0,False,87,40,20.0,3.044522437723423,0.0,0.0,1.0,1.0,0.0,0.0,0.6931471805599453,0.6931471805599453,0.0,1.0,0.0,0.0,0.0,,0.0,0.0,0.0
Y31RYhtAqaw_first48h,Y31RYhtAqaw,UCx_vY4--R4XgUGUH-tRkRZg,2026-05-14 09:28:20+00:00,561,People & Blogs,9.0,False,91,40,20.0,3.044522437723423,44.0,44.0,115.88304093567251,127.48419301164725,3.8066624897703196,3.8066624897703196,4.761173784691882,4.855805885186218,0.0,71.88304093567251,11.601152075974738,11.601152075974738,0.0,,0.0,0.0,0.0
31Q5UibcrVU_first48h,31Q5UibcrVU,UC996W_AaOWru7aWTC1FXelA,2026-05-14 09:30:05+00:00,1381,Film & Animation,9.0,False,32,13,1390.0,7.237778191923443,11.465346534653465,15.0,60.45454545454545,93.90682196339435,2.5229525172030876,2.772588722239781,4.118297803244594,4.552895588842488,3.534653465346535,45.45454545454545,33.4522765088489,9.464089432475458,3.0,,0.03194656082781105,0.0,0.03194656082781105
fuMoOxeqtmI_first48h,fuMoOxeqtmI,UCOTJtP0Z9DjpPU43B5m1V6A,2026-05-14 09:35:00+00:00,1376,Gaming,9.0,False,34,12,1010000.0,13.825461878915961,5809.264705882353,12376.923076923078,56633.34941763727,68117.52921535893,8.667381409200946,9.423669767780327,10.944370960284244,11.129004543459548,6567.658371040725,44256.42634071419,11484.179797721656,1.7485957930393765,744.237061769616,84.0,0.010925778875752409,0.0012331627551320512,0.012158941630884459
mEcw_9_7OS8_first48h,mEcw_9_7OS8,UCZ4v24R1mXG2d9X45dUSNLQ,2026-05-14 09:49:14+00:00,10285,Pets & Animals,9.0,False,41,40,9750.0,9.18512512283512,1.0,1.0,25.0,37.0,0.6931471805599453,0.6931471805599453,3.258096538021482,3.6375861597263857,0.0,24.0,12.0,12.0,0.0,,0.0,0.0,0.0
Pj2EoU28W0A_first48h,Pj2EoU28W0A,UCBnYeOU4OILScQKxOd3QVsA,2026-05-14 09:46:29+00:00,1157,People & Blogs,9.0,False,87,20,44900.0,10.712215345197256,127.44,368.91346153846155,2194.729392173189,3351.4398998330553,4.855461869221313,5.913269090548381,7.694269567428439,8.117443688025137,241.47346153846155,1825.8159306347275,1156.7105076598664,4.790217940680936,59.0,21.0,0.017604373571771033,0.006265963474698165,0.0238703370464692
xn-uBaIjbQI_first48h,xn-uBaIjbQI,UCe2iCbwp3_rBI-UFbi9kyaQ,2026-05-14 09:52:12+00:00,6234,Film & Animation,9.0,False,66,7,139.0,4.941642422609304,1.4554455445544554,6.0,55.34247714048213,106.0,0.8983082293237227,1.9459101490553132,4.031448729186364,4.672828834461906,4.544554455445544,49.34247714048213,50.65752285951787,11.146862328564936,3.0,,0.02830188679245283,0.0,0.02830188679245283
jxrQrGl6-8I_first48h,jxrQrGl6-8I,UCEwbt8TRKYmreEGozyMeajA,2026-05-14 09:52:42+00:00,3666,People & Blogs,9.0,False,79,62,21500.0,9.975854724662028,63.04950495049505,194.6326530612245,1496.5931780366059,2037.9382303839734,4.159656299202726,5.27623868160895,7.311614550448934,7.620184476042002,131.58314811072944,1301.9605249753813,541.3450523473675,4.1140910528437615,23.45575959933222,,0.011509553748796822,0.0,0.011509553748796822
YXalXyz7_I4_first48h,YXalXyz7_I4,UC2tUgKdfF1DRiCQ-0ArWPJQ,2026-05-14 10:00:01+00:00,411,Education,10.0,False,39,37,1140.0,7.039660349862076,12.0,24.0,80.89508742714405,110.0,2.5649493574615367,3.2188758248682006,4.405439006485444,4.709530201312334,12.0,56.89508742714405,29.10491257285595,2.4254093810713293,8.0,1.0,0.07272727272727272,0.00909090909090909,0.08181818181818182
c0ydAWT4Xfo_first48h,c0ydAWT4Xfo,UC-m_c87PJyuvi6BEUuXikXw,2026-05-14 10:00:51+00:00,969,People & Blogs,10.0,False,66,16,98600.0,11.498836682527127,522.8039215686274,1694.264705882353,7034.434637801832,7684.187086092716,6.2611174188127245,7.43559417628365,8.858714749843578,8.947049999995535,1171.4607843137255,5340.169931919479,649.7524482908839,0.5546514718984187,,16.0,0.0,0.002082198132442366,0.002082198132442366
r4qC5WE1WKs_first48h,r4qC5WE1WKs,UCuVsS289NCOTnouZjhJvodg,2026-05-14 10:08:00+00:00,13155,People & Blogs,10.0,False,100,62,299000.0,12.608202196848836,43.940000000000005,87.69090909090909,373.47499999999997,2066.5681063122925,3.8053282667571833,4.485157393543394,5.9255250450547825,7.634128367739713,43.75090909090908,285.7840909090909,1693.0931063122925,38.69846687743677,47.51827242524917,2.0,0.022993809049943973,0.0009677880897760101,0.023961597139719983
7_xTxKh8DEI_first48h,7_xTxKh8DEI,UCFmODKUuOEFh7-67cgCuAcQ,2026-05-14 10:15:00+00:00,528,News & Politics,10.0,False,34,0,9750.0,9.18512512283512,1.0,1.0,11.932668329177057,13.0,0.6931471805599453,0.6931471805599453,2.5597565387920405,2.6390573296152584,0.0,10.932668329177057,1.0673316708229432,1.0673316708229432,1.0,,0.07692307692307693,0.0,0.07692307692307693
J8BvonmUUgg_first48h,J8BvonmUUgg,UCd-dcO5EdF1y6AYPyC4ruJQ,2026-05-14 10:19:20+00:00,195,Sports,10.0,False,94,0,103000.0,11.542493975902508,327.86407766990294,1259.0117647058823,6680.292946058092,9546.996658312448,5.795644527618996,7.138876336970094,8.807066802600493,9.164086637470437,931.1476870359794,5421.281181352209,2866.703712254356,3.078677799629853,140.9156223893066,39.4578111946533,0.014760204432104119,0.004133007751741265,0.018893212183845386
Ep6JI67yXRM_first48h,Ep6JI67yXRM,UCQ5c_h0BLu_4zvZy7_n-QRA,2026-05-14 10:19:40+00:00,315,Autos & Vehicles,10.0,False,54,9,36.0,3.6109179126442243,9.0,10.285714285714283,20.0,22.916805324459233,2.302585092994046,2.423537703411708,3.044522437723423,3.1745813634931803,1.285714285714283,9.714285714285717,2.916805324459233,2.268626363468297,2.0,4.0,0.08727219923037828,0.17454439846075656,0.26181659769113486
7dksMZCD1c0_first48h,7dksMZCD1c0,UCuw_9BO3ufgtLJEiWoa5drQ,2026-05-14 10:30:03+00:00,5922,Film & Animation,10.0,False,94,92,7950.0,8.981052985901483,8.0,11.0,56.355000000000004,70.0,2.1972245773362196,2.4849066497880004,4.049260023733231,4.2626798770413155,3.0,45.355000000000004,13.644999999999996,4.548333333333332,3.0,,0.04285714285714286,0.0,0.04285714285714286
3YzfCmUnkbQ_first48h,3YzfCmUnkbQ,UCFsNxYnUEs4tcqyddJhW43g,2026-05-14 10:30:01+00:00,275,People & Blogs,10.0,False,34,9,1500000.0,14.220976332738882,2557.9801980198017,5990.7040816326535,16308.163333333334,27265.361596009974,7.847364097958611,8.698131138402223,9.699482396526957,10.213409045449746,3432.7238836128518,10317.45925170068,10957.19826267664,3.191983577526916,468.06982543640896,56.0,0.01716719669343782,0.002053888036760718,0.01922108473019854
kSraPjJdsD4_first48h,kSraPjJdsD4,UCX9OQTv_N1PCrgfXlT8KE8A,2026-05-14 10:34:49+00:00,146,News & Politics,10.0,False,31,0,59800.0,10.998777662206932,25.08,62.0,456.02662229617306,2112.873121869783,3.261168737058452,4.143134726391533,6.124741643674882,7.656277146592029,36.92,394.02662229617306,1656.84649957361,44.87666575226462,25.0,1.0,0.011832229650342798,0.0004732891860137119,0.01230551883635651
907yQyNXlo8_first48h,907yQyNXlo8,UChwHdsFDar_tq9JdPFuPI1g,2026-05-14 10:41:55+00:00,647,Entertainment,10.0,False,35,0,823.0,6.714170529909472,7.0,7.0,17.0,18.0,2.0794415416798357,2.0794415416798357,2.8903717578961645,2.9444389791664403,0.0,10.0,1.0,1.0,3.0,2.0,0.16666666666666666,0.1111111111111111,0.2777777777777778
1ZdQL8WeU70_first48h,1ZdQL8WeU70,UCWjems-9LdDPKzOANOQ2RQw,2026-05-14 10:45:01+00:00,9484,Film & Animation,10.0,False,87,59,189000.0,12.149507585033072,745.4787234042553,5682.712871287128,94220.88833746898,141853.35,6.615367114770322,8.645359972685446,11.45340779384336,11.862556105963487,4937.234147882873,88538.17546618184,47632.46166253103,9.647600303290503,3197.1666666666665,45.0,0.022538534808424802,0.0003172290256098992,0.0228557638340347
AT5A0CKTMt4_first48h,AT5A0CKTMt4,UCWabDFPYAfrurVJBbv5uHUw,2026-05-14 03:30:07+00:00,312,People & Blogs,3.0,False,99,38,4950.0,8.507344855361422,,,9.223057644110275,11.0,0.0,0.0,2.324645722427695,2.4849066497880004,,,1.7769423558897248,,2.0,,0.18181818181818182,0.0,0.18181818181818182
paiPBrr33X8_first48h,paiPBrr33X8,UC2RbHv4m_52hBImrXucmhHg,2026-05-14 11:01:15+00:00,11199,Film & Animation,11.0,False,30,12,11000.0,9.305741456739435,7.808080808080808,11.0,43.88519134775374,52.0,2.17566957377439,2.4849066497880004,3.8041079262663744,3.970291913552122,3.191919191919192,32.88519134775374,8.11480865224626,2.5422976473809484,0.0,,0.0,0.0,0.0
Ag2qca2u3A4_first48h,Ag2qca2u3A4,UC1OO5Fh2uim0N99bgV_u2pw,2026-05-14 11:00:35+00:00,6619,Film & Animation,11.0,False,86,63,55900.0,10.93133754807084,16.0,18.0,61.0,77.42618849040868,2.833213344056216,2.9444389791664403,4.127134385045092,4.362157908445926,2.0,43.0,16.426188490408677,8.213094245204339,4.0,,0.05166210655578775,0.0,0.05166210655578775
aX0bjYsNxrI_first48h,aX0bjYsNxrI,UC45j2TPkglLAdcFG0j54mBA,2026-05-14 11:30:02+00:00,255,Music,11.0,False,23,0,106.0,4.672828834461906,4.0,5.0,9.0,10.0,1.6094379124341003,1.791759469228055,2.302585092994046,2.3978952727983707,1.0,4.0,1.0,1.0,1.0,,0.1,0.0,0.1
KWm2UB4RRe8_first48h,KWm2UB4RRe8,UCrMZ0Gyfqb4O9SAXmPhK-Zg,2026-05-14 11:33:17+00:00,8069,Film & Animation,11.0,False,77,63,24500.0,10.106469212026385,33.744897959183675,45.0,179.79,195.0,3.5480327399130407,3.828641396489095,5.197336136693923,5.278114659230517,11.255102040816325,134.79,15.210000000000008,1.3513871260199464,0.0,,0.0,0.0,0.0
mMbpqZoArLM_first48h,mMbpqZoArLM,UCfl6va7Vmb77SQUhB5aPR-Q,2026-05-14 11:47:05+00:00,1845,People & Blogs,11.0,False,39,10,92300.0,11.43281025466844,22.588235294117645,32.0,149.4427860696517,439.5178719866999,3.160748083250353,3.4965075614664802,5.01358285290454,6.087951016600202,9.411764705882355,117.4427860696517,290.0750859170482,30.82047787868637,6.4879467996674975,,0.014761508491886371,0.0,0.014761508491886371
epqpUN2U130_first48h,epqpUN2U130,UC6h4jewYerCnrOyb9GwXcug,2026-05-14 11:48:00+00:00,1009,News & Politics,11.0,False,80,7,223000.0,12.314931534737134,1313.6666666666667,3548.529411764706,22674.733333333334,27253.778423236516,7.181338427054416,8.17457031361632,10.02905061551146,10.212984139699659,2234.8627450980393,19126.203921568627,4579.045089903182,2.0489155765591804,1812.078008298755,107.0,0.0664890563120518,0.003926061125850059,0.07041511743790187
p5-tNBzMC6c_first48h,p5-tNBzMC6c,UCIKec8L8ISj6ENBqSKJtZNA,2026-05-14 11:54:55+00:00,2180,Education,11.0,False,99,0,0.0,0.0,331.4,797.8019801980198,3544.61,4636.532554257095,5.806339062981293,6.683113080504561,8.173465497506045,8.441937726676949,466.4019801980198,2746.80801980198,1091.9225542570953,2.341161917437612,273.3121869782972,6.462437395659433,0.05894753973577774,0.0013938082651281847,0.060341348000905924
xwnjptdE5DM_first48h,xwnjptdE5DM,UCG80JDVsQwm9X7WFLLEi3wQ,2026-05-14 12:01:38+00:00,131,News & Politics,12.0,False,63,0,270.0,5.602118820879701,2.9803921568627447,3.0099009900990095,44.0,51.95269709543569,1.3813803463174614,1.3887665502652795,3.8066624897703196,3.969399007396755,0.029508833236264742,40.99009900990099,7.952697095435688,7.952697095435688,0.0,,0.0,0.0,0.0
6AtVBa0Ovzs_first48h,6AtVBa0Ovzs,UC32TdiIsh_5X8tKr_9rKQyA,2026-05-14 12:02:27+00:00,3659,News & Politics,12.0,False,76,0,10400000.0,16.15731646026544,2884.960396039604,5495.346534653466,12368.123857024106,13020.8745819398,7.967613016453658,8.611838884071226,9.42295863482832,9.474385882506363,2610.386138613862,6872.77732237064,652.7507249156934,0.2500590679899602,193.0,6.0,0.014822353044371895,0.00046079854023954077,0.015283151584611436
ZECpndnR-VA_first48h,ZECpndnR-VA,UCnVJ112p6NFV8VcyYAgPlMg,2026-05-14 11:34:34+00:00,240,People & Blogs,11.0,False,78,3,22599.0,10.025705185260378,1.158415841584158,8.0,27.0,36.0,0.7693745459478293,2.1972245773362196,3.332204510175204,3.6109179126442243,6.841584158415842,19.0,9.0,1.3154848046309695,1.0,,0.027777777777777776,0.0,0.027777777777777776
I6aXxKDyPak_first48h,I6aXxKDyPak,UCiOR3zQCU-tLza5g1MuqABA,2026-05-14 12:15:02+00:00,559,News & Politics,12.0,False,30,18,701000.0,13.460264592549233,82.60606060606061,165.5042735042735,377.5190713101161,412.44954128440367,4.426116012750806,5.115020975783448,5.93626645816063,6.024535478684923,82.89821289821289,212.0147978058426,34.930469974287575,0.4213657780195718,5.0,,0.012122695019685477,0.0,0.012122695019685477
fGunQxuR0z0_first48h,fGunQxuR0z0,UCK1Zh_2KvKKFkDBCSYuLjAw,2026-05-14 12:30:45+00:00,525,Entertainment,12.0,False,71,28,232000.0,12.354496960983985,35.0,39.0,343.30383973288815,556.0,3.58351893845611,3.6888794541139363,5.841524522570668,6.322565239927284,4.0,304.30383973288815,212.69616026711185,53.17404006677796,3.0,,0.00539568345323741,0.0,0.00539568345323741
IRF4ZApmrPQ_first48h,IRF4ZApmrPQ,UCnvLgMU5pDIW5N-jWOOpC8A,2026-05-14 12:30:44+00:00,889,Science & Technology,12.0,False,42,0,37100.0,10.521399202410167,113.33333333333333,309.4024390243903,1389.3792531120332,2551.9216013344453,4.73911815849783,5.737869645959862,7.237331832875084,7.844993708322828,196.06910569105696,1079.9768140876429,1162.542348222412,5.929247976752706,163.4445371142619,5.0,0.06404763258745638,0.0019593078397805836,0.06600694042723697
DnRvPsvXZwM_first48h,DnRvPsvXZwM,UCMNXbF0XolZgjYnpQDxu5ww,2026-05-13 10:09:00+00:00,707,Film & Animation,10.0,False,70,0,29900.0,10.305647203635566,,,,3003.0,0.0,0.0,0.0,8.007700012884026,,,,,29.0,,0.009657009657009658,0.0,0.009657009657009658
-xOsqmfrFWo_first48h,-xOsqmfrFWo,UCaqKXbtdWXgwlGDGnhvhYVA,2026-05-14 12:31:09+00:00,498,Gaming,12.0,False,51,0,53800.0,10.893047333337728,32.46666666666667,68.0,192.14261884904087,288.26855713094244,3.5105499185895193,4.23410650459726,5.263428873777076,5.667355520043335,35.53333333333333,124.14261884904087,96.12593828190157,2.7052327846688997,3.0,5.0,0.010406962278016631,0.01734493713002772,0.02775189940804435
9zUKTFAvep4_first48h,9zUKTFAvep4,UC3P5RTVmGa6S_tOoLygYd8A,2026-05-14 12:34:17+00:00,282,People & Blogs,12.0,False,28,0,681.0,6.525029657843462,4.0,11.0,34.868268434134215,51.47956630525438,1.6094379124341003,2.4849066497880004,3.579853017006656,3.960423880601198,7.0,23.868268434134215,16.611297871120165,2.3730425530171666,2.0,,0.0388503661460696,0.0,0.0388503661460696
Bw58mH1SJGc_first48h,Bw58mH1SJGc,UCJSDOfdi2XCvPmUAnP7BM_w,2026-05-14 12:36:58+00:00,4619,People & Blogs,12.0,False,82,0,18800.0,9.841665338892785,43.92156862745098,116.85148514851485,347.0,403.0,3.80491804972917,4.76942523132662,5.8522024797744745,6.0014148779611505,72.92991652106387,230.14851485148515,56.0,0.7678604703164015,4.0,,0.009925558312655087,0.0,0.009925558312655087
PCrsBpulz9A_first48h,PCrsBpulz9A,UC2TuODJhC03pLgd6MpWP0iw,2026-05-14 12:50:00+00:00,101,News & Politics,12.0,False,78,35,2140000.0,14.576316854287645,268.6875,783.7647058823529,1989.586034912718,2573.008347245409,5.597263881277747,6.66538393512259,7.596184364270785,7.853219631058898,515.0772058823529,1205.8213290303652,583.4223123326908,1.132689052572729,10.0,8.0,0.0038865011886594623,0.0031092009509275697,0.006995702139587032
aaPmMhMgQsg_first48h,aaPmMhMgQsg,UC8ROUUjHzEQm-ndb69CX8Ww,2026-05-14 12:52:39+00:00,121,News & Politics,12.0,False,24,2,1630000.0,14.30409118627969,133.6,307.3333333333333,2063.1923397169026,6373.428809325562,4.902307417210627,5.731181448844316,7.632494310107072,8.760049767475271,173.73333333333332,1755.8590063835693,4310.236469608659,24.809496179635413,33.902581182348044,5.0,0.005319362967189968,0.00078450707611012,0.006103870043300087
PAbHFSJJs1U_first48h,PAbHFSJJs1U,UCYR3S_hTVAUCF28VeVjrGZg,2026-05-14 12:58:03+00:00,359,Gaming,12.0,False,60,26,25.0,3.258096538021482,6.0,11.0,35.724279835390945,79.11823480432973,1.9459101490553132,2.4849066497880004,3.6034381122118746,4.3835034786568805,5.0,24.724279835390945,43.393954968938786,8.678790993787757,,1.0,0.0,0.012639311310131443,0.012639311310131443
keF__l0yIio_first48h,keF__l0yIio,UCkoHT6ugZz-6UwmPExH37LA,2026-05-14 13:01:27+00:00,2333,Autos & Vehicles,13.0,False,52,0,23400.0,10.060534035475412,713.2,1636.2745098039215,4526.604612850082,5122.2,6.571163035160348,7.400788254090813,8.417948295586724,8.541534522802396,923.0745098039215,2890.3301030461607,595.5953871499178,0.6452300229549547,602.9466666666667,28.0,0.1177124412687257,0.005466401155753388,0.12317884242447907
SFaajknBcvs_first48h,SFaajknBcvs,UCkrhThVlONmZArYmZ2KgEkA,2026-05-14 13:16:46+00:00,70,Science & Technology,13.0,False,29,11,10.0,2.3978952727983707,0.0,1.0,1.0,1.0,0.0,0.6931471805599453,0.6931471805599453,0.6931471805599453,1.0,0.0,0.0,0.0,0.0,,0.0,0.0,0.0
LD8rX8nBgkg_first48h,LD8rX8nBgkg,UCLkRCRHQL8kDRbaQav4v8bg,2026-05-14 13:18:33+00:00,7845,People & Blogs,13.0,False,100,55,395000.0,12.886643575525625,162.73076923076923,341.62,1744.7520798668886,2248.0,5.09822342780667,5.8366219613023125,7.464940733114172,7.718240951959316,178.88923076923078,1403.1320798668885,503.2479201331114,2.813181754816237,27.0,,0.01201067615658363,0.0,0.01201067615658363
xlbnaHARozI_first48h,xlbnaHARozI,UCEfBqIWV5IvYYpfD5V67rZg,2026-05-14 13:31:05+00:00,1983,Education,13.0,False,43,0,7790.0,8.960724500330858,57.628865979381445,145.86868686868686,518.0,699.1843853820598,4.071227168803417,4.989538900952921,6.251903883165888,6.551343708046347,88.23982088930542,372.13131313131316,181.18438538205976,2.0533176921262215,17.483388704318937,,0.025005404968769972,0.0,0.025005404968769972
FdrVT4AZk_I_first48h,FdrVT4AZk_I,UCStlG5wqvYQWHy99BboJrxg,2026-05-14 13:49:24+00:00,81,Sports,13.0,False,100,19,101000.0,11.522885696764481,50.84848484848485,96.47058823529412,1572.150582362729,2028.0,3.948325712425713,4.579550673370346,7.360835627887018,7.615298339825815,45.622103386809265,1475.6799941274348,455.849417637271,9.99185446958307,17.0,,0.008382642998027613,0.0,0.008382642998027613
4GfAlNQzSZY_first48h,4GfAlNQzSZY,UC0knkah4oFeAO04PIQJtpRA,2026-05-14 14:00:14+00:00,722,People & Blogs,14.0,False,35,0,5240.0,8.564267598802166,25.455445544554454,50.932038834951456,2173.649708090075,2781.3504983388702,3.275462017815277,3.9499359183016143,7.684622876800547,7.931051352447964,25.476593290397002,2122.7176692551234,607.7007902487953,23.853298724906775,89.0,8.454318936877076,0.03199884374628593,0.0030396452881168057,0.03503848903440273
J3gUKO_mR4I_first48h,J3gUKO_mR4I,UC3EWyNiOL9Y0p0m_VSvDwwA,2026-05-14 14:00:22+00:00,10579,Film & Animation,14.0,False,99,58,2040000.0,14.528460856016357,1640.3960396039604,3724.8058252427186,10151.914572864322,11403.116279069767,7.403302402376787,8.223038436342152,9.225516093286146,9.341729646321317,2084.409785638758,6427.1087476216035,1251.2017062054456,0.6002666629306869,159.45514950166114,12.0,0.01398347132479377,0.0010523439125167742,0.015035815237310545
EIchEHPzsGE_first48h,EIchEHPzsGE,UCizwH1kNBgN6jAmQ5OQH8-g,2026-05-14 14:08:56+00:00,390,People & Blogs,14.0,False,47,0,4870.0,8.491054533806542,19.326315789473682,23.0,81.0,101.97171381031615,3.0119163908279734,3.1780538303479458,4.406719247264253,4.634454327312965,3.673684210526318,58.0,20.971713810316146,5.708632699083188,4.0,,0.039226564412172635,0.0,0.039226564412172635
PlYrK9-9nTE_first48h,PlYrK9-9nTE,UCIhh4hvMYGlWpyBSU7yT4fQ,2026-05-14 14:15:04+00:00,709,People & Blogs,14.0,False,77,26,75600.0,11.233224789593368,106.5257731958763,335.75728155339806,1638.2889258950875,3365.3216957605987,4.677730569491436,5.819362438080895,7.402017845023201,8.121575942305418,229.23150835752176,1302.5316443416893,1727.0327698655112,7.534011280735187,149.4438902743142,24.369077306733168,0.04440701477739063,0.007241232639789432,0.05164824741718007
En24UhtuV2Q_first48h,En24UhtuV2Q,UCSMUqRwan5B0Oa-sMV9rH9Q,2026-05-14 14:33:30+00:00,122,Autos & Vehicles,14.0,False,90,26,20700.0,9.937937287265354,5.395833333333333,15.0,40.15,49.0,1.8556467366793061,2.772588722239781,3.717223927123079,3.912023005428146,9.604166666666668,25.15,8.850000000000001,0.9214750542299349,3.0,1.0,0.061224489795918366,0.02040816326530612,0.08163265306122448
dHi6_iRs80c_first48h,dHi6_iRs80c,UC80ztI40QAXzWL94eoRzWow,2026-05-14 14:43:15+00:00,9144,Film & Animation,14.0,False,80,96,755000.0,13.534474352733596,403.29411764705884,823.5600000000001,2454.035087719298,3660.7196652719667,6.002142627065389,6.714849910728537,7.805896332476506,8.205688169948075,420.2658823529412,1630.4750877192982,1206.6845775526685,2.8712408697008844,60.969037656903765,7.0,0.01665493215317655,0.0019121923119125122,0.01856712446508906
vO_ySEppyJQ_first48h,vO_ySEppyJQ,UCcmrMhsODg7SSkuZ5F5IJMg,2026-05-14 15:00:00+00:00,927,Travel & Events,15.0,False,49,1,17000.0,9.741027444837728,95.18,280.1980198019802,2344.802664446295,2763.7004991680533,4.566221435849517,5.639059117955742,7.7603829099237,7.924687589524656,185.0180198019802,2064.6046446443147,418.8978347217585,2.2640920877333657,102.4900166389351,7.490016638935108,0.03708434277512607,0.0027101404950318608,0.03979448327015793
7WvnMlvQ-IU_first48h,7WvnMlvQ-IU,UCwgjjrddvYwdSdM0WkIk8cA,2026-05-14 15:05:00+00:00,182,Sports,15.0,False,70,27,57500.0,10.959557617938563,262.6326530612245,646.75,5222.06432748538,8997.668053244593,5.574556668481791,6.473504819442219,8.560839544555243,9.104831851282217,384.1173469387755,4575.31432748538,3775.6037257592134,9.82929762440801,38.48668885191348,12.486688851913478,0.004277407059714215,0.0013877694507090346,0.005665176510423249
-lONa6KUBf4_first48h,-lONa6KUBf4,UCZXsCL1WTILfkPQrq9eOefQ,2026-05-14 15:01:36+00:00,828,Sports,15.0,False,94,0,118000.0,11.678448377988165,2081.1530612244896,4328.685714285714,13957.635756056809,15560.716306156406,7.641157762910989,8.3732502350564,9.543853646330113,9.652569094101725,2247.5326530612247,9628.950041771095,1603.0805500995975,0.7132624070738821,111.45840266222962,54.0,0.007162806677359221,0.0034702772634339183,0.01063308394079314
meAGA4VO2Es_first48h,meAGA4VO2Es,UCJpbvB2E_LRw6EPWnRtDpcA,2026-05-14 15:08:03+00:00,10109,People & Blogs,15.0,False,95,0,16600.0,9.717218213494077,318.22857142857146,938.7708333333333,4153.886287625418,5606.377295492488,5.765907371057924,6.84563605121514,8.332040339315872,8.63183838394228,620.5422619047617,3215.115454292085,1452.49100786707,2.340680235716149,85.9398998330551,7.0,0.015328954029217858,0.0012485781157875301,0.01657753214500539
cQ8maBfwZ7Q_first48h,cQ8maBfwZ7Q,UCYiB80AmjJRm9ObwkvKroFw,2026-05-14 15:11:27+00:00,1748,Entertainment,15.0,False,31,9,31.0,3.4657359027997265,0.0,0.0,3.456666666666666,6.0,0.0,0.0,1.494401102445742,1.9459101490553132,0.0,3.456666666666666,2.543333333333334,2.543333333333334,0.0,,0.0,0.0,0.0
vUI2-hWQqIs_first48h,vUI2-hWQqIs,UCYiB80AmjJRm9ObwkvKroFw,2026-05-14 15:11:29+00:00,2720,Entertainment,15.0,False,30,9,31.0,3.4657359027997265,0.0,0.0,1.0,10.62301918265222,0.0,0.0,0.6931471805599453,2.452987544064771,0.0,1.0,9.62301918265222,9.62301918265222,0.0,,0.0,0.0,0.0
C5etV5XPr64_first48h,C5etV5XPr64,UCy0uLWAIsi31LVQRfM98uGA,2026-05-14 07:34:05+00:00,6502,People & Blogs,7.0,False,85,11,39000.0,10.571342565808699,,,22431.52456286428,22483.0,0.0,0.0,10.018267174139373,10.020559224121966,,,51.4754371357194,,434.0,6.0,0.019303473735711427,0.0002668683004937064,0.019570342036205134
cWIA0V8Um7s_first48h,cWIA0V8Um7s,UCIU8ha-NHmLjtUwU7dFiXUA,2026-05-14 15:38:51+00:00,117,News & Politics,15.0,False,59,19,3100000.0,14.946912992035967,336.44117647058823,720.1546391752578,1690.3067331670823,1866.0,5.821391203182982,6.580853593032828,7.433256724032252,7.532088143541722,383.71346270466955,970.1520939918245,175.69326683291774,0.45787621209460283,6.0,4.0,0.003215434083601286,0.0021436227224008574,0.0053590568060021436
nwi22TNhrng_first48h,nwi22TNhrng,UCCOIN8Zd-oE5czKMucGAlpw,2026-05-14 15:41:21+00:00,5663,People & Blogs,15.0,False,62,68,2780.0,7.930565854233965,9.979591836734695,16.0,396.87676935886765,776.1596009975063,2.396038262051158,2.833213344056216,5.986142332614342,6.6556457359637795,6.020408163265305,380.87676935886765,379.2828316386387,62.999521187434915,5.0,,0.006441974039326564,0.0,0.006441974039326564
UrMPUSh5614_first48h,UrMPUSh5614,UCdvrSqAotr5Iykjm5xxKM0A,2026-05-14 15:39:09+00:00,8474,People & Blogs,15.0,False,72,0,9000.0,9.105090961257085,23.7319587628866,47.0,1488.0874271440466,2245.2662229617304,3.2080962843363117,3.871201010907891,7.305918746302202,7.717024660313973,23.2680412371134,1441.0874271440466,757.1787958176837,32.54157873031251,25.45341098169717,3.0,0.011336477929161372,0.0013361444488496782,0.01267262237801105
PQbrurtZAx8_first48h,PQbrurtZAx8,UCbDM2dRJWwM5Son2jkrbiHw,2026-05-14 15:47:48+00:00,1827,Education,15.0,False,29,0,587.0,6.376726947898627,0.0,0.0,0.0,0.0,0.0,0.0,0.0,0.0,0.0,0.0,0.0,0.0,0.0,,0.0,0.0,0.0
82Zi7ZrHeY8_first48h,82Zi7ZrHeY8,UCRPNk3TA5cbyB-8hvNgsP5g,2026-05-14 15:47:27+00:00,2042,People & Blogs,15.0,False,44,21,5930000.0,15.595534939607958,1965.1818181818182,6758.639175257732,80852.3227953411,147206.77128547578,7.583848777703525,8.818724791171272,11.300391962433359,11.899600277942294,4793.457357075914,74093.68362008336,66354.44849013469,13.842711752131235,4478.328881469115,168.9515859766277,0.030422030470217718,0.0011477161308631825,0.0315697466010809
U435T8PRsHc_first48h,U435T8PRsHc,UCJA7F5EP-XNDJ8hN3d5R_BA,2026-05-14 16:00:03+00:00,7596,People & Blogs,16.0,False,81,64,2040.0,7.621195162809845,6.920792079207921,8.0,48.96994991652755,59.0,2.069491210826668,2.1972245773362196,3.9114218230847997,4.0943445622221,1.0792079207920793,40.96994991652755,10.030050083472453,9.293899618630437,1.0,,0.01694915254237288,0.0,0.01694915254237288
JeOi-pjorDk_first48h,JeOi-pjorDk,UCCS0ACzm-0LONh90tTZWalw,2026-05-14 16:00:15+00:00,223,People & Blogs,16.0,False,30,29,88.0,4.48863636973214,0.0,0.0,23.0,24.0,0.0,0.0,3.1780538303479458,3.2188758248682006,0.0,23.0,1.0,1.0,0.0,,0.0,0.0,0.0
vEwTNGW5jKk_first48h,vEwTNGW5jKk,UCQPTbtadNWcPYuoS3JqkpYw,2026-05-14 16:18:16+00:00,1709,Comedy,16.0,False,55,20,11900000.0,16.29204904211537,4049.5454545454545,9844.76,64502.02919099249,84115.3119266055,8.30660683116671,9.194796184640197,11.074467465882515,11.339955785852716,5795.214545454546,54657.26919099249,19613.282735613007,3.3843928610022918,1677.5871559633028,246.45871559633028,0.019943897460988735,0.0029300101248079173,0.02287390758579665
tKc_07_J54s_first48h,tKc_07_J54s,UCbX_-W4L9BMpNOzgx568jAw,2026-05-14 16:23:17+00:00,382,Science & Technology,16.0,False,43,9,23.0,3.1780538303479458,1.0,1.0,5.917154811715481,14.0,0.6931471805599453,0.6931471805599453,1.9340045307060665,2.70805020110221,0.0,4.917154811715481,8.08284518828452,8.08284518828452,2.0,3.0,0.14285714285714285,0.21428571428571427,0.35714285714285715
8KDAxnOikzk_first48h,8KDAxnOikzk,UCi8vYBOm47Py7JaE8MYm7rQ,2026-05-14 16:26:40+00:00,236,People & Blogs,16.0,False,43,3,2.0,1.0986122886681098,1.0,1.0,2.0,2.0,0.6931471805599453,0.6931471805599453,1.0986122886681098,1.0986122886681098,0.0,1.0,0.0,0.0,0.0,,0.0,0.0,0.0
2RPR4DpgVDk_first48h,2RPR4DpgVDk,UCBcWMu-CwIcWtAzlo2wYfXQ,2026-05-14 09:18:58+00:00,596,Film & Animation,9.0,False,77,7,3990.0,8.291797105048733,,,278.0,881.0,0.0,0.0,5.631211781821365,6.782192056006791,,,603.0,,4.0,,0.004540295119182747,0.0,0.004540295119182747
6YlZ61fIhb8_first48h,6YlZ61fIhb8,UCpHSkPvEfclEORXN9KuvDBQ,2026-05-14 09:09:12+00:00,541,Film & Animation,9.0,False,61,6,3390.0,8.128880142125638,,,458.0,560.0,0.0,0.0,6.129050210060545,6.329720905522696,,,102.0,,2.0,,0.0035714285714285713,0.0,0.0035714285714285713
ErTk5tXTc5k_first48h,ErTk5tXTc5k,UCgMnEAGn2fn5mtw5mw4A9TA,2026-05-14 16:41:06+00:00,265,People & Blogs,16.0,False,51,3,69.0,4.248495242049359,0.0,0.0,1.0,1.0,0.0,0.0,0.6931471805599453,0.6931471805599453,0.0,1.0,0.0,0.0,0.0,,0.0,0.0,0.0
JW4YLVqdcU4_first48h,JW4YLVqdcU4,UCC36ds-oe1gmGx3qblvtvQg,2026-05-14 16:38:23+00:00,273,People & Blogs,16.0,False,60,3,5.0,1.791759469228055,17.05,20.0,29.0,31.0,2.89314568477889,3.044522437723423,3.4011973816621555,3.4657359027997265,2.9499999999999993,9.0,2.0,0.6779661016949154,1.0,,0.03225806451612903,0.0,0.03225806451612903
NofYm5JV7MI_first48h,NofYm5JV7MI,UC_GcrznCXn6b-i1Y7DOn54A,2026-05-14 16:45:37+00:00,1769,Film & Animation,16.0,False,69,27,2560000.0,14.75551820708067,32.31372549019608,60.0,106.0,111.92487479131887,3.5059694889476063,4.110873864173311,4.672828834461906,4.726722772762713,27.686274509803923,46.0,5.924874791318871,0.21400043509721134,0.0,,0.0,0.0,0.0
lLcFBQA8D84_first48h,lLcFBQA8D84,UCcgd0a7i_tQ0pwqqScu6skg,2026-05-14 17:01:03+00:00,236,Gaming,17.0,False,48,8,207.0,5.337538079701318,0.0,0.0,0.0,0.0,0.0,0.0,0.0,0.0,0.0,0.0,0.0,0.0,0.0,,0.0,0.0,0.0
q3qYej4WZvw_first48h,q3qYej4WZvw,UCKnniBAOZslhdh9JTT6Sbcg,2026-05-14 17:00:08+00:00,20534,People & Blogs,17.0,False,59,13,76500.0,11.245059091624615,312.96153846153845,804.4466019417476,4201.863105175292,6080.45,5.749270489429874,6.691396908603053,8.34352126373361,8.71299843336885,491.4850634802092,3397.416503233544,1878.586894824708,3.8222665029175475,87.45,6.0,0.014382159215189667,0.000986769071368073,0.01536892828655774
xISLjhbmEFo_first48h,xISLjhbmEFo,UCg7YusuckSZnW8AsZCWKSRA,2026-05-14 17:08:36+00:00,595,People & Blogs,17.0,False,62,15,1770.0,7.479299637782834,13.436893203883495,29.0,204.9816360601002,254.0,2.669786958230519,3.4011973816621555,5.327787019476579,5.541263545158426,15.563106796116505,175.9816360601002,49.018363939899814,3.1496515819149598,3.0,,0.011811023622047244,0.0,0.011811023622047244
IKm_15szFy0_first48h,IKm_15szFy0,UCIkON2qOZqxDS_hzpPj_MrA,2026-05-14 17:05:34+00:00,246,Howto & Style,17.0,False,22,10,40000.0,10.596659732783579,0.42156862745098,1.0,9.0,10.0,0.351760929136303,0.6931471805599453,2.302585092994046,2.3978952727983707,0.57843137254902,8.0,1.0,1.0,0.0,,0.0,0.0,0.0
K1nmpnw4pLU_first48h,K1nmpnw4pLU,UCYkn7e_zaRR_UxOrJR0RVdg,2026-05-14 17:13:59+00:00,6297,Film & Animation,17.0,False,82,21,1210000.0,14.006131744018864,174.42268041237114,349.2142857142857,1074.8530884808013,1669.505843071786,5.16719837837669,5.858545212035975,6.980869196530852,7.42088175958883,174.7916053019146,725.6388027665155,594.6527545909848,3.402067013251873,27.427378964941568,2.0,0.01642844143299128,0.001197959269384841,0.01762640070237612
yDgCOy-kTnM_first48h,yDgCOy-kTnM,UCXRoo1Gp89SCbhdR_xEIp0w,2026-05-14 17:37:53+00:00,1079,Comedy,17.0,False,27,10,55500.0,10.92415631759022,325.90384615384613,861.8446601941747,6499.958158995816,8357.693333333333,5.789666079197342,6.760234675106524,8.779704854096357,9.031057394022143,535.9408140403286,5638.113498801641,1857.7351743375166,3.46630658772281,262.36,8.0,0.03139143655266924,0.0009572019073843342,0.03234863846005358
WGZq7Swry_Y_first48h,WGZq7Swry_Y,UC4lUbhVTe4sdXlSvh-jwp5A,2026-05-14 17:42:38+00:00,201,News & Politics,17.0,False,51,17,59700.0,10.997104049659168,1318.3653846153845,6305.9514563106795,14595.0,14571.0,7.184906130743066,8.749407709838515,9.588502797556337,9.586857158128455,4987.586071695295,8289.048543689321,0.0,0.0,61.0,50.0,0.0041863976391462495,0.0034314734747100404,0.00761787111385629
pFwetim9dzQ_first48h,pFwetim9dzQ,UClMs26ViHFMy7MS897Alcxw,2026-05-14 17:45:14+00:00,1759,News & Politics,17.0,False,28,6,285000.0,12.560247968016562,5.0,7.0,45.0,47.0,1.791759469228055,2.0794415416798357,3.828641396489095,3.871201010907891,2.0,38.0,2.0,1.0,0.0,,0.0,0.0,0.0
eKNYAQI7IFk_first48h,eKNYAQI7IFk,UCQF-bRy3HpnDpRiTK5Yz_Xg,2026-05-14 18:00:37+00:00,1100,People & Blogs,18.0,False,46,0,681.0,6.525029657843462,0.0,0.0,1.0,1.0,0.0,0.0,0.6931471805599453,0.6931471805599453,0.0,1.0,0.0,0.0,0.0,,0.0,0.0,0.0
kFJAdYvrSNI_first48h,kFJAdYvrSNI,UClrE564OBmmUC1x6cwBnJJA,2026-05-14 18:00:40+00:00,1636,Travel & Events,18.0,False,37,0,6.0,1.9459101490553132,0.0,1.0,6.0,7.0,0.0,0.6931471805599453,1.9459101490553132,2.0794415416798357,1.0,5.0,1.0,1.0,,,0.0,0.0,0.0
W5qfM_jj8Vc_first48h,W5qfM_jj8Vc,UCmbagenu_49x_Mzb_-L3DVA,2026-05-13 06:10:09+00:00,890,Gaming,6.0,False,90,22,97300.0,11.485564545613576,,,,17616.532554257094,0.0,0.0,0.0,9.776649853035831,,,,,25.0,,0.0014191214941420846,0.0,0.0014191214941420846
OeX28E0p66U_first48h,OeX28E0p66U,UCdHjleMvPSs-JEjiQ8_D2cA,2026-05-14 18:41:52+00:00,3507,News & Politics,18.0,False,82,24,38500.0,10.55843949396453,1889.9411764705883,5516.077669902913,24640.7855361596,26980.47,7.54482996107287,8.61560359145916,10.112198879963541,10.202905613081063,3626.1364934323246,19124.70786625669,2339.6844638404,0.6452279080167135,1565.43,128.0,0.05802085730900907,0.004744172358746901,0.06276502966775598
6BMM1BvmO4E_first48h,6BMM1BvmO4E,UClnXPmCfQZL0PKcg_8IpQFA,2026-05-14 18:39:55+00:00,112,People & Blogs,18.0,False,23,3,572.0,6.35088571671474,5.0,5.0,21.0,21.0,1.791759469228055,1.791759469228055,3.091042453358316,3.091042453358316,0.0,16.0,0.0,0.0,0.0,,0.0,0.0,0.0
OgsgIzz0dYI_first48h,OgsgIzz0dYI,UC7SRhhPITzryVf0sJsTvuDw,2026-05-14 09:48:42+00:00,582,Film & Animation,9.0,False,51,9,9300.0,9.137877200242468,,,1941.743953294412,2899.498338870432,0.0,0.0,7.571856661637931,7.972637842201398,,,957.7543855760198,,21.0,,0.007242632188636138,0.0,0.007242632188636138
7dc9t_jXvkE_first48h,7dc9t_jXvkE,UCVgIcndDxhQoiAGizJyl3Yw,2026-05-14 19:00:05+00:00,2034,Film & Animation,19.0,False,55,64,323000.0,12.685410698175234,9.0,17.757575757575758,117.3861551292744,130.0,2.302585092994046,2.931597711218116,4.7739517825829285,4.875197323201151,8.757575757575758,99.62857937169863,12.6138448707256,1.4403352274530963,2.0,,0.015384615384615385,0.0,0.015384615384615385
l4Ts-DDbgNA_first48h,l4Ts-DDbgNA,UCm_jnI7ubEWq57tEk6pDHBw,2026-05-14 11:01:30+00:00,576,Film & Animation,11.0,False,75,8,10900.0,9.296609807128359,,,1244.8212197159567,1602.8766666666668,0.0,0.0,7.127550205678642,7.380178894364618,,,358.0554469507101,,9.0,,0.0056149048689543585,0.0,0.0056149048689543585
O2NvCwS4W3g_first48h,O2NvCwS4W3g,UCZoPWdQSmy0OT0Zul-ArLng,2026-05-14 19:28:52+00:00,810,People & Blogs,19.0,False,46,14,3650.0,8.202756381655638,22.755102040816325,79.51485148514853,518.9533333333334,588.8845836768343,3.1677973301807563,4.388441657906978,6.253739063958533,6.379926896876782,56.7597494443322,439.43848184818484,69.93125034350089,1.2320570655810734,13.0,1.0,0.022075633087270778,0.0016981256220977522,0.02377375870936853
XDtWgiZDXmw_first48h,XDtWgiZDXmw,UCwqdNXcOwbDJKWPiuTxxcBg,2026-05-14 19:27:15+00:00,1979,People & Blogs,19.0,False,55,21,36100.0,10.494075844768336,6.0,14.0,1590.0,1602.9447650453421,1.9459101490553132,2.70805020110221,7.372118028337787,7.380221352076267,8.0,1576.0,12.944765045342137,1.6180956306677672,13.0,29.0,0.008110073586741632,0.018091702616577485,0.026201776203319118
cXU4cfIGFWI_first48h,cXU4cfIGFWI,UCpR_4YnLJAphcr0VI5yR5SA,2026-05-14 19:29:02+00:00,271,News & Politics,19.0,False,49,0,414000.0,12.933623668263472,73.57731958762886,197.14893617021278,1771.9374478732277,2595.0,4.311836434008661,5.2890189508116,7.48039302506449,7.86172707782398,123.57161658258391,1574.788511703015,823.0625521267723,6.660611675147204,35.0,6.0,0.01348747591522158,0.0023121387283236996,0.01579961464354528
0NdeFvU1WJw_first48h,0NdeFvU1WJw,UCMtL3F-DopdSVqHIS9mCqlQ,2026-05-14 19:49:16+00:00,295,Education,19.0,False,78,19,60700.0,11.013715451376466,1.0,2.0,18.0,21.0,0.6931471805599453,1.0986122886681098,2.9444389791664403,3.091042453358316,1.0,16.0,3.0,3.0,0.0,,0.0,0.0,0.0
kC-gA0ox9Ok_first48h,kC-gA0ox9Ok,UCoSJ47wcWDHKbJaU-2EEzbw,2026-05-14 20:19:34+00:00,431,People & Blogs,20.0,False,53,0,75900.0,11.237185138527495,63.63636363636363,146.3877551020408,548.0,846.6577851790174,4.16877715700487,4.993066903726777,6.3080984415095305,6.7424769991281615,82.75139146567719,401.61224489795916,298.6577851790174,3.6090968367932734,141.90091590341382,13.0,0.16760126510076356,0.015354491776451661,0.18295575687721521
_lRdzmeBLKg_first48h,_lRdzmeBLKg,UCuPjVmSMrJYJguJL9qdeYXg,2026-05-14 20:21:23+00:00,246,People & Blogs,20.0,False,11,0,1350.0,7.208600337960199,0.0,0.0,4.0,7.0,0.0,0.0,1.6094379124341003,2.0794415416798357,0.0,4.0,3.0,3.0,0.0,,0.0,0.0,0.0
4PB6PiqVxpk_first48h,4PB6PiqVxpk,UCzN1t92i_2F8oMryBeH1IJg,2026-05-14 20:29:54+00:00,1549,News & Politics,20.0,False,51,27,31900.0,10.370392636243981,1335.8058252427184,4248.839999999999,21891.626666666667,29734.193011647254,7.198038334873963,8.354636614150971,9.993905177227154,10.300086573178893,2913.034174757281,17642.786666666667,7842.566344980587,2.692232865971798,485.3727121464226,78.97171381031615,0.01632372238776738,0.0026559225528462113,0.01897964494061359
BBVi_bqIbU4_first48h,BBVi_bqIbU4,UCBHorLChDCg6S2c8A6aObyg,2026-05-14 20:30:04+00:00,6376,Education,20.0,False,33,28,3110.0,8.042699496897637,0.0,0.0,7.512073272273106,22.409658617818486,0.0,0.0,2.1414855406770306,3.1531486986463184,0.0,7.512073272273106,14.89758534554538,14.89758534554538,1.0,,0.044623615961952884,0.0,0.044623615961952884
rh1lXhado00_first48h,rh1lXhado00,UCIojX831-ePevzWPB1MRtng,2026-05-14 20:45:05+00:00,599,People & Blogs,20.0,False,86,21,2230.0,7.7102051944325325,2.0,3.0,20.0,29.0,1.0986122886681098,1.3862943611198906,3.044522437723423,3.4011973816621555,1.0,17.0,9.0,9.0,2.0,,0.06896551724137931,0.0,0.06896551724137931
YYzpgTeNVIc_first48h,YYzpgTeNVIc,UCnQMBqHrgb87N3orBxZJysg,2026-05-14 20:59:21+00:00,616,People & Blogs,20.0,False,27,0,41.0,3.7376696182833684,0.0,0.0,1.0,1.0,0.0,0.0,0.6931471805599453,0.6931471805599453,0.0,1.0,0.0,0.0,0.0,,0.0,0.0,0.0
xep6bDuz-NQ_first48h,xep6bDuz-NQ,UC6DHkJto-brj1xXQ0cxsqJA,2026-05-14 21:00:58+00:00,199,News & Politics,21.0,False,27,10,67800.0,11.124332223082254,37.627450980392155,137.28,423.0,452.0,3.6539631890077082,4.929280615053424,6.049733455231958,6.115892125483034,99.65254901960785,285.72,29.0,0.2910111209929402,31.0,4.0,0.06858407079646017,0.008849557522123894,0.07743362831858407
epazy9vg86M_first48h,epazy9vg86M,UCHTd4IK0mK3fD1t8qSJtAsQ,2026-05-14 21:15:06+00:00,226,Music,21.0,False,54,0,2880.0,7.9658927350845286,15.92156862745098,37.78787878787879,247.2189841798501,379.3425,2.828589058359102,3.6581077954471826,5.514311357274381,5.941072162568731,21.86631016042781,209.43110539197133,132.12351582014986,6.042332467196875,20.0,1.0,0.052722803271449944,0.0026361401635724975,0.05535894343502244
KJXxmkMdiEA_first48h,KJXxmkMdiEA,UCIduQSMiEtISMIphxmNct5g,2026-05-14 21:20:37+00:00,3422,Travel & Events,21.0,False,92,0,5300.0,8.575650760987806,40.50588235294117,201.98039215686273,916.9559434746467,1345.0,3.7258351606363656,5.313109384016356,6.822149397611161,7.204892510204673,161.47450980392156,714.9755513177839,428.0440565253533,2.6508459882933044,124.0,29.0,0.09219330855018587,0.021561338289962824,0.1137546468401487
n_8CeJhFVzA_first48h,n_8CeJhFVzA,UCco8sj7mScFDZzI_vA8KVNA,2026-05-14 21:15:07+00:00,582,Travel & Events,21.0,False,88,25,2340.0,7.75833346749091,3.27906976744186,4.38235294117647,93.0,94.0,1.453735641915423,1.6831256282252596,4.543294782270004,4.553876891600541,1.10328317373461,88.61764705882354,1.0,0.9063856168629882,,3.0,0.0,0.031914893617021274,0.031914893617021274
tODU4pYgX_E_first48h,tODU4pYgX_E,UCwxi7vXJxOeRteUYwhilZwQ,2026-05-14 21:30:15+00:00,493,People & Blogs,21.0,False,46,6,22799.0,10.034515814942532,4.821782178217822,7.171717171717171,76.36544850498339,98.03419516263553,1.7616064310573674,2.1006790669239015,4.34854027918436,4.595465196178966,2.3499349934993496,69.19373133326621,21.668746657652136,9.22099833297288,2.0,,0.02040104472405843,0.0,0.02040104472405843
MWwyOhRQ5EE_first48h,MWwyOhRQ5EE,UC7JIEy6zShH2YEpGPMjcYmA,2026-05-14 21:32:35+00:00,878,Sports,21.0,False,54,5,46800.0,10.753659849198824,293.0408163265306,606.1800000000001,6572.327242524917,8477.377703826955,5.683718588745165,6.408825287462534,8.790775412894515,9.045274401973169,313.13918367346946,5966.147242524917,1905.0504613020375,6.083717914039647,424.0,60.0,0.05001546643469632,0.007077660344532498,0.057093126779228814
Jo8BxX7Be2U_first48h,Jo8BxX7Be2U,UCBy_C4Tg58BRzyKky45Pfow,2026-05-14 21:36:21+00:00,194,News & Politics,21.0,False,24,2,79700.0,11.286037411751035,27.670103092783506,69.73267326732673,143.49128630705394,155.47254575707154,3.355854875730582,4.258907605715075,4.973219203360896,5.052880568118798,42.062570174543225,73.75861303972721,11.981259450017603,0.2848437316193485,2.0,,0.012864007534327208,0.0,0.012864007534327208
0ty5wKGzxLQ_first48h,0ty5wKGzxLQ,UCByGc7P_siORkC1pum8T3_Q,2026-05-14 21:47:25+00:00,546,News & Politics,21.0,False,40,0,125000.0,11.736077016252437,16.928571428571427,20.0,82.0,96.43421052631578,2.886395609516525,3.044522437723423,4.418840607796598,4.579177386415568,3.071428571428573,62.0,14.43421052631578,4.699510403916763,1.0,1.0,0.010369763951425843,0.010369763951425843,0.020739527902851686
3C0vDv2VnKE_first48h,3C0vDv2VnKE,UCVlAuoyUrg0zTeMi70AW5tg,2026-05-14 22:00:04+00:00,7914,Film & Animation,22.0,False,63,60,410000.0,12.923914877701906,12.173076923076923,16.0,100.39598997493735,135.0,2.578175119680798,2.833213344056216,4.619033543776845,4.912654885736052,3.8269230769230766,84.39598997493735,34.60401002506265,9.042253875895769,2.0,,0.014814814814814815,0.0,0.014814814814814815
z2uH0O7BIXc_first48h,z2uH0O7BIXc,UCRRQx5nLPZJr3if_LYm2A_w,2026-05-13 02:00:00+00:00,933,People & Blogs,2.0,False,51,0,40.0,3.713572066704308,,,,68.0,0.0,0.0,0.0,4.23410650459726,,,,,1.0,,0.014705882352941176,0.0,0.014705882352941176
yT9WCHC16dU_first48h,yT9WCHC16dU,UCQR03Z11tSo0eF5T7GUgwug,2026-05-14 22:30:25+00:00,12582,Film & Animation,22.0,False,64,17,28200.0,10.247112717290387,20.0,55.8,2296.2413793103447,5741.574521232306,3.044522437723423,4.039536325727106,7.7394642817611965,8.655662911620071,35.8,2240.4413793103445,3445.3331419219617,96.23835591960787,93.992506244796,1.0,0.016370510545010312,0.00017416825233252767,0.01654467879734284
lSgfJEh6JWw_first48h,lSgfJEh6JWw,UCtncu9Jg74Iqxea_FSuSVRg,2026-05-14 22:30:21+00:00,1798,Education,22.0,False,87,20,24800.0,10.118639253920785,49.58,120.82000000000001,1257.5320197044334,2287.3030807660284,3.923556241241819,4.802544545408338,7.137701257004537,7.735565809096694,71.24000000000001,1136.7120197044335,1029.771061061595,14.454955938540074,101.48626144879267,4.0,0.04436939831113437,0.001748784423732941,0.04611818273486731
szyxk4-QCEQ_first48h,szyxk4-QCEQ,UCI7uUDMlJJsH9oXrmaEkzpA,2026-05-14 22:33:36+00:00,1733,News & Politics,22.0,False,32,0,77500.0,11.258046118484,1060.3846153846157,6175.504950495049,110803.62020033388,178572.70927318296,6.967329575644517,8.728507848481453,11.615523750984929,12.092756732071434,5115.120335110434,104628.11524983884,67769.08907284908,13.248777083049008,4473.621553884712,208.90810359231412,0.025052101029843843,0.0011698769898412845,0.02622197801968513
m2ZOV0nplso_first48h,m2ZOV0nplso,UCWMJzlp-TM2KPG9eQ2SAYQw,2026-05-14 22:35:26+00:00,6055,People & Blogs,22.0,False,8,0,305.0,5.723585101952381,0.0,0.0,12.0,24.0,0.0,0.0,2.5649493574615367,3.2188758248682006,0.0,12.0,12.0,12.0,0.0,,0.0,0.0,0.0
hYr6WNjzkR8_first48h,hYr6WNjzkR8,UCXrtZnDB8c8l-6IyVC5MjrQ,2026-05-14 23:00:43+00:00,402,Sports,23.0,False,55,15,123.0,4.820281565605037,1.0,1.0,3.0,5.0,0.6931471805599453,0.6931471805599453,1.3862943611198906,1.791759469228055,0.0,2.0,2.0,2.0,0.0,,0.0,0.0,0.0
J7-jo7QTA5g_first48h,J7-jo7QTA5g,UCe-PH4zHUkhKb_cJfa5FP_A,2026-05-14 23:12:54+00:00,116,People & Blogs,23.0,False,40,0,161.0,5.087596335232384,9.0,10.0,40.0,48.0,2.302585092994046,2.3978952727983707,3.713572066704308,3.8918202981106265,1.0,30.0,8.0,8.0,2.0,1.0,0.041666666666666664,0.020833333333333332,0.0625
QTKLUTQ0tT4_first48h,QTKLUTQ0tT4,UCrZt6G3064J2NKM2OE32mHw,2026-05-14 23:24:13+00:00,632,Education,23.0,False,30,13,5320.0,8.579416534596369,8.571428571428571,16.0,23.0,25.0,2.2587824703356527,2.833213344056216,3.1780538303479458,3.258096538021482,7.428571428571429,7.0,2.0,0.2692307692307692,0.0,,0.0,0.0,0.0
hnVcUuDL7FI_first48h,hnVcUuDL7FI,UCADymzuZziXFW1zoZkuxU1g,2026-05-14 23:30:14+00:00,389,People & Blogs,23.0,False,9,1,29.0,3.4011973816621555,0.0,1.0,2.0,2.0,0.0,0.6931471805599453,1.0986122886681098,1.0986122886681098,1.0,1.0,0.0,0.0,0.0,,0.0,0.0,0.0
nox1AFkFIus_first48h,nox1AFkFIus,UCvGgS9ODLmJAugjdp3LXF_A,2026-05-14 23:30:15+00:00,2629,Entertainment,23.0,False,48,12,9270.0,9.134646527606982,208.64,574.1616161616162,4083.769808173478,4743.99,5.345391773933965,6.354651072889552,8.315020655198024,8.464844603560248,365.5216161616162,3509.608192011862,660.2201918265218,1.8062411705211001,57.0,6.490000000000001,0.012015202392922414,0.0013680467285976576,0.013383249121520072
r6S9EXDGyNU_first48h,r6S9EXDGyNU,UCeHLt-eeWp_gUDpAye60j2w,2026-05-14 23:30:15+00:00,1459,People & Blogs,23.0,False,36,0,3010.0,8.010027528481734,4.0,7.0,24.0,28.445833333333333,1.6094379124341003,2.0794415416798357,3.2188758248682006,3.382552417348863,3.0,17.0,4.445833333333333,1.4819444444444443,5.0,1.0,0.17577266735022704,0.03515453347004541,0.21092720082027244
WDjGNrGGvP4_first48h,WDjGNrGGvP4,UCjqChZEeAlIB20UHEFMaeDA,2026-05-14 23:48:52+00:00,80,Sports,23.0,False,61,1,85399.0,11.355101379776661,48.56,302.9622641509434,476.405,492.0,3.9031840567609417,5.716903562618898,6.1683651872474545,6.20050917404269,254.40226415094338,173.4427358490566,15.595000000000027,0.06130055505617322,1.0,1.0,0.0020325203252032522,0.0020325203252032522,0.0040650406504065045
7AxUV0LYSFg_first48h,7AxUV0LYSFg,UCjqChZEeAlIB20UHEFMaeDA,2026-05-14 23:47:10+00:00,79,Sports,23.0,False,62,1,85399.0,11.355101379776661,26.396039603960396,115.74257425742574,161.0,171.0,3.3103984629456664,4.759971290735414,5.087596335232384,5.147494476813453,89.34653465346534,45.257425742574256,10.0,0.11192375886524823,2.0,1.0,0.011695906432748537,0.005847953216374269,0.017543859649122806
y8b2-Qdel6A_first48h,y8b2-Qdel6A,UC2YtO9r1tzEwUUID7vwkMAQ,2026-05-15 00:01:00+00:00,10150,People & Blogs,0.0,False,94,61,203000.0,12.220966184120165,349.2470588235294,904.2727272727273,2621.211843202669,3066.360465116279,5.858638787818631,6.808236254403758,7.871773455568972,8.028572687405797,555.0256684491978,1716.9391159299419,445.14862191361,0.8020324954653065,48.0,1.0,0.015653736912558256,0.0003261195190116303,0.015979856431569885
oGnT2SV-Swg_first48h,oGnT2SV-Swg,UCOm3mflLYdf7J-WN5DZ8a0Q,2026-05-14 04:12:10+00:00,590,Gaming,4.0,False,79,8,66900.0,11.110969193687714,,,99.10025062656642,102.0,0.0,0.0,4.606172190079943,4.634728988229636,,,2.899749373433579,,3.0,,0.029411764705882353,0.0,0.029411764705882353
GF8y7SbPGXs_first48h,GF8y7SbPGXs,UC6dwAQMtzVhVLBQJTCclbpA,2026-05-15 00:04:00+00:00,357,People & Blogs,0.0,False,33,0,38.0,3.6635616461296463,0.0,1.0,7.0,11.0,0.0,0.6931471805599453,2.0794415416798357,2.4849066497880004,1.0,6.0,4.0,4.0,0.0,,0.0,0.0,0.0
8K-dDaN27sE_first48h,8K-dDaN27sE,UCoJdH6v5xVTwmzlE45bnRZw,2026-05-15 00:15:01+00:00,2592,People & Blogs,0.0,False,63,7,1150.0,7.048386408721883,0.0,0.0,6.0,10.45635910224439,0.0,0.0,1.9459101490553132,2.4385449559424743,0.0,6.0,4.45635910224439,4.45635910224439,1.0,,0.095635583114715,0.0,0.095635583114715
P2vwhOJskx0_first48h,P2vwhOJskx0,UCqaZlsyggpisWGozbyAgdbw,2026-05-15 00:16:04+00:00,1865,Education,0.0,False,41,0,96600.0,11.478344372113902,297.0693069306931,999.0291262135922,6065.498744769874,8533.597337770383,5.697326033057289,6.9077844047715695,8.710536904580158,9.051883456350009,701.9598192828992,5066.469618556282,2468.098593000509,3.5160112091912095,250.86023294509152,10.0,0.02939677407026977,0.00117183874562949,0.03056861281589926
0zgdED9TL6g_first48h,0zgdED9TL6g,UCiekz-mXgiE3tiOFPa3baOQ,2026-05-15 00:30:02+00:00,193,Education,0.0,False,96,40,602.0,6.401917196727186,0.0,0.0,6.0,8.0,0.0,0.0,1.9459101490553132,2.1972245773362196,0.0,6.0,2.0,2.0,,,0.0,0.0,0.0
wWgwtCP6oWo_first48h,wWgwtCP6oWo,UCSVH9VHDXlyjeebNDKOTq3g,2026-05-15 00:44:29+00:00,70,Sports,0.0,False,99,1,1880.0,7.53955882930103,5.0,5.755102040816326,80.48006644518273,129.4792013311148,1.791759469228055,1.9102980772664362,4.400358406836705,4.871213837287854,0.7551020408163263,74.7249644043664,48.99913488593208,48.99913488593208,3.0,4.0,0.023169744400323836,0.030892992533765117,0.05406273693408895
ZvHIuIIZ3Is_first48h,ZvHIuIIZ3Is,UCKV2yWPB3wn0RTZh3cTD8YA,2026-05-15 00:45:13+00:00,2341,Science & Technology,0.0,False,26,12,420000.0,12.948012371209098,1225.970297029703,3450.7272727272725,22221.015780730897,30979.86605657238,7.1123032366181445,8.146630043499151,10.008838778283694,10.341125068924608,2224.7569756975695,18770.288508003625,8758.850275841483,3.936991937330664,785.3053244592346,82.97004991680532,0.025348893472463288,0.0026781926611720527,0.028027086133635342
VSnVaYLUYCk_first48h,VSnVaYLUYCk,UCnVJ112p6NFV8VcyYAgPlMg,2026-05-14 18:15:03+00:00,256,People & Blogs,18.0,False,81,4,23300.0,10.056251557087757,,,24.0,35.0,0.0,0.0,3.2188758248682006,3.58351893845611,,,11.0,,2.0,,0.05714285714285714,0.0,0.05714285714285714
z1vqAXvVkbc_first48h,z1vqAXvVkbc,UCtQAOduV-OAv9pQqrJNGuWA,2026-05-15 00:50:03+00:00,1648,Travel & Events,0.0,False,100,17,16900.0,9.735128070758227,42.94117647058823,345.5882352941177,6502.350584307179,10553.714404662782,3.782851841076601,5.848137433526305,8.780072797581179,9.264327902091887,302.64705882352945,6156.762349013061,4051.363820355603,13.386430504576335,157.0,47.0,0.014876279002834789,0.004453408363905956,0.019329687366740747
b9VCBvpfNZg_first48h,b9VCBvpfNZg,UCgVstyPcfgQ8Dpmoy8qxAmA,2026-05-15 01:00:34+00:00,257,Entertainment,1.0,False,100,2,1870000.0,14.441449523589984,531.3725490196078,1259.8461538461538,9323.846794338051,9943.263552960801,6.277343524371982,7.139538325227823,9.140437814815446,9.204751136556224,728.473604826546,8064.000640491897,619.4167586227504,0.8502940319577362,116.0,22.0,0.01166618981606484,0.0022125532409778144,0.013878743057042654
QMBx32KALYo_first48h,QMBx32KALYo,UCpwdDQWuPGWXmgiVSm3BpgQ,2026-05-15 01:00:32+00:00,264,Entertainment,1.0,False,51,97,176000.0,12.07824495582233,83.12871287128714,226.17142857142855,770.4987510407993,1162.0,4.432347922162282,5.42570492441207,6.648335052930615,7.0587581525186645,143.0427157001414,544.3273224693708,391.50124895920067,2.736953413132198,38.0,3.0,0.03270223752151463,0.0025817555938037868,0.035283993115318414
slM4vvg3-uc_first48h,slM4vvg3-uc,UCQ_C-A4xPqrmzz0Fi9KEPAQ,2026-05-15 01:07:00+00:00,44,Film & Animation,1.0,False,12,28,0.0,0.0,0.0,0.0,0.0,0.0,0.0,0.0,0.0,0.0,0.0,0.0,0.0,0.0,0.0,,0.0,0.0,0.0
Vv8Rhtzp6-Y_first48h,Vv8Rhtzp6-Y,UC2o5OWpmCFcv137mauahQLw,2026-05-15 01:30:32+00:00,6479,People & Blogs,1.0,False,72,47,50700.0,10.83370091325064,255.15151515151513,751.4117647058823,4789.405518394648,6662.345575959933,5.5457691254624475,6.623283733543177,8.474370346194137,8.804376976137295,496.2602495543672,4037.993753688766,1872.9400575652844,3.7741085634949627,59.0,1.0,0.008855739968351775,0.0001500972875991826,0.009005837255950958
tcAy2UmFjnQ_first48h,tcAy2UmFjnQ,UC_sbCPEN2Szi-8NvYpuNHtw,2026-05-15 01:26:50+00:00,19774,People & Blogs,1.0,False,31,40,8.0,2.1972245773362196,0.0,0.0,0.0,11.0,0.0,0.0,0.0,2.4849066497880004,0.0,0.0,11.0,11.0,1.0,,0.09090909090909091,0.0,0.09090909090909091
KkdCeZI94UM_first48h,KkdCeZI94UM,UC2AVZr4HFk-cN5kWQ1KX9uw,2026-05-15 01:42:42+00:00,6072,People & Blogs,1.0,False,21,0,869.0,6.76849321164863,0.0,1.0,9.0,8.0,0.0,0.6931471805599453,2.302585092994046,2.1972245773362196,1.0,8.0,0.0,0.0,0.0,,0.0,0.0,0.0
3QfSJ4vK3ZE_first48h,3QfSJ4vK3ZE,UCbKOLQgbUXFHDqyC7N0cV1A,2026-05-15 01:52:03+00:00,220,People & Blogs,1.0,False,41,3,34.0,3.5553480614894135,0.0,0.0,0.0,0.0,0.0,0.0,0.0,0.0,0.0,0.0,0.0,0.0,0.0,,0.0,0.0,0.0
L6r9fj3rONU_first48h,L6r9fj3rONU,UCPZHBp1ruUxTJ7aBvMiWLMA,2026-05-15 01:49:07+00:00,3126,People & Blogs,1.0,False,98,24,7.0,2.0794415416798357,2.0,4.0,11.0,18.0,1.0986122886681098,1.6094379124341003,2.4849066497880004,2.9444389791664403,2.0,7.0,7.0,3.5,0.0,,0.0,0.0,0.0
5p8h-XE5GZE_first48h,5p8h-XE5GZE,UCQSVGDOQ8oppjzitV4h75Zw,2026-05-15 01:57:42+00:00,49,People & Blogs,1.0,True,79,8,31900.0,10.370392636243981,26.757575757575758,485.0,661.4941763727121,666.4874791318865,3.32350880320765,6.186208623900494,6.49601176744093,6.503520632243622,458.24242424242425,176.4941763727121,4.993302759174412,0.010896640064327178,4.0,,0.006001613121389889,0.0,0.006001613121389889
MLvopK4cCic_first48h,MLvopK4cCic,UC1fdtWYJVuW536pLk67bpQA,2026-05-15 02:00:17+00:00,744,Education,2.0,False,59,0,10200.0,9.23024103368252,15.020000000000001,30.0,154.8815679733111,198.0,2.7738379416402132,3.4339872044851463,5.049096539268463,5.293304824724492,14.979999999999999,124.88156797331109,43.11843202668891,2.8784000017816362,10.0,1.0,0.050505050505050504,0.005050505050505051,0.05555555555555555
l7iSFmFtm7c_first48h,l7iSFmFtm7c,UCG5TzzXLMQK7VRjTtZYXhYg,2026-05-15 02:00:43+00:00,4680,Film & Animation,2.0,False,54,30,6450.0,8.771990436532242,23.84,33.0,841.8530884808014,1031.0,3.212455257065278,3.5263605246161616,6.736792670549913,6.939253946041508,9.16,808.8530884808014,189.14691151919862,20.64922614838413,10.0,2.0,0.009699321047526674,0.0019398642095053346,0.011639185257032008
x87q0HkHGuA_first48h,x87q0HkHGuA,UCH4qURCnVhGFu0DECZbmcsQ,2026-05-14 05:56:01+00:00,517,People & Blogs,5.0,False,34,5,10600.0,9.268703615273097,,,369.4958263772955,506.20401337792646,0.0,0.0,5.914842179834084,6.228913315903079,,,136.70818700063097,,11.0,,0.021730369000033032,0.0,0.021730369000033032
I-8BBcHkmrs_first48h,I-8BBcHkmrs,UCwmdNrmZ3xgsooUARTPcNWg,2026-05-15 02:17:41+00:00,15,Travel & Events,2.0,False,40,0,582.0,6.368187186350492,0.0,0.0,0.0,0.0,0.0,0.0,0.0,0.0,0.0,0.0,0.0,0.0,0.0,,0.0,0.0,0.0
YeEVLVRWN7I_first48h,YeEVLVRWN7I,UCdB4Va2-1AFS34U3G8uqpoA,2026-05-15 02:15:33+00:00,8482,Film & Animation,2.0,False,79,63,3460.0,8.149312843635345,60.371134020618555,193.05714285714285,1771.8901830282862,2262.4991680532444,4.116939594650007,5.26815266650177,7.480366365649615,7.724667199327125,132.6860088365243,1578.8330401711432,490.6089850249582,3.697518595418848,19.0,,0.008397793143211828,0.0,0.008397793143211828
hCuM1HwtRP4_first48h,hCuM1HwtRP4,UCZ_93uL-Pl23rQqqgBQr9Vg,2026-05-15 02:45:10+00:00,6841,Film & Animation,2.0,False,83,4,1840.0,7.518064181233078,3.0,4.0,24.0,27.0,1.3862943611198906,1.6094379124341003,3.2188758248682006,3.332204510175204,1.0,20.0,3.0,3.0,1.0,,0.037037037037037035,0.0,0.037037037037037035
KbFuA6L5GqE_first48h,KbFuA6L5GqE,UCjIZT41JtgaYmCwYTZrdSIQ,2026-05-15 03:00:45+00:00,798,Gaming,3.0,False,44,10,29100.0,10.278527816830314,720.0,1994.0,8161.8,9668.425602660016,6.580639137284949,7.598399329323964,9.00734252635493,9.176724186751349,1274.0,6167.8,1506.6256026600158,1.1825946645683012,525.4804655029094,68.4804655029094,0.05435015866061348,0.007082897290337403,0.06143305595095089
RN0CMrs7uvw_first48h,RN0CMrs7uvw,UC7Js8T7-3cAOy5Hq0K6lQRQ,2026-05-15 03:00:19+00:00,633,People & Blogs,3.0,False,47,21,875.0,6.775366090936392,76.28571428571429,422.7647058823529,3435.5337218984178,5005.204488778055,4.3475091297911685,6.049178362239631,8.142218603374976,8.518433319894559,346.47899159663865,3012.7690160160646,1569.670766879637,4.530349039768058,90.47630922693267,56.47630922693267,0.018076446113197885,0.01128351685801363,0.029359962971211514
fHNB-kbO87U_first48h,fHNB-kbO87U,UCKMhajQBwJ9JxMqS2vZVy6g,2026-05-15 03:02:01+00:00,15746,People & Blogs,3.0,False,99,0,1660.0,7.415175109613295,20.392156862745097,44.757894736842104,294.36894824707844,442.9941812136326,3.063024353108745,3.823364339388251,5.68822524692504,6.0958114569716475,24.365737874097007,249.61105351023633,148.62523296655417,6.099763271464735,6.341645885286786,1.4472152950955952,0.014315415764408305,0.0032668945924544325,0.017582310356862738
RIjS6-oigEU_first48h,RIjS6-oigEU,UCNDi6Gn6bpQMLhOkB3RaKUw,2026-05-15 03:15:05+00:00,6369,Film & Animation,3.0,False,82,13,133000.0,11.798111925972618,114.0625,338.43564356435644,2702.1386800334167,3485.7402164862615,4.745475458993297,5.827284366627043,7.902168850929049,8.156722543322847,224.37314356435644,2363.7030364690604,783.6015364528448,3.492403431198022,34.0,,0.009754025798937218,0.0,0.009754025798937218
xgnkV_VqDiA_first48h,xgnkV_VqDiA,UC19PxMHpMCzIMOz63LgMglw,2026-05-15 03:20:00+00:00,48,People & Blogs,3.0,True,42,3,1120.0,7.02197642307216,2396.0,2767.25,2890.0,3233.279534109817,7.781973234434385,7.925970630578218,7.969357742016346,8.08156147242821,371.25,122.75,343.2795341098172,0.9246586777368813,17.0,2.0,0.0052578194432794136,0.0006185669933269899,0.005876386436606403
pe-DanXi76I_first48h,pe-DanXi76I,UC6wWnbsZU8drnF3x2gnhypg,2026-05-15 03:21:02+00:00,8,People & Blogs,3.0,True,53,0,152.0,5.030437921392435,526.6504854368932,823.2277227722773,1071.468671679198,1114.0,6.268434105114578,6.714446854316082,6.977718439820009,7.016609683894219,296.5772373353841,248.24094890692072,42.531328320802004,0.14340725776167876,8.0,,0.00718132854578097,0.0,0.00718132854578097
E9i1o92p1hs_first48h,E9i1o92p1hs,UCepcwD09CJjJUc4c1DWUdcg,2026-05-15 03:26:55+00:00,6943,Film & Animation,3.0,False,99,46,2080000.0,14.547878932446617,1591.5841584158416,3162.049019607843,11078.408146300913,12964.341951626355,7.373113232778922,8.059291721006565,9.312843542475733,9.470035072605773,1570.4648611920015,7916.359126693071,1885.9338053254414,1.2008761557988603,353.47122602168474,6.0,0.027264879879024047,0.0004628079097564462,0.027727687788780493
Y-VbMiBQ01Y_first48h,Y-VbMiBQ01Y,UCGSjbWFiT63Cd5UFl92dCLA,2026-05-15 03:33:56+00:00,550,People & Blogs,3.0,False,90,40,402.0,5.998936561946683,2.907216494845361,3.87878787878788,53.0,85.0,1.3628252265790437,1.584896803517983,3.9889840465642745,4.454347296253507,0.9715713839425186,49.12121212121212,32.0,32.0,0.0,,0.0,0.0,0.0
ZG6WH0j-MJA_first48h,ZG6WH0j-MJA,UCbb71hzzxVfRMZA4EtbpH5A,2026-05-15 03:32:00+00:00,44,People & Blogs,3.0,False,96,0,22.0,3.1354942159291497,0.0,0.0,1.0,1.0,0.0,0.0,0.6931471805599453,0.6931471805599453,0.0,1.0,0.0,0.0,0.0,,0.0,0.0,0.0
PhVLo56VhuI_first48h,PhVLo56VhuI,UCOn1C_U2Z-WqGCuBZvEasGg,2026-05-15 03:45:02+00:00,6142,People & Blogs,3.0,False,82,10,10800.0,9.287394001418473,88.19587628865979,241.11764705882354,1347.5461346633417,1505.2766666666666,4.490834808569566,5.489423752897724,7.206782353832423,7.317396101093316,152.92177077016373,1106.428487604518,157.73053200332492,1.0314458903329637,14.0,2.0,0.009300615833634127,0.0013286594048048752,0.010629275238439002
9DuU6FmlOHc_first48h,9DuU6FmlOHc,UCD--LXwBSnhOhaDOG04czrw,2026-05-15 04:00:29+00:00,2581,Entertainment,4.0,False,89,63,1550.0,7.346655163176539,6.540816326530612,12.0,116.70912078882498,192.0,2.0203304422776296,2.5649493574615367,4.768216503097581,5.262690188904886,5.459183673469388,104.70912078882498,75.29087921117502,13.791600304103088,10.0,1.0,0.052083333333333336,0.005208333333333333,0.057291666666666664
oo7sxt0G0TQ_first48h,oo7sxt0G0TQ,UCKgvEdPzRV2j8Z5xnLRPHSw,2026-05-15 04:01:01+00:00,3871,Education,4.0,False,98,72,36800.0,10.513280297700861,31.591836734693878,108.29411764705883,1035.8175842235005,3410.362343096234,3.4840618501043856,4.694042575317567,6.9439112855463,8.134867004597519,76.70228091236496,927.5234665764417,2374.5447588727334,30.9579419363778,95.92217573221757,1.0,0.028126681590417393,0.0002932239742865886,0.02841990556470398
UFjZSIMNEhY_first48h,UFjZSIMNEhY,UC6ufe-myDRIIgZe8sW_fr5A,2026-05-15 04:02:30+00:00,529,Entertainment,4.0,False,90,26,945000.0,13.758941264676379,378.28000000000003,845.4,3504.890274314215,4582.157322175733,5.938274718593863,6.740992061104035,8.162199768446714,8.43014341125483,467.11999999999995,2659.4902743142147,1077.2670478615178,2.306189090301246,65.0,1.0,0.014185457946942825,0.00021823781456835114,0.014403695761511176
xIUMtgHL_sw_first48h,xIUMtgHL_sw,UC9AQtwi5kt-Whdm99ghD9OQ,2026-05-15 04:06:22+00:00,35,People & Blogs,4.0,True,38,0,67800.0,11.124332223082254,321.4,723.46,2048.6084788029925,4091.065326633166,5.775793010632473,6.585426549746589,7.625404067942555,8.316805091419445,402.06000000000006,1325.1484788029925,2042.4568478301735,5.079980221435043,245.46231155778895,3.0,0.059999606938517816,0.0007333053277027275,0.06073291226622054
rgYvSAB6bsM_first48h,rgYvSAB6bsM,UCKUySOTPbm8MgIRMNaXHcww,2026-05-15 04:21:21+00:00,511,Entertainment,4.0,False,86,30,1170000.0,13.972515161474428,125.02083333333333,289.05940594059405,1420.1033333333332,1861.2869057547957,4.836447237199024,5.670085750073032,7.25918884419589,7.529560530690486,164.03857260726073,1131.043927392739,441.1835724214625,2.6895111644121603,13.47623019182652,1.0,0.007240275612620609,0.000537262684709253,0.007777538297329862
Lge2TCWC2po_first48h,Lge2TCWC2po,UC_GcrznCXn6b-i1Y7DOn54A,2026-05-15 04:22:44+00:00,1919,Film & Animation,4.0,False,73,27,2560000.0,14.75551820708067,56.329896907216494,95.35643564356435,167.97581317764804,173.0,4.048822248684181,4.568054187062153,5.129755587388793,5.159055299214529,39.02653873634786,72.61937753408368,5.024186822351965,0.12873769965340598,2.0,,0.011560693641618497,0.0,0.011560693641618497
Y6_lfizxbZY_first48h,Y6_lfizxbZY,UCtOya0_gU46PK1y8qp8yWTg,2026-05-15 04:40:54+00:00,507,Gaming,4.0,False,72,26,39900.0,10.594156665220533,5.0,8.453608247422679,131.9142381348876,137.4544695071011,1.791759469228055,2.246396493753082,4.8897040941785415,4.930541531559617,3.453608247422679,123.46062988746492,5.540231372213498,1.604186397327491,4.0,1.0,0.029100545179386504,0.007275136294846626,0.03637568147423313
4HiWCyangL4_first48h,4HiWCyangL4,UCvn82nqgEHedjvCzUlqnRnQ,2026-05-15 04:49:22+00:00,217,People & Blogs,4.0,False,41,0,1400.0,7.244941546337007,4.0,4.0,20.482157676348546,26.0,1.6094379124341003,1.6094379124341003,3.067222715077628,3.295836866004329,0.0,16.482157676348546,5.517842323651454,5.517842323651454,3.0,1.0,0.11538461538461539,0.038461538461538464,0.15384615384615385
WjZ992f6L30_first48h,WjZ992f6L30,UCc2LH-7dNH3gZc6yFDFgHGg,2026-05-15 04:51:26+00:00,603,Education,4.0,False,66,21,2580000.0,14.763300344494624,1016.8811881188119,2498.0,12781.670274771024,15746.807692307691,6.925478479217483,7.823645930834952,9.455845647794124,9.664456440426182,1481.118811881188,10283.670274771024,2965.1374175366673,2.001957840080775,486.17224080267556,68.0,0.03087433658316476,0.004318335584501865,0.035192672167666625
KISZ6OuLd6o_first48h,KISZ6OuLd6o,UCsvS85562x_xFYmL5I-QTBQ,2026-05-15 04:58:21+00:00,268,People & Blogs,4.0,False,82,29,2820.0,7.944846711001996,308.2941176470588,1191.235294117647,5441.650250417362,7860.0,5.73429266123361,7.083585222539584,8.602021399602672,8.969669103793757,882.9411764705883,4250.414956299715,2418.3497495826377,2.738970402591928,1192.0,45.0,0.15165394402035623,0.0057251908396946565,0.1573791348600509
LoGR92Bk76Q_first48h,LoGR92Bk76Q,UCbZMQXgA4ipzLWzdzTcqpUQ,2026-05-15 05:12:38+00:00,34,Howto & Style,5.0,True,24,0,10.0,2.3978952727983707,259.0,295.9207920792079,305.48247078464107,316.0,5.560681631015528,5.6934654098977076,5.725160562173526,5.75890177387728,36.9207920792079,9.561678705433167,10.517529215358934,0.2848673775144148,0.0,,0.0,0.0,0.0
aloviHM0KMs_first48h,aloviHM0KMs,UCWZQfMaJgZwaigPqlGNhWug,2026-05-15 05:15:00+00:00,3110,People & Blogs,5.0,False,70,16,8870.0,9.090542808520587,70.29702970297029,181.75,923.830985915493,1345.0,4.266854667407607,5.208119098629888,6.8296110028882735,7.204892510204673,111.45297029702971,742.080985915493,421.169014084507,3.7788944786492733,40.0,1.0,0.02973977695167286,0.0007434944237918215,0.030483271375464683
cKspzXlBu3s_first48h,cKspzXlBu3s,UCIFvaDcJWonDAhzDp1NIPkA,2026-05-15 05:18:01+00:00,395,People & Blogs,5.0,False,23,15,72.0,4.290459441148391,1.0,1.0,2.0,10.0,0.6931471805599453,0.6931471805599453,1.0986122886681098,2.3978952727983707,0.0,1.0,8.0,8.0,1.0,1.0,0.1,0.1,0.2
3qeanANTEJs_first48h,3qeanANTEJs,UC6yZJ2PRzZf-8sja50wZcDQ,2026-05-15 05:23:20+00:00,293,People & Blogs,5.0,False,62,0,67.0,4.219507705176107,20.0,29.0,150.0,174.0,3.044522437723423,3.4011973816621555,5.017279836814924,5.1647859739235145,9.0,121.0,24.0,2.6666666666666665,4.0,,0.022988505747126436,0.0,0.022988505747126436
DX2gMxBXIRc_first48h,DX2gMxBXIRc,UC3P83RUWwKbZ4bkhNti4ZuQ,2026-05-15 05:38:59+00:00,211,Sports,5.0,False,59,42,835000.0,13.635188201437066,1425.4653465346535,3682.6938775510207,12726.730383973289,13562.0,7.262954877708398,8.211671298795304,9.451538386887329,9.515100775962715,2257.228531016367,9044.036506422268,835.2696160267114,0.3700421133923081,103.0,7.0,0.007594750036867719,0.0005161480607580003,0.008110898097625718
ZqCnTMtEeMo_first48h,ZqCnTMtEeMo,UC5wf8A9mOBcfMRY1VxmtEww,2026-05-15 05:37:45+00:00,676,People & Blogs,5.0,False,67,0,667.0,6.504288173536645,2.0,2.0,4.0,4.0,1.0986122886681098,1.0986122886681098,1.6094379124341003,1.6094379124341003,0.0,2.0,0.0,0.0,2.0,,0.5,0.0,0.5
FkjMHNUwDrg_first48h,FkjMHNUwDrg,UC80ztI40QAXzWL94eoRzWow,2026-05-15 05:45:25+00:00,10283,Film & Animation,5.0,False,71,96,756000.0,13.535797977912118,467.49484536082474,1191.6969696969695,5766.617696160267,6592.106779661017,6.1495250991864125,7.0839723828728935,8.66001439662951,8.79377995489615,724.2021243361448,4574.920726463297,825.48908350075,1.139860069117378,176.0,3.4864406779661024,0.026698596652442327,0.0005288810989413894,0.027227477751383716
ThZlGwStqhw_first48h,ThZlGwStqhw,UCVEPfelieDI_0C4fYZRGlgg,2026-05-15 05:45:01+00:00,21,Education,5.0,True,41,2,26.0,3.295836866004329,21.663265306122447,30.03030303030301,194.35588972431077,370.96610169491527,3.1207453452238556,3.4349642441329724,5.274822970646338,5.918802725645025,8.367037724180562,164.32558669400777,176.6102119706045,21.107854152516214,5.0,,0.013478320464202494,0.0,0.013478320464202494
ZLWWuJhYDIo_first48h,ZLWWuJhYDIo,UCJamGzz5CDXZruMmOOmbblQ,2026-05-15 06:00:34+00:00,1715,People & Blogs,6.0,False,88,0,4020.0,8.299285906897275,437.70588235294116,1521.423076923077,5730.257383966245,6219.825145711907,6.08382921668255,7.328058474119207,8.653690224373191,8.735657837016955,1083.7171945701357,4208.834307043167,489.5677617456622,0.4517486334982927,253.0,14.0,0.04067638463670062,0.0022508671340466745,0.04292725177074729
XO7uQP8XNfo_first48h,XO7uQP8XNfo,UCs6T2FPao5i4loqfFJkV9nw,2026-05-15 06:02:16+00:00,594,People & Blogs,6.0,False,58,7,198000.0,12.19602736016897,58.92,83.2,429.8951747088186,575.9051580698836,4.0930103392089645,4.4331949212482815,6.065864846389723,6.357677882234978,24.28,346.6951747088186,146.00998336106494,6.013590747984552,11.0,1.0,0.01910036721474406,0.0017363970195221875,0.02083676423426625
W20pMDmd3PI_first48h,W20pMDmd3PI,UCrfXMvVzFAlX-iF2eAFbXFQ,2026-05-15 06:01:35+00:00,2050,People & Blogs,6.0,False,14,5,9860.0,9.19634286233233,57.33,118.64462809917356,373.4841930116473,409.0,4.066116540765546,4.784525916557302,5.925549593819878,6.016157159698354,61.31462809917356,254.83956491247372,35.51580698835272,0.5792387247445676,16.0,2.0,0.039119804400977995,0.004889975550122249,0.044009779951100246
Sw5sRNP8q1c_first48h,Sw5sRNP8q1c,UCGnUbr6kmyTBkBhS3AotBfg,2026-05-14 10:00:48+00:00,495,People & Blogs,10.0,False,38,9,31000.0,10.34177474101152,,,21610.982485404504,31300.096153846152,0.0,0.0,9.981003184552954,10.35140839680468,,,9689.113668441649,,283.8678929765886,45.0,0.00906923389568268,0.001437695263900025,0.010506929159582705
mXZhIRgwQeQ_first48h,mXZhIRgwQeQ,UCYIVkruUoN04UjV9pkBTswg,2026-05-15 06:47:13+00:00,1504,News & Politics,6.0,False,33,6,1200000.0,13.997832948091215,4387.20792079208,11437.720000000001,43635.43024227235,48305.396321070235,8.386676204226976,9.34475937056196,10.683647636469946,10.785319259880382,7050.5120792079215,32197.710242272347,4669.966078797886,0.6623584253645484,834.0,,0.017265151794981115,0.0,0.017265151794981115
buyY2Ta0EiU_first48h,buyY2Ta0EiU,UCeulJ4YeUxe-H3k7trs7iMA,2026-05-15 06:50:59+00:00,337,Howto & Style,6.0,False,51,12,420.0,6.042632833682381,1.0,7.0,14.4937343358396,16.0,0.6931471805599453,2.0794415416798357,2.740435705802198,2.833213344056216,6.0,7.4937343358396,1.5062656641604004,0.25104427736006674,1.0,,0.0625,0.0,0.0625
l7uFuSKznY8_first48h,l7uFuSKznY8,UC-W40LTuJ5N1XtZquhOl7Yw,2026-05-15 07:00:42+00:00,6655,People & Blogs,7.0,False,86,17,292000.0,12.584512505902088,329.53921568627453,956.0,2933.65224625624,3885.863900414938,5.800725307884411,6.863803391452954,7.984344240150713,8.265357916196237,626.4607843137255,1977.6522462562398,952.2116541586984,1.5199860518034278,59.483817427385894,4.0,0.015307745961209327,0.0010293721299844995,0.016337118091193828
f477bWqsK7k_first48h,f477bWqsK7k,UC0FCCZhGfa-BnohSaQjwXGA,2026-05-15 07:00:39+00:00,1333,Entertainment,7.0,False,77,20,162000.0,11.995357787034976,24.0,60.584158415841586,274.14369256474515,377.0,3.2188758248682006,4.1204046688919655,5.617293479618613,5.934894195619588,36.584158415841586,213.55953414890357,102.85630743525485,2.8114985252938403,6.0,,0.015915119363395226,0.0,0.015915119363395226
9fe-5GtbSRg_first48h,9fe-5GtbSRg,UCIALMKvObZNtJ6AmdCLP7Lg,2026-05-15 07:06:02+00:00,2819,News & Politics,7.0,False,86,29,3150000.0,14.962913328262083,1442.8613861386139,5600.833333333334,11077.938487115545,11678.805671392827,7.275076321866352,8.63084920409817,9.312801151299785,9.365616618520592,4157.97194719472,5477.105153782211,600.8671842772819,0.14450967729175565,117.0,9.0,0.010018147684963273,0.0007706267449971749,0.010788774429960448
BLU8G73Ttw4_first48h,BLU8G73Ttw4,UCQcPPb-fmLJB3BPzWNcgKdw,2026-05-15 07:19:23+00:00,1415,Education,7.0,False,20,8,2390.0,7.779466967458324,1.0,1.0,2.0,7.0,0.6931471805599453,0.6931471805599453,1.0986122886681098,2.0794415416798357,0.0,1.0,5.0,5.0,1.0,,0.14285714285714285,0.0,0.14285714285714285
FGUBfHNYIog_first48h,FGUBfHNYIog,UC9Smirfg9YpyCIR8uDXhy2Q,2026-05-15 07:28:45+00:00,9056,People & Blogs,7.0,False,78,40,3740.0,8.227108234348146,296.0,1298.0,4050.3743760399334,4723.783333333334,5.6937321388027,7.1693500166706,8.306811454642308,8.460576983497264,1002.0,2752.3743760399334,673.4089572934004,0.6720648276381241,70.49166666666666,2.0,0.014922713785207476,0.00042338944419550707,0.015346103229402983
P6ndCQpYUQo_first48h,P6ndCQpYUQo,UCOZosuCbpzK7Optwppn0whA,2026-05-15 07:30:11+00:00,2102,People & Blogs,7.0,False,49,9,40199.0,10.601622274607113,399.52941176470586,1565.938144329897,12302.196830692243,26641.354409317802,5.992787201426751,7.356878767632997,9.4176144125254,10.190257499477301,1166.4087325651913,10736.258686362346,14339.15757862556,12.29342440457435,257.17970049916806,7.0,0.009653401870935645,0.00026274940427021805,0.009916151275205863
R-Tq_f5slMs_first48h,R-Tq_f5slMs,UC80ztI40QAXzWL94eoRzWow,2026-05-15 07:35:09+00:00,7399,Film & Animation,7.0,False,85,96,756000.0,13.535797977912118,1142.8367346938776,2935.4117647058824,12527.6,14360.421487603306,7.042143447326642,7.984943626735167,9.435769309804071,9.572300827090507,1792.5750300120048,9592.188235294117,1832.8214876033053,1.0224517562263662,284.0,8.0,0.019776578302048042,0.0005570867127337477,0.02033366501478179
nArju2nKMiY_first48h,nArju2nKMiY,UCktykI2Hmmw3pfSvSxeX_HA,2026-05-15 07:45:29+00:00,1165,People & Blogs,7.0,False,37,0,17.0,2.8903717578961645,2.0,2.0,3.0,4.0,1.0986122886681098,1.0986122886681098,1.3862943611198906,1.6094379124341003,0.0,1.0,1.0,1.0,1.0,2.0,0.25,0.5,0.75
c08wpAwi80M_first48h,c08wpAwi80M,UCLquUzsWhbyjW5spIbr9e2Q,2026-05-15 07:41:10+00:00,1636,People & Blogs,7.0,False,98,24,9640.0,9.17378011666438,2.0,4.0,107.0,217.0,1.0986122886681098,1.6094379124341003,4.68213122712422,5.384495062789089,2.0,103.0,110.0,55.0,,2.0,0.0,0.009216589861751152,0.009216589861751152
U8eB4bHZLTg_first48h,U8eB4bHZLTg,UCYeoBJ1Xmt3-sorGVvONxzQ,2026-05-15 07:47:31+00:00,1152,People & Blogs,7.0,False,42,0,6.0,1.9459101490553132,1.0,2.0,5.0,5.0,0.6931471805599453,1.0986122886681098,1.791759469228055,1.791759469228055,1.0,3.0,0.0,0.0,0.0,,0.0,0.0,0.0
MbkReMXBhmU_first48h,MbkReMXBhmU,UCeE3lzDK-PMqghdfHm63dIA,2026-05-15 07:30:42+00:00,1162,Gaming,7.0,False,78,0,298.0,5.700443573390687,0.0,12.0,14.0,21.0,0.0,2.5649493574615367,2.70805020110221,3.091042453358316,12.0,2.0,7.0,0.5833333333333334,1.0,,0.047619047619047616,0.0,0.047619047619047616
9kUg723J-eU_first48h,9kUg723J-eU,UCsfhoj4qmzCH4K3AB9oQVfg,2026-05-15 07:53:01+00:00,993,Science & Technology,7.0,False,92,12,0.0,0.0,0.0,0.0,0.0,0.0,0.0,0.0,0.0,0.0,0.0,0.0,0.0,0.0,0.0,1.0,0.0,1.0,1.0
FFFGlRCd1LY_first48h,FFFGlRCd1LY,UCEJFVE0ZTmy7tkjCMOUDG6g,2026-05-15 08:00:15+00:00,363,People & Blogs,8.0,False,50,79,4210.0,8.345455428161928,0.0,0.0,1.0,2.0,0.0,0.0,0.6931471805599453,1.0986122886681098,0.0,1.0,1.0,1.0,0.0,,0.0,0.0,0.0
waFN-zJHF_w_first48h,waFN-zJHF_w,UCQIUpdrt5UOD2ykffc1wjBA,2026-05-15 08:00:57+00:00,1437,People & Blogs,8.0,False,58,17,751000.0,13.529162262303307,9716.485436893205,41121.921568627455,245198.27819548873,310926.3014950166,9.181682164077785,10.624320947425835,12.409826539302049,12.647314406585137,31405.43613173425,204076.35662686126,65728.02329952788,2.09288681818724,31000.0,1627.9750830564783,0.09970208326199402,0.005235887331591891,0.10493797059358591
qOHxU3PRq7Y_first48h,qOHxU3PRq7Y,UCZOUC7fj-yxmNahzHbe-yJg,2026-05-15 08:09:12+00:00,2487,People & Blogs,8.0,False,25,0,576.0,6.3578422665081,10.47422680412371,24.0,336.39449541284404,446.8751040799334,2.4401033727721617,3.2188758248682006,5.82125285525692,6.104514408011211,13.52577319587629,312.39449541284404,110.48060866708937,8.168154756636941,15.0,,0.03356642574860676,0.0,0.03356642574860676
VnghcTdpmTU_first48h,VnghcTdpmTU,UCdhAxlyxdyE8-mymyAvFytA,2026-05-15 08:17:44+00:00,330,People & Blogs,8.0,False,99,0,889.0,6.7912214627261855,1.0,3.0,7.494578815679733,8.0,0.6931471805599453,1.3862943611198906,2.139428173633392,2.1972245773362196,2.0,4.494578815679733,0.5054211843202667,0.25271059216013336,2.0,,0.25,0.0,0.25
av6efhcRly4_first48h,av6efhcRly4,UCVgSq4ATVI1mqKnQyj3oE7Q,2026-05-15 08:28:22+00:00,484,Entertainment,8.0,False,54,13,1110.0,7.01301578963963,0.0,0.34951456310679613,211.04829308909243,401.0,0.0,0.29974494490105597,5.35681404632014,5.996452088619021,0.34951456310679613,210.69877852598563,189.95170691090757,189.95170691090757,8.0,,0.0199501246882793,0.0,0.0199501246882793
aULORrcN9wM_first48h,aULORrcN9wM,UCtbafYrdDNV1yxEi4_q2-hg,2026-05-15 08:30:09+00:00,919,Autos & Vehicles,8.0,False,65,5,110000.0,11.608244735642321,117.36363636363636,886.5,9468.61115736886,20593.740050804405,4.773761549970144,6.788408521349571,9.155843124869206,9.932790984833952,769.1363636363636,8582.11115736886,11125.128893435545,14.464442743075587,148.45300592718036,6.0,0.007208647169525756,0.00029135067186427055,0.007499997841390026
qVgT2khDxl0_first48h,qVgT2khDxl0,UC2TuODJhC03pLgd6MpWP0iw,2026-05-15 08:41:56+00:00,76,News & Politics,8.0,False,80,35,2140000.0,14.576316854287645,123.2,351.3620689655172,513.3313905079101,531.4657762938231,4.821893169499378,5.864659251962117,6.242867786321573,6.277518625647429,228.16206896551722,161.9693215423929,18.13438578591297,0.07948028288897428,1.0,,0.0018815887016723836,0.0,0.0018815887016723836
spksHYb1XpI_first48h,spksHYb1XpI,UC2TuODJhC03pLgd6MpWP0iw,2026-05-15 08:41:38+00:00,78,News & Politics,8.0,False,74,35,2140000.0,14.576316854287645,75.57,129.96521739130446,334.39134054954206,342.4628857381151,4.338205355125032,4.874931771848599,5.815298030777761,5.839079058483137,54.39521739130447,204.4261231582376,8.071545188573054,0.14838703797263172,0.0,3.0,0.0,0.008760073353741843,0.008760073353741843
iTr9m3I6rng_first48h,iTr9m3I6rng,UCYd14YrYHqoM8G54josAVOQ,2026-05-15 09:01:03+00:00,1008,Autos & Vehicles,9.0,False,53,12,38500.0,10.55843949396453,641.4,2696.09900990099,16139.347245409015,28058.966749792187,6.465211162632552,7.899932033589731,9.689077456177944,10.242099168687545,2054.69900990099,13443.248235508025,11919.619504383172,5.801151140359748,1031.8129675810474,57.0,0.036773020788040574,0.0020314361718405814,0.038804456959881155
9-VnLdxFZKQ_first48h,9-VnLdxFZKQ,UC5a6NhlRHh50TrZLZft03IA,2026-05-15 09:00:34+00:00,6888,People & Blogs,9.0,False,68,35,870.0,6.769641976852503,26.04950495049505,127.0495049504951,5836.15692821369,9172.189683860233,3.2976687038494212,4.852416946573985,8.67199912992269,9.124040343793649,101.00000000000006,5709.1074232631945,3336.0327556465436,33.030027283629124,84.94009983361065,6.0,0.009260613088178363,0.0006541513212006343,0.009914764409378997
Un_bsC7JSxo_first48h,Un_bsC7JSxo,UCARkZtMKjs5AHfj4y_rva5g,2026-05-15 08:30:56+00:00,1645,Sports,8.0,False,82,20,72500.0,11.19135563385109,126.38144329896907,269.34736842105264,439.55852842809367,506.0,4.84718607553509,5.599707681810054,6.088043304718244,6.2285110035911835,142.96592512208355,170.21116000704103,66.44147157190633,0.46473641544423727,1.0,,0.001976284584980237,0.0,0.001976284584980237
j0WeebRy0iY_first48h,j0WeebRy0iY,UCwBK7Cdk0wq8rCjxcvaoHzg,2026-05-15 09:01:43+00:00,194,News & Politics,9.0,False,94,12,1810000.0,14.408837955728044,460.47058823529414,674.0097087378641,883.9031719532554,895.0,6.134418321110917,6.514727074084445,6.785478228799884,6.79794041297493,213.53912050256997,209.8934632153913,11.096828046744577,0.05196625339950777,8.0,,0.008938547486033519,0.0,0.008938547486033519
sHfjKtdDFM0_first48h,sHfjKtdDFM0,UCjq-hv609ECQZtbAxOHkxsQ,2026-05-15 09:15:17+00:00,7532,People & Blogs,9.0,False,77,26,252000.0,12.437188334739655,93.5,346.7857142857143,14521.060150375939,20733.567027477104,4.548599834499697,5.851586526567442,9.583424161948964,9.939557491221912,253.28571428571428,14174.274436090225,6212.506877101165,24.52766392538531,531.4746044962532,8.0,0.025633534441609488,0.00038584774097954403,0.02601938218258903
bfTsFuyoUNU_first48h,bfTsFuyoUNU,UC4PMoffMhTUCFO6mKyCukCg,2026-05-15 09:17:26+00:00,183,People & Blogs,9.0,False,61,0,14.0,2.70805020110221,0.0,0.0,4.0,5.0,0.0,0.0,1.6094379124341003,1.791759469228055,0.0,4.0,1.0,1.0,1.0,,0.2,0.0,0.2
AR642jiyvvE_first48h,AR642jiyvvE,UCf4d3txBO3lclCLbs-4RghA,2026-05-15 09:30:06+00:00,989,Howto & Style,9.0,False,84,0,2850.0,7.955425088912672,9.041666666666668,26.548387096774196,126.30257689110557,177.29842061512886,2.3067431031427095,3.3159439893034235,4.846566748022311,5.183458666810394,17.506720430107528,99.75418979433138,50.99584372402329,2.9129295762513108,19.0,12.0,0.1071639551783956,0.06768249800740775,0.17484645318580336
MBL0vezAVf4_first48h,MBL0vezAVf4,UCrTOJfeRsSjoRZmT0877vsg,2026-05-15 09:29:01+00:00,853,People & Blogs,9.0,False,97,0,164.0,5.10594547390058,13.21875,262.76344086021504,2502.232945091514,3579.3602329450914,2.6545615161512237,5.575052644099279,7.8253383534583465,8.183218698060198,249.54469086021504,2239.4695042312987,1077.1272878535774,4.316370282776086,16.45008319467554,2.0,0.004595816605231835,0.0005587590714093628,0.005154575676641198
VDsZcHisaHg_first48h,VDsZcHisaHg,UCYPZqJnVOZko4rhjF3zDUBA,2026-05-15 10:00:48+00:00,4736,Film & Animation,10.0,False,93,46,220000.0,12.301387370778713,42.57000000000001,117.52,722.6148760330578,1352.0,3.774368840129351,4.775081722705364,6.5842593116750185,7.210079628170788,74.94999999999999,605.0948760330579,629.3851239669422,8.397399919505567,5.0,,0.0036982248520710057,0.0,0.0036982248520710057
QKkLXCcksBE_first48h,QKkLXCcksBE,UCqxU4-4jxWBVbmWp--ZH3Bg,2026-05-15 10:00:46+00:00,7985,Entertainment,10.0,False,63,58,446000.0,13.008076473152153,111.6,374.2,2912.0,4531.5375,4.72384171570559,5.9274592171320695,7.976938756959434,8.419037216174482,262.6,2537.8,1619.5375000000004,6.167317212490481,30.98166666666667,2.0,0.0068368995438450346,0.0004413513073653258,0.00727825085121036
y2qGsoGLEUk_first48h,y2qGsoGLEUk,UCKSI33h7L-yoM1MXIvtU4Xg,2026-05-15 10:01:35+00:00,4274,People & Blogs,10.0,False,52,43,85300.0,11.353941456740479,444.28155339805824,1076.92,3132.147132169576,3779.3383458646617,6.098706786358583,6.9827885372123495,8.04979325192087,8.237568794095903,632.6384466019418,2055.2271321695757,647.1912136950859,1.0230032922774621,11.0,,0.002910562377151588,0.0,0.002910562377151588
zMNWstWZnAw_first48h,zMNWstWZnAw,UCKRjB8kWRt5WiYXc5rz0Wig,2026-05-15 10:01:35+00:00,130,People & Blogs,10.0,False,17,0,16.0,2.833213344056216,1.0,1.0,1.0,1.0,0.6931471805599453,0.6931471805599453,0.6931471805599453,0.6931471805599453,0.0,0.0,0.0,0.0,0.0,,0.0,0.0,0.0
c0w7yX9wmWM_first48h,c0w7yX9wmWM,UCUFn97Duv5iGnXnQPaFjFfA,2026-05-15 10:18:04+00:00,19,Film & Animation,10.0,True,40,3,3650000.0,15.11023799953124,7135.60396039604,14675.247524752476,115141.93011647255,148896.39534883722,8.87299230638417,9.593985651287733,11.653929506199141,11.911012725898802,7539.643564356436,100466.68259172008,33754.46523236467,4.476931163157162,2484.5888704318936,66.3529900332226,0.01668669590429609,0.0004456319434581985,0.01713232784775429
TSutMJtd0dM_first48h,TSutMJtd0dM,UCmiI3dpbPPhOTGjFXVEdMhQ,2026-05-15 10:18:01+00:00,22,People & Blogs,10.0,True,29,5,14000.0,9.546884034617925,201.0,665.6435643564356,3616.9217970049917,5700.602990033222,5.308267697401205,6.502255516808181,8.193655050742361,8.64850264060755,464.6435643564356,2951.2782326485562,2083.6811930282306,4.4844722984903,106.80066445182725,1.0,0.01873497674518899,0.000175420039204339,0.018910396784393328
dgPkBW6oxVw_first48h,dgPkBW6oxVw,UCIQqTkKEgbsXxEA5agNEleg,2026-05-15 10:30:32+00:00,56,News & Politics,10.0,True,87,23,1670000.0,14.328334783195153,920.0,1220.6666666666667,1368.3865336658355,1376.464553794829,6.825460036255307,7.107971325652643,7.222118132890864,7.2279998084236325,300.66666666666674,147.71986699916874,8.078020128993558,0.026867029253858834,11.0,1.0,0.007991488026098215,0.0007264989114634741,0.00871798693756169
38z07Cg5bF4_first48h,38z07Cg5bF4,UCofLfAS4Eh_ShWbUXe3dwfQ,2026-05-15 10:30:01+00:00,1688,Travel & Events,10.0,False,36,19,27599.0,10.225571051705241,384.58252427184465,1543.4141414141413,6827.978387364921,8423.585062240663,5.9547552408375966,7.342399920922973,8.828930364124469,9.038909503235082,1158.8316171422966,5284.56424595078,1595.606674875742,1.3769098558171393,441.37178423236514,60.0,0.052397142187219845,0.007122857970409107,0.05952000015762895
1LJCJWEU0KQ_first48h,1LJCJWEU0KQ,UCtdYQaGESiNB8TIB-hIkVJQ,2026-05-15 10:45:00+00:00,1844,People & Blogs,10.0,False,33,0,184.0,5.220355825078324,1.793103448275862,8.0,250.0,352.47284878863826,1.0271533246859648,2.1972245773362196,5.5254529391317835,5.867806675565442,6.206896551724138,242.0,102.47284878863826,16.509514527058386,12.0,2.0,0.03404517551136498,0.005674195918560831,0.039719371429925814
kdnzVHRCdlo_first48h,kdnzVHRCdlo,UCVbsFo8aCgvIRIO9RYwsQMA,2026-05-15 10:48:12+00:00,42,News & Politics,10.0,True,68,30,9820000.0,16.099931782163637,1958.7551020408164,3436.9700000000003,6051.326123128119,6490.2441860465115,7.58057479647956,8.142636459901233,8.70819796029185,8.778209499498049,1478.2148979591839,2614.356123128119,438.918062918392,0.2969243940947694,15.0,,0.002311161116595391,0.0,0.002311161116595391
A7Xg_VsLa2k_first48h,A7Xg_VsLa2k,UCuVSj9jzGu2b4B2FVlk8d1Q,2026-05-15 11:00:28+00:00,846,Travel & Events,11.0,False,80,1,224000.0,12.319405795112926,1121.04,5492.010752688172,32119.606010016694,35386.25870646766,7.0229037360710596,8.611231790866313,10.377253034944259,10.47410711078773,4370.970752688172,26627.59525732852,3266.6526964509685,0.7473517626357848,823.4378109452737,94.0,0.023269987872291547,0.0026563983714621773,0.025926386243753725
Vxz9-w0YeAk_first48h,Vxz9-w0YeAk,UC_JsHod-IAlWFWi7kDhb03Q,2026-05-15 11:00:20+00:00,7937,Film & Animation,11.0,False,93,102,116000.0,11.661354090741,104.95959595959596,217.79591836734696,844.6644407345576,1114.0118343195265,4.663057851255753,5.388139415745613,6.7401226387651825,7.016620297577379,112.836322407751,626.8685223672106,269.3473935849689,2.387062852080925,23.0,,0.020646100240083287,0.0,0.020646100240083287
epVg2tVqBxw_first48h,epVg2tVqBxw,UCUcyT1Xt7xpN3belKqQKv5w,2026-05-15 07:52:18+00:00,242,People & Blogs,7.0,False,51,50,16000.0,9.680406499268875,,,16.0,31.0,0.0,0.0,2.833213344056216,3.4657359027997265,,,15.0,,0.0,,0.0,0.0,0.0
Dhfw_F_5Nlw_first48h,Dhfw_F_5Nlw,UC3pLj9DxNdi364HcrKcgtWA,2026-05-15 11:12:36+00:00,2303,Sports,11.0,False,100,25,368.0,5.910796644040527,17.02061855670103,37.0,109.56514522821577,125.0,2.891516577712098,3.6375861597263857,4.705604896818342,4.836281906951478,19.97938144329897,72.56514522821577,15.43485477178423,0.7725391707239785,9.0,,0.072,0.0,0.072
uTVnB_kZjik_first48h,uTVnB_kZjik,UCU2XaJHAD6lNlqAgoCJqU2g,2026-05-15 11:30:53+00:00,16,People & Blogs,11.0,True,54,0,112.0,4.727387818712341,552.95,880.0,1205.7,1568.2545757071548,6.317074429966682,6.78105762593618,7.095644640079555,7.358355993049471,327.04999999999995,325.70000000000005,362.55457570715475,1.1085600847184063,20.46089850249584,2.0,0.013046924153414088,0.0012753031497441435,0.014322227303158231
ijFz4XszuGw_first48h,ijFz4XszuGw,UCln0PYcX1PCMe-FI-MgcAcQ,2026-05-15 11:30:35+00:00,8582,People & Blogs,11.0,False,54,37,27200.0,10.211009016314167,109.72,319.78217821782175,1424.4778982485404,2258.6722129783693,4.707004491869359,5.770762320265321,7.262262403671702,7.7229750432420845,210.06217821782175,1104.6957200307188,834.1943147298289,3.9711780664524,22.0,2.0,0.00974023582243923,0.0008854759838581117,0.010625711806297341
IPhzf-uV6zI_first48h,IPhzf-uV6zI,UC4_py0t-VOTWDkAjXm0WcuA,2026-05-15 11:42:23+00:00,4991,People & Blogs,11.0,False,100,0,1840.0,7.518064181233078,53.130434782608695,149.46464646464648,552.0,733.0,3.991396592969658,5.013728149382258,6.315358001522335,6.598509028614515,96.33421168203779,402.5353535353535,181.0,1.8788756023396074,7.0,1.0,0.009549795361527967,0.001364256480218281,0.010914051841746248
9WaQ4sIgLlE_first48h,9WaQ4sIgLlE,UC5nwNW4KdC0SzrhF9BXEYOQ,2026-05-15 11:41:21+00:00,118,News & Politics,11.0,False,47,76,3270000.0,15.000300848683787,345.0,1048.5728155339807,11621.302325581395,15386.88029925187,5.846438775057725,6.956138518020177,9.360681145511426,9.641335485004646,703.5728155339807,10572.729510047415,3765.5779736704753,5.352079970304947,81.0,28.0,0.005264225003683062,0.001819732100038589,0.00708395710372165
K8DGD5EiySU_first48h,K8DGD5EiySU,UCBcWMu-CwIcWtAzlo2wYfXQ,2026-05-15 09:59:45+00:00,581,Film & Animation,9.0,False,75,7,3990.0,8.291797105048733,,6.0,432.20482930890927,490.27937551355797,0.0,1.9459101490553132,6.071210663053869,6.197012958878743,,426.20482930890927,58.0745462046487,,4.0,,0.008158613639029949,0.0,0.008158613639029949
iRom-jrxN3s_first48h,iRom-jrxN3s,UCXvkgJnFT_aWGTKdbFQfJ-A,2026-05-15 11:50:34+00:00,448,Gaming,11.0,False,80,28,351.0,5.863631175598097,2749.1428571428573,4395.553398058252,10998.470149253732,14611.687188019967,7.919408137363312,8.38857619432889,9.305602382370719,9.589645415827956,1646.410540915395,6602.916751195479,3613.2170387662354,2.1946027123692415,130.0,2.0,0.008896987618691031,0.00013687673259524661,0.009033864351286277
57lqHEFncSA_first48h,57lqHEFncSA,UCc2ts-DfbbtEFPYs-lSyLzA,2026-05-15 11:57:49+00:00,193,People & Blogs,11.0,False,51,0,30.0,3.4339872044851463,1.0,4.0,15.493744787322768,17.0,0.6931471805599453,1.6094379124341003,2.8029812052299032,2.8903717578961645,3.0,11.493744787322768,1.5062552126772317,0.5020850708924106,2.0,,0.11764705882352941,0.0,0.11764705882352941
dxdpjxvfjhs_first48h,dxdpjxvfjhs,UCKl0gSq0JOcdzXTrS4gk2cg,2026-05-15 12:01:09+00:00,41,Entertainment,12.0,True,22,14,1320000.0,14.093143052138025,743.2523364485982,1673.0,8075.001661129568,10619.03488372093,6.612380139223975,7.422971251049421,8.996652185119874,9.27049757951002,929.7476635514018,6402.001661129568,2544.0332225913617,2.7362620228307923,252.94850498338872,1.0,0.023820291368583876,9.417051652528314e-05,0.023914461885109158
c4hsIHXcLt8_first48h,c4hsIHXcLt8,UCTeaKpS7ZVRWhJZrmYHe4JA,2026-05-15 12:01:08+00:00,8495,People & Blogs,12.0,False,94,24,1440.0,7.273092595999522,58.76767676767677,172.69387755102042,779.5199335548173,1304.0,4.090464992542104,5.157294425366334,6.659960279097415,7.173958319756794,113.92620078334366,606.8260560037968,524.4800664451827,4.603682584330182,20.0,1.0,0.015337423312883436,0.0007668711656441718,0.016104294478527608
RVdoCr6yEbU_first48h,RVdoCr6yEbU,UCEX0s8i81dVNy9fYQARifvw,2026-05-15 12:05:58+00:00,978,Travel & Events,12.0,False,95,16,17000.0,9.741027444837728,65.9795918367347,172.0,814.720698254364,1203.7491554054054,4.20438797353941,5.153291594497779,6.704072014821382,7.094026654466372,106.0204081632653,642.720698254364,389.0284571510414,3.669373320577676,,4.0,0.0,0.00332295144884472,0.00332295144884472
TdH0V1jwm5o_first48h,TdH0V1jwm5o,UCY6BQwoP8RaAcN5AWTpU8Ew,2026-05-15 12:04:39+00:00,2625,Gaming,12.0,False,12,31,600000.0,13.304686600863562,1516.3939393939395,4373.63829787234,25068.40731504572,53032.711148648654,7.324749628823202,8.383579120601931,10.129403549670078,10.878683049742675,2857.244358478401,20694.769017173378,27964.303833602935,9.787158648375131,1375.0608108108108,130.25506756756758,0.02592854072567718,0.0024561268836976414,0.02838466760937482
B7yXvxDrWy0_first48h,B7yXvxDrWy0,UCCoif0w2DePWoJ4W-_aurqg,2026-05-14 08:00:09+00:00,506,Film & Animation,8.0,False,66,8,14500.0,9.581972891547895,,,,993.1583333333333,0.0,0.0,0.0,6.901896483039157,,,,,10.0,,0.010068887975230536,0.0,0.010068887975230536
XdP59VU404Q_first48h,XdP59VU404Q,UCOzM_kTmMgul9xznM8Ba_iQ,2026-05-15 12:15:08+00:00,9393,Film & Animation,12.0,False,100,75,192000.0,12.165255859329688,62.279999999999994,160.4056603773585,1267.140950792327,2209.06135986733,4.147569323459399,5.083920825712581,7.145307288750221,7.700775558772219,98.12566037735849,1106.7352904149684,941.9204090750029,9.599124280567304,27.456053067993366,2.0,0.012428832248300383,0.0009053619045331155,0.013334194152833498
6Jdt4eNKYAg_first48h,6Jdt4eNKYAg,UC3P6lzbP3s_gTAlhaco8Fjw,2026-05-15 05:36:01+00:00,311,Entertainment,5.0,False,83,0,1850.0,7.523481312573497,,,835.5409015025042,858.938322368421,0.0,0.0,6.72927541522972,6.756860668499427,,,23.397420865916843,,1.0,,0.0011642279474067684,0.0,0.0011642279474067684
Zd_WOcD3k_M_first48h,Zd_WOcD3k_M,UC3P6lzbP3s_gTAlhaco8Fjw,2026-05-15 10:05:11+00:00,303,Entertainment,10.0,False,83,0,1850.0,7.523481312573497,,298.1,520.4502923976609,577.4758735440931,0.0,5.700777965635902,6.256613953306658,6.36039684056801,,222.35029239766084,57.02558114643227,,0.0,,0.0,0.0,0.0
4IPHM5okEws_first48h,4IPHM5okEws,UCvwSFmIsQD_SayT9SCVhuvw,2026-05-15 12:30:05+00:00,5364,Film & Animation,12.0,False,73,59,20500.0,9.928228944424575,20.0,21.0,380.3538205980066,1394.5217391304348,3.044522437723423,3.091042453358316,5.943727607172902,7.241023630877566,1.0,359.3538205980066,1014.1679185324281,1014.1679185324281,10.978260869565219,,0.00787242002868367,0.0,0.00787242002868367
3-YQuY4OLdk_first48h,3-YQuY4OLdk,UCfoZumaOspNl--nEtSTUUWQ,2026-05-15 12:30:13+00:00,306,Travel & Events,12.0,False,77,8,279.0,5.634789603169249,11.377551020408164,14.0,32.446666666666665,37.44925124792013,2.5158844302734784,2.70805020110221,3.509952130387997,3.6493392223659487,2.6224489795918355,18.446666666666665,5.0025845812534655,1.90760034615891,7.0,6.0,0.18691962500555384,0.16021682143333185,0.3471364464388857
TMvW3HezA1s_first48h,TMvW3HezA1s,UC6lucPKm_KbLOost4NRgJWQ,2026-05-15 12:31:57+00:00,631,Education,12.0,False,75,0,13100.0,9.48044384215367,176.6326530612245,537.4432989690721,2854.075896580484,4017.153846153846,5.179717670985097,6.288682196659047,7.956853705477744,8.298577833878761,360.81064590784763,2316.6325976114117,1163.0779495733623,3.2235133934224787,,49.46153846153846,0.0,0.01231258257855734,0.01231258257855734
A9uRpamClIA_first48h,A9uRpamClIA,UCvxrtdzXreRAj6WLnSVKZQQ,2026-05-15 12:53:53+00:00,658,Travel & Events,12.0,False,52,14,79800.0,11.287291314687705,92.8,225.6,1143.1337209302328,2909.68,4.541164856012179,5.423186348593906,7.042403054033794,7.976142009843271,132.8,917.5337209302328,1766.546279069767,13.302306318296438,71.23333333333333,21.0,0.02448150082941538,0.007217288499078937,0.03169878932849431
c5f2rLN7WIk_first48h,c5f2rLN7WIk,UC7iKZOEI9F-v9sfNZ0yBHQw,2026-05-15 13:01:08+00:00,630,Gaming,13.0,False,48,37,1270.0,7.147559271189454,27.03846153846154,39.090909090909086,118.0,157.92577147623018,3.333577193987176,3.6911496026484754,4.77912349311153,5.068437247152236,12.052447552447546,78.9090909090909,39.92577147623018,3.3126691738328513,10.0,1.0,0.06332088744302969,0.006332088744302969,0.06965297618733265
iRrYW6B7thU_first48h,iRrYW6B7thU,UCLBn4iWVqV7morVZzGgSkrQ,2026-05-15 08:43:02+00:00,422,People & Blogs,8.0,False,78,17,140000.0,11.849404844423074,,,10452.845,32916.29691409507,0.0,0.0,9.254725132302417,10.401753540669281,,,22463.451914095072,,217.57881567973308,7.755629691409506,0.006610063587880803,0.000235616713254536,0.006845680301135339
SUvFbQSLwS8_first48h,SUvFbQSLwS8,UC-eoXVXWKQ3T7UeUbSPHRvg,2026-05-15 13:11:06+00:00,644,Gaming,13.0,False,69,20,85700.0,11.358619773129229,2167.0,6927.653465346534,44275.66112956811,62248.0370994941,7.681560362559537,8.843420768159458,10.698212980401625,11.0388983459261,4760.653465346534,37348.00766422157,17972.37596992599,3.775190969212408,996.3946037099494,79.45193929173693,0.0160068437518337,0.0012763766215590862,0.017283220373392784
LJ0tXAsQeD0_first48h,LJ0tXAsQeD0,UCt-vZVeCLOuZEHvaHChJ8Rw,2026-05-15 13:10:01+00:00,489,Education,13.0,False,9,2,9620.0,9.171703488361265,2.604166666666667,3.0,17.448504983388705,21.0,1.2820905835898881,1.3862943611198906,2.9149833364927313,3.091042453358316,0.39583333333333304,14.448504983388705,3.5514950166112946,3.5514950166112946,1.0,,0.047619047619047616,0.0,0.047619047619047616
QIn6gwxBv9E_first48h,QIn6gwxBv9E,UCKaBwsEFNYwsq0BhENSWgFg,2026-05-15 13:15:03+00:00,6015,Film & Animation,13.0,False,54,28,68900.0,11.140425970684525,107.87619047619047,272.09090909090907,2253.126245847176,3507.3361134278566,4.69021136945218,5.6098047400856546,7.720517702723862,8.16289716230815,164.2147186147186,1981.035336756267,1254.2098675806806,7.637621512620401,35.0,1.0,0.009979083517545494,0.0002851166719298713,0.010264200189475365
ETWZeUF1vpk_first48h,ETWZeUF1vpk,UCm_jnI7ubEWq57tEk6pDHBw,2026-05-15 10:41:35+00:00,591,Film & Animation,10.0,False,72,8,10900.0,9.296609807128359,,,396.0,475.9632721202003,0.0,0.0,5.983936280687191,6.167439490272298,,,79.96327212020032,,8.0,1.0,0.01680801958597274,0.0021010024482465924,0.018909022034219333
3pfdR52vU24_first48h,3pfdR52vU24,UCcROiKMDrbgXtzShp2zkkYw,2026-05-15 09:46:08+00:00,516,Film & Animation,9.0,False,53,8,5900.0,8.682877107057168,,,552.0,754.0,0.0,0.0,6.315358001522335,6.626717749249025,,,202.0,,7.0,,0.009283819628647215,0.0,0.009283819628647215
o6xbsc30LUg_first48h,o6xbsc30LUg,UCXUVnTEsLZBim_WlWxBvEwA,2026-05-15 13:36:07+00:00,182,Entertainment,13.0,False,32,10,19600000.0,16.791040175221152,115.1980198019802,189.22772277227722,613.4020100502512,770.72,4.755295802981558,5.248221895390442,6.420649453394275,6.648621789934772,74.02970297029702,424.174287277974,157.31798994974883,2.1250657997759306,9.0,,0.011677392567988373,0.0,0.011677392567988373
BKtPN2DnZUg_first48h,BKtPN2DnZUg,UCpjS7XVpGomdr1vA7XRZeiA,2026-05-15 13:42:07+00:00,401,Sports,13.0,False,45,0,50.0,3.9318256327243257,4.91,6.0,90.98163606010017,111.49211618257262,1.776645831418007,1.9459101490553132,4.5215889490823145,4.722883140811739,1.0899999999999999,84.98163606010017,20.510480122472444,18.81695424080041,1.0,,0.008969244052758507,0.0,0.008969244052758507
A4ruitA6ov8_first48h,A4ruitA6ov8,UCy_iWstlraqSMNF-vh33AwA,2026-05-15 13:39:27+00:00,7887,People & Blogs,13.0,False,94,0,12400.0,9.425532393502772,140.0,356.66315789473686,1735.280701754386,2320.2325,4.948759890378168,5.879591643741319,7.459500576708117,7.749853573597032,216.66315789473686,1378.6175438596492,584.9517982456141,2.699821252166027,145.935,31.402499999999996,0.06289671401465155,0.013534204007572515,0.07643091802222407
j9MCNrxVKs8_first48h,j9MCNrxVKs8,UC8wAlSksnxQRAKtUinCfYpg,2026-05-15 13:48:41+00:00,522,Education,13.0,False,74,4,242000.0,12.396697137361691,135.7319587628866,340.7368421052632,1189.754590984975,1612.3794829024187,4.91802250399097,5.834040973342046,7.082342495214142,7.386086315738255,205.0048833423766,849.0177488797119,422.6248919174436,2.061535730403173,71.0,1.0,0.044034298843963225,0.0006202013921684962,0.044654500236131725
grOx4112iSE_first48h,grOx4112iSE,UCMqmTAEAnJ0Eg0PbSbbdMhw,2026-05-15 13:53:45+00:00,823,Education,13.0,False,99,20,2730000.0,14.819812533461441,86.22222222222223,206.125,7678.306666666667,10688.484647302905,4.468459140446189,5.333322475746727,8.946284544288657,9.277015793998531,119.90277777777777,7472.181666666667,3010.1779806362374,25.10515633103314,140.45477178423238,14.0,0.013140756282947391,0.0013098208457017067,0.014450577128649097
ugsJQGynz4I_first48h,ugsJQGynz4I,UCrQAVnFz4pxoAbNvHUoarUQ,2026-05-15 14:34:29+00:00,4601,Gaming,14.0,False,68,0,4630.0,8.440528106480752,15.2,46.4,194.44620517097582,284.93333333333334,2.785011242238338,3.858622228701031,5.275285176194632,5.65575868341467,31.2,148.0462051709758,90.48712816235752,2.9002284667422282,29.466666666666665,11.0,0.10341600374356574,0.0386055217594759,0.14202152550304165
HKtDdSXPte4_first48h,HKtDdSXPte4,UCHjbBVD4yRI7vU-S9Pwpnkw,2026-05-15 15:00:21+00:00,1028,Sports,15.0,False,79,22,885000.0,13.69334405393293,392.3131313131313,985.4571428571428,9104.414309484193,18252.253122398,5.974606066404266,6.8941198808870805,9.116624494639272,9.812098596407491,593.1440115440115,8118.95716662705,9147.838812913807,15.422626941981752,845.4945878434638,79.45628642797669,0.04632275161721962,0.004353231674749952,0.050675983291969574
vQ3pigNGV2I_first48h,vQ3pigNGV2I,UCqBrQ5NkAMNLj0HmORf_Tkw,2026-05-15 15:14:46+00:00,232,People & Blogs,15.0,False,78,0,5120.0,8.54110501146255,5.460000000000001,6.0,68.96511627906976,76.0,1.8656293177945107,1.9459101490553132,4.247996778966844,4.343805421853684,0.5399999999999991,62.96511627906976,7.034883720930239,7.034883720930239,1.0,,0.013157894736842105,0.0,0.013157894736842105
TT_23eaBc4w_first48h,TT_23eaBc4w,UCc_w9C7gVEeP-ZtSgoudvEQ,2026-05-15 15:23:02+00:00,726,Entertainment,15.0,False,43,0,1.0,0.6931471805599453,49.16,52.0,188.33110925771476,273.93333333333334,3.9152178963246653,3.970291913552122,5.24349738310578,5.6165286440346405,2.8400000000000034,136.33110925771476,85.60222407561858,30.14162819564031,0.0,,0.0,0.0,0.0
u9aVtQqSjZc_first48h,u9aVtQqSjZc,UCfDv_J11-Mbvxp0qtUaqtfg,2026-05-15 15:22:12+00:00,709,People & Blogs,15.0,False,14,0,60.0,4.110873864173311,2.0,4.0,12.0,13.0,1.0986122886681098,1.6094379124341003,2.5649493574615367,2.6390573296152584,2.0,8.0,1.0,0.5,0.0,,0.0,0.0,0.0
Vb-iKTXZdvI_first48h,Vb-iKTXZdvI,UCrMZ0Gyfqb4O9SAXmPhK-Zg,2026-05-15 15:40:41+00:00,1078,Film & Animation,15.0,False,75,63,24700.0,10.114599007626499,28.74736842105263,81.66336633663367,574.9592346089851,942.6955074875208,3.392740671643932,4.414776533352741,6.356036884943057,6.849803558485619,52.915997915581045,493.2958682723514,367.7362728785357,6.949434714718973,6.0,1.0,0.006364727478113528,0.0010607879130189212,0.007425515391132448
wjSlj-R2YjY_first48h,wjSlj-R2YjY,UCXm1PxGtg7tYnqc38QSe0uA,2026-05-15 15:44:00+00:00,1810,People & Blogs,15.0,False,61,0,58200.0,10.971657815702502,39.504672897196265,47.0,105.0,108.0,3.7014173476343983,3.871201010907891,4.663439094112067,4.6913478822291435,7.495327102803735,58.0,3.0,0.40024937655860365,0.0,,0.0,0.0,0.0
Q3kr4uvXJ_I_first48h,Q3kr4uvXJ_I,UCizfNyX_TBXo2AgyHLBDl5g,2026-05-15 15:56:21+00:00,2624,Education,15.0,False,99,28,94400.0,11.455306945297822,160.31372549019608,1007.8800000000001,27194.203164029976,58650.83860232945,5.083351074444605,6.916596083647619,10.210795882468243,10.97937420230858,847.5662745098041,26186.323164029975,31456.635438299476,37.11407164766276,1467.0299500831948,268.9467554076539,0.025012940736109584,0.004585556861875323,0.029598497597984906
PVXIUsWiB2k_first48h,PVXIUsWiB2k,UCPJmHIHYYOqVYy3g7rvUgdA,2026-05-15 16:08:41+00:00,740,Howto & Style,16.0,False,52,28,12800.0,9.45727857185611,3.8155339805825244,8.0,25.48293089092423,56.48540450375313,1.5718469384952916,2.1972245773362196,3.2765004081358775,4.051531080864483,4.184466019417476,17.48293089092423,31.0024736128289,7.408943810026396,8.0,,0.14162950713167763,0.0,0.14162950713167763
t23bU6S1D08_first48h,t23bU6S1D08,UCrK8qpdtAYU_fOqt5dbPArQ,2026-05-15 16:11:13+00:00,1538,People & Blogs,16.0,False,30,0,1540.0,7.340186835320115,7.092783505154638,9.0,28.0,30.0,2.0909727392790254,2.302585092994046,3.367295829986474,3.4339872044851463,1.907216494845362,19.0,2.0,1.048648648648648,0.0,,0.0,0.0,0.0
-fDin9O4sjY_first48h,-fDin9O4sjY,UCXnssuNZadEo3aZXEB4t72Q,2026-05-15 16:15:01+00:00,7290,People & Blogs,16.0,False,64,0,18500.0,9.825580063659602,81.38144329896907,159.61165048543688,416.7761194029851,484.0,4.41136020887108,5.07898934237738,6.034945689525711,6.184148890937483,78.23020718646781,257.1644689175482,67.2238805970149,0.8593084821670167,7.0,,0.014462809917355372,0.0,0.014462809917355372
osXzyfWHeOg_first48h,osXzyfWHeOg,UCSL7fa2GLhniFzw1_4EwQLw,2026-05-15 16:29:27+00:00,1053,News & Politics,16.0,False,65,31,183000.0,12.117246896289503,791.7307692307693,2111.057142857143,20827.45569620253,24494.31973355537,6.675483654821815,7.6554177007371935,9.944075393062198,10.106237347000564,1319.3263736263737,18716.39855334539,3666.8640373528397,2.779345665071406,1598.7169025811822,167.0,0.0652688835604224,0.006817907246112354,0.07208679080653475
ZT5S3PLYd58_first48h,ZT5S3PLYd58,UCurRN6SRw1LdlizOIyw15MQ,2026-05-15 17:00:47+00:00,97,People & Blogs,17.0,True,56,15,23800.0,10.077482875583607,124.4,128.0,156.275,163.0,4.83150862819882,4.859812404361672,5.0579958654560935,5.099866427824199,3.5999999999999943,28.275000000000006,6.724999999999994,1.868055555555557,0.0,,0.0,0.0,0.0
diDxTMNrhdg_first48h,diDxTMNrhdg,UCBBzYFEv4dR127L-XIHqCEw,2026-05-15 17:13:10+00:00,1698,Howto & Style,17.0,False,52,24,20.0,3.044522437723423,2.0,4.0,11.931005818786367,19.0,1.0986122886681098,1.6094379124341003,2.559627979300959,2.995732273553991,2.0,7.9310058187863675,7.0689941812136325,3.5344970906068163,0.0,1.0,0.0,0.05263157894736842,0.05263157894736842
JvfdAJTChyc_first48h,JvfdAJTChyc,UC2f1cC0H-DVkiBNPjy7xxCA,2026-05-15 17:35:02+00:00,3474,People & Blogs,17.0,False,69,0,531.0,6.2766434893416445,3.0,3.6599999999999993,11.0,15.0,1.3862943611198906,1.5390154481375544,2.4849066497880004,2.772588722239781,0.6599999999999993,7.340000000000001,4.0,4.0,2.0,,0.13333333333333333,0.0,0.13333333333333333
ZjsEORsO-CQ_first48h,ZjsEORsO-CQ,UC22FMhcqiuFGlI445MINxTg,2026-05-15 17:53:02+00:00,135,Sports,17.0,False,56,0,82.0,4.418840607796598,0.0,3.8599999999999994,79.0,91.0,0.0,1.5810384379124023,4.382026634673881,4.5217885770490405,3.8599999999999994,75.14,12.0,3.108808290155441,3.0,,0.03296703296703297,0.0,0.03296703296703297
0od8ZDF9Ntg_first48h,0od8ZDF9Ntg,UCZxQdmgzby-iGjg1X4s564w,2026-05-15 18:09:43+00:00,806,People & Blogs,18.0,False,20,0,4.0,1.6094379124341003,4.0,5.0,12.0,13.0,1.6094379124341003,1.791759469228055,2.5649493574615367,2.6390573296152584,1.0,7.0,1.0,1.0,0.0,,0.0,0.0,0.0
XE_RwmjcZNY_first48h,XE_RwmjcZNY,UC6fUGVKNeGFpD5VdkMgFb_g,2026-05-15 18:09:58+00:00,2283,People & Blogs,18.0,False,25,0,20.0,3.044522437723423,1.0,1.0,3.0,3.0,0.6931471805599453,0.6931471805599453,1.3862943611198906,1.3862943611198906,0.0,2.0,0.0,0.0,0.0,,0.0,0.0,0.0
srhNpvmsBgg_first48h,srhNpvmsBgg,UCMXR0GRIKcohg_YTzabuzvA,2026-05-15 09:56:53+00:00,678,Entertainment,9.0,False,29,57,126000.0,11.744045122410057,,,661.9068219633943,983.5207641196013,0.0,0.0,6.496634440284142,6.892154988887342,,,321.6139421562069,,24.206810631229235,2.0,0.02461240424638921,0.0020335107025323458,0.026645914948921556
aCOlfP27Rfg_first48h,aCOlfP27Rfg,UCiT6tg7cpH6Q83QHFr_kVUA,2026-05-15 18:40:57+00:00,10,People & Blogs,18.0,True,31,0,5.0,1.791759469228055,2.0,2.0,4.0,26.0,1.0986122886681098,1.0986122886681098,1.6094379124341003,3.295836866004329,0.0,2.0,22.0,22.0,5.0,,0.19230769230769232,0.0,0.19230769230769232
IVMFNCiM3Rs_first48h,IVMFNCiM3Rs,UCrNnmm8f6PXQJ747XCJSq6Q,2026-05-15 18:45:00+00:00,371,People & Blogs,18.0,False,96,0,47.0,3.871201010907891,0.0,0.0,2.0,2.0,0.0,0.0,1.0986122886681098,1.0986122886681098,0.0,2.0,0.0,0.0,0.0,,0.0,0.0,0.0
jDQ8fLZcHDI_first48h,jDQ8fLZcHDI,UC_GcrznCXn6b-i1Y7DOn54A,2026-05-15 19:14:30+00:00,4376,Film & Animation,19.0,False,80,27,2560000.0,14.75551820708067,32.0,42.0,114.0,125.0,3.4965075614664802,3.7612001156935624,4.74493212836325,4.836281906951478,10.0,72.0,11.0,1.1,0.0,,0.0,0.0,0.0
MjFrWpJX1PU_first48h,MjFrWpJX1PU,UC_GcrznCXn6b-i1Y7DOn54A,2026-05-15 19:11:32+00:00,3504,Film & Animation,19.0,False,67,27,2560000.0,14.75551820708067,25.0,37.0,87.0,96.0,3.258096538021482,3.6375861597263857,4.477336814478207,4.574710978503383,12.0,50.0,9.0,0.75,0.0,,0.0,0.0,0.0
17djsS20gUQ_first48h,17djsS20gUQ,UCXjk9RSGtUWbll5iN_Fgmqw,2026-05-15 19:29:00+00:00,742,Education,19.0,False,24,1,177000.0,12.083910661257521,4.0,5.0,78.58479532163742,146.0,1.6094379124341003,1.791759469228055,4.3768230610576575,4.990432586778736,1.0,73.58479532163742,67.41520467836258,67.41520467836258,2.0,1.0,0.0136986301369863,0.00684931506849315,0.02054794520547945
yoy7KdXBGmY_first48h,yoy7KdXBGmY,UCfsffkPNp4LiiSb0EZM8WzA,2026-05-15 20:00:43+00:00,8899,Entertainment,20.0,False,40,0,2.0,1.0986122886681098,0.0,0.0,122.0,127.0,0.0,0.0,4.812184355372417,4.852030263919617,0.0,122.0,5.0,5.0,3.0,,0.023622047244094488,0.0,0.023622047244094488
onCla0jYemA_first48h,onCla0jYemA,UC_GcrznCXn6b-i1Y7DOn54A,2026-05-15 20:31:45+00:00,7392,Film & Animation,20.0,False,81,27,2560000.0,14.75551820708067,58.16,181.14705882352942,4814.067331670823,5565.0,4.080245637842599,5.2048143763219,8.479505307866713,8.624431942085836,122.98705882352942,4632.920272847293,750.9326683291774,6.105786051902168,74.0,1.0,0.013297394429469901,0.00017969451931716083,0.013477088948787063
hHDuXWgy6UE_first48h,hHDuXWgy6UE,UC_GcrznCXn6b-i1Y7DOn54A,2026-05-15 21:42:03+00:00,3537,Film & Animation,21.0,False,82,27,2560000.0,14.75551820708067,36.27272727272727,40.0,130.95170691090757,141.0,3.618261886899983,3.713572066704308,4.882435998908919,4.955827057601261,3.7272727272727266,90.95170691090757,10.048293089092425,2.6958835117077244,1.0,1.0,0.0070921985815602835,0.0070921985815602835,0.014184397163120567
IN37bk0AzLc_first48h,IN37bk0AzLc,UCKqC0XCrzP8eD4wTv6FYa9g,2026-05-15 22:00:00+00:00,53,People & Blogs,22.0,True,100,11,1270.0,7.147559271189454,15.425742574257425,24.0,55.0,57.904841402337226,2.7988497733491853,3.2188758248682006,4.02535169073515,4.075923284263208,8.574257425742575,31.0,2.904841402337226,0.33878635292847553,3.0,,0.051809139397434055,0.0,0.051809139397434055
HVIV34M-wHw_first48h,HVIV34M-wHw,UCECthTp9Kjh65crl8AcseyA,2026-05-15 22:00:17+00:00,976,Education,22.0,False,32,27,1800.0,7.496097345175956,0.0,0.45544554455445513,19.44000000000001,41.0,0.0,0.3753120699374766,3.0174937653355043,3.7376696182833684,0.45544554455445513,18.984554455445554,21.55999999999999,21.55999999999999,4.0,,0.0975609756097561,0.0,0.0975609756097561
PSevinBYfT0_first48h,PSevinBYfT0,UC9LQwHZoucFT94I2h6JOcjw,2026-05-15 22:10:36+00:00,338,Sports,22.0,False,78,31,12200000.0,16.316946591670696,3561.757575757576,6831.15306122449,30503.941666666666,34767.19866444074,8.178290123930283,8.829395138792462,10.325643971329303,10.456458416482437,3269.3954854669137,23672.788605442176,4263.256997774071,1.303989381745054,605.4524207011686,751.9048414023372,0.017414472375089984,0.02162684571338133,0.03904131808847132
pGX34Qu9Btk_first48h,pGX34Qu9Btk,UCQK2si_zQf-jPB6iIEv3inw,2026-05-15 22:25:41+00:00,37041,Film & Animation,22.0,False,82,0,122000.0,11.711784520403112,366.3265306122449,816.4040404040404,4679.0,8633.39534883721,5.9062511816688525,6.706133514112872,8.451053388911692,9.063508964832822,450.07750979179553,3862.5959595959594,3954.39534883721,8.786031878523548,48.97674418604652,3.0,0.005672941201823099,0.00034748785139372256,0.0060204290532168215
idNpTUrr3r0_first48h,idNpTUrr3r0,UC5l7RouTQ60oUjLjt1Nh-UQ,2026-05-15 22:24:58+00:00,893,Science & Technology,22.0,False,49,31,544000.0,13.206706364071684,1535.408163265306,4883.484848484848,32344.2,41865.46076794658,7.337202609699828,8.493819103129919,10.384220911794879,10.642240326372972,3348.076685219542,27460.715151515153,9521.260767946576,2.8438000867719797,1246.7996661101836,66.95993322203672,0.029781104596483265,0.0015994075305461157,0.03138051212702938
Xnk3RVf4ZfU_first48h,Xnk3RVf4ZfU,UClLU_otME9TEsCuqIPln-wg,2026-05-15 22:34:00+00:00,1468,News & Politics,22.0,False,90,0,11500.0,9.350189267092581,16.08823529411765,122.83,835.0,1645.0,2.8383902322357497,4.818909657227008,6.728628613084702,7.406103381237015,106.74176470588235,712.17,810.0,7.588407426389142,6.0,,0.00364741641337386,0.0,0.00364741641337386
U9MlARQ63bs_first48h,U9MlARQ63bs,UCdXEWCjgRIXimqsYRwGcc9Q,2026-05-15 22:35:01+00:00,1116,People & Blogs,22.0,False,91,0,33.0,3.5263605246161616,0.0,0.0,3847.0,5934.0,0.0,0.0,8.255308811785596,8.688622307043769,0.0,3847.0,2087.0,2087.0,28.0,1.0,0.0047185709470845974,0.00016852039096730705,0.004887091338051905
q1tShLk92bg_first48h,q1tShLk92bg,UChlARp4TpO2G0LGey5b0e_w,2026-05-15 22:47:36+00:00,259,People & Blogs,22.0,False,14,0,272.0,5.60947179518496,2.0,2.0,12.0,43.0,1.0986122886681098,1.0986122886681098,2.5649493574615367,3.784189633918261,0.0,10.0,31.0,31.0,2.0,2.0,0.046511627906976744,0.046511627906976744,0.09302325581395349
ZrFcBbosogE_first48h,ZrFcBbosogE,UCdGhWSbGrDF5nJDI7NYU0GQ,2026-05-15 22:57:52+00:00,444,Science & Technology,22.0,False,41,3,157.0,5.062595033026967,1.0,2.0,4.0,9.0,0.6931471805599453,1.0986122886681098,1.6094379124341003,2.302585092994046,1.0,2.0,5.0,5.0,0.0,,0.0,0.0,0.0
jbfymzxFYpo_first48h,jbfymzxFYpo,UCjZ28F4BAnRBQj38kMVB-Sw,2026-05-15 22:58:20+00:00,178,News & Politics,22.0,False,97,0,70300.0,11.160541302448653,3.0,4.894736842105263,24.48914858096828,41.0,1.3862943611198906,1.7740598921286541,3.238252815749671,3.7376696182833684,1.8947368421052628,19.594411738863016,16.51085141903172,8.714060471155632,0.0,,0.0,0.0,0.0
9BswkBn8DeQ_first48h,9BswkBn8DeQ,UCjQ6TDtfKq5Vsyqpzk2NrMg,2026-05-15 23:30:02+00:00,530,Education,23.0,False,55,16,283.0,5.648974238161206,4.0,6.0,38.465833333333336,47.0,1.6094379124341003,1.9459101490553132,3.6754353186940087,3.871201010907891,2.0,32.465833333333336,8.534166666666664,4.267083333333332,3.0,,0.06382978723404255,0.0,0.06382978723404255
NH6tSnwHZ_c_first48h,NH6tSnwHZ_c,UClPZECXX3FfZWvuThCpoGaA,2026-05-15 23:30:01+00:00,209,People & Blogs,23.0,False,51,0,2930.0,7.983098940710892,26.254545454545458,49.78846153846154,215.465,222.0,3.305220312870127,3.927669193715705,5.377428871556151,5.407171771460119,23.533916083916083,165.67653846153846,6.534999999999997,0.2776843418960879,76.0,2.0,0.34234234234234234,0.009009009009009009,0.35135135135135137
nNRwDBzARA4_first48h,nNRwDBzARA4,UCdDKJ7BIqSOdP16eMsTtK2g,2026-05-15 23:46:06+00:00,1311,News & Politics,23.0,False,88,23,12800.0,9.45727857185611,40.01941747572814,1458.6153846153845,17175.0,18562.888240200165,3.714045551561638,7.285928244802294,9.751268339558617,9.82897348009947,1418.5959671396563,15716.384615384615,1387.8882402001655,0.9783534370244916,159.0,1.0,0.008565477416152644,5.387092714561411e-05,0.008619348343298257
kadbSjGJpgk_first48h,kadbSjGJpgk,UCdsi_mZ-1KZjHXI2BKqdcGg,2026-05-15 23:50:35+00:00,5805,People & Blogs,23.0,False,86,0,6460.0,8.773539383558166,216.90196078431373,1410.7777777777778,12508.645885286784,38337.421227197345,5.384045240461321,7.25260502449026,9.434255296528487,10.554207837535758,1193.875816993464,11097.868107509006,25828.77534191056,21.634390255893727,403.3482587064677,7.898839137645106,0.010521006520394862,0.0002060347014692138,0.010727041221864075
e5CJEC4KsFo_first48h,e5CJEC4KsFo,UCCf_k2G-Do3GAfFnSfQJTdw,2026-05-16 00:00:42+00:00,1172,Education,0.0,False,90,45,46.0,3.8501476017100584,0.0,4.0,14.0,14.0,0.0,1.6094379124341003,2.70805020110221,2.70805020110221,4.0,10.0,0.0,0.0,1.0,2.0,0.07142857142857142,0.14285714285714285,0.21428571428571427
GGkjXFjL5vA_first48h,GGkjXFjL5vA,UCsmZS0rXfOJx6RnUHcnAyMA,2026-05-16 00:00:13+00:00,3245,Education,0.0,False,29,15,95.0,4.564348191467836,2.0,3.0,28.0,70.48916666666666,1.0986122886681098,1.3862943611198906,3.367295829986474,4.269545923068867,1.0,25.0,42.48916666666666,42.48916666666666,6.0,1.0,0.08511946280161255,0.014186577133602092,0.09930603993521464
CQwmf0yjo9g_first48h,CQwmf0yjo9g,UCt8u7fTl6IQqRzB9B_ZfX3A,2026-05-16 00:00:19+00:00,27,Travel & Events,0.0,True,46,0,30800.0,10.335302435967074,653.5294117647059,1080.5454545454545,5448.466666666666,9884.375415282391,6.4839165221014845,6.986146273678155,8.603273023541536,9.198811713162002,427.01604278074865,4367.921212121211,4435.908748615725,10.388154786243808,349.890365448505,8.0,0.03539832824515486,0.0008093581702320889,0.03620768641538695
aLe0H7zbRro_first48h,aLe0H7zbRro,UCAvR95D5DvjDTw30sjXJFgg,2026-05-16 00:00:18+00:00,48,People & Blogs,0.0,False,13,0,671.0,6.51025834052315,0.0,1.2727272727272743,2.0,2.0,0.0,0.8209805520698309,1.0986122886681098,1.0986122886681098,1.2727272727272743,0.7272727272727257,0.0,0.0,1.0,,0.5,0.0,0.5
t-yiV1ciBzk_first48h,t-yiV1ciBzk,UCAb4rGHWoC7jrUvkN2HkE7w,2026-05-16 00:08:08+00:00,3081,People & Blogs,0.0,False,37,0,7120.0,8.870803443982124,54.05,206.03061224489795,1169.7966666666666,1455.4,4.008241863168689,5.332866667572477,7.065439707757534,7.283722916301278,151.98061224489794,963.7660544217687,285.60333333333347,1.879208993270267,53.0,,0.03641610553799642,0.0,0.03641610553799642
N2yO6rVO1qY_first48h,N2yO6rVO1qY,UCryVq2PKWkDBao4gI7Ww5tg,2026-05-16 00:15:01+00:00,4669,Film & Animation,0.0,False,63,1,7350.0,8.902591637374087,19.25,57.0,163.0,173.0,3.0081547935525483,4.060443010546419,5.099866427824199,5.159055299214529,37.75,106.0,10.0,0.26490066225165565,3.0,1.0,0.017341040462427744,0.005780346820809248,0.023121387283236993
K1_T0Kxy3Pk_first48h,K1_T0Kxy3Pk,UCF4Wxdo3inmxP-Y59wXDsFw,2026-05-16 00:30:25+00:00,286,News & Politics,0.0,False,45,30,6170000.0,15.635209557956111,4269.830357142857,9106.1,17049.0125,21908.13450292398,8.3595635503483,9.116809608071934,9.743906215849224,9.994658929432457,4836.2696428571435,7942.9125,4859.122002923978,1.004725203877039,592.4619883040936,258.0,0.02704301401039054,0.011776447691863765,0.0388194617022543
KNRtvA81qAs_first48h,KNRtvA81qAs,UCG4kGP4ETdKzseQshMCCBKg,2026-05-16 00:40:17+00:00,237,News & Politics,0.0,False,25,12,296000.0,12.598118111678868,61.25806451612903,162.79611650485438,581.5845129059118,721.0,4.131288077413785,5.098622462376339,6.367474261449576,6.582025138892826,101.53805198872536,418.7883964010574,139.41548709408823,1.3730368503580188,55.0,2.0,0.07628294036061026,0.0027739251040221915,0.07905686546463246
mj8dwrxWUBE_first48h,mj8dwrxWUBE,UCD9MHz39P05QpzYbHMqKHRg,2026-05-16 00:45:05+00:00,566,People & Blogs,0.0,False,31,0,2.0,1.0986122886681098,0.0,0.0,1.0,3.0,0.0,0.0,0.6931471805599453,1.3862943611198906,0.0,1.0,2.0,2.0,0.0,,0.0,0.0,0.0
r_aLH-OwJW4_first48h,r_aLH-OwJW4,UCaXR4nSPYe1jKhAbi2tA85Q,2026-05-16 00:45:07+00:00,1162,Film & Animation,0.0,False,38,28,94500.0,11.456365695436427,35.05154639175258,114.60606060606062,763.2766666666666,1088.1466666666668,3.584949758559993,4.750188382252078,6.638929852758439,6.993149793999086,79.55451421430804,648.670606060606,324.8700000000001,4.083614904929827,14.0,1.0,0.012865912683339255,0.0009189937630956611,0.013784906446434916
crT0PJ-XhsA_first48h,crT0PJ-XhsA,UC7Qr4tQazxWR50nG1-KdXBw,2026-05-16 01:00:37+00:00,20,Pets & Animals,1.0,True,100,13,674000.0,13.420986873572868,536.22,1861.9708737864075,19291.642737896495,27227.714522821578,6.286407694037966,7.529927736440947,9.867479096925432,10.212027376430866,1325.7508737864075,17429.67186411009,7936.071784925083,5.986095835833233,462.39253112033197,8.0,0.01698242174284464,0.0002938182708392437,0.017276240013683886
S4m0RhzphyA_first48h,S4m0RhzphyA,UCf91b_29YvfEf3WiQVB93yQ,2026-05-16 01:00:25+00:00,24,Autos & Vehicles,1.0,True,17,0,5760.0,8.658866349732383,384.6,744.0873786407767,1022.0,1029.9651162790697,5.9548005627363905,6.613501498268148,6.930494765951626,6.9382506486036855,359.4873786407767,277.9126213592233,7.965116279069662,0.022156873237624643,12.0,,0.011650880025288734,0.0,0.011650880025288734
6RXaSRXlEgM_first48h,6RXaSRXlEgM,UCM_Qka_P2Sjyy6zlKR-UWcw,2026-05-16 01:03:25+00:00,619,People & Blogs,1.0,False,65,0,32.0,3.4965075614664802,0.0,0.0,1.0,2.0,0.0,0.0,0.6931471805599453,1.0986122886681098,0.0,1.0,1.0,1.0,0.0,,0.0,0.0,0.0
4y-787PoFvg_first48h,4y-787PoFvg,UCWjeQjXU-wUddMeeEtHnL3A,2026-05-16 01:15:00+00:00,2012,People & Blogs,1.0,False,47,19,4130.0,8.326274787396764,4.588235294117647,8.0,32.0,37.4675540765391,1.7206635475443246,2.1972245773362196,3.4965075614664802,3.64981513472053,3.4117647058823533,24.0,5.467554076539102,1.6025589534683573,1.0,,0.026689759303668178,0.0,0.026689759303668178
nmCF87MmbQc_first48h,nmCF87MmbQc,UCejiBH2HaVENsgNBBipTR6Q,2026-05-16 01:30:39+00:00,1099,People & Blogs,1.0,False,55,10,334.0,5.814130531825066,12.571428571428571,16.0,97.86488740617182,140.0,2.6079667425452273,2.833213344056216,4.593754144307752,4.948759890378168,3.428571428571429,81.86488740617182,42.13511259382818,12.289407839866552,,9.0,0.0,0.06428571428571428,0.06428571428571428
krWgX6U7FJI_first48h,krWgX6U7FJI,UCFoyS8M_EtXUd1uDep1ZpyA,2026-05-16 01:32:44+00:00,51,People & Blogs,1.0,False,39,0,0.0,0.0,0.0,0.0,0.0,0.0,0.0,0.0,0.0,0.0,0.0,0.0,0.0,0.0,0.0,,0.0,0.0,0.0
OBUYnGUCr-4_first48h,OBUYnGUCr-4,UC80ztI40QAXzWL94eoRzWow,2026-05-16 01:50:00+00:00,3280,Film & Animation,1.0,False,83,96,757000.0,13.537119853422677,252.97979797979798,460.61386138613864,1217.9715956558061,1308.4688279301745,5.5372547283428135,6.134728743742462,7.1057628278609855,7.177376859105575,207.63406340634066,757.3577342696675,90.49723227436834,0.43584964234536466,25.0,,0.01910630155366155,0.0,0.01910630155366155
W1bXOSdjzwQ_first48h,W1bXOSdjzwQ,UClw1kjaQzOZHaPJInykzvYw,2026-05-16 01:53:27+00:00,857,People & Blogs,1.0,False,59,0,2210.0,7.701200180857446,42.42424242424242,147.24752475247524,1041.8318068276437,1349.035175879397,3.771017866361692,4.99888334129646,6.949695182963238,7.207885927299979,104.82328232823282,894.5842820751685,307.20336905175327,2.9306787788786113,62.47319932998325,6.0,0.04630954066061234,0.004447623091880294,0.05075716375249264
v3tB2DtFfLQ_first48h,v3tB2DtFfLQ,UCMPOuf_7-Y13BbyaBU82Sew,2026-05-16 02:00:13+00:00,7004,People & Blogs,2.0,False,82,10,17600.0,9.77571099759397,106.42424242424242,222.56,746.3161397670549,903.0,4.676785877499747,5.409679834401498,6.616488308143214,6.806829360392176,116.13575757575758,523.756139767055,156.6838602329451,1.3491439975387187,10.0,,0.01107419712070875,0.0,0.01107419712070875
QrcyaSK_C-c_first48h,QrcyaSK_C-c,UCaCMCvCPVMLOhX7lB4LzSSg,2026-05-16 02:00:33+00:00,7172,Film & Animation,2.0,False,74,17,10.0,2.3978952727983707,1.0,1.0808080808080818,556.0,696.9334442595674,0.6931471805599453,0.7327563186549916,6.322565239927284,6.548123746152418,0.08080808080808177,554.9191919191919,140.9334442595674,140.9334442595674,6.0,,0.008609143454687399,0.0,0.008609143454687399
P66Kfw0vb7Q_first48h,P66Kfw0vb7Q,UCP8YFuAGFPT544GT5JPBJdA,2026-05-16 02:13:21+00:00,12,Pets & Animals,2.0,True,69,0,1650.0,7.409136443920128,30.273684210526316,30.1747572815534,58.0,66.0,3.4427769838620668,3.4396087058598783,4.07753744390572,4.204692619390966,0.0,27.8252427184466,8.0,8.0,,2.0,0.0,0.030303030303030304,0.030303030303030304
6e3GFUkGzPg_first48h,6e3GFUkGzPg,UC4dz9pBMw3XySCH2W9T1sKQ,2026-05-16 02:16:48+00:00,12,Entertainment,2.0,True,31,0,876.0,6.776506992372183,982.16,1291.1941747572814,1448.4925,2615.2982456140353,6.890771873941723,7.164096963109943,7.278968774150325,7.869515714340888,309.03417475728145,157.29832524271865,1166.8057456140352,3.775652794809688,28.47368421052632,3.0,0.010887356445207686,0.0011470967049479444,0.01203445315015563
IbAn1DFjM8Y_first48h,IbAn1DFjM8Y,UCGRAGBgAzx7197NCbaJX7ag,2026-05-16 02:39:19+00:00,98,People & Blogs,2.0,False,44,0,4.0,1.6094379124341003,0.0,0.0,0.0,0.0,0.0,0.0,0.0,0.0,0.0,0.0,0.0,0.0,0.0,,0.0,0.0,0.0
F5_x_6nLi90_first48h,F5_x_6nLi90,UCxONcDcOeaY-CB5Zj20zWDQ,2026-05-16 02:49:42+00:00,1303,People & Blogs,2.0,False,44,0,132.0,4.890349128221754,0.0,0.0,13.597002497918403,37.3511259382819,0.0,0.0,2.680816199273891,3.646783886920272,0.0,13.597002497918403,23.7541234403635,23.7541234403635,0.0,,0.0,0.0,0.0
SzmY2zii-t4_first48h,SzmY2zii-t4,UCa1akw0pJYIw89oeDjrsuTQ,2026-05-16 03:00:23+00:00,147,People & Blogs,3.0,False,6,0,0.0,0.0,0.0,0.0,0.0,0.0,0.0,0.0,0.0,0.0,0.0,0.0,0.0,0.0,0.0,,0.0,0.0,0.0
PVLQIK9E_7g_first48h,PVLQIK9E_7g,UCqaZlsyggpisWGozbyAgdbw,2026-05-16 02:55:52+00:00,1518,Education,2.0,False,36,0,96600.0,11.478344372113902,138.07142857142858,316.5242718446602,1584.442595673877,2098.048414023372,4.9349876757569415,5.760554262165678,7.368618887503893,7.649239384834944,178.4528432732316,1267.9183238292167,513.6058183494952,2.878103867267087,46.0,1.0,0.02192513751948508,0.00047663342433663215,0.02240177094382171
5DwN7_azqVk_first48h,5DwN7_azqVk,UCVDUN_yGSR_u-pV0n2kGhkw,2026-05-16 03:02:58+00:00,11754,People & Blogs,3.0,False,67,11,96199.0,11.474184636653797,1001.0388349514564,2619.9207920792082,14793.435215946844,16902.485049833886,6.909792038330343,7.871280982370462,9.602006390124377,9.735275095618077,1618.8819571277518,12173.514423867635,2109.049833887042,1.302781728217513,185.0,13.0,0.010945136141494066,0.0007691176748076912,0.011714253816301758
ZoaDXm-gYHQ_first48h,ZoaDXm-gYHQ,UCKnniBAOZslhdh9JTT6Sbcg,2026-05-16 03:03:03+00:00,11754,People & Blogs,3.0,False,92,13,76900.0,11.250274159310356,380.8252427184466,1223.2549019607843,5081.070598006644,5581.0,5.9449630241361255,7.110087694626511,8.533474055559818,8.627302414096267,842.4296592423377,3857.81569604586,499.9294019933559,0.5934375606421326,39.0,6.0,0.006987994982977961,0.0010750761512273786,0.00806307113420534
8ro5wWLZqT8_first48h,8ro5wWLZqT8,UCpu3bemTQwAU8PqM4kJdoEQ,2026-05-16 03:13:04+00:00,673,News & Politics,3.0,False,59,8,3220000.0,14.984892228079548,214.5242718446602,463.6153846153846,945.4601844090528,953.0,5.373073533571132,6.141209933467324,6.852728903635733,6.860663671448287,249.09111277072438,481.8447997936682,7.539815590947228,0.030269307913394897,15.0,,0.015739769150052464,0.0,0.015739769150052464
Vp9OhGj2LnQ_first48h,Vp9OhGj2LnQ,UCS-dDfoGUYIO1GIbGZYUcQw,2026-05-16 03:13:07+00:00,532,Film & Animation,3.0,False,38,11,2140.0,7.669028288589683,20.0,84.31067961165047,447.42201834862385,742.08153078203,3.044522437723423,4.4462996472662075,6.105734794248951,6.610805770571184,64.31067961165047,363.1113387369734,294.6595124334061,4.581813070748919,24.923460898502498,5.0,0.033585879535685696,0.00673780412609223,0.04032368366177793
yJB3VjOYkC8_first48h,yJB3VjOYkC8,UCvZxV5OJQayc91h6IGsWKAQ,2026-05-16 03:36:32+00:00,1207,Education,3.0,False,97,20,5180.0,8.552753366814787,21.0,43.07692307692307,169.35,200.3461217681401,3.091042453358316,3.7859363592532027,5.137855144106975,5.305025425965405,22.076923076923073,126.27307692307693,30.996121768140114,1.4040055156300402,14.482902418682235,10.0,0.07228940740586558,0.0499136190496014,0.12220302645546699
FAeSTBZT3Dc_first48h,FAeSTBZT3Dc,UCcwD5Szdd9qvAY6hDD9g21A,2026-05-16 03:50:29+00:00,3071,People & Blogs,3.0,False,58,27,475000.0,13.07107218827772,65.8019801980198,248.73584905660377,627.9133333333333,644.0,4.201732723786166,5.520403755489381,6.4439934623635695,6.4692503167957724,182.93386885858396,379.1774842767295,16.0866666666667,0.08793706035432078,11.0,1.0,0.017080745341614908,0.0015527950310559005,0.018633540372670808
pzzGxaqRKqE_first48h,pzzGxaqRKqE,UCOOBxdh2hM8UPmRWFleTz2A,2026-05-16 03:58:14+00:00,1636,Entertainment,3.0,False,12,0,8400.0,9.036106025364846,14.0,14.0,46.0,53.0,2.70805020110221,2.70805020110221,3.8501476017100584,3.9889840465642745,0.0,32.0,7.0,7.0,0.0,,0.0,0.0,0.0
b6GCP9otK_Y_first48h,b6GCP9otK_Y,UCPRWWKG0VkBA0Pqa4Jr5j0Q,2026-05-16 04:00:37+00:00,742,People & Blogs,4.0,False,44,29,2800000.0,14.845130332288226,4455.857142857143,9756.102040816326,33817.04991680533,58900.07679465776,8.4021991201235,9.185750713269552,10.428749960139786,10.983614651215484,5300.244897959183,24060.947875989004,25083.026877852433,4.7324279086633245,826.2245409015026,153.0,0.01402756305024786,0.002597619703169506,0.016625182753417365
gXKVMq0-tmY_first48h,gXKVMq0-tmY,UC_6NBDDE1RMtl_u37HQeTFQ,2026-05-16 04:00:39+00:00,16,Entertainment,4.0,True,55,98,26900.0,10.199918739620157,35.5,126.46464646464646,303.0,326.889816360601,3.597312260588446,4.847839043518321,5.717027701406222,5.792677626218581,90.96464646464646,176.53535353535352,23.889816360601003,0.2626274853922047,0.0,,0.0,0.0,0.0
b7f1BeiYSm4_first48h,b7f1BeiYSm4,UCcbjV9pxJa5y7pTINthXyrw,2026-05-16 04:17:16+00:00,90,News & Politics,4.0,False,34,83,544000.0,13.206706364071684,19.755102040816325,22.0,235.0,281.95986622073576,3.0327920979379335,3.1354942159291497,5.4638318050256105,5.64530507211204,2.2448979591836746,213.0,46.95986622073576,20.9184858619641,3.0,,0.010639812113016869,0.0,0.010639812113016869
MoyBWAscouI_first48h,MoyBWAscouI,UCEsPWx1K7BQIUSyDnxH2OBg,2026-05-16 03:23:34+00:00,3036,Gaming,3.0,False,17,0,1350.0,7.208600337960199,,108.61,129.46321070234114,133.0,0.0,4.696928611227632,4.871091276691675,4.897839799950911,,20.853210702341144,3.5367892976588564,,11.0,,0.08270676691729323,0.0,0.08270676691729323
PROqe10b7Kc_first48h,PROqe10b7Kc,UCQK2si_zQf-jPB6iIEv3inw,2026-05-16 04:32:31+00:00,11754,Film & Animation,4.0,False,58,0,122000.0,11.711784520403112,685.8712871287129,1683.8400000000001,8206.073394495414,9917.276063386154,6.532146919689173,7.42942588278829,9.01275167050375,9.202134401243894,997.9687128712873,6522.233394495413,1711.2026688907408,1.7146856878582752,91.48707256046706,6.0,0.009225020255131399,0.0006050048381885378,0.009830025093319936
SMmvzFworFE_first48h,SMmvzFworFE,UC84IKRquTBFrGgWIIH2R3Mg,2026-05-16 04:34:52+00:00,531,People & Blogs,4.0,False,39,0,220.0,5.3981627015177525,26.54368932038835,31.455445544554458,77.19099249374479,95.46031746031746,3.3157734465792155,3.4798682424625156,4.359154455414921,4.569131705743822,4.911756224166108,45.73554694919033,18.26932496657267,3.7195097095182765,0.0,,0.0,0.0,0.0
4kDz-VuuQCM_first48h,4kDz-VuuQCM,UCirE2xLmVE5i8xSi_7bpvsA,2026-05-16 04:39:18+00:00,1674,People & Blogs,4.0,False,68,0,30500.0,10.32551474894327,541.4040404040404,1394.093023255814,7359.725833333334,10013.078792958928,6.296011185720935,7.240716375369732,8.903913825519842,9.211747261139235,852.6889828517735,5965.63281007752,2653.352959625594,3.1117476746932913,176.88683989941325,34.0,0.01766557954420551,0.0033955590186615105,0.02106113856286702
eB1vXsbjT4E_first48h,eB1vXsbjT4E,UC4upfPJ1tba-hS6YezR3eLQ,2026-05-16 04:01:50+00:00,2180,News & Politics,4.0,False,48,12,127000.0,11.751950239425476,,4253.079207920792,16747.386023294508,18495.098662207358,0.0,8.355633615220311,9.726057175792358,9.825315105703517,,12494.306815373715,1747.7126389128498,,1518.0,58.0,0.08207579898461755,0.0031359659691092344,0.08521176495372679
MCHnJLjMEBc_first48h,MCHnJLjMEBc,UCPI-KllDekRxVknYPebalsw,2026-05-16 05:03:58+00:00,1308,Travel & Events,5.0,False,47,13,15500.0,9.648659816955295,46.666666666666664,313.00000000000006,6458.2375,8228.26794657763,3.8642323415917974,5.749392985908254,8.773266555754352,9.01545234033185,266.33333333333337,6145.2375,1770.030446577629,6.645921576636904,111.0,7.473288814691151,0.013490080867647008,0.0009082456797969863,0.014398326547443992
nIA-Rp1pTME_first48h,nIA-Rp1pTME,UCmun9nQarOveaLLPgGrxrbw,2026-05-16 05:15:06+00:00,34,Science & Technology,5.0,False,88,17,3390.0,8.128880142125638,0.0,0.0,0.0,0.0,0.0,0.0,0.0,0.0,0.0,0.0,0.0,0.0,0.0,,0.0,0.0,0.0
VNduKhmcTK8_first48h,VNduKhmcTK8,UCLmatAmdCRGsvcsfOliCONA,2026-05-16 05:12:00+00:00,30,Gaming,5.0,True,55,0,515.0,6.246106765481563,184.07272727272726,438.3838383838384,806.8181818181819,850.0,5.220748868219869,6.085373378172199,6.694337010697483,6.7464121285733745,254.31111111111113,368.4343434343435,43.18181818181813,0.16979918019764206,10.0,,0.011764705882352941,0.0,0.011764705882352941
amHSGtnyZco_first48h,amHSGtnyZco,UCO3bfz4KY6zGT5IOaFJuxpA,2026-05-16 05:22:28+00:00,160,News & Politics,5.0,False,47,28,990000.0,13.805461232211272,161.3404255319149,816.909090909091,6063.136325852037,7344.897925311203,5.089695522568444,6.706751194618748,8.710147408245637,8.901897331008257,655.5686653771761,5246.227234942946,1281.761599459166,1.95519045853376,106.0,89.0,0.01443178667394602,0.012117254848879207,0.02654904152282523
2VsWgu3K9UE_first48h,2VsWgu3K9UE,UCHU233rZFGkYKHCca14ernw,2026-05-16 05:24:19+00:00,41,Travel & Events,5.0,True,61,0,1070.0,6.976348070447749,272.51612903225805,359.3333333333333,571.1113881961762,754.0,5.611360592818857,5.887029528971098,6.3493337070301745,6.626717749249025,86.81720430107526,211.7780548628429,182.88861180382378,2.106594116640527,2.5383333333333327,2.0,0.0033664898320070725,0.002652519893899204,0.006019009725906277
qRaho7T22E0_first48h,qRaho7T22E0,UC8r0UHqwUeAArogHqgFXDVw,2026-05-16 05:36:58+00:00,3635,Education,5.0,False,95,58,107000.0,11.580593459194764,845.8712871287129,2612.1176470588234,14846.825688073395,24276.003333333334,6.741548719856198,7.868299288257102,9.605608715199082,10.097284816359268,1766.2463599301104,12234.708041014572,9429.177645259939,5.3385404545904045,1257.0,16.0,0.051779528233711174,0.0006590870737783444,0.05243861530748952
WhiNnPRRkwA_first48h,WhiNnPRRkwA,UCX-aRQ8LjZ_Gp448l3iq_Ow,2026-05-16 05:38:47+00:00,10473,Film & Animation,5.0,False,89,39,553000.0,13.223115088821102,7.0,100.0,256.0,343.0,2.0794415416798357,4.61512051684126,5.54907608489522,5.840641657373398,93.0,156.0,87.0,0.9354838709677419,,,0.0,0.0,0.0
f99vlVFJU5k_first48h,f99vlVFJU5k,UC0DEC-JA_KMMAdRn3PddfeQ,2026-05-16 05:53:01+00:00,229,People & Blogs,5.0,False,54,0,0.0,0.0,0.0,0.0,0.0,0.0,0.0,0.0,0.0,0.0,0.0,0.0,0.0,0.0,0.0,,0.0,0.0,0.0
QGk-rT0fawY_first48h,QGk-rT0fawY,UCCS0i2NWk9c6YkdWZdFLaog,2026-05-16 06:00:16+00:00,313,Music,6.0,False,60,27,4420.0,8.394121193826242,12.8125,38.81818181818182,133.9450457951707,185.0,2.6255739792779718,3.6843236375780757,4.9048676273797644,5.225746673713202,26.00568181818182,95.12686397698889,51.0549542048293,1.9632230587830362,11.0,8.0,0.05945945945945946,0.043243243243243246,0.10270270270270271
hCgT6NzQz88_first48h,hCgT6NzQz88,UCxY65yhcj8lQNA9_ols7TWw,2026-05-16 06:00:34+00:00,263,Music,6.0,False,98,0,1090.0,6.994849985833071,5.0,8.0,37.49333333333333,64.0,1.791759469228055,2.1972245773362196,3.650485066126625,4.174387269895637,3.0,29.493333333333332,26.506666666666668,8.835555555555556,6.0,1.0,0.09375,0.015625,0.109375
MI68Sq_Rwyw_first48h,MI68Sq_Rwyw,UCwgQ0wS_Hq9JKenDMKUZdBQ,2026-05-16 06:01:32+00:00,571,Gaming,6.0,False,81,30,14.0,2.70805020110221,0.0,0.0,86.0,87.0,0.0,0.0,4.465908118654584,4.477336814478207,0.0,86.0,1.0,1.0,0.0,,0.0,0.0,0.0
URwBZPtkwl8_first48h,URwBZPtkwl8,UClBVHwV_TvY87hHtGrAX0gg,2026-05-16 06:06:52+00:00,185,People & Blogs,6.0,False,86,0,4.0,1.6094379124341003,1.0,1.0,6.0,9.0,0.6931471805599453,0.6931471805599453,1.9459101490553132,2.302585092994046,0.0,5.0,3.0,3.0,0.0,,0.0,0.0,0.0
u4RZgu8ID2I_first48h,u4RZgu8ID2I,UCNvI7Uoghq2j5ktrFN8IfDQ,2026-05-16 06:06:41+00:00,267,Gaming,6.0,False,96,22,1220.0,7.107425474110705,62.8989898989899,155.17821782178217,768.0,972.8139534883721,4.157303553731004,5.0509977771166765,6.645090969505644,6.881220272551644,92.27922792279227,612.8217821782179,204.81395348837214,2.2195022444242256,6.0,,0.006167674691018622,0.0,0.006167674691018622
MDIzvsoolWw_first48h,MDIzvsoolWw,UCbAKCtxhxKt5orBtdxj8Hkg,2026-05-16 06:12:31+00:00,1134,Gaming,6.0,False,52,0,352.0,5.8664680569332965,165.88888888888889,485.1067961165048,2135.9933166248957,3347.210657785179,5.117328254987861,6.1864283448557655,7.667155127857494,8.116181350115372,319.2179072276159,1650.8865205083907,1211.2173411602835,3.794327679420046,66.3488759367194,9.449625312239801,0.019822139303482585,0.0028231343283582093,0.022645273631840795
lAwn0H_JLtY_first48h,lAwn0H_JLtY,UCBwgo5mdKlofvRxz4QWJPKA,2026-05-16 06:20:20+00:00,1157,People & Blogs,6.0,False,34,69,21300.0,9.966509298952284,22.076923076923077,45.0,95.0,127.0,3.138833117194664,3.828641396489095,4.564348191467836,4.852030263919617,22.923076923076923,50.0,32.0,1.395973154362416,2.0,1.0,0.015748031496062992,0.007874015748031496,0.023622047244094488
9rOtgVuA2AA_first48h,9rOtgVuA2AA,UC5JDaP_XwqbSDv6-IzmW-aw,2026-05-16 06:25:04+00:00,178,Music,6.0,False,23,0,495.0,6.206575926724928,2.6100000000000003,3.0,29.0,32.0,1.2837077723447896,1.3862943611198906,3.4011973816621555,3.4965075614664802,0.3899999999999997,26.0,3.0,3.0,0.0,,0.0,0.0,0.0
tfFzWg4MTE4_first48h,tfFzWg4MTE4,UCBqzeyzKYwW9LUo09fQ_dhw,2026-05-16 06:27:39+00:00,457,Gaming,6.0,False,43,14,561.0,6.331501849893691,23.72,57.64,355.9166666666667,446.0,3.20761263258949,4.071417057578396,5.87750232782737,6.102558594613569,33.92,298.2766666666667,90.08333333333331,2.6557586477987414,10.0,,0.02242152466367713,0.0,0.02242152466367713
vYzq85yXHqE_first48h,vYzq85yXHqE,UCq9CX0od4ZLSVJ1tS4604CQ,2026-05-16 06:29:30+00:00,702,People & Blogs,6.0,False,22,0,102.0,4.634728988229636,1.0,1.5480769230769231,9.0,13.0,0.6931471805599453,0.9353389268448495,2.302585092994046,2.6390573296152584,0.5480769230769231,7.451923076923077,4.0,4.0,0.0,,0.0,0.0,0.0
ieHGeFaDjMk_first48h,ieHGeFaDjMk,UCEEfxpQiUuo8UxE7iQX4cKA,2026-05-16 06:40:42+00:00,1310,People & Blogs,6.0,False,73,24,2300.0,7.741099090035366,23.45054945054945,28.0,215.2262895174709,433.8538205980066,3.1966526880834905,3.367295829986474,5.376325495950817,6.0750099300107605,4.549450549450551,187.2262895174709,218.62753108053573,48.055809971808564,12.0,,0.027659085688031243,0.0,0.027659085688031243
1cJPE1EcUfk_first48h,1cJPE1EcUfk,UC-Cl27-chwJ-Ofs4IBfHINg,2026-05-16 06:45:05+00:00,651,People & Blogs,6.0,False,10,0,28.0,3.367295829986474,25.12121212121212,33.0,47.0,46.0,3.262747709197213,3.5263605246161616,3.871201010907891,3.8501476017100584,7.878787878787879,14.0,0.0,0.0,0.0,,0.0,0.0,0.0
yPv-zdqVItE_first48h,yPv-zdqVItE,UCx8Mq6RmQ3hBkDEFGIjBfzg,2026-05-16 06:51:52+00:00,292,People & Blogs,6.0,False,29,0,640.0,6.46302945692067,17.534653465346533,20.0,98.0,98.0,2.9196421401962778,3.044522437723423,4.59511985013459,4.59511985013459,2.4653465346534666,78.0,0.0,0.0,2.0,,0.02040816326530612,0.0,0.02040816326530612
gyfq9aMXgZE_first48h,gyfq9aMXgZE,UCO75u3MhY3YgYe7rvBFw50g,2026-05-16 06:56:30+00:00,462,People & Blogs,6.0,False,47,90,3380.0,8.125926802707886,1.0,1.0,4.0,42.45348837209302,0.6931471805599453,0.6931471805599453,1.6094379124341003,3.7716911332319762,0.0,3.0,38.45348837209302,38.45348837209302,0.0,,0.0,0.0,0.0
oomTghT7Gu0_first48h,oomTghT7Gu0,UC_STxKuF95Ba6Jsnz8g7NXw,2026-05-16 07:00:47+00:00,382,Education,7.0,False,94,0,323.0,5.780743515792329,1.0,1.0,16.0,17.0,0.6931471805599453,0.6931471805599453,2.833213344056216,2.8903717578961645,0.0,15.0,1.0,1.0,2.0,,0.11764705882352941,0.0,0.11764705882352941
z2RSOwqTIGY_first48h,z2RSOwqTIGY,UCJe9gEnXF6rXw5plEIBacIA,2026-05-16 07:00:53+00:00,14,People & Blogs,7.0,True,16,15,21300.0,9.966509298952284,4.0,685.4444444444445,1050.0,1063.0,1.6094379124341003,6.531525296142307,6.957497370876951,6.96979066990159,681.4444444444445,364.55555555555554,13.0,0.01907712375672591,14.0,,0.01317027281279398,0.0,0.01317027281279398
wopdtDKIvWo_first48h,wopdtDKIvWo,UCs6T2FPao5i4loqfFJkV9nw,2026-05-16 07:00:47+00:00,580,People & Blogs,7.0,False,63,7,199000.0,12.201065128819632,152.84615384615384,230.2921348314607,879.8414023372287,1040.171238570241,5.035953102080546,5.4436815644718655,6.780877589682077,6.94810154939105,77.44598098530685,649.5492675057681,160.32983623301232,2.070215060784501,24.557772236076477,2.0,0.023609355196008076,0.0019227603358357454,0.025532115531843824
qy1EUGCOY4Y_first48h,qy1EUGCOY4Y,UChWzrQNKjlk0E2Q2wSwEfjQ,2026-05-16 01:30:39+00:00,834,Gaming,1.0,False,28,0,0.0,0.0,,,14375.66081871345,16130.0,0.0,0.0,9.57336139420672,9.688498165477787,,,1754.3391812865502,,623.0,159.0,0.038623682579045256,0.00985740855548667,0.04848109113453193
BHRwskExvVw_first48h,BHRwskExvVw,UC7yD2SzcCKh0KU2q7HZU4yw,2026-05-16 07:26:08+00:00,18722,People & Blogs,7.0,False,82,27,12800.0,9.45727857185611,121.66,331.65,1356.535,1726.0215946843853,4.809416300197838,5.807090886187896,7.213425834164489,7.45415358222854,209.98999999999998,1024.8850000000002,369.4865946843852,1.7595437624857622,15.0,,0.008690505406302782,0.0,0.008690505406302782
WAG1SbAKWNc_first48h,WAG1SbAKWNc,UC3P6lzbP3s_gTAlhaco8Fjw,2026-05-16 05:20:48+00:00,306,Entertainment,5.0,False,71,0,1850.0,7.523481312573497,,44.0,302.6594323873122,406.48504983388705,0.0,3.8066624897703196,5.715906785214701,6.01000424448371,,258.6594323873122,103.82561744657482,,3.0,,0.007380345233424872,0.0,0.007380345233424872
d6UlOXiOq-A_first48h,d6UlOXiOq-A,UCs6T2FPao5i4loqfFJkV9nw,2026-05-16 07:44:40+00:00,529,People & Blogs,7.0,False,60,7,199000.0,12.201065128819632,101.45,234.87755102040816,1274.935,1516.675,4.629374874684909,5.463312818767097,7.151434522168356,7.324934837536728,133.42755102040815,1040.0574489795918,241.74,1.811769744338822,24.0,1.0,0.015824088878632535,0.000659337036609689,0.016483425915242225
1bfhulw01IU_first48h,1bfhulw01IU,UCqEadxYJJglGP-dA12cp-dg,2026-05-16 07:41:05+00:00,8482,News & Politics,7.0,False,57,28,474.0,6.163314804034641,34.86,150.4368932038835,633.775,734.0,3.5796224681769866,5.020168991660808,6.453270605394072,6.5998704992128365,115.5768932038835,483.33810679611645,100.22500000000002,0.8671716051685006,20.0,6.0,0.027247956403269755,0.008174386920980926,0.035422343324250684
c6KpgnVUS9s_first48h,c6KpgnVUS9s,UCGHzhN0zTgRVGwweqILDQTA,2026-05-16 00:30:24+00:00,1029,People & Blogs,0.0,False,58,1,1.0,0.6931471805599453,,,0.0,0.0,0.0,0.0,0.0,0.0,,,0.0,,0.0,,0.0,0.0,0.0
UDjLLmQiuoE_first48h,UDjLLmQiuoE,UC7KX5qdaCeTm6IaoWhgz0Pg,2026-05-16 08:07:00+00:00,4039,People & Blogs,8.0,False,8,0,674.0,6.51471269087253,54.292929292929294,108.59595959595958,678.359102244389,1549.6677740863788,4.012645039466035,4.6968005088340155,6.52114985704144,7.346440939127357,54.30303030303029,569.7631426484294,871.3086718419898,16.045304782804504,10.0,,0.006452996033872869,0.0,0.006452996033872869
VDxcb3pg2hE_first48h,VDxcb3pg2hE,UCIcRb5FLznQfVywDlnZjRNA,2026-05-16 08:11:31+00:00,3774,Film & Animation,8.0,False,53,0,260000.0,12.468440756144114,549.6969696969697,2851.6170212765956,32819.50957535387,43417.963302752294,6.3111846936147815,7.955992105005754,10.398808890890212,10.678651567116667,2301.9200515796256,29967.892554077276,10598.453727398424,4.604179767288418,615.4036697247707,19.486238532110093,0.01417394144984594,0.0004488059100385035,0.014622747359884444
8OtOxthhfuY_first48h,8OtOxthhfuY,UCqfTInPU9VozDmDR02lfaMA,2026-05-16 07:56:06+00:00,520,Film & Animation,7.0,False,47,5,2240.0,7.714677473800927,5.0,5.0,95.02923976608187,107.0,1.791759469228055,1.791759469228055,4.564652725989178,4.68213122712422,0.0,90.02923976608187,11.970760233918128,11.970760233918128,3.0,,0.028037383177570093,0.0,0.028037383177570093
5UitcA4AU2U_first48h,5UitcA4AU2U,UCldrSaTYnKUT1log9DaxvMg,2026-05-16 08:12:48+00:00,501,Pets & Animals,8.0,False,94,0,137000.0,11.827743504053695,113.2,299.84375,1470.9750415973378,2158.5,4.73795129722191,5.70659102697824,7.294360343708485,7.677631992400756,186.64375,1171.1312915973378,687.5249584026622,3.6836216503508,333.35,38.0,0.15443595089182305,0.017604818160759785,0.1720407690525828
vcIMuAIZvPM_first48h,vcIMuAIZvPM,UC-yMToYJCQj9ezW7RKKByMg,2026-05-16 08:18:38+00:00,2932,People & Blogs,8.0,False,97,0,147.0,4.997212273764115,1.0,8.0,30.357737104825294,57.3575,0.6931471805599453,2.1972245773362196,3.445461034231494,4.066587885177058,7.0,22.357737104825294,26.999762895174708,3.8571089850249582,1.0,,0.017434511615743362,0.0,0.017434511615743362
nZdUHL9PHbE_first48h,nZdUHL9PHbE,UC8WrYj06hdjp5kxn7DOcxzw,2026-05-16 08:39:16+00:00,568,Education,8.0,False,66,23,1.0,0.6931471805599453,0.0,0.0,24.0,26.490848585690518,0.0,0.0,3.2188758248682006,3.313853170587243,0.0,24.0,2.490848585690518,2.490848585690518,,,0.0,0.0,0.0
vMFCtUWl_SE_first48h,vMFCtUWl_SE,UCkZaejONoPI-39C4IU_MEZA,2026-05-16 08:35:18+00:00,731,Science & Technology,8.0,False,32,6,80100.0,11.291043617373028,12.48076923076923,13.0,348.00499168053244,710.2179700499169,2.6012641684531626,2.6390573296152584,5.855086224909692,6.566978951104776,0.51923076923077,335.00499168053244,362.2129783693844,362.2129783693844,8.0,,0.011264147539716194,0.0,0.011264147539716194
nWf7Ai-nYhU_first48h,nWf7Ai-nYhU,UCXFxwj7DwumpUu5RNWlznTw,2026-05-16 08:44:57+00:00,595,Education,8.0,False,88,22,373000.0,12.829336379587506,74.6826923076923,137.64705882352942,361.669449081803,428.977518734388,4.326549499001078,4.931931558879915,5.893491810818907,6.0637329253078045,62.96436651583711,224.0223902582736,67.308069652585,1.0689866884574364,7.0,1.0,0.016317871436834483,0.002331124490976355,0.01864899592781084
0VEdu0dLUgE_first48h,0VEdu0dLUgE,UCo_eoras4bwDHz9E2eP9x7w,2026-05-16 09:00:05+00:00,7867,People & Blogs,9.0,False,98,62,5180.0,8.552753366814787,167.32,3036.4077669902913,56433.92023026316,91061.04232365146,5.125866929549345,8.018759722410925,10.940843398908852,11.419296336966402,2869.087766990291,53397.51246327287,34627.1220933883,12.069035493366098,590.6564315352697,9.0,0.006486378987799675,9.883480103392593e-05,0.0065852137888336
hMXP1SdZhY8_first48h,hMXP1SdZhY8,UCyQ-_y0AHNmoqY-80KOi0Lw,2026-05-16 09:00:23+00:00,7155,People & Blogs,9.0,False,66,7,4920.0,8.501267040865978,11.049504950495049,34.58252427184467,640.875,1221.741908713693,2.4890235761462676,3.5718546260911164,6.464393580682823,7.108851082111695,23.53301932134962,606.2924757281553,580.866908713693,24.683059185130528,16.0,1.0,0.013096055628349156,0.0008185034767718223,0.013914559105120978
ghmFcD4-c2U_first48h,ghmFcD4-c2U,UCEEfxpQiUuo8UxE7iQX4cKA,2026-05-16 09:02:42+00:00,3457,People & Blogs,9.0,False,43,24,2300.0,7.741099090035366,19.333333333333332,24.0,207.92410341951626,355.77851790174856,3.0122615755052013,3.2188758248682006,5.341971044479542,5.877115191218828,4.666666666666668,183.92410341951626,147.8544144822323,31.6830888176212,5.0,,0.014053687191368859,0.0,0.014053687191368859
A604LEq1KL0_first48h,A604LEq1KL0,UCTz99eMVnhMdbPZXawjmf_w,2026-05-16 09:08:24+00:00,478,Entertainment,9.0,False,47,30,2530.0,7.836369760545124,22.727272727272727,40.93,179.44370308590493,219.49208992506246,3.166625134524323,3.7360015611826713,5.19541883486289,5.395861820887711,18.202727272727273,138.51370308590492,40.04838683915753,2.200131125359501,18.0,2.0,0.08200751109593718,0.009111945677326353,0.09111945677326352
7RS1NwHwnQo_first48h,7RS1NwHwnQo,UCwt0ewpvGxPe6GPq0jjJHiw,2026-05-16 09:09:39+00:00,217,Music,9.0,False,79,0,103.0,4.6443908991413725,0.0,0.0,0.0,0.0,0.0,0.0,0.0,0.0,0.0,0.0,0.0,0.0,0.0,,0.0,0.0,0.0
97F7JPogOoM_first48h,97F7JPogOoM,UCXHGX75EE5rZ2oX0Aybmy4A,2026-05-16 09:10:00+00:00,668,People & Blogs,9.0,False,18,33,396.0,5.983936280687191,3.0599999999999996,4.530000000000001,19.0,42.75,1.4011829736136412,1.7101878155342436,2.995732273553991,3.7784916128036232,1.4700000000000015,14.469999999999999,23.75,16.156462585033996,0.0,,0.0,0.0,0.0
DCYcLHK14OM_first48h,DCYcLHK14OM,UCdlFoYnDTHd72S2FfdsdeDw,2026-05-16 09:15:20+00:00,258,Sports,9.0,False,58,74,11600.0,9.358846580275406,64.91752577319588,231.5142857142857,673.9224353628024,687.0,4.188404351116404,5.448951667072222,6.5145977736961775,6.5337888379333435,166.59675994108983,442.40814964851666,13.07756463719761,0.07849831318341341,31.0,3.0,0.04512372634643377,0.004366812227074236,0.049490538573508006
B_ELDblIt2U_first48h,B_ELDblIt2U,UCTW3JesdsaJPGG0LSGAHd5g,2026-05-16 09:15:01+00:00,5739,Film & Animation,9.0,False,66,65,8200.0,9.012011377036412,14.455445544554454,18.0,439.0,499.56666666666666,2.7379614036741726,2.9444389791664403,6.0867747269123065,6.215740790018125,3.544554455445546,421.0,60.56666666666666,17.087243947858465,6.0,,0.012010409021151665,0.0,0.012010409021151665
Z4xt7m_eBsg_first48h,Z4xt7m_eBsg,UCxxN41Nte7mpR-zzJydM9Bw,2026-05-16 09:24:57+00:00,580,People & Blogs,9.0,False,54,5,18100.0,9.803722464346553,15.843137254901961,16.0,155.50539419087136,182.97831526271895,2.8239432892599297,2.833213344056216,5.053090477059511,5.214817898830863,0.15686274509803866,139.50539419087136,27.472921071847594,27.472921071847594,1.0,,0.0054651284692626406,0.0,0.0054651284692626406
PjqtBQZsKog_first48h,PjqtBQZsKog,UC4a-xoXsF56nPHGbT5f76dw,2026-05-16 09:30:11+00:00,1455,Education,9.0,False,50,11,13300.0,9.495594499353297,7.0,8.0,41.980881130507065,54.0,2.0794415416798357,2.1972245773362196,3.7607553919466863,4.007333185232471,1.0,33.980881130507065,12.019118869492935,12.019118869492935,3.0,,0.05555555555555555,0.0,0.05555555555555555
OasywcEm8ws_first48h,OasywcEm8ws,UCSBVYdiP2tmEvl-dJAQ_w0A,2026-05-16 09:30:10+00:00,3485,Film & Animation,9.0,False,45,18,104000.0,11.552155793461898,147.47169811320754,518.1600000000001,1691.503740648379,2414.539616346956,5.000394354982862,6.252212120819558,7.433964214915969,7.789677984748793,370.68830188679254,1173.343740648379,723.0358756985768,1.9505225064247926,37.0,2.0,0.015323832232655033,0.000828315255819191,0.016152147488474225
TrmXqmSDazI_first48h,TrmXqmSDazI,UCMqDFTENBCDbwDT5qnm7FSQ,2026-05-16 09:30:33+00:00,5658,Film & Animation,9.0,False,97,7,2200.0,7.696667081526462,36.57575757575758,87.17525773195877,898.7936772046589,2152.103734439834,3.6263590971326023,4.479326399077399,6.802165489492696,7.67466567755056,50.59950015620119,811.6184194727002,1253.3100572351752,24.769218141803652,15.0,2.0,0.0069699242466601235,0.0009293232328880165,0.00789924747954814
yrLeW8tVNT8_first48h,yrLeW8tVNT8,UCb8FrfmT04CDTG7sJVBvUVQ,2026-05-16 09:30:27+00:00,6611,People & Blogs,9.0,False,97,0,100000.0,11.51293546492023,20.686868686868685,115.77551020408163,1907.5607321131447,3498.8896265560165,3.076706947744191,4.7602533754994285,7.554104693587883,8.160486711710549,95.08864151721295,1791.785221909063,1591.3288944428718,16.73521536381198,97.89460580912863,12.0,0.02797876362435789,0.0034296594865187817,0.031408423110876674
XT3SaI1wWJQ_first48h,XT3SaI1wWJQ,UC1iRhihu-TrS1TtafLI6idA,2026-05-16 09:45:01+00:00,3302,People & Blogs,9.0,False,84,99,12200.0,9.409273194575334,2.0,3.0,19.0,21.0,1.0986122886681098,1.3862943611198906,2.995732273553991,3.091042453358316,1.0,16.0,2.0,2.0,1.0,,0.047619047619047616,0.0,0.047619047619047616
c4IwkxZvNVg_first48h,c4IwkxZvNVg,UC5NDs9I26-lRf-YfKRw0fEw,2026-05-16 09:48:53+00:00,196,Entertainment,9.0,False,95,39,6510000.0,15.688850167794572,2.0,2.0,3.0,1.0,1.0986122886681098,1.0986122886681098,1.3862943611198906,0.6931471805599453,0.0,1.0,0.0,0.0,0.0,,0.0,0.0,0.0
Zpze8e_wzXU_first48h,Zpze8e_wzXU,UCKISqGvkFQAqUR_f3zlEE1Q,2026-05-16 10:00:53+00:00,6029,People & Blogs,10.0,False,66,90,19800.0,9.893487720457795,0.0,1.0,4.0,14.467889908256879,0.0,0.6931471805599453,1.6094379124341003,2.738766256332657,1.0,3.0,10.467889908256879,10.467889908256879,0.0,,0.0,0.0,0.0
CZwjx-UR0fo_first48h,CZwjx-UR0fo,UCz6hWUnjiD-SW15j4_csloA,2026-05-16 10:00:30+00:00,5274,People & Blogs,10.0,False,48,58,1820000.0,14.414347608503377,213.6857142857143,595.8823529411765,4457.8393005828475,5640.449081803005,5.369175164644501,6.391720030222867,8.402643764638023,8.637896240889095,382.19663865546215,3861.956947641671,1182.6097812201579,3.094244327685577,27.0,,0.004786852892105052,0.0,0.004786852892105052
aKluhZa5rv4_first48h,aKluhZa5rv4,UCioZhA_g5kCvUjU-wsCiQZw,2026-05-16 10:04:20+00:00,1199,People & Blogs,10.0,False,55,0,5030.0,8.523374050491318,123.65060240963855,720.33,6282.038746908492,9152.20632279534,4.825514642766862,6.581096730215497,8.745609019327826,9.121859514679432,596.6793975903615,5561.708746908492,2870.1675758868487,4.810234084632005,388.80033277870217,25.0,0.04248159613822513,0.0027315817758317646,0.0452131779140569
Y9yvaeOGP1U_first48h,Y9yvaeOGP1U,UCpSEyE5qxM9IJ8WqsQ_jCdg,2026-05-16 10:15:04+00:00,59,Film & Animation,10.0,True,38,5,27300.0,10.214678610538817,105.1,671.8556701030927,4054.0133333333333,6894.002493765586,4.664382045619937,6.511530849146311,8.307709254665768,8.838552151904723,566.7556701030927,3382.1576632302404,2839.989160432253,5.010958531593799,112.98753117206982,,0.01638925011620567,0.0,0.01638925011620567
DiebqsFo4SU_first48h,DiebqsFo4SU,UCZSDmkTnR847RfE799UUjkQ,2026-05-16 10:10:00+00:00,1371,Film & Animation,10.0,False,89,71,399000.0,12.896719202134523,1618.23,5057.102040816327,28515.258118234804,35153.121869782975,7.3897060065894955,8.528746601169619,10.258229663895065,10.467497155506978,3438.8720408163267,23458.156077418476,6637.863751548171,1.9302444734095023,926.652754590985,35.0,0.026360468297056707,0.0009956441459068647,0.027356112442963574
RjDMGG9CTYo_first48h,RjDMGG9CTYo,UC2OODDFSR29p05erciNtHyQ,2026-05-16 10:30:02+00:00,475,People & Blogs,10.0,False,94,8,11.0,2.4849066497880004,3.0,4.0,6.0,14.0,1.3862943611198906,1.6094379124341003,1.9459101490553132,2.70805020110221,1.0,2.0,8.0,8.0,2.0,,0.14285714285714285,0.0,0.14285714285714285
6iE2ak1cYnk_first48h,6iE2ak1cYnk,UCm9eG-APwbd7BAH0w7DNMBw,2026-05-16 10:30:05+00:00,7466,Film & Animation,10.0,False,46,84,1120.0,7.02197642307216,3.0,4.505154639175258,35.95253955037469,48.477861319966586,1.3862943611198906,1.705684860456812,3.6096343744066015,3.9015253234690133,1.5051546391752577,31.44738491119943,12.525321769591898,8.321617888016535,3.0,,0.061883918108499344,0.0,0.061883918108499344
5V-AlD3G558_first48h,5V-AlD3G558,UCTMvYiNa1DQ8xt-eHj54XEg,2026-05-16 10:36:23+00:00,1039,People & Blogs,10.0,False,27,0,19700.0,9.888424674859083,60.43564356435644,112.92156862745098,271.18280467445743,424.1465445462115,4.117990180797448,4.7355102171216314,5.606473916563089,6.0524339201878385,52.48592506309454,158.26123604700643,152.96373987175406,2.9143763721011458,40.0,24.0,0.09430702787593247,0.05658421672555948,0.15089124460149195
T6gYAQwYG4U_first48h,T6gYAQwYG4U,UCqLbTRE9vKQqtRpr8CPxU4Q,2026-05-16 10:53:26+00:00,50,Sports,10.0,False,90,9,29.0,3.4011973816621555,1.0,1.0,5.0,7.0,0.6931471805599453,0.6931471805599453,1.791759469228055,2.0794415416798357,0.0,4.0,2.0,2.0,0.0,,0.0,0.0,0.0
DqU8vB8m-9E_first48h,DqU8vB8m-9E,UC0_mTg-V3XafCl_VusbhHVg,2026-05-16 10:50:13+00:00,295,News & Politics,10.0,False,91,6,0.0,0.0,0.0,1.7272727272727277,6.0,6.0,0.0,1.003302108863785,1.9459101490553132,1.9459101490553132,1.7272727272727277,4.2727272727272725,0.0,0.0,4.0,,0.6666666666666666,0.0,0.6666666666666666
lcgj2U-urao_first48h,lcgj2U-urao,UCcxOyvYPtsltsv1twHyopkg,2026-05-16 11:01:09+00:00,5728,Film & Animation,11.0,False,71,38,40599.0,10.611523345589823,809.2692307692307,2396.4851485148515,10843.47359597653,13908.98,6.697366576104988,7.782175612166917,9.291410883214924,9.540361847101932,1587.2159177456208,8446.988447461677,3065.50640402347,1.9313732742659977,174.46333333333334,6.0,0.012543215486206275,0.0004313759887497142,0.012974591474955988
fQ-LyvuvziM_first48h,fQ-LyvuvziM,UC2YtO9r1tzEwUUID7vwkMAQ,2026-05-16 11:00:58+00:00,5647,People & Blogs,11.0,False,72,61,203000.0,12.220966184120165,208.38834951456312,446.05882352941177,1360.3403185247275,1511.3083333333334,5.344190659422345,6.102690182218207,7.216225021742896,7.321392460112031,237.67047401484865,914.2814949953158,150.96801480860586,0.6351988627715448,17.0,,0.01124853190116731,0.0,0.01124853190116731
RXAur9vn-sg_first48h,RXAur9vn-sg,UC1lQhj4n1EErpz4mXiEoBog,2026-05-16 11:15:28+00:00,202,Music,11.0,False,58,5,3520.0,8.166500319155052,38.471698113207545,46.45544554455446,82.96795398520953,95.49251247920132,3.6755839116326916,3.8597912823183718,4.430435225877531,4.5694654144455065,7.983747431346913,36.512508440655076,12.52455849399179,1.5687568528052511,8.0,,0.08377620184349463,0.0,0.08377620184349463
Nvl54SW1i9g_first48h,Nvl54SW1i9g,UCRIO3jS2D38w5c036zeta8A,2026-05-16 11:13:17+00:00,186,People & Blogs,11.0,False,44,0,13300.0,9.495594499353297,12.0,24.0,86.59079704190633,151.31946755407654,2.5649493574615367,3.2188758248682006,4.472675935824272,5.025980075462343,12.0,62.59079704190633,64.72867051217021,5.394055876014185,18.0,8.0,0.11895363029589963,0.052868280131510945,0.17182191042741057
dDLG_wy-La4_first48h,dDLG_wy-La4,UCK-qc_POQZwWrMg-Pr-oYtg,2026-05-16 11:30:35+00:00,1288,People & Blogs,11.0,False,50,20,470000.0,13.060490101343552,575.76,2203.64,16805.509983361066,24672.633861551294,6.357426235438446,7.698319509245593,9.729521589342585,10.113490497482294,1627.8799999999999,14601.869983361066,7867.123878190228,4.832741896325422,421.67306088407,43.47956630525438,0.01709071934720298,0.001762258806629111,0.01885297815383209
JyUJnaOqFq4_first48h,JyUJnaOqFq4,UCahbDZKuzuzfTB6Q0BxbrWQ,2026-05-16 11:30:26+00:00,5429,Entertainment,11.0,False,71,21,14800.0,9.60245002503719,1.0,3.0,12.956738768718802,24.0,0.6931471805599453,1.3862943611198906,2.635962457486603,3.2188758248682006,2.0,9.956738768718802,11.043261231281198,5.521630615640599,0.0,,0.0,0.0,0.0
hktPrvzYvAI_first48h,hktPrvzYvAI,UC8ICYyD976wFlNRHPZ5brog,2026-05-16 11:33:48+00:00,5,Comedy,11.0,True,97,0,1320000.0,14.093143052138025,1989.188679245283,3003.5454545454545,10780.20133111481,17683.0,7.595984726915101,8.007881572481462,9.285559278988144,9.780415554946133,1014.3567753001714,7776.655876569355,6902.798668885191,6.805099386103567,390.95238095238096,10.46031746031746,0.022108939713418593,0.0005915465396322717,0.022700486253050864
IIcCn10A7B0_first48h,IIcCn10A7B0,UC2fhSmyWOF5XcKMnqy3EkOg,2026-05-16 11:35:22+00:00,41,People & Blogs,11.0,True,85,0,694.0,6.543911845564792,698.7623762376238,997.25,1696.6638935108153,3239.3684210526317,6.550740814895281,6.90600374594333,7.43700840470494,8.083442312523289,298.4876237623762,699.4138935108153,1542.7045275418163,5.168403661419316,48.0,7.0,0.01481770325599532,0.0021609150581659844,0.016978618314161305
MSdqR-v1A3g_first48h,MSdqR-v1A3g,UCvP25S9UhH9nkq9ASYYDP8A,2026-05-16 11:42:07+00:00,1919,People & Blogs,11.0,False,38,51,17600.0,9.77571099759397,147.93333333333334,302.65999999999997,1164.1920199501246,1555.5459098497495,5.003498778526936,5.715908654454042,7.060641176409343,7.350224485013493,154.72666666666663,861.5320199501247,391.35388989962485,2.529324119304741,90.48580968280467,12.0,0.05816980978179211,0.007714333549409084,0.0658841433312012
on7r-v9273I_first48h,on7r-v9273I,UCWZVAVi7zBuMaIQfLmsefeA,2026-05-16 11:44:16+00:00,22,Pets & Animals,11.0,True,81,6,20.0,3.044522437723423,1.0,4.0,9.457119067443797,17.0,0.6931471805599453,1.6094379124341003,2.347282996938143,2.8903717578961645,3.0,5.457119067443797,7.542880932556203,2.514293644185401,1.0,,0.058823529411764705,0.0,0.058823529411764705
s2EKy_s4L0s_first48h,s2EKy_s4L0s,UC_GcrznCXn6b-i1Y7DOn54A,2026-05-16 11:53:18+00:00,1831,Film & Animation,11.0,False,70,27,2560000.0,14.75551820708067,58.43434343434343,111.82692307692308,184.97410192147035,202.4879267277269,4.084872231586738,4.725854990344432,5.225607427037491,5.315606675003389,53.39257964257965,73.14717884454727,17.513824806256537,0.32801982828882775,0.0,,0.0,0.0,0.0
lJZmeg_eK3U_first48h,lJZmeg_eK3U,UCQDKpfTS6haXS6BAHebR8Hw,2026-05-16 12:01:12+00:00,2725,Travel & Events,12.0,False,72,13,626000.0,13.347107247525049,1395.0,3709.0291262135925,25021.43953294412,38506.857142857145,7.241366283322318,8.218795006302091,10.127528282582876,10.558617581086706,2314.0291262135925,21312.41040673053,13485.417609913024,5.827678423382245,1685.3492063492063,75.46031746031746,0.04376750873478728,0.00195965921550975,0.045727167950297035
bVHIkijtD5s_first48h,bVHIkijtD5s,UCrfXMvVzFAlX-iF2eAFbXFQ,2026-05-16 12:01:04+00:00,2294,People & Blogs,12.0,False,29,5,9870.0,9.197356444417888,116.0,279.5882352941176,1195.6666666666667,1441.6911519198663,4.762173934797756,5.63688823982617,7.0872951928142145,7.274265503932203,163.58823529411762,916.0784313725492,246.0244852531996,1.503925296405751,14.0,2.0,0.009710817730521914,0.0013872596757888449,0.011098077406310759
tOLhzGnBkbA_first48h,tOLhzGnBkbA,UC7bBZ6f0I7ybXWRaERODHPQ,2026-05-16 12:15:27+00:00,30,People & Blogs,12.0,True,53,0,31.0,3.4657359027997265,30.619999999999997,172.0,177.0,180.0,3.453789831781326,5.153291594497779,5.181783550292085,5.198497031265826,141.38,5.0,3.0,0.02121940868581129,1.0,,0.005555555555555556,0.0,0.005555555555555556
CwHc4zG3X_U_first48h,CwHc4zG3X_U,UCfxYiiAaLjIpjiF00u2qVJQ,2026-05-16 12:12:05+00:00,300,People & Blogs,12.0,False,66,0,371.0,5.918893854273146,32.980000000000004,38.0,124.64912280701755,156.0,3.525772116243786,3.6635616461296463,4.833493282723828,5.056245805348308,5.019999999999996,86.64912280701755,31.350877192982452,6.245194659956669,4.0,,0.02564102564102564,0.0,0.02564102564102564
RKZQlKb--Dk_first48h,RKZQlKb--Dk,UCc4LkJm9a3MCuLlxWKSelwA,2026-05-16 12:20:00+00:00,3392,People & Blogs,12.0,False,64,50,611000.0,13.322853874813605,30.53684210526316,56.0,374.1615320566195,452.9608659450458,3.4511564530365693,4.04305126783455,5.927356685374321,6.118010995967126,25.46315789473684,318.1615320566195,78.7993338884263,3.094641058040719,10.0,,0.022076962386444268,0.0,0.022076962386444268
lESChw4z6G4_first48h,lESChw4z6G4,UCC80QOBgn2rVCFBZ_c1XJ1A,2026-05-16 12:21:39+00:00,53,People & Blogs,12.0,True,33,30,154000.0,11.944714374881176,374.42424242424244,2137.0198019801983,19140.07512520868,23812.331114808654,5.928056699649258,7.667635353459872,9.859591835070376,10.078000833719136,1762.5955595559558,17003.055323228484,4672.255989599973,2.650781663592207,1173.216306156406,3.0,0.04926927567485379,0.00012598514549188046,0.04939526082034567
Je-I-lxv_Uo_first48h,Je-I-lxv_Uo,UC1EBG2fyOtI5Ein2yNUykVg,2026-05-16 12:30:06+00:00,18,Education,12.0,False,98,30,430.0,6.066108090103747,0.0,0.0,0.47504159733777035,1.0,0.0,0.0,0.38868619097905494,0.6931471805599453,0.0,0.47504159733777035,0.5249584026622296,0.5249584026622296,0.0,,0.0,0.0,0.0
83Xac4TjXQ0_first48h,83Xac4TjXQ0,UCqBrQ5NkAMNLj0HmORf_Tkw,2026-05-16 12:30:23+00:00,202,People & Blogs,12.0,False,40,0,5130.0,8.543055850941965,13.184466019417476,50.88429752066116,71.0,94.47543713572023,2.652147423521064,3.949016191805158,4.276666119016055,4.558869011637053,37.69983150124368,20.115702479338843,23.475437135720227,0.6226934233100165,16.0,,0.1693561891332129,0.0,0.1693561891332129
vrLbAiQTx_I_first48h,vrLbAiQTx_I,UCJZTvwnKU0PBH4dhDJkFyZw,2026-05-16 12:36:40+00:00,110,News & Politics,12.0,False,40,0,561000.0,13.237477967034438,78.52427184466019,152.11764705882354,391.73333333333335,469.8767693588676,4.376062281285966,5.031206560938349,5.973130840419477,6.1545964236029524,73.59337521416334,239.6156862745098,78.14343602553424,1.0618270435094166,6.0,,0.012769305467445891,0.0,0.012769305467445891
hb8EAJ0fOYM_first48h,hb8EAJ0fOYM,UC4dQUfQeA-Jy2T_C-Jdf5rw,2026-05-16 12:35:01+00:00,85,Entertainment,12.0,True,67,7,488000.0,13.098072734013513,50.588235294117645,1070.0,2287.0,2916.0,3.943293648315967,6.976348070447749,7.7354333524996886,7.978310969867722,1019.4117647058823,1217.0,629.0,0.6170225043277554,17.0,,0.005829903978052126,0.0,0.005829903978052126
1tckviz4ags_first48h,1tckviz4ags,UCdmwPkU7BOYoLmdN3lr-9Wg,2026-05-16 12:42:32+00:00,153,People & Blogs,12.0,False,10,0,3100.0,8.03947991910045,11.916666666666668,19.0,51.979933110367895,62.0,2.5585184671312464,2.995732273553991,3.9699132212981643,4.143134726391533,7.083333333333332,32.979933110367895,10.020066889632105,1.4145976785362975,2.0,,0.03225806451612903,0.0,0.03225806451612903
FeFcdF6QClQ_first48h,FeFcdF6QClQ,UCic022l1ftnT0_9RyUmg0JQ,2026-05-16 12:41:23+00:00,4,People & Blogs,12.0,True,25,0,3540.0,8.172164452111904,7.0,7.0,15.0,20.0,2.0794415416798357,2.0794415416798357,2.772588722239781,3.044522437723423,0.0,8.0,5.0,5.0,1.4804329725228964,,0.07402164862614483,0.0,0.07402164862614483
2XOEpZjrx1k_first48h,2XOEpZjrx1k,UCeC9j-i1C5inM-bCTenVGTA,2026-05-16 12:51:00+00:00,676,Travel & Events,12.0,False,56,0,2030.0,7.616283561580385,34.69230769230769,81.49019607843138,296.42464612822647,438.30133555926545,3.5749351947647185,4.412679450866195,5.695160902576983,6.085185591175759,46.79788838612369,214.9344500497951,141.87668943103898,3.031689982685365,13.0,1.0,0.029659959816029785,0.0022815353704638297,0.03194149518649361
I--tI6Js6Qo_first48h,I--tI6Js6Qo,UCETPdcz9yjpT4Bs02RyFkEA,2026-05-16 13:00:26+00:00,7391,People & Blogs,13.0,False,71,14,7440.0,8.914760527397261,92.73831775700934,301.44554455445547,1363.8466666666668,2481.301574150787,4.540507046494075,5.7119012432639105,7.218797369197004,7.816941462876142,208.70722679744614,1062.4011221122114,1117.4549074841202,5.354174479873804,18.92294946147473,,0.007626219101541905,0.0,0.007626219101541905
dHVCT1ZwrWQ_first48h,dHVCT1ZwrWQ,UCdEJ4N_gom7Dws1fShMokYQ,2026-05-16 13:01:10+00:00,1741,People & Blogs,13.0,False,43,25,121000.0,11.703554089007538,1721.4672897196263,4774.139999999999,22058.81407035176,27944.424192212096,7.451513012704382,8.471178571856754,10.001512864410767,10.238008751127403,3052.6727102803734,17284.67407035176,5885.610121860336,1.92801871685739,1076.0091135045568,694.3363711681856,0.03850532421435374,0.0248470452063096,0.06335236942066333
-ZcQwt9ulaw_first48h,-ZcQwt9ulaw,UCjxsBstbtJbO-2ENavbQGhQ,2026-05-16 13:16:33+00:00,343,Howto & Style,13.0,False,27,10,978.0,6.88653164253051,51.03809523809524,121.51485148514851,680.0,847.9866444073456,3.951976051093103,4.8082322592496745,6.523562306149512,6.7440434552186455,70.47675624705327,558.4851485148515,167.98664440734558,2.3835751438172825,97.91819699499165,8.0,0.11547139054698942,0.00943411084686501,0.12490550139385444
06nT3AOrq9Y_first48h,06nT3AOrq9Y,UCMHNSahZp35u_qGTg0m1vNA,2026-05-16 13:15:00+00:00,32,People & Blogs,13.0,True,81,34,1160.0,7.057036981697891,3.0,29.118811881188122,122.44453711426189,159.3372287145242,1.3862943611198906,3.4051499559779788,4.81579196300372,5.077279276659303,26.118811881188122,93.32572523307377,36.89269160026231,1.412495015779565,9.0,,0.05648397472837191,0.0,0.05648397472837191
EjlSi251EE4_first48h,EjlSi251EE4,UCZ92jP3mMWU0kqrR7ubHhMw,2026-05-16 13:30:21+00:00,123,People & Blogs,13.0,False,41,6,12200.0,9.409273194575334,1.7722772277227725,3.0,11.0,16.961794019933556,1.0196690863279902,1.3862943611198906,2.4849066497880004,2.8882469476367163,1.2277227722772275,8.0,5.961794019933556,4.8559773872039464,0.0,,0.0,0.0,0.0
lPZFNIrauak_first48h,lPZFNIrauak,UCJUeRIt6jKSE-4jP7QB70kw,2026-05-16 13:57:36+00:00,412,Science & Technology,13.0,False,40,9,3270.0,8.092851027538384,3.484536082474227,4.0,41.0,48.0,1.5006350525853014,1.6094379124341003,3.7376696182833684,3.8918202981106265,0.5154639175257731,37.0,7.0,7.0,,,0.0,0.0,0.0
7MMqosNsu_Y_first48h,7MMqosNsu_Y,UCH4qURCnVhGFu0DECZbmcsQ,2026-05-16 02:59:37+00:00,485,People & Blogs,2.0,False,33,5,10700.0,9.278092474027002,,,803.0731504571904,1577.119900083264,0.0,0.0,6.6896902481959595,7.363989480828096,,,774.0467496260735,,15.464612822647794,,0.009805603760266636,0.0,0.009805603760266636
YtP1OHEGT84_first48h,YtP1OHEGT84,UCca_xtCf50PHtTazNCDBGiQ,2026-05-16 14:00:56+00:00,192,People & Blogs,14.0,False,99,0,17.0,2.8903717578961645,0.0,0.0,1.0,8.453421269579554,0.0,0.0,0.6931471805599453,2.246376715094254,0.0,1.0,7.453421269579554,7.453421269579554,1.0,,0.11829529939535792,0.0,0.11829529939535792
ZLf17sAbowI_first48h,ZLf17sAbowI,UC2YtO9r1tzEwUUID7vwkMAQ,2026-05-16 14:00:46+00:00,9403,People & Blogs,14.0,False,83,61,203000.0,12.220966184120165,1394.5294117647059,4342.217391304348,27878.515,33776.61335531739,7.241029128902401,8.376370686843758,10.235647468740366,10.427553535270082,2947.687979539642,23536.29760869565,5898.098355317394,2.0009235700172496,423.90354492992583,15.0,0.012550208644976286,0.0004440942566445483,0.012994302901620835
H8DB47ldA5s_first48h,H8DB47ldA5s,UCX9njoju5bVvpUm3kFwJQUQ,2026-05-16 14:06:45+00:00,842,Education,14.0,False,47,0,1250.0,7.1316985104669115,9.603960396039604,15.598039215686274,66.39383846794338,91.92946058091286,2.3612275536064895,2.8092845688488643,4.2105535963498735,4.531840716978129,5.9940788196466706,50.79579925225711,25.535622112969477,4.260141196220491,3.4647302904564317,5.0,0.0376890092529903,0.054389528323177616,0.09207853757616791
0LB1j3yyh8k_first48h,0LB1j3yyh8k,UCtwfnch0AvUBQWNuiXBc7aA,2026-05-16 14:30:01+00:00,11388,People & Blogs,14.0,False,87,42,2320.0,7.749753406274437,26.686868686868685,74.90196078431373,1131.0,1352.0915903413822,3.3209582461681957,4.329442517853322,7.0317412587631285,7.2101473201452535,48.215092097445044,1056.0980392156862,221.09159034138224,4.585526662368401,18.0,1.0,0.013312707606927189,0.0007395948670515106,0.0140523024739787
xa07qJSTwlg_first48h,xa07qJSTwlg,UCRSwggL_qSN8rjjOMe77wIQ,2026-05-16 07:19:39+00:00,351,Music,7.0,False,63,0,8450.0,9.042040056544483,,,996.5438596491229,2062.015,0.0,0.0,6.90529611737044,7.631923784009433,,,1065.471140350877,,65.97333333333333,10.743333333333332,0.03199459428439334,0.0052101140551030585,0.0372047083394964
S4EqSuJHa1Y_first48h,S4EqSuJHa1Y,UCPARDnYdJQBJID-qyefVKcw,2026-05-16 13:30:23+00:00,383,Entertainment,13.0,False,39,52,493000.0,13.108266481420335,,302.53703703703707,1053.1399999999999,1291.9724770642201,0.0,5.715503636125086,6.960480547605018,7.164699092438747,,750.6029629629628,238.83247706422026,,7.0,3.0,0.005418072075270727,0.00232203088940174,0.0077401029646724665
b9_DfQD0-Jc_first48h,b9_DfQD0-Jc,UCEdzz4gOTNKBlQB2kq7pqyg,2026-05-16 14:51:37+00:00,4707,Entertainment,14.0,False,22,34,2050.0,7.62608275807238,10.0,17.0,48.0,69.94019933554817,2.3978952727983707,2.8903717578961645,3.8918202981106265,4.261837259259038,7.0,31.0,21.940199335548172,3.134314190792596,0.0,,0.0,0.0,0.0
Z2Gnt4NjM_c_first48h,Z2Gnt4NjM_c,UCwf1LaD_Ln231AaPrt4dsaQ,2026-05-16 15:00:49+00:00,5898,Film & Animation,15.0,False,100,36,3740.0,8.227108234348146,154.17307692307693,397.57142857142856,2629.296914095079,3179.0,5.0445411192670795,5.987886725760098,7.874852013892824,8.064636475774222,243.39835164835162,2231.7254855236506,549.703085904921,2.2584503230288977,38.0,4.0,0.011953444479396037,0.0012582573136206354,0.013211701793016672
iWV8bpQGWgA_first48h,iWV8bpQGWgA,UCwt0ewpvGxPe6GPq0jjJHiw,2026-05-16 15:25:00+00:00,185,Music,15.0,False,64,0,103.0,4.6443908991413725,1.0,1.0,2.0,2.0,0.6931471805599453,0.6931471805599453,1.0986122886681098,1.0986122886681098,0.0,1.0,0.0,0.0,0.0,,0.0,0.0,0.0
krke1eE0K6s_first48h,krke1eE0K6s,UCOPl0j81mxrHu7pSw6tahyQ,2026-05-16 15:32:16+00:00,805,Education,15.0,False,100,0,81.0,4.406719247264253,5.757575757575757,6.524752475247526,14.0,14.0,1.9106642099936384,2.0181979164391173,2.70805020110221,2.70805020110221,0.7671767176717692,7.475247524752474,0.0,0.0,2.0,9.0,0.14285714285714285,0.6428571428571429,0.7857142857142857
3-3-5RJxpUc_first48h,3-3-5RJxpUc,UCF4Q2gGmCjFucQyLgmTmjLg,2026-05-16 15:28:27+00:00,1660,Sports,15.0,False,71,0,13300.0,9.495594499353297,17.90566037735849,25.333333333333332,81.0,106.77185678601165,2.9394613680926884,3.270835563798912,4.406719247264253,4.68001655561511,7.427672955974842,55.66666666666667,25.771856786011654,3.4697080685654984,5.0,,0.04682881941465925,0.0,0.04682881941465925
xRes4UNziv4_first48h,xRes4UNziv4,UCciCVcKTtGBuR0N_ut4LCsg,2026-05-16 15:40:24+00:00,1149,Pets & Animals,15.0,False,65,0,10500.0,9.259225769705994,55.48514851485149,219.55670103092783,3534.5445462114903,5409.489609310058,4.033977745454917,5.396154809362693,8.17062261065704,8.596094868542261,164.07155251607634,3314.9878451805625,1874.9450630985675,11.427606031306697,132.0,22.0,0.024401562722815854,0.004066927120469309,0.02846848984328516
k3xi1gSFYF4_first48h,k3xi1gSFYF4,UCgUV6rhSm1Q7gDPaV9h7dTg,2026-05-16 15:39:38+00:00,620,Education,15.0,False,38,0,1790.0,7.490529402060711,6.0,8.0,27.46128226477935,33.46051537822111,1.9459101490553132,2.1972245773362196,3.348544646628467,3.539814186827212,2.0,19.46128226477935,5.999233113441761,2.9996165567208806,2.0,4.0,0.05977194246391574,0.11954388492783148,0.17931582739174723
UXw9Z4pkJzQ_first48h,UXw9Z4pkJzQ,UCwuJzXXG6ydvGLFiF5AeKUQ,2026-05-16 15:54:41+00:00,1700,Entertainment,15.0,False,30,6,41200.0,10.626217806887722,290.11538461538464,659.5757575757576,3938.9582289055975,5658.567634854772,5.673719699287686,6.493111814698935,8.27892540043517,8.641102778677764,369.460372960373,3279.38247132984,1719.6094059491747,4.654381178069167,396.2572614107884,7.0,0.07002783866538663,0.0012370621775168824,0.0712649008429035
qOzYmFArgTU_first48h,qOzYmFArgTU,UCiOaJH-ytGcugQ-69EhyCng,2026-05-16 16:01:17+00:00,1341,Science & Technology,16.0,False,14,5,14100.0,9.55400099583723,36.387096774193544,64.0,546.7247706422019,831.0,3.6213256388546053,4.174387269895637,6.30577291742793,6.723832440821209,27.612903225806456,482.72477064220186,284.27522935779814,10.295014147303435,16.0,5.0,0.019253910950661854,0.006016847172081829,0.02527075812274368
kCZSk92XZ8M_first48h,kCZSk92XZ8M,UCcqRyFXgLcG6gA5oQtXkNsA,2026-05-16 16:01:08+00:00,170,People & Blogs,16.0,True,86,16,0.0,0.0,1.4408602150537635,4.0,22.82059800664452,49.0,0.8923505243281468,1.6094379124341003,3.17055066884479,3.912023005428146,2.5591397849462365,18.82059800664452,26.17940199335548,10.229766325134705,1.0,,0.02040816326530612,0.0,0.02040816326530612
VoPo75RXA-U_first48h,VoPo75RXA-U,UCWZQfMaJgZwaigPqlGNhWug,2026-05-16 16:15:03+00:00,7261,People & Blogs,16.0,False,70,16,9500.0,9.15915233520675,17.591836734693878,67.68686868686869,770.1232306411324,1340.363560732113,2.9227225991493317,4.229558041029608,6.647848193010889,7.201441958194611,50.095031952174814,702.4363619542637,570.2403300909806,11.383171302004216,20.480033277870216,,0.015279461392313533,0.0,0.015279461392313533
mOUzZcPoKHs_first48h,mOUzZcPoKHs,UCpu3bemTQwAU8PqM4kJdoEQ,2026-05-16 16:24:10+00:00,554,News & Politics,16.0,False,63,8,3220000.0,14.984892228079548,771.3979591836735,2191.1458333333335,37660.86356073211,51635.28297161937,6.649499908375407,7.692636175660249,10.536403284808742,10.851979862734355,1419.74787414966,35469.717727398776,13974.419410887254,9.842888068599544,1192.3330550918197,84.46661101836393,0.023091440318961154,0.00163583127964632,0.02472727159860747
h7YXAL2ijng_first48h,h7YXAL2ijng,UCzZFynnvRrnKWCT3a4c33Ww,2026-05-16 16:28:57+00:00,623,Music,16.0,False,100,0,6450.0,8.771990436532242,0.0,1.0,7.0,11.0,0.0,0.6931471805599453,2.0794415416798357,2.4849066497880004,1.0,6.0,4.0,4.0,,,0.0,0.0,0.0
cTJmAWlLL1c_first48h,cTJmAWlLL1c,UCzZFynnvRrnKWCT3a4c33Ww,2026-05-16 16:31:55+00:00,523,Music,16.0,False,100,0,6450.0,8.771990436532242,0.0,1.0,2.0,2.0,0.0,0.6931471805599453,1.0986122886681098,1.0986122886681098,1.0,1.0,0.0,0.0,,,0.0,0.0,0.0
UCXs-aRJpJU_first48h,UCXs-aRJpJU,UCgjbJnqsNv6PQCzaa-qPN5Q,2026-05-16 17:00:14+00:00,451,Education,17.0,False,100,30,124.0,4.8283137373023015,2.0,2.0,83.0,91.0,1.0986122886681098,1.0986122886681098,4.430816798843313,4.5217885770490405,0.0,81.0,8.0,8.0,3.0,,0.03296703296703297,0.0,0.03296703296703297
-O9rx-mUlRc_first48h,-O9rx-mUlRc,UCQB0skuuxIbGjtsC0bCkCPg,2026-05-16 16:58:30+00:00,607,Entertainment,16.0,False,23,5,18900000.0,16.75467253293992,278.48979591836735,608.5454545454545,988.8595317725752,1126.0,5.632965783586552,6.412713522917408,6.8975630459633,7.027314514039777,330.05565862708715,380.3140772271207,137.14046822742478,0.4155070959785383,18.0,2.0,0.015985790408525755,0.0017761989342806395,0.017761989342806393
xdUlEf93Nvs_first48h,xdUlEf93Nvs,UC1ILtaApPJIbXRBSz8q2xsA,2026-05-16 17:15:46+00:00,683,News & Politics,17.0,False,90,23,64100.0,11.068215243411098,201.57142857142858,409.4423076923077,1705.0,1891.0,5.311092558036759,6.017235377462141,7.441906728051625,7.545389749611823,207.8708791208791,1295.5576923076924,186.0,0.894786228771559,21.0,2.0,0.01110523532522475,0.0010576414595452142,0.012162876784769964
tZlh5GZ4hzA_first48h,tZlh5GZ4hzA,UCQSfRgU35iFm6sjeCKaBE0A,2026-05-16 17:15:04+00:00,810,News & Politics,17.0,False,82,13,3440.0,8.14351740579748,7.659999999999999,17.0,86.0,88.0,2.1587147225743437,2.8903717578961645,4.465908118654584,4.48863636973214,9.34,69.0,2.0,0.21413276231263384,3.0,,0.03409090909090909,0.0,0.03409090909090909
zGoKc15KlqU_first48h,zGoKc15KlqU,UCL3zX1zidfmq73cc-vlY_Mw,2026-05-16 17:21:03+00:00,299,Gaming,17.0,False,43,54,1380.0,7.2305631534092925,0.0,0.0,16.0,15.0,0.0,0.0,2.833213344056216,2.772588722239781,0.0,16.0,0.0,0.0,0.0,,0.0,0.0,0.0
G6r0q_QCMQo_first48h,G6r0q_QCMQo,UC8Z5kqQm2FxqPz0ykWETHng,2026-05-16 17:18:30+00:00,539,Education,17.0,False,89,21,81.0,4.406719247264253,32.64705882352941,42.0,74.0,98.0,3.515925647323582,3.7612001156935624,4.31748811353631,4.59511985013459,9.352941176470587,32.0,24.0,2.566037735849057,7.0,,0.07142857142857142,0.0,0.07142857142857142
lKyVB6FqiLQ_first48h,lKyVB6FqiLQ,UCqDez6rNasidBh12p4fLsgg,2026-05-16 17:33:07+00:00,186,People & Blogs,17.0,False,10,0,232.0,5.4510384535657,2.0,3.0,27.0,41.0,1.0986122886681098,1.3862943611198906,3.332204510175204,3.7376696182833684,1.0,24.0,14.0,14.0,2.0,,0.04878048780487805,0.0,0.04878048780487805
CgY3qinWqs4_first48h,CgY3qinWqs4,UCvDPu4fdYcjhNPPZwx6HP_A,2026-05-16 17:39:48+00:00,2915,People & Blogs,17.0,False,51,0,1240.0,7.123672785204607,5.0,15.0,64.0,61.0,1.791759469228055,2.772588722239781,4.174387269895637,4.127134385045092,10.0,49.0,0.0,0.0,0.0,,0.0,0.0,0.0
UWe0VgOgc3w_first48h,UWe0VgOgc3w,UCOMnKe5dfLNfydD-Cq9BQ-w,2026-05-16 17:42:59+00:00,3141,News & Politics,17.0,False,39,0,896.0,6.799055862058796,3.0,4.0,42.0,47.89908256880734,1.3862943611198906,1.6094379124341003,3.7612001156935624,3.8897586349307467,1.0,38.0,5.899082568807337,5.899082568807337,1.0,,0.020877226584945414,0.0,0.020877226584945414
4K3ik2hdZy4_first48h,4K3ik2hdZy4,UCBL4UfY_tDWNuZEKmoojzzA,2026-05-16 17:45:02+00:00,1736,People & Blogs,17.0,False,99,50,28.0,3.367295829986474,7.578431372549019,10.0,38.40116763969975,69.0,2.1492510730733434,2.3978952727983707,3.673795451390139,4.248495242049359,2.4215686274509807,28.40116763969975,30.59883236030025,12.635955063767714,6.0,3.0,0.08695652173913043,0.043478260869565216,0.13043478260869565
5dS_qiIqeSE_first48h,5dS_qiIqeSE,UCzA0UZ94LKPzphQm-_1azYQ,2026-05-16 18:06:02+00:00,403,People & Blogs,18.0,False,20,7,143.0,4.969813299576001,0.0,0.0,1.0,3.0,0.0,0.0,0.6931471805599453,1.3862943611198906,0.0,1.0,2.0,2.0,0.0,,0.0,0.0,0.0
5UkBS1sikjc_first48h,5UkBS1sikjc,UCAurjT2-IhXlPq-i9XgiseA,2026-05-16 18:24:40+00:00,2370,News & Politics,18.0,False,28,21,29900.0,10.305647203635566,309.0873786407767,1604.9611650485438,14235.52,19292.835833333334,5.73685412434542,7.381477713049048,9.563565773077343,9.867540937004206,1295.873786407767,12630.558834951456,5057.315833333334,3.9026299369419997,787.4425,48.0,0.040815280179780034,0.0024879701675099342,0.04330325034728996
aiRfzNwjj-U_first48h,aiRfzNwjj-U,UCvu9pKtF3Y8KaJVD-WMiOrg,2026-05-16 18:30:02+00:00,75,News & Politics,18.0,False,98,20,123000.0,11.719947764402807,3.0,2.294117647058818,14.0,15.0,1.3862943611198906,1.1921383466789315,2.70805020110221,2.772588722239781,0.0,11.705882352941181,1.0,1.0,0.0,,0.0,0.0,0.0
02XflykRIu8_first48h,02XflykRIu8,UCPtMxMXEqzrlJAVwuo-oDDw,2026-05-16 18:36:15+00:00,31,People & Blogs,18.0,False,61,0,397.0,5.986452005284438,0.09999999999999998,2.0,3.0,5.0,0.09531017980432484,1.0986122886681098,1.3862943611198906,1.791759469228055,1.9,1.0,2.0,1.0526315789473684,0.0,,0.0,0.0,0.0
C6iYsWMsLqQ_first48h,C6iYsWMsLqQ,UCPtMxMXEqzrlJAVwuo-oDDw,2026-05-16 18:31:29+00:00,130,People & Blogs,18.0,False,52,0,397.0,5.986452005284438,1.7254901960784317,4.0,5.0,5.0,1.002648300406366,1.6094379124341003,1.791759469228055,1.791759469228055,2.2745098039215685,1.0,0.0,0.0,0.0,,0.0,0.0,0.0
DnQw5M---uw_first48h,DnQw5M---uw,UCxUkE-gLSCNh5qAt9Gl4oBg,2026-05-16 18:42:00+00:00,663,Gaming,18.0,False,52,25,726000.0,13.495306671216452,429.7142857142857,1672.2761904761903,38681.53088480801,60258.64612822648,6.065444960105973,7.422538774316756,10.563143378781605,11.006417940251293,1242.5619047619045,37009.254694331816,21577.11524341847,17.365022346756238,3627.4779350541216,190.96835970024978,0.060198463923916985,0.0031691445455624997,0.06336760846947949
xOCXRtogZCw_first48h,xOCXRtogZCw,UCQB0skuuxIbGjtsC0bCkCPg,2026-05-16 16:36:10+00:00,399,Entertainment,16.0,False,23,5,18900000.0,16.75467253293992,,758.030303030303,1232.0,1315.0,0.0,6.6320417015397615,7.117205503164344,7.182352111885263,,473.969696969697,83.0,,64.0,4.0,0.048669201520912544,0.003041825095057034,0.05171102661596958
oGXTLfeSEuY_first48h,oGXTLfeSEuY,UCBg9RPGHnrhXVmXirKQY8GA,2026-05-16 18:54:05+00:00,1761,Entertainment,18.0,False,59,22,10.0,2.3978952727983707,13.84,31.0,47.0,47.0,2.6973262377392344,3.4657359027997265,3.871201010907891,3.871201010907891,17.16,16.0,0.0,0.0,2.0,,0.0425531914893617,0.0,0.0425531914893617
7HEHu70YFAs_first48h,7HEHu70YFAs,UC7_WiJnJxpm4MRNesRttzWg,2026-05-16 19:01:10+00:00,4681,Entertainment,19.0,False,74,15,1460000.0,14.19394767861579,2294.1584158415844,4802.0990099009905,21754.300582847627,31176.988304093567,7.73855714662292,8.4770166156312,9.987612711784113,10.347467621739243,2507.940594059406,16952.201572946637,9422.68772124594,3.7571415142629743,1715.842105263158,126.0,0.05503553096685308,0.004041442321850442,0.059076973288703524
jYsgMjCGBHI_first48h,jYsgMjCGBHI,UCXWU9YY5HGD0YwnezX1aN1Q,2026-05-16 20:00:32+00:00,696,Travel & Events,20.0,False,94,23,1180.0,7.074116816197362,2.5346534653465342,5.0,8.461666666666668,17.0,1.2626152649383795,1.791759469228055,2.24724854795458,2.8903717578961645,2.4653465346534658,3.461666666666668,8.538333333333332,3.4633400267737606,9.462437395659432,6.462437395659433,0.5566139644505548,0.38014337621526073,0.9367573406658155
3rgobrOLWjo_first48h,3rgobrOLWjo,UCMTFcOaJlwRjVNoSoS9D2Vg,2026-05-16 20:12:34+00:00,969,People & Blogs,20.0,False,56,23,348000.0,12.759960632315702,10695.387755102041,27197.22680412371,157014.2226855713,264714.8835274542,9.277661370471542,10.210907059134199,11.964098039410858,12.486412392185429,16501.83904902167,129816.99588144758,107700.66084188293,6.526585341302797,13467.554076539102,767.0782029950083,0.05087569651195056,0.002897752452651393,0.05377344896460195
fd8Dhmg766U_first48h,fd8Dhmg766U,UCPs7d6fot_7G4lsZVjmBwsA,2026-05-16 20:45:04+00:00,147,Education,20.0,False,83,11,16.0,2.833213344056216,0.0,0.0,0.4657762938230382,1.0,0.0,0.0,0.3823849955196672,0.6931471805599453,0.0,0.4657762938230382,0.5342237061769618,0.5342237061769618,0.0,,0.0,0.0,0.0
9WdwS3UPg_I_first48h,9WdwS3UPg_I,UC6NcJWilLteT9RMI6TKUo_A,2026-05-16 20:45:00+00:00,2330,People & Blogs,20.0,False,92,57,3800.0,8.24301946898925,6.5514018691588785,15.087378640776699,203.59701492537312,291.12905911740216,2.021733224059189,2.778035029196927,5.321042263603533,5.677195687901218,8.53597677161782,188.5096362845964,87.53204419202905,10.254484815735871,14.0,,0.04808863822265949,0.0,0.04808863822265949
N5KBdAm7Es0_first48h,N5KBdAm7Es0,UCiDPJjBG7cemCYVg5jG0cWQ,2026-05-16 21:00:31+00:00,1356,News & Politics,21.0,False,28,19,410000.0,12.923914877701906,2113.0,7047.766990291262,32972.4525,35212.215,7.656337166430183,8.860607985516253,10.403458046992252,10.469176717267793,4934.766990291262,25924.68550970874,2239.762499999997,0.453874013586972,4013.83,62.0,0.11398970499299747,0.0017607526251898669,0.11575045761818734
yOMFBPzID6Q_first48h,yOMFBPzID6Q,UChzJWdC0QqHSrOjHPnMUFGw,2026-05-16 21:00:00+00:00,752,People & Blogs,21.0,False,21,7,3420.0,8.137688184977605,2.0,5.427184466019417,18.454166666666666,22.0,1.0986122886681098,1.8605365677073724,2.9680612716289456,3.1354942159291497,3.4271844660194173,13.026982200647248,3.5458333333333343,1.0346199244570353,6.0,,0.2727272727272727,0.0,0.2727272727272727
F2RYaAwLcCo_first48h,F2RYaAwLcCo,UCgCkdBQj4Wu7UrEuITnypSA,2026-05-16 08:36:25+00:00,532,Film & Animation,8.0,False,52,7,7890.0,8.973478148521036,,,430.51793160967475,486.96,0.0,0.0,6.067309066113513,6.190233435280537,,,56.44206839032523,,5.0,,0.010267783801544274,0.0,0.010267783801544274
FAe8JMScnoY_first48h,FAe8JMScnoY,UCv3rFzn-GHGtqzXiaq3sWNg,2026-05-16 21:30:02+00:00,360,News & Politics,21.0,False,74,15,13900000.0,16.447399470043365,471.88235294117646,1318.5294117647059,19765.0,20017.606666666667,6.158846632271745,7.185030445778101,9.89171856893613,9.904417453377626,846.6470588235294,18446.470588235294,252.60666666666657,0.2983612404177956,386.0,33.0,0.019283024510755697,0.0016485487276034665,0.020931573238359164
py2eJRC8foI_first48h,py2eJRC8foI,UC0LICABPZF817slOgTYc5Qw,2026-05-16 21:30:18+00:00,62,News & Politics,21.0,False,92,0,69.0,4.248495242049359,0.0,0.0,12.0,49.883333333333326,0.0,0.0,2.5649493574615367,3.929535430512777,0.0,12.0,37.883333333333326,37.883333333333326,0.0,,0.0,0.0,0.0
aON9UR-SK58_first48h,aON9UR-SK58,UC7Br3kzDEYU_jYYtUbe1HEA,2026-05-16 21:31:58+00:00,3873,People & Blogs,21.0,False,98,26,376000.0,12.837347081942964,67.28571428571429,128.0,448.0,481.8163606010017,4.223700583436143,4.859812404361672,6.1070228877422545,6.179636375560996,60.71428571428571,320.0,33.81636060100169,0.556975351075322,9.0,1.0,0.018679315888679455,0.002075479543186606,0.02075479543186606
WT6ZbhfX93M_first48h,WT6ZbhfX93M,UCu8-gf2iNkqpwpaUUUgk2Ng,2026-05-16 21:41:00+00:00,1213,News & Politics,21.0,False,37,0,19900.0,9.898525260706313,114.35353535353535,531.8526315789474,6971.233108108108,10070.760869565218,4.748001633075411,6.278244897340981,8.849690840978871,9.21749083334198,417.499096225412,6439.380476529161,3099.5277614571096,7.424034661343657,227.93645484949832,113.0,0.02263348894901711,0.011220602044230499,0.03385409099324761
nhCd8kPitag_first48h,nhCd8kPitag,UCNlIUl-OlG_nkpTgRz6ZjDw,2026-05-16 21:57:32+00:00,330,People & Blogs,21.0,False,63,0,2.0,1.0986122886681098,9.74,13.0,20.04260651629073,23.0,2.3739750890807185,2.6390573296152584,3.04654926405066,3.1780538303479458,3.26,7.0426065162907285,2.9573934837092715,0.9071759152482428,1.0,4.0,0.043478260869565216,0.17391304347826086,0.21739130434782608
jRFwOB6ASWI_first48h,jRFwOB6ASWI,UC8-9__CMFf3VNrvJ2r2uCdg,2026-05-16 22:00:42+00:00,8919,Film & Animation,22.0,False,80,44,13100.0,9.48044384215367,99.03061224489795,257.2631578947368,2132.3230897009967,3392.5808333333334,4.605476261591154,5.553979056923463,7.665436178965468,8.12964093590825,158.23254564983887,1875.0599318062598,1260.2577436323368,7.964592482896834,96.45916666666666,3.0,0.028432385669022377,0.0008842825410448338,0.02931666821006721
4ZHV0VPLuC8_first48h,4ZHV0VPLuC8,UCF4Wxdo3inmxP-Y59wXDsFw,2026-05-16 22:07:13+00:00,137,News & Politics,22.0,False,48,23,6170000.0,15.635209557956111,1025.7525773195875,2150.5,4397.298582151793,5484.0,6.934156263005991,7.673920552278655,8.388973059249498,8.609772372709331,1124.7474226804125,2246.798582151793,1086.7014178482068,0.966173734595864,59.0,49.0,0.010758570386579139,0.008935083880379285,0.019693654266958426
GPUtISW5Utg_first48h,GPUtISW5Utg,UC5NDs9I26-lRf-YfKRw0fEw,2026-05-16 22:15:00+00:00,191,Entertainment,22.0,False,60,39,6510000.0,15.688850167794572,25.0,27.484848484848488,42.0,42.0,3.258096538021482,3.3493723137975695,3.7612001156935624,3.7612001156935624,2.484848484848488,14.515151515151512,0.0,0.0,0.0,,0.0,0.0,0.0
0dndIDTM7xo_first48h,0dndIDTM7xo,UCN2vNGQ8Ss0HmzNiBU4k65A,2026-05-16 10:15:33+00:00,552,Film & Animation,10.0,False,58,5,5360.0,8.586905803827538,,,633.1761268781303,647.0,0.0,0.0,6.452326718504109,6.473890696352274,,,13.823873121869724,,6.0,,0.00927357032457496,0.0,0.00927357032457496
z7TriYWQ0bA_first48h,z7TriYWQ0bA,UCYSRg9O3MHNBSjBsfbnCfPQ,2026-05-16 22:30:23+00:00,17,People & Blogs,22.0,True,72,7,39.0,3.6888794541139363,4.0,542.2323232323231,1085.0,1091.9633333333334,1.6094379124341003,6.297537079688266,6.990256500493881,6.996647940800779,538.2323232323231,542.7676767676769,6.963333333333367,0.012937412029651938,18.0,,0.01648406997792966,0.0,0.01648406997792966
cywzaPeIAh8_first48h,cywzaPeIAh8,UCvAnclelY8eSq8GyPE19KTw,2026-05-16 22:30:13+00:00,535,News & Politics,22.0,False,72,5,783000.0,13.570889252111332,148.36633663366337,309.4646464646465,762.5208333333334,866.84,5.006401923572317,5.738070034873748,6.637940410905056,6.766007365871921,161.0983098309831,453.0561868686869,104.31916666666666,0.6475497277166564,68.0,30.0,0.07844584929168012,0.03460846292280005,0.11305431221448017
sc_hlDvSSuM_first48h,sc_hlDvSSuM,UCVH9TXVR4kxzB89uQDUPI6A,2026-05-16 22:35:40+00:00,890,People & Blogs,22.0,False,24,0,697.0,6.548219102762372,0.0,3.0,17.0,37.0,0.0,1.3862943611198906,2.8903717578961645,3.6375861597263857,3.0,14.0,20.0,6.666666666666667,2.0,2.0,0.05405405405405406,0.05405405405405406,0.10810810810810811
VpO-HbI01b8_first48h,VpO-HbI01b8,UCObzgQJkBpn-5sKNv-xLeBA,2026-05-16 14:53:28+00:00,1002,People & Blogs,14.0,False,100,0,21700.0,9.985113621416073,,,3466.9666944213154,3499.0,0.0,0.0,8.151323734169575,8.160518247477505,,,32.033305578684576,,74.0,3.0,0.021148899685624466,0.0008573878250928837,0.022006287510717346
aYJSfKPXZnI_first48h,aYJSfKPXZnI,UCyQM2qoRd1Ngb4apsbca-aQ,2026-05-16 23:00:02+00:00,3861,News & Politics,23.0,False,99,0,17300.0,9.758519582283522,186.87128712871288,695.5555555555557,6197.293189368771,8155.508333333333,5.235757085422572,6.546147553937749,8.732029241096079,9.006571456055886,508.6842684268428,5501.737633813215,1958.2151439645622,3.8495689084715345,135.98333333333332,13.0,0.016673802266566257,0.001594014679240309,0.018267816945806564
Ij9eIuHok4U_first48h,Ij9eIuHok4U,UChKibgdr8RYSXXre4rwYFSw,2026-05-16 23:02:11+00:00,577,Gaming,23.0,False,13,0,226.0,5.424950017481403,0.0,0.0,5.0,27.0,0.0,0.0,1.791759469228055,3.332204510175204,0.0,5.0,22.0,22.0,1.0,,0.037037037037037035,0.0,0.037037037037037035
-E8bGeQnVN4_first48h,-E8bGeQnVN4,UCAwVpzgGI9sEu4O4ZlB5ZWQ,2026-05-16 23:04:23+00:00,2162,News & Politics,23.0,False,48,66,389000.0,12.871337193291367,2402.7307692307695,7486.557692307692,93313.06,123470.0607826811,7.784777296550974,8.92099794754363,11.443726072159217,11.723762081945319,5083.826923076923,85826.50230769231,30157.000782681105,5.931948754154076,5824.2056619483765,270.0,0.04717099534112586,0.00218676493952024,0.0493577602806461
QqxxNNHUblU_first48h,QqxxNNHUblU,UCA8zyn_BmuMQPhWQdI0nfeA,2026-05-16 23:30:06+00:00,15,Entertainment,23.0,True,88,0,12100.0,9.401043372798053,919.4313725490197,1925.4199999999998,9555.89683860233,14454.0,6.824842443357161,7.563418637120409,9.1650183548794,9.578795654450447,1005.9886274509802,7630.47683860233,4898.10316139767,4.868944864524669,61.0,2.0,0.00422028504220285,0.0001383700013837,0.0043586550435865505
Z7vAiX1BVJo_first48h,Z7vAiX1BVJo,UCoS8_0Bdm2UREVhyqAaAw7g,2026-05-16 23:30:06+00:00,33,People & Blogs,23.0,False,64,0,1310.0,7.1785454837637,0.0,0.0,8.0,9.0,0.0,0.0,2.1972245773362196,2.302585092994046,0.0,8.0,1.0,1.0,0.0,,0.0,0.0,0.0
VNiqPKcR2to_first48h,VNiqPKcR2to,UCaklIGtczAXctqBGpKY9ErQ,2026-05-16 23:54:16+00:00,272,Gaming,23.0,False,38,19,1390.0,7.237778191923443,2.72,3.0,23.774566473988433,41.491680532445926,1.3137236682850553,1.3862943611198906,3.2098175815357433,3.74930830459067,0.2799999999999998,20.774566473988433,17.717114058457494,17.717114058457494,0.0,,0.0,0.0,0.0
WCT2d9jI6fI_first48h,WCT2d9jI6fI,UCseJnykvfRbjum-ewCA0Vbg,2026-05-17 00:00:25+00:00,2732,People & Blogs,0.0,False,84,9,12500.0,9.433563920090563,67.05882352941177,418.1010101010101,5203.321100917431,5836.75562969141,4.220372383137461,6.03811196509517,8.557244540441665,8.672101691971918,351.04218657159834,4785.220090816421,633.4345287739789,1.8044399021106938,82.0,6.0,0.014048900656876627,0.0010279683407470703,0.015076868997623697
A0Hfz_2thls_first48h,A0Hfz_2thls,UCZ8pcVV62wDg5xHbA8KKrCA,2026-05-17 00:00:16+00:00,1718,Education,0.0,False,46,12,171.0,5.147494476813453,11.372549019607844,13.0,45.0,46.0,2.5154802298168875,2.6390573296152584,3.828641396489095,3.8501476017100584,1.6274509803921564,32.0,1.0,0.6144578313253014,0.0,,0.0,0.0,0.0
_iODKFf-BAU_first48h,_iODKFf-BAU,UCfOtMe6VEbaWfJGDpoHDBIQ,2026-05-17 00:09:08+00:00,14,People & Blogs,0.0,True,73,0,40.0,3.713572066704308,126.0,210.0,331.0,403.9492089925062,4.844187086458591,5.351858133476067,5.805134968916488,6.003761649347014,84.0,121.0,72.94920899250621,0.8684429641965026,9.0,,0.022280028775020975,0.0,0.022280028775020975
NwM7CAiIiRY_first48h,NwM7CAiIiRY,UC9tyQyymq_D-JBDVpJVIKQA,2026-05-17 00:10:32+00:00,15,People & Blogs,0.0,True,28,0,231.0,5.44673737166631,590.1428571428571,807.0,971.0,972.0,6.382057709250175,6.694562058521095,6.879355804460439,6.880384082186005,216.8571428571429,164.0,1.0,0.004611330698287219,27.0,,0.027777777777777776,0.0,0.027777777777777776
Q_P6hiQ4B6U_first48h,Q_P6hiQ4B6U,UCPd07MaNltgsQsa_TUjv6AQ,2026-05-17 00:13:36+00:00,60,Travel & Events,0.0,False,32,42,12400.0,9.425532393502772,1.0,2.0,4.0,8.0,0.6931471805599453,1.0986122886681098,1.6094379124341003,2.1972245773362196,1.0,2.0,4.0,4.0,2.0,3.0,0.25,0.375,0.625
HCdohyfJrB0_first48h,HCdohyfJrB0,UCPd07MaNltgsQsa_TUjv6AQ,2026-05-17 00:13:26+00:00,60,Travel & Events,0.0,False,41,40,12400.0,9.425532393502772,3.0,3.0,7.0,12.0,1.3862943611198906,1.3862943611198906,2.0794415416798357,2.5649493574615367,0.0,4.0,5.0,5.0,1.4687239366138447,2.468723936613845,0.12239366138448705,0.2057269947178204,0.3281206561023075
4SM8neoPbGk_first48h,4SM8neoPbGk,UC1wRdPJoILdc0VTw8RZ5Blg,2026-05-17 00:20:20+00:00,74,Entertainment,0.0,True,52,10,729.0,6.593044534142437,349.1340206185567,504.55102040816325,837.58,919.5594347464671,5.858315997242836,6.225648963947325,6.731709985179667,6.8249815664827596,155.41699978960656,333.0289795918368,81.97943474646706,0.5274804870602668,37.0,,0.04023665964582411,0.0,0.04023665964582411
lJYDcVK6FaE_first48h,lJYDcVK6FaE,UCKOp-tpoghZFzTq57YzQFtg,2026-05-17 00:31:09+00:00,18,Sports,0.0,True,34,0,1800.0,7.496097345175956,147.72277227722773,661.0,872.4223706176962,887.0,5.002083984156795,6.495265555937008,6.772419253979339,6.78897174299217,513.2772277227723,211.42237061769617,14.577629382303826,0.028401083459282928,6.0,,0.006764374295377677,0.0,0.006764374295377677
4jJFv-rDj_Y_first48h,4jJFv-rDj_Y,UCyfOVVBDfkHARtam2Zlo6sQ,2026-05-17 00:28:10+00:00,28,People & Blogs,0.0,True,39,0,96000.0,11.472113887062386,4354.16,8309.242424242424,49005.89816360601,54285.647547797176,8.37911662799175,9.025244060016332,10.799716346033454,10.902033574169428,3955.082424242424,40696.65573936359,5279.749384191164,1.3349277759242837,3084.5843724023275,63.0,0.056821360925766375,0.001160527742522184,0.05798188866828856
ijEgOVZwFVI_first48h,ijEgOVZwFVI,UCL0_NxCvkcXwZHpvqgMZY-A,2026-05-17 00:49:36+00:00,96,News & Politics,0.0,False,41,66,1040000.0,13.854732232655556,71.9009900990099,120.0,208.0,221.0,4.289102220527457,4.795790545596741,5.342334251964811,5.402677381872279,48.0990099009901,88.0,13.0,0.27027583367641006,17.0,,0.07692307692307693,0.0,0.07692307692307693
b1ldd214TbQ_first48h,b1ldd214TbQ,UCc8Y-LsQ8fL1NfeN0gWO2bA,2026-05-17 01:07:30+00:00,35,Travel & Events,1.0,True,81,0,8160.0,9.007121989469242,811.7872340425532,1042.3030303030303,1352.458263772955,1355.0,6.700469370552441,6.950146950006301,7.2104182727997985,7.212294468500341,230.51579626047703,310.1552334699247,2.5417362270450212,0.011026299578068496,15.0,,0.01107011070110701,0.0,0.01107011070110701
IVrqkM-hzpQ_first48h,IVrqkM-hzpQ,UC6mqBIpyFImadq67vlznJOw,2026-05-17 01:08:37+00:00,6,People & Blogs,1.0,True,46,0,233.0,5.455321115357702,349.0,377.90909090909093,389.0,389.0,5.857933154483459,5.937296310634832,5.966146739123692,5.966146739123692,28.909090909090935,11.090909090909065,0.0,0.0,1.0,,0.002570694087403599,0.0,0.002570694087403599
ve7AvnGR8nQ_first48h,ve7AvnGR8nQ,UCmbPcRtn6NaKR9cwujRRegw,2026-05-17 01:30:44+00:00,6624,Film & Animation,1.0,False,30,18,2360.0,7.766840537085513,5.663366336633663,12.0,125.3859649122807,200.7190635451505,1.8966248128034684,2.5649493574615367,4.839340438461297,5.306875954847712,6.336633663366337,113.3859649122807,75.3330986328698,11.888504627999765,4.0,,0.019928351245521954,0.0,0.019928351245521954
Di9QLw0CV1s_first48h,Di9QLw0CV1s,UCk6L5w3vaugId7zIv1olJqQ,2026-05-17 01:32:00+00:00,209,Travel & Events,1.0,False,14,0,428.0,6.061456918928017,1.0,2.0,28.0,32.0,0.6931471805599453,1.0986122886681098,3.367295829986474,3.4965075614664802,1.0,26.0,4.0,4.0,1.0,,0.03125,0.0,0.03125
Ug50OTtQdlA_first48h,Ug50OTtQdlA,UCdVThx-ZnSP0zxILNUzrwkg,2026-05-17 01:44:16+00:00,11,Entertainment,1.0,True,92,0,13799.0,9.532423871145296,1727.6666666666667,4148.310344827586,20291.90016638935,36736.0,7.4551056774305,8.330697417445734,9.918026358356597,10.511539700563102,2420.643678160919,16143.589821561764,16444.09983361065,6.793275681988864,,,0.0,0.0,0.0
tL1BcAFMhEg_first48h,tL1BcAFMhEg,UC7ygrwibLuqSxPgtDSECjqg,2026-05-17 01:44:00+00:00,40,People & Blogs,1.0,False,32,9,357.0,5.8805329864007,0.0,0.0,40.0,48.0,0.0,0.0,3.713572066704308,3.8918202981106265,0.0,40.0,8.0,8.0,0.0,,0.0,0.0,0.0
AkUEAKhywfc_first48h,AkUEAKhywfc,UCYQOA_bydsKp8CBSd693eFw,2026-05-17 01:53:42+00:00,71,People & Blogs,1.0,False,35,21,29.0,3.4011973816621555,4.0,4.0,10.0,13.0,1.6094379124341003,1.6094379124341003,2.3978952727983707,2.6390573296152584,0.0,6.0,3.0,3.0,,1.0,0.0,0.07692307692307693,0.07692307692307693
xTY74Nc20eI_first48h,xTY74Nc20eI,UCwoPZHR0GHnMT79Ykc-qRqw,2026-05-17 02:00:47+00:00,542,Travel & Events,2.0,False,27,8,5350.0,8.585038738311304,7.0,10.0,15.0,18.0,2.0794415416798357,2.3978952727983707,2.772588722239781,2.9444389791664403,3.0,5.0,3.0,1.0,1.0,,0.05555555555555555,0.0,0.05555555555555555
a_GlYLSNdms_first48h,a_GlYLSNdms,UCD1yX8s7Z7eXaHhxLzYGA9Q,2026-05-17 02:00:19+00:00,225,Pets & Animals,2.0,False,13,0,30.0,3.4339872044851463,0.0,0.0,0.0,0.0,0.0,0.0,0.0,0.0,0.0,0.0,0.0,0.0,0.0,,0.0,0.0,0.0
1HUzAwzlbUM_first48h,1HUzAwzlbUM,UC8RF3mIVGwKmRwbw5GEYaGQ,2026-05-17 02:28:11+00:00,5,People & Blogs,2.0,True,48,0,160.0,5.081404364984463,1064.25,1356.4455445544556,1617.6422628951748,1912.1008333333332,6.9709647923800215,7.213359936494793,7.3893429674924835,7.556480677582432,292.19554455445564,261.19671834071914,294.4585704381584,1.0077449020899805,48.0,4.0,0.02510327863636899,0.002091939886364082,0.02719521852273307
acNGZNuWJeg_first48h,acNGZNuWJeg,UCQ51H0TQlioxsqlVl2cgD8g,2026-05-17 02:30:10+00:00,7311,People & Blogs,2.0,False,83,56,1080.0,6.985641817639208,163.92857142857144,632.7524752475248,7915.94983277592,16036.85845129059,5.105512479739237,6.451658460613781,8.976761288505648,9.68270735949504,468.82390381895334,7283.1973575283955,8120.908618514671,17.32187406052303,224.77851790174856,8.0,0.014016368516594293,0.0004988508207077295,0.014515219337302022
HKAws9bN1Ds_first48h,HKAws9bN1Ds,UCkN0A1TTwhPkjLtqMn8I6mA,2026-05-17 02:32:00+00:00,29,Gaming,2.0,True,90,0,39.0,3.6888794541139363,162.48979591836735,388.54,847.0,945.0,5.096750578104491,5.9649665558017535,6.742880635791903,6.852242569051878,226.05020408163267,458.46,98.0,0.4335320129355407,15.0,,0.015873015873015872,0.0,0.015873015873015872
sUs9qc-TLlU_first48h,sUs9qc-TLlU,UCz1MOwO9D1sy8i4C1qTLnYw,2026-05-17 02:48:26+00:00,320,Education,2.0,False,77,0,50.0,3.9318256327243257,3.607843137254902,3.380952380952381,25.0,38.0,1.5277598814198332,1.4772661393256175,3.258096538021482,3.6635616461296463,0.0,21.61904761904762,13.0,13.0,7.0,1.0,0.18421052631578946,0.02631578947368421,0.21052631578947367
bv3-U1Poqqw_first48h,bv3-U1Poqqw,UCnwI-VN5jXWIGQKOI9PMDMw,2026-05-17 02:48:37+00:00,68,News & Politics,2.0,False,52,3,194000.0,12.175618592671356,9.623762376237623,11.0,58.982485404503755,80.0,2.363093225789439,2.4849066497880004,4.0940526096831675,4.394449154672439,1.3762376237623766,47.982485404503755,21.017514595496245,15.271719238454102,1.0,,0.0125,0.0,0.0125
dyhPLHgt7B0_first48h,dyhPLHgt7B0,UCDk2THbEGMFsveFERmolWPg,2026-05-17 03:02:35+00:00,438,People & Blogs,3.0,False,33,13,154.0,5.043425116919247,0.0,0.0,5.0,5.0,0.0,0.0,1.791759469228055,1.791759469228055,0.0,5.0,0.0,0.0,0.0,,0.0,0.0,0.0
mSbsCo1Mx1Y_first48h,mSbsCo1Mx1Y,UCDk2THbEGMFsveFERmolWPg,2026-05-17 03:02:35+00:00,340,People & Blogs,3.0,False,34,13,154.0,5.043425116919247,0.0,0.0,0.0,0.0,0.0,0.0,0.0,0.0,0.0,0.0,0.0,0.0,0.0,,0.0,0.0,0.0
LYB01NDN2G8_first48h,LYB01NDN2G8,UCIKhrdByqxGYzRPalK1BjCQ,2026-05-17 03:15:02+00:00,911,News & Politics,3.0,False,76,76,151000.0,11.92504173829169,2136.970297029703,4912.13,16280.408026755853,18517.065054211842,7.667612198611825,8.499666492229732,9.697779123946615,9.826502024027626,2775.159702970297,11368.278026755852,2236.657027455989,0.8059561491405557,1498.8273561301085,124.0,0.08094303021251141,0.00669652559068994,0.08763955580320136
za7p0pj9QNI_first48h,za7p0pj9QNI,UCD9AfUzxg0MvLYylLmrj2eg,2026-05-17 03:20:07+00:00,86,Autos & Vehicles,3.0,False,21,7,3920.0,8.27410200229233,4.220000000000001,8.0,48.0,58.465833333333336,1.6524974018945475,2.1972245773362196,3.8918202981106265,4.085401917926696,3.7799999999999994,40.0,10.465833333333336,2.7687389770723114,0.0,1.0,0.0,0.017104006613549223,0.017104006613549223
1OeYrmUiPfw_first48h,1OeYrmUiPfw,UClF2w1SbxZRCSLwdCb5mmuA,2026-05-17 03:31:49+00:00,1324,Gaming,3.0,False,73,28,22599.0,10.025705185260378,91.36,1085.6761904761906,6674.813021702838,7517.01001669449,4.525693984486295,6.990878949896131,8.80624627685548,8.925056756484834,994.3161904761906,5589.136831226648,842.196994991652,0.8470112455760307,17.469115191986646,4.0,0.002323944647298537,0.0005321264693164462,0.0028560711166149833
Ni2pfZAO2Vk_first48h,Ni2pfZAO2Vk,UCNxHCPqeVqQGOpkM3MMkZtA,2026-05-17 03:42:11+00:00,3754,People & Blogs,3.0,False,38,0,5220.0,8.560444233410552,8.5,12.0,38.0,41.0,2.2512917986064953,2.5649493574615367,3.6635616461296463,3.7376696182833684,3.5,26.0,3.0,0.8571428571428571,1.0,,0.024390243902439025,0.0,0.024390243902439025
37mUc7TOt3k_first48h,37mUc7TOt3k,UCozmwBf7ZVpIxwDYnlXihrg,2026-05-17 03:42:17+00:00,239,People & Blogs,3.0,False,30,0,1110.0,7.01301578963963,4.0,4.0,24.925895087427143,29.0,1.6094379124341003,1.6094379124341003,3.255242279553415,3.4011973816621555,0.0,20.925895087427143,4.074104912572857,4.074104912572857,0.0,,0.0,0.0,0.0
jBGc11WCwgA_first48h,jBGc11WCwgA,UCsShT8KBLUBgXRFr-rRfMqw,2026-05-17 03:57:04+00:00,19,Education,3.0,True,85,14,445000.0,13.005831808336863,1174.3400000000001,4295.153846153846,11422.285,14181.850622406639,7.069312746423364,8.36547544703581,9.34340909508567,9.559788811081395,3120.8138461538456,7127.131153846154,2759.565622406639,0.8842455072440747,72.44647302904565,2.0,0.005108393464149433,0.00014102531843341353,0.005249418782582847
kVcPLhBVjiE_first48h,kVcPLhBVjiE,UCa-W2A5iRRhHYFIoPBcDGdQ,2026-05-17 04:00:41+00:00,22,Education,4.0,True,74,0,4770.0,8.470311205516108,46.89108910891089,432.2427184466019,854.0,855.4728487886383,3.8689294559817236,6.071298121637635,6.75110146893676,6.752822617073316,385.351629337691,421.7572815533981,1.4728487886383164,0.0038220904662313775,4.0,,0.004675776683811832,0.0,0.004675776683811832
If0utVdvSXg_first48h,If0utVdvSXg,UCnVJ112p6NFV8VcyYAgPlMg,2026-05-17 00:44:16+00:00,268,People & Blogs,0.0,False,92,3,25800.0,10.158168529848494,,,39.0,44.0,0.0,0.0,3.6888794541139363,3.8066624897703196,,,5.0,,2.0,1.0,0.045454545454545456,0.022727272727272728,0.06818181818181818
0tGjIreazqY_first48h,0tGjIreazqY,UCMjCZM4l6qEUMrlc9pIfieQ,2026-05-17 04:09:02+00:00,122,People & Blogs,4.0,False,57,3,39.0,3.6888794541139363,0.0,1.0,1.0,1.0,0.0,0.6931471805599453,0.6931471805599453,0.6931471805599453,1.0,0.0,0.0,0.0,0.0,,0.0,0.0,0.0
H8M4qd7_Olo_first48h,H8M4qd7_Olo,UCMs0i9-dkWsGb18vsAfMZsg,2026-05-17 00:18:08+00:00,443,Travel & Events,0.0,False,29,15,19.0,2.995732273553991,,,19.967499999999998,25.935,0.0,0.0,3.0429736198764292,3.293426556132497,,,5.967500000000001,,3.0,4.0,0.1156737998843262,0.1542317331791016,0.2699055330634278
Pyr7F1g6q2I_first48h,Pyr7F1g6q2I,UCjGp0ewMswgZPly8kabNmgQ,2026-05-17 04:45:02+00:00,828,Travel & Events,4.0,False,56,75,2080.0,7.640603826393634,4.0,6.693069306930694,253.84762697751873,415.36401673640165,1.6094379124341003,2.040319833526388,5.5406658252948615,6.031559917868486,2.6930693069306937,247.15455767058805,161.51638975888292,59.9748359031146,6.0,5.0,0.014445160770408576,0.01203763397534048,0.026482794745749053
oVOMsZJp1mg_first48h,oVOMsZJp1mg,UCruvvvnGpeDKldng1LSVRnQ,2026-05-17 04:43:42+00:00,434,Entertainment,4.0,False,36,0,275.0,5.62040086571715,2.0,2.0,6.925895087427143,15.0,1.0986122886681098,1.0986122886681098,2.0701352581713217,2.772588722239781,0.0,4.925895087427143,8.074104912572857,8.074104912572857,0.0,,0.0,0.0,0.0
DhoLBMu_W9g_first48h,DhoLBMu_W9g,UCydzelD-F6fDJqPCUs5dqTg,2026-05-17 04:51:03+00:00,314,People & Blogs,4.0,False,51,3,31.0,3.4657359027997265,4.0,4.0,18.0,18.0,1.6094379124341003,1.6094379124341003,2.9444389791664403,2.9444389791664403,0.0,14.0,0.0,0.0,1.0,,0.05555555555555555,0.0,0.05555555555555555
hD4pCLUX0eU_first48h,hD4pCLUX0eU,UCnvLgMU5pDIW5N-jWOOpC8A,2026-05-17 05:16:03+00:00,829,Science & Technology,5.0,False,44,0,37100.0,10.521399202410167,78.5,359.57142857142856,2492.443143812709,2858.0833333333335,4.375757021660286,5.88769007460579,7.821419822966722,7.958256339618173,281.07142857142856,2132.8717152412805,365.6401895206245,1.300879962716326,162.45833333333334,15.0,0.05684170627168557,0.005248272443653963,0.062089978715339535
FjH20upY03s_first48h,FjH20upY03s,UCnVJ112p6NFV8VcyYAgPlMg,2026-05-17 01:04:57+00:00,276,People & Blogs,1.0,False,84,2,25800.0,10.158168529848494,,,18.0,18.0,0.0,0.0,2.9444389791664403,2.9444389791664403,,,0.0,,1.0,,0.05555555555555555,0.0,0.05555555555555555
DJC9ez6kXFM_first48h,DJC9ez6kXFM,UCwjdpCAf4yfly4YRvTD1JMw,2026-05-17 05:34:28+00:00,772,Sports,5.0,False,58,3,2220.0,7.7057128238944275,3.25,9.0,31.0,35.0,1.4469189829363254,2.302585092994046,3.4657359027997265,3.58351893845611,5.75,22.0,4.0,0.6956521739130435,,,0.0,0.0,0.0
sl-31apPzTM_first48h,sl-31apPzTM,UCCemgFdgBHhb9xCuh94U1Jg,2026-05-17 05:39:46+00:00,23,People & Blogs,5.0,False,50,0,2760.0,7.923348211930154,11.59,20.596153846153847,88.40531561461795,109.0,2.532902848056256,3.072515236157016,4.493180139188353,4.700480365792417,9.006153846153847,67.8091617684641,20.594684385382052,2.2867346857701287,24.0,1.0,0.22018348623853212,0.009174311926605505,0.22935779816513763
9OmiFoSgVfA_first48h,9OmiFoSgVfA,UCCUH6kzLzA50sfI9BQ8n1CQ,2026-05-17 05:43:01+00:00,1018,Science & Technology,5.0,False,80,12,0.0,0.0,0.0,0.0,0.0,0.0,0.0,0.0,0.0,0.0,0.0,0.0,0.0,0.0,0.0,1.0,0.0,1.0,1.0
bgGDw3K_WXQ_first48h,bgGDw3K_WXQ,UCn-1eGv3DrRMuMrILAWzeFw,2026-05-17 05:48:43+00:00,622,News & Politics,5.0,False,90,0,105.0,4.663439094112067,10.0,18.0,30.446561723280862,32.0,2.3978952727983707,2.9444389791664403,3.4482896519961175,3.4965075614664802,8.0,12.446561723280862,1.5534382767191381,0.19417978458989227,3.0,7.0,0.09375,0.21875,0.3125
7j8XWQxSSyQ_first48h,7j8XWQxSSyQ,UCR6h55qFLd9qqURLL-wT3Nw,2026-05-17 05:54:02+00:00,48,Education,5.0,False,34,0,9070.0,9.112837790614945,9.592233009708737,22.0,82.0,106.0,2.360120997603435,3.1354942159291497,4.418840607796598,4.672828834461906,12.407766990291263,60.0,24.0,1.9342723004694835,1.0,,0.009433962264150943,0.0,0.009433962264150943
wcKlMnx4dFc_first48h,wcKlMnx4dFc,UCSo699f_wjovxFrB4W1ZhfQ,2026-05-17 06:03:02+00:00,1246,People & Blogs,6.0,False,87,28,64200.0,11.06977406588073,1162.076923076923,3596.6699999999996,18738.4,23507.903413821816,7.0588242922719875,8.18804169268326,9.838383538204083,10.065134497052906,2434.5930769230763,15141.730000000001,4769.503413821814,1.9590556873880867,1175.796835970025,237.94920899250624,0.05001708639311059,0.010122094038067237,0.06013918043117783
ri5qD_cBhIw_first48h,ri5qD_cBhIw,UCu7bOZngnqeDwXj4hpx9XNQ,2026-05-17 06:04:53+00:00,184,Entertainment,6.0,False,17,0,819.0,6.709304340258298,1.0,4.0,78.39,99.98084929225645,0.6931471805599453,1.6094379124341003,4.374372415737022,4.61493088789507,3.0,74.39,21.59084929225645,7.196949764085484,4.0,,0.040007661750376844,0.0,0.040007661750376844
8O09THzY3jk_first48h,8O09THzY3jk,UCL8VdSBGZoe1OXGVAQTFEOg,2026-05-17 06:07:11+00:00,39,People & Blogs,6.0,False,40,3,675.0,6.516193076042964,1.0,1.0,30.464612822647794,41.46410684474124,0.6931471805599453,0.6931471805599453,3.4488635118864344,3.748659174271849,0.0,29.464612822647794,10.999494022093444,10.999494022093444,1.0,1.0,0.024117244433707774,0.024117244433707774,0.04823448886741555
dw65aaTDW4o_first48h,dw65aaTDW4o,UCmu3ZmEr9KmP-IhTt1rW8aw,2026-05-17 06:10:47+00:00,2829,People & Blogs,6.0,False,69,0,27100.0,10.207325906555994,11.911764705882353,21.0,192.8369384359401,248.47078464106843,2.55813888845901,3.091042453358316,5.267017282099284,5.519341812708365,9.088235294117647,171.8369384359401,55.63384620512832,6.121523530661369,3.0,,0.01207385409247887,0.0,0.01207385409247887
exiU_VpZ7kU_first48h,exiU_VpZ7kU,UCiM0WWVu_go-VX7DlIGPBxQ,2026-05-17 06:20:06+00:00,977,People & Blogs,6.0,False,99,20,78400.0,11.269591961359195,285.0485436893204,1347.8979591836735,9165.098251457119,12328.19567027477,5.656161529596249,7.207043211525919,9.12326698413197,9.419725360476232,1062.849415494353,7817.2002922734455,3163.0974188176515,2.976054154714316,528.4829308909242,36.0,0.042867824702456675,0.002920135351745081,0.04578796005420176
NUoBST-t7bQ_first48h,NUoBST-t7bQ,UCPfOXasbX_ckz5WtBzHVrVg,2026-05-17 06:17:52+00:00,3817,People & Blogs,6.0,False,92,0,5.0,1.791759469228055,0.0,0.0,0.0,0.0,0.0,0.0,0.0,0.0,0.0,0.0,0.0,0.0,0.0,,0.0,0.0,0.0
2y0vCLqBLaY_first48h,2y0vCLqBLaY,UC5d9YUCgDdODjsx3iM_v0rQ,2026-05-17 07:00:22+00:00,2704,Travel & Events,7.0,False,53,36,551000.0,13.219491903015438,2856.158415841584,8523.692307692307,41655.125,50187.35880398671,7.957582849010542,9.050722208561034,10.637203695606429,10.823538382452782,5667.533891850722,33131.432692307695,8532.23380398671,1.5054579234638727,3027.7873754152824,420.8970099667774,0.060329681568633685,0.008386514452984977,0.06871619602161866
XKFVNTlReb0_first48h,XKFVNTlReb0,UCuw_9BO3ufgtLJEiWoa5drQ,2026-05-17 07:00:34+00:00,7190,Film & Animation,7.0,False,95,92,7990.0,8.986071187374463,11.725490196078432,47.96153846153847,719.0644351464434,1066.1618257261412,2.543607083979764,3.8910350605359247,6.579340701264767,6.9727579040250856,36.236048265460035,671.102896684905,347.09739057969773,9.578787069630568,31.0,,0.029076261456731985,0.0,0.029076261456731985
j9Aa2k7O478_first48h,j9Aa2k7O478,UCNJXCsBISJNgjbRMb7KAfIA,2026-05-17 07:07:01+00:00,321,Entertainment,7.0,False,38,0,15.0,2.772588722239781,0.0,0.5049504950495046,229.03678929765886,378.0,0.0,0.4087600040050167,5.438239249600086,5.937536205082426,0.5049504950495046,228.53183880260934,148.96321070234114,148.96321070234114,,3.0,0.0,0.007936507936507936,0.007936507936507936
tztmOxLL4JY_first48h,tztmOxLL4JY,UCk_egGHKLRHpqGtRzpN74Ew,2026-05-17 07:18:31+00:00,5343,People & Blogs,7.0,False,54,0,25500.0,10.146472946063877,179.77777777777777,1059.5510204081634,9798.160401002506,13803.14261884904,5.197268529882819,6.9665438826147446,9.1900519876214,9.53272401586903,879.7732426303855,8738.609380594342,4004.9822178465347,4.552289185190787,275.3811509591326,18.0,0.019950612593329486,0.0013040508597962244,0.021254663453125707
XsjITyWTcmE_first48h,XsjITyWTcmE,UC-_sf6yhq-gUJ0hx-mD2rEw,2026-05-17 07:26:08+00:00,17,People & Blogs,7.0,True,26,0,1190.0,7.0825485693553,757.0,757.0,907.0,907.0,6.630683385642372,6.630683385642372,6.811244378601294,6.811244378601294,0.0,150.0,0.0,0.0,2.0,,0.002205071664829107,0.0,0.002205071664829107
cczCKUaZ8ec_first48h,cczCKUaZ8ec,UC_NGaQY8NyOWDcsMrTQDUbg,2026-05-17 07:37:24+00:00,404,People & Blogs,7.0,False,66,3,57.0,4.060443010546419,0.0,0.0,0.0,0.0,0.0,0.0,0.0,0.0,0.0,0.0,0.0,0.0,0.0,,0.0,0.0,0.0
1Jumw0gDCIE_first48h,1Jumw0gDCIE,UCcwD5Szdd9qvAY6hDD9g21A,2026-05-17 07:39:52+00:00,1985,People & Blogs,7.0,False,53,27,476000.0,13.073175234051686,26.040404040404038,30.0,63.0,62.0,3.2973321933857624,3.4339872044851463,4.1588830833596715,4.143134726391533,3.959595959595962,33.0,0.0,0.0,0.0,,0.0,0.0,0.0
K7XQ-YiMnvI_first48h,K7XQ-YiMnvI,UC_GcrznCXn6b-i1Y7DOn54A,2026-05-17 07:39:55+00:00,3358,Film & Animation,7.0,False,87,27,2560000.0,14.75551820708067,36.88461538461539,73.8989898989899,134.0,139.37271214642263,3.634545103150607,4.3161404044374425,4.90527477843843,4.9443011147702975,37.01437451437451,60.101010101010104,5.372712146422629,0.14515204476401836,1.0,,0.007175005670761554,0.0,0.007175005670761554
DFfMBIZD3Xw_first48h,DFfMBIZD3Xw,UCns-YkwnJ2I717GUJMi-jIA,2026-05-17 08:00:11+00:00,630,People & Blogs,8.0,False,33,45,453.0,6.118097198041348,1.0,8.0,40.96846473029046,51.0,0.6931471805599453,2.1972245773362196,3.736918496507033,3.9512437185814275,7.0,32.96846473029046,10.031535269709543,1.4330764671013634,1.0,1.0,0.0196078431372549,0.0196078431372549,0.0392156862745098
4pzBkrec_Qk_first48h,4pzBkrec_Qk,UCJUBaGbM9SU9sHAHov8JKUA,2026-05-17 08:00:04+00:00,1891,News & Politics,8.0,False,98,0,6070.0,8.711278615130434,217.7058823529412,599.4313725490197,4284.651085141903,4467.080231596361,5.387727824225173,6.397648351140715,8.363027764680021,8.40471411696528,381.72549019607845,3685.2197125928838,182.42914645445762,0.4779066400851314,167.0,8.0,0.03738459829281389,0.0017908789601347973,0.03917547725294869
93Z1sSLJ6cY_first48h,93Z1sSLJ6cY,UCZD5NonioHkwvVu-eKWYD-A,2026-05-17 08:00:16+00:00,994,Education,8.0,False,64,0,30500.0,10.32551474894327,3.3725490196078427,8.386138613861387,16.0,18.0,1.475346138735793,2.2392339854137626,2.833213344056216,2.9444389791664403,5.013589594253545,7.613861386138613,2.0,0.39891577928363975,,,0.0,0.0,0.0
VUpj20_I4hU_first48h,VUpj20_I4hU,UCYkn7e_zaRR_UxOrJR0RVdg,2026-05-17 08:09:33+00:00,7256,Film & Animation,8.0,False,84,21,1210000.0,14.006131744018864,143.0392156862745,345.57692307692304,1228.5572263993317,1339.7873227689743,4.970085593655287,5.848104794213556,7.114409405021507,7.201012274707713,202.53770739064854,882.9803033224086,111.23009636964252,0.5491821636704187,6.0,1.0,0.0044783227143839815,0.0007463871190639969,0.005224709833447978
8-bal_riBBI_first48h,8-bal_riBBI,UC2V3SuTNn0Pz7nGmm2fNKyw,2026-05-17 08:06:04+00:00,15,People & Blogs,8.0,True,96,0,324.0,5.783825182329737,426.6470588235294,658.1538461538462,1278.8320802005012,1308.0,6.058298226471349,6.490956961207582,7.1544841609644925,7.1770187659099,231.5067873303168,620.678234046655,29.167919799498804,0.12599163996812607,55.0,4.0,0.04204892966360856,0.0030581039755351682,0.04510703363914373
7PbYX0koD0A_first48h,7PbYX0koD0A,UCwMx9TEXIOWHKh9ujxVHcWA,2026-05-17 08:12:11+00:00,3994,People & Blogs,8.0,False,45,5,74700.0,11.221248757912162,822.2121212121212,2089.3564356435645,6606.521267723103,7330.0,6.7132139089159555,7.645089873788116,8.79596386519791,8.899867211223587,1267.1443144314433,4517.164832079538,723.4787322768971,0.5709521196893155,295.0,24.0,0.04024556616643929,0.0032742155525238743,0.04351978171896317
kbM8sOcpvaY_first48h,kbM8sOcpvaY,UCaysddji-z_Za5b6EMmcc3g,2026-05-17 08:30:31+00:00,222,Howto & Style,8.0,False,65,17,53300.0,10.883710371704016,7.70873786407767,10.0,25.475083056478404,30.0,2.16432687382916,2.3978952727983707,3.2762040286488725,3.4339872044851463,2.29126213592233,15.475083056478404,4.524916943521596,1.9748578185708663,2.0,,0.06666666666666667,0.0,0.06666666666666667
PJMTNa1VWtE_first48h,PJMTNa1VWtE,UC8lsUNEf26ilKyVgfTZ4wQg,2026-05-16 00:20:14+00:00,539,People & Blogs,0.0,False,96,0,1850.0,7.523481312573497,,,,241377.48918469218,0.0,0.0,0.0,12.394121475078194,,,,,592.820299500832,15.0,0.0024559883421739885,6.214332600221313e-05,0.0025181316681762017
FgIN3s-JbTM_first48h,FgIN3s-JbTM,UCxc3AiaRFsEJ2SmyhXZrLCA,2026-05-17 08:53:54+00:00,316,People & Blogs,8.0,False,28,0,168.0,5.1298987149230735,6.0,8.0,50.48295926849543,53.0,1.9459101490553132,2.1972245773362196,3.9412508649238003,3.9889840465642745,2.0,42.48295926849543,2.517040731504572,1.258520365752286,1.0,1.0,0.018867924528301886,0.018867924528301886,0.03773584905660377
Ha6vG8TMjUQ_first48h,Ha6vG8TMjUQ,UCaKdrLPbvuGAm7UAxIfEoxw,2026-05-17 08:50:36+00:00,65,People & Blogs,8.0,False,17,0,0.0,0.0,5.0,6.0,8.0,8.0,1.791759469228055,1.9459101490553132,2.1972245773362196,2.1972245773362196,1.0,2.0,0.0,0.0,0.0,,0.0,0.0,0.0
9uOiok6OKB8_first48h,9uOiok6OKB8,UC2TuODJhC03pLgd6MpWP0iw,2026-05-17 08:55:00+00:00,56,News & Politics,8.0,False,54,35,2140000.0,14.576316854287645,178.875,501.5242718446602,814.0,892.1473771856786,5.192262165207532,6.219643940945146,6.703188113240863,6.7947516033017425,322.6492718446602,312.4757281553398,78.14737718567858,0.24220534185275555,2.0,,0.002241782076756304,0.0,0.002241782076756304
_KsT-V0BzCc_first48h,_KsT-V0BzCc,UC6Gxa1HW-Pn2ITg0zBFsbKw,2026-05-17 09:00:35+00:00,959,People & Blogs,9.0,False,77,0,863.0,6.761572768804055,37.30769230769231,129.3009708737864,531.4474123539233,669.9750415973377,3.645650719563116,4.86984693516817,6.277484136564004,6.508731940448809,91.9932785660941,402.14644148013684,138.52762924341448,1.505845116106901,53.49584026622296,4.0,0.07984751213818282,0.005970371658119234,0.08581788379630205
T95_N5YVnQ8_first48h,T95_N5YVnQ8,UCD7Q_5296eWWZdAeg-EXs2w,2026-05-17 09:00:33+00:00,4422,Entertainment,9.0,False,40,40,32400.0,10.385944565501662,8.0,8.404040404040403,76.4489966555184,101.33892617449663,2.1972245773362196,2.241139427142477,4.3496196120406605,4.628290110596634,0.4040404040404031,68.044956251478,24.889929518978235,24.889929518978235,3.0,,0.029603629259246998,0.0,0.029603629259246998
42homDOA7FI_first48h,42homDOA7FI,UCCT1gJcViDf7pc71gzQh96g,2026-05-17 09:14:31+00:00,32,People & Blogs,9.0,False,50,0,3.0,1.3862943611198906,0.0,0.0,0.0,0.0,0.0,0.0,0.0,0.0,0.0,0.0,0.0,0.0,0.0,,0.0,0.0,0.0
RRmuGL1fCLA_first48h,RRmuGL1fCLA,UCDHrHWA8FhJf7x7KBUfkQzg,2026-05-17 09:25:16+00:00,1043,Education,9.0,False,51,8,7780.0,8.95944014361693,2.0,2.0,9.0,10.0,1.0986122886681098,1.0986122886681098,2.302585092994046,2.3978952727983707,0.0,7.0,1.0,1.0,2.0,,0.2,0.0,0.2
7oZ6Ta3DLHY_first48h,7oZ6Ta3DLHY,UCRS9U6EHMuTZDwzE1q45Cjw,2026-05-17 09:30:32+00:00,6191,People & Blogs,9.0,False,78,0,765.0,6.641182169740591,1.0,5.0,18.0,18.952539550374684,0.6931471805599453,1.791759469228055,2.9444389791664403,2.9933564309925846,4.0,13.0,0.9525395503746843,0.23813488759367107,0.0,,0.0,0.0,0.0
_GXYRbzs9Vc_first48h,_GXYRbzs9Vc,UCC2wat6yKuoPAbsPERIjxLQ,2026-05-17 09:30:16+00:00,5347,People & Blogs,9.0,False,99,25,54800.0,10.911463720944793,75.6938775510204,219.23,1161.125,1668.6344712739385,4.339821881862784,5.3946724547908,7.058005504776022,7.420360001976508,143.5361224489796,941.895,507.5094712739385,3.5357613304228313,97.47377185678602,11.0,0.05841529318423377,0.006592216683382983,0.06500750986761675
w3WKDekjHaQ_first48h,w3WKDekjHaQ,UCnkGBfcmoiIGEwL9B-G1fpA,2026-05-17 09:35:26+00:00,951,Entertainment,9.0,False,64,40,179000.0,12.095146671399466,1749.7692307692307,3561.8999999999996,9846.00166389351,10534.152119700748,7.46781053077873,8.178330098975653,9.19492228822245,9.262472765593058,1812.130769230769,6284.101663893511,688.1504558072374,0.3797465765118873,29.0,11.0,0.0027529505621781193,0.0010442226270330798,0.003797173189211199
h-9LGqQn37I_first48h,h-9LGqQn37I,UCHOk4NaAhM2skXqB54-Y0hA,2026-05-17 08:58:06+00:00,2327,Entertainment,8.0,False,91,0,38200.0,10.5506169722625,357.65000000000003,1159.5333333333333,5584.025811823481,5777.438240270728,5.882346982572444,7.056634948553459,8.62784433312619,8.66188872451045,801.8833333333332,4424.492478490147,193.4124284472473,0.24119771593612618,743.0,138.0,0.12860371138561638,0.02388601907296778,0.15248973045858413
zagi67Xtncs_first48h,zagi67Xtncs,UCm1YwlyizNdLK3mRnHhKc2A,2026-05-17 09:41:39+00:00,5776,Gaming,9.0,False,15,2,137.0,4.927253685157205,0.0,0.0,0.0,0.0,0.0,0.0,0.0,0.0,0.0,0.0,0.0,0.0,0.0,,0.0,0.0,0.0
4iQ25Dtw1Kc_first48h,4iQ25Dtw1Kc,UCCQvP4hsRW9emj0meGk15jg,2026-05-17 09:49:39+00:00,60,Sports,9.0,False,34,0,1030000.0,13.845070331079134,73.60396039603961,180.42268041237114,521.2153589315526,603.0,4.312193594219337,5.2008295597021235,6.258080067804072,6.403574197934815,106.81872001633153,340.79267851918144,81.7846410684474,0.7656395906629787,12.0,,0.01990049751243781,0.0,0.01990049751243781
I9De72TnMDo_first48h,I9De72TnMDo,UCMNRAapvcYtQks_QmfiTGkA,2026-05-17 09:45:53+00:00,148,Sports,9.0,False,59,3,281000.0,12.546113507028412,4415.782178217822,12411.288659793814,28730.015025041735,29301.0,8.393166695963012,9.426442281807173,10.265732481145346,10.285411052061258,7995.506481575992,16318.726365247921,570.9849749582645,0.07141323395509495,365.0,26.0,0.01245691273335381,0.0008873417289512304,0.013344254462305041
sJkcJbJ6gNc_first48h,sJkcJbJ6gNc,UC5Jw-E-I4-I110aDIxYCG3g,2026-05-17 10:01:11+00:00,502,Gaming,10.0,False,32,65,42300.0,10.652566005416872,541.4509803921569,1072.3207547169811,2544.0,2783.4937447873226,6.296097722607884,6.978512630593892,7.841885928984623,7.9318213565870215,530.8697743248242,1471.6792452830189,239.4937447873226,0.451134640490538,61.0,10.0,0.02191490464608923,0.003592607319031021,0.025507511965120248
d8EdYuVvsDE_first48h,d8EdYuVvsDE,UC_hZA6OEILGjV2WP6-a6WFw,2026-05-17 09:56:57+00:00,203,Gaming,9.0,False,31,0,245000.0,12.409017571151187,363.2886597938145,929.1142857142856,2512.4530988274705,3768.25,5.89794657477298,6.83530746646203,7.829412823251939,8.234631321659029,565.8256259204711,1583.3388131131849,1255.7969011725295,2.219406198030763,35.458333333333336,9.0,0.009409761383489241,0.002388376567372122,0.011798137950861364
B6D3qHSxno8_first48h,B6D3qHSxno8,UCHaWGNPXXfkkfn-VHSgspFg,2026-05-17 10:06:09+00:00,6883,Film & Animation,10.0,False,48,30,687000.0,13.440091026807503,367.8,824.3490566037735,3337.209476309227,3971.7251461988303,5.910254491682439,6.715806395767239,8.113189857288484,8.287207573003409,456.5490566037735,2512.8604197054533,634.5156698896035,1.3898083036458497,63.485380116959064,1.0,0.01598433370388639,0.00025177975896873366,0.016236113462855122
cE8CcoyBaFY_first48h,cE8CcoyBaFY,UCNDi6Gn6bpQMLhOkB3RaKUw,2026-05-17 10:05:00+00:00,3755,Film & Animation,10.0,False,77,13,133000.0,11.798111925972618,90.92307692307692,285.9811320754717,1370.033388981636,1609.701342281879,4.520952106904074,5.659416471701217,7.223320033008754,7.3844249794494115,195.0580551523948,1084.0522569061645,239.66795330024297,1.2287006199923167,13.473154362416107,1.0,0.00836997150248806,0.0006212332522394625,0.008991204754727523
9OrdT-DSkFY_first48h,9OrdT-DSkFY,UC4qSs4QuD5-gGEZUQX53hgA,2026-05-17 10:09:43+00:00,1812,People & Blogs,10.0,False,57,63,7100.0,8.867990898182093,0.0,0.0,1.0,1.0,0.0,0.0,0.6931471805599453,0.6931471805599453,0.0,1.0,0.0,0.0,0.0,,0.0,0.0,0.0
wXeXhcgFUsI_first48h,wXeXhcgFUsI,UCgVstyPcfgQ8Dpmoy8qxAmA,2026-05-17 10:15:06+00:00,308,Entertainment,10.0,False,62,2,1870000.0,14.441449523589984,109.8252427184466,243.0603448275862,904.261231281198,1045.1878130217028,4.70795457073426,5.497415509583078,6.808223555396953,6.952908182065091,133.23510210913958,661.2008864536118,140.92658174050484,1.0577286278886535,24.0,1.0,0.02296238025452527,0.000956765843938553,0.023919146098463823
dzP04ginpvs_first48h,dzP04ginpvs,UC28hokqc58AWyDnWwgNKDGA,2026-05-17 10:15:49+00:00,15,Music,10.0,True,72,0,87.0,4.477336814478207,470.83720930232556,474.0,573.4750415973377,576.0,6.156634030549487,6.163314804034641,6.353456652650307,6.3578422665081,3.1627906976744384,99.47504159733774,2.5249584026622642,0.7983324361358579,,2.0,0.0,0.003472222222222222,0.003472222222222222
8x-3n5od5Wg_first48h,8x-3n5od5Wg,UCMNXbF0XolZgjYnpQDxu5ww,2026-05-17 10:14:01+00:00,740,Film & Animation,10.0,False,73,0,30000.0,10.308985993422082,224.9468085106383,635.7575757575758,2657.203842940685,3631.3858333333333,5.420299610998243,6.4563890113271905,7.885405926679019,8.197644965723642,410.8107672469374,2021.446267183109,974.1819903926485,2.371364307029153,29.46916666666667,1.0,0.008115129600430324,0.000275376962376393,0.008390506562806717
uJOyP-Bh82k_first48h,uJOyP-Bh82k,UCoBcy10UwHBh5p43SykfrZA,2026-05-17 10:28:13+00:00,11,Education,10.0,True,87,0,618.0,6.428105272684596,51.31578947368421,198.1304347826087,1283.2871452420702,1385.4587155963302,3.9572982274901336,5.293960061179081,7.157959092613791,7.234508088627182,146.81464530892447,1085.1567104594615,102.17157035425998,0.6959221959040435,12.0,,0.008661391252524584,0.0,0.008661391252524584
88yLSsQ7bbA_first48h,88yLSsQ7bbA,UCWvBDfvqCyIWRugvE0v6YnA,2026-05-17 10:27:53+00:00,9,Education,10.0,True,94,5,300.0,5.707110264748875,8.0,4.0,71.48414023372287,78.0,2.1972245773362196,1.6094379124341003,4.283367782533252,4.3694478524670215,0.0,67.48414023372287,6.515859766277131,6.515859766277131,0.0,,0.0,0.0,0.0
w_4OhK0uIqY_first48h,w_4OhK0uIqY,UC4HDUf2ftTOLbNW8u5DMe3A,2026-05-17 10:30:34+00:00,8807,Film & Animation,10.0,False,56,1,4720.0,8.459775920546287,242.66666666666666,716.6893203883495,2912.1040799333887,3638.59,5.495801171081669,6.576036773996972,7.976974485786785,8.199626316924086,474.0226537216829,2195.414759545039,726.4859200666115,1.5325974705275573,39.0,1.0,0.010718437636557018,0.00027483173427069276,0.01099326937082771
wmeni8fxP8E_first48h,wmeni8fxP8E,UCZjQtTF-s4NFazg8-mw-8XA,2026-05-17 10:33:15+00:00,474,People & Blogs,10.0,False,15,20,1000.0,6.90875477931522,13.540000000000001,20.0,95.96173044925125,100.0,2.6769034721053733,3.044522437723423,4.574316369204356,4.61512051684126,6.459999999999999,75.96173044925125,4.038269550748751,0.6251191255029027,9.0,,0.09,0.0,0.09
x4PFhw5coKo_first48h,x4PFhw5coKo,UCGcBPEu0WeynqsMJJYVT17A,2026-05-17 10:38:29+00:00,60,Pets & Animals,10.0,True,19,0,7370.0,8.905308661189288,41.07070707070707,91.5047619047619,240.44100418410042,251.0,3.7393517044663533,4.527260123244807,5.486625154156434,5.529429087511423,50.434054834054834,148.9362422793385,10.558995815899578,0.2093624209007636,42.52046783625731,32.0,0.16940425432771836,0.12749003984063745,0.29689429416835583
F_whjNNLspk_first48h,F_whjNNLspk,UC3P6lzbP3s_gTAlhaco8Fjw,2026-05-17 08:59:54+00:00,301,Entertainment,8.0,False,83,0,1850.0,7.523481312573497,,361.4901960784314,1098.0,1120.4271523178809,0.0,5.89299742862812,7.002155954403621,7.022357396271317,,736.5098039215686,22.427152317880882,,3.0,,0.002677550248397459,0.0,0.002677550248397459
igUAEx45USE_first48h,igUAEx45USE,UCWRolz2BSYj-FbByMgevpog,2026-05-17 10:50:52+00:00,541,Education,10.0,False,25,18,3450.0,8.146419323098003,3.782178217821782,6.0,22.490818030050082,26.0,1.5648961368113132,1.9459101490553132,3.156609622672806,3.295836866004329,2.217821782178218,16.490818030050082,3.5091819699499176,1.582265084664918,3.0,,0.11538461538461539,0.0,0.11538461538461539
XLIvCVvu2m0_first48h,XLIvCVvu2m0,UCV-izhBTa0XwaAnsrhl-1VA,2026-05-17 10:50:12+00:00,478,People & Blogs,10.0,False,34,0,896.0,6.799055862058796,10.465346534653467,11.0,20.485404503753127,32.456286427976686,2.4393291412916813,2.4849066497880004,3.0673738443130802,3.5102397039832227,0.5346534653465334,9.485404503753127,11.970881924223558,11.970881924223558,2.0,1.0,0.061621344279117495,0.030810672139558747,0.09243201641867625
YHgkOUqCrD0_first48h,YHgkOUqCrD0,UCCGda5_Ux5Ya6ECB2-fqACQ,2026-05-17 11:00:47+00:00,133,News & Politics,11.0,False,33,2,12200.0,9.409273194575334,302.2941176470588,610.5294117647059,1280.0,1388.305,5.714703020002862,6.415963051705165,7.155396301896734,7.236558901083055,308.2352941176471,669.4705882352941,108.30500000000006,0.35137118320610705,125.0,6.0,0.0900378519129442,0.004321816891821322,0.09435966880476553
UPo53xgRcjY_first48h,UPo53xgRcjY,UC6TH1QqLoC-SMFPp2AasuaA,2026-05-17 11:00:48+00:00,1637,News & Politics,11.0,False,91,102,59900.0,11.000448478455008,56.029411764705884,745.2783505154639,5267.3586321934945,5968.0,4.04356713062649,6.615098654625673,8.569474138031483,8.69433468816865,689.248938750758,4522.080281678031,700.6413678065055,1.0165287582109244,66.0,1.0,0.011058981233243968,0.0001675603217158177,0.011226541554959786
YOSykGeVyCQ_first48h,YOSykGeVyCQ,UCTSktV0WEDk-s34YUP9nINg,2026-05-17 11:05:33+00:00,9144,Film & Animation,11.0,False,65,27,323000.0,12.685410698175234,243.1980198019802,792.7142857142857,8193.073333333334,15044.248535564855,5.497979452724727,6.676723554818921,9.011166407704716,9.61881750840692,549.5162659123055,7400.359047619048,6851.175202231521,12.46764768802106,288.471129707113,3.0,0.01917484472721668,0.00019941175479173652,0.019374256482008415
TjhGj310ueY_first48h,TjhGj310ueY,UCKXrDf9DK3LIicSZYCb7rNA,2026-05-17 11:09:59+00:00,1748,Education,11.0,False,20,7,92.0,4.532599493153256,1.0,4.0,168.18567860116568,275.06,0.6931471805599453,1.6094379124341003,5.130996801752718,5.620618233395432,3.0,164.18567860116568,106.87432139883433,35.62477379961144,6.0,,0.021813422525994327,0.0,0.021813422525994327
8bvfTkDTtQU_first48h,8bvfTkDTtQU,UCR3asjvr_WAaxwJYEDV_Bfw,2026-05-17 11:08:07+00:00,120,News & Politics,11.0,False,35,34,3150000.0,14.962913328262083,1664.0434782608695,4402.917525773196,32653.577019150707,41092.40416666667,7.417606515143195,8.390249770549413,10.393740309233442,10.623602905042766,2738.8740475123263,28250.659493377512,8438.82714751596,3.0811300560465007,126.90833333333333,51.0,0.0030883647697663506,0.0012411052853746186,0.004329470055140969
rZbUSwOYVk8_first48h,rZbUSwOYVk8,UCWIdr2JMYuMOpV1B0U_NEXw,2026-05-17 11:15:10+00:00,2690,People & Blogs,11.0,False,47,49,0.0,0.0,0.0,0.0,0.0,0.0,0.0,0.0,0.0,0.0,0.0,0.0,0.0,0.0,0.0,,0.0,0.0,0.0
UR_8XBlqmhI_first48h,UR_8XBlqmhI,UCiUGixkUlxVKYJc1tMEbNYQ,2026-05-17 11:15:03+00:00,6200,People & Blogs,11.0,False,89,57,227000.0,12.33270970174018,31.0,37.0,144.0,188.0,3.4657359027997265,3.6375861597263857,4.976733742420574,5.241747015059643,6.0,107.0,44.0,7.333333333333333,6.0,,0.031914893617021274,0.0,0.031914893617021274
hH802_rsVK4_first48h,hH802_rsVK4,UCdmR8M-3qMnCI2ljRABG9RA,2026-05-17 11:19:00+00:00,5241,People & Blogs,11.0,False,77,40,91700.0,11.426288563310505,122.22330097087378,371.0873786407767,5011.250836120401,16162.453333333333,4.813998164473451,5.91912871551038,8.519640361874657,9.690508005614907,248.86407766990294,4640.163457479624,11151.202497212933,44.80840546221402,218.39999999999998,6.446666666666666,0.013512800036958084,0.00039886683869775545,0.013911666875655839
h7rJ1lgpqCE_first48h,h7rJ1lgpqCE,UCV4w74w1WKR3m_zNwJ5o2ag,2026-05-17 11:20:43+00:00,1520,Education,11.0,False,28,0,2130.0,7.664346632098617,1.0,2.0,8.0,10.0,0.6931471805599453,1.0986122886681098,2.1972245773362196,2.3978952727983707,1.0,6.0,2.0,2.0,0.0,1.0,0.0,0.1,0.1
AZfIk0qlrHA_first48h,AZfIk0qlrHA,UCBcWMu-CwIcWtAzlo2wYfXQ,2026-05-17 10:31:50+00:00,601,Film & Animation,10.0,False,78,7,4000.0,8.294299608857235,,3.0,295.03999999999996,360.51919866444075,0.0,1.3862943611198906,5.690494580329266,5.890315148527323,,292.03999999999996,65.47919866444079,,2.0,,0.005547554769368977,0.0,0.005547554769368977
fGhQqmfcybs_first48h,fGhQqmfcybs,UCq3Uedsk9-QXHNTcPS6AgYQ,2026-05-17 11:30:35+00:00,600,People & Blogs,11.0,False,59,6,7970.0,8.983565234427923,171.37254901960785,577.64,2117.6090225563908,2450.4545454545455,5.149658117126853,6.360680522541025,7.658515030888525,7.804436819395649,406.26745098039214,1539.9690225563909,332.84552289815474,0.8192768632952065,42.90909090909091,1.0,0.017510665924689296,0.00040808755332962345,0.01791875347801892
5R-kfcLdx7Y_first48h,5R-kfcLdx7Y,UCL0MLmvpoOr5G5bVqra8bEw,2026-05-17 11:30:38+00:00,394,People & Blogs,11.0,False,69,0,25000.0,10.12667110305036,206.7422680412371,454.28000000000003,1148.5873015873017,1425.0,5.336298215431591,6.120912614294869,7.047158288763744,7.262628600974241,247.53773195876292,694.3073015873017,276.4126984126983,1.116648747750285,36.0,1.0,0.02526315789473684,0.0007017543859649122,0.025964912280701753
Xp-WHUKspeM_first48h,Xp-WHUKspeM,UCyJ8Pv20j9k5QHLTmq-MYsA,2026-05-17 11:39:23+00:00,617,Film & Animation,11.0,False,67,0,3860.0,8.258681496264236,11.857142857142858,12.0,93.0,227.52420701168614,2.553899521274952,2.5649493574615367,4.543294782270004,5.431642143505139,0.14285714285714235,81.0,134.52420701168614,134.52420701168614,2.0,,0.0087902734670218,0.0,0.0087902734670218
HYNq5SJxUno_first48h,HYNq5SJxUno,UCt74xd1EKiaO8xy-2C2bJFA,2026-05-17 11:45:03+00:00,6364,People & Blogs,11.0,False,57,11,26500.0,10.184937747111391,4.0,8.458333333333332,46.97176079734219,53.48502495840266,1.6094379124341003,2.2468961871334567,3.870612521059665,3.9979258925071637,4.458333333333332,38.513427464008856,6.513264161060469,1.4609190641630962,0.0,,0.0,0.0,0.0
uIKpDmXFiLU_first48h,uIKpDmXFiLU,UCwD_JhT030LvugnHKxWN0Zw,2026-05-17 11:45:10+00:00,190,People & Blogs,11.0,False,18,0,41.0,3.7376696182833684,3.6037735849056602,4.0,5.486710963455149,6.0,1.52687631174108,1.6094379124341003,1.8697556169649652,1.9459101490553132,0.39622641509433976,1.486710963455149,0.513289036544851,0.513289036544851,0.0,,0.0,0.0,0.0
cfqKgEzo0B8_first48h,cfqKgEzo0B8,UCcy2ZtcNDXUqkHFDoq1Q2zQ,2026-05-17 12:00:53+00:00,424,Education,12.0,False,40,60,42699.0,10.661954199216716,81.76470588235294,224.4313725490196,785.4331950207469,1387.1009174311926,4.416001713058173,5.418015778029415,6.6675077793112925,7.23569184550671,142.66666666666669,561.0018224717273,601.6677224104457,4.217297119699385,51.81651376146789,7.431192660550458,0.03735597973464556,0.005357355450613119,0.042713335185258675
Pt78ksPTsfE_first48h,Pt78ksPTsfE,UCC-UtWjMF9qgUrZLbnLXRHw,2026-05-17 12:00:45+00:00,7411,Howto & Style,12.0,False,44,43,212000.0,12.264346270624157,2.0,2.0,22.0,25.0,1.0986122886681098,1.0986122886681098,3.1354942159291497,3.258096538021482,0.0,20.0,3.0,3.0,0.0,,0.0,0.0,0.0
wOsu7s-HFV4_first48h,wOsu7s-HFV4,UChDxCpaqsnkWTThTXdDeBBg,2026-05-17 12:08:39+00:00,10,Music,12.0,False,57,0,94.0,4.553876891600541,3.0,4.0,18.0,27.0,1.3862943611198906,1.6094379124341003,2.9444389791664403,3.332204510175204,1.0,14.0,9.0,9.0,2.4962531223980013,,0.09245381934807412,0.0,0.09245381934807412
mYu4RepxzEg_first48h,mYu4RepxzEg,UClj81pcB9jG2k0U4tacfhRQ,2026-05-17 10:00:06+00:00,243,Entertainment,10.0,False,69,0,84.0,4.442651256490317,,2.857142857142857,34.429765886287626,100.0,0.0,1.349926716949016,3.567552311073659,4.61512051684126,,31.57262302914477,65.57023411371237,,1.0,,0.01,0.0,0.01
DYWf8LsxWAA_first48h,DYWf8LsxWAA,UC2WHpwCl_HkpBIz3d1mdD2w,2026-05-16 12:00:30+00:00,309,People & Blogs,12.0,False,67,0,41.0,3.7376696182833684,,,,46.0,0.0,0.0,0.0,3.8501476017100584,,,,,5.0,2.0,0.10869565217391304,0.043478260869565216,0.15217391304347827
ZbB6EOkzCw0_first48h,ZbB6EOkzCw0,UCOKPJ3J2fUKAbvwSSpWeo6A,2026-05-17 12:31:06+00:00,141,Entertainment,12.0,False,64,71,451000.0,13.019224835777257,31.96153846153846,134.3846153846154,1409.8688387635757,1810.8398340248964,3.495341380576298,4.908119730570661,7.251960991305026,7.502098090877648,102.42307692307693,1275.4842233789602,400.9709952613207,3.9148501227166115,22.0,,0.012149059009322375,0.0,0.012149059009322375
gBBFMjHmR1Y_first48h,gBBFMjHmR1Y,UCvsKDemB0-bA_UhG609cKYw,2026-05-17 12:35:59+00:00,6754,Film & Animation,12.0,False,97,24,3950.0,8.281723990411392,22.10204081632653,38.0,2291.1382181515405,5338.226744186047,3.1399209606525016,3.6635616461296463,7.73724038062002,8.58283611700952,15.897959183673471,2253.1382181515405,3047.0885260345062,191.66538867226032,105.02906976744187,5.0,0.019674898575979524,0.000936640618618455,0.02061153919459798
vonr-do3pOI_first48h,vonr-do3pOI,UCvgl126rsuy6rcBuR8sBrgQ,2026-05-17 12:40:49+00:00,428,News & Politics,12.0,False,67,0,3060.0,8.026496938945412,0.0,1.0,2.0,2.0,0.0,0.6931471805599453,1.0986122886681098,1.0986122886681098,1.0,1.0,0.0,0.0,0.0,,0.0,0.0,0.0
4A6Rv9h2nd8_first48h,4A6Rv9h2nd8,UC-ourMUBLQ1HIBmdVk1Wnfw,2026-05-17 12:52:03+00:00,492,Entertainment,12.0,False,58,23,1190.0,7.0825485693553,15.680000000000001,21.0,114.88313856427379,400.0,2.8142103969306005,3.091042453358316,4.752582257141494,5.993961427306569,5.3199999999999985,93.88313856427379,285.1168614357262,53.59339500671547,18.0,6.0,0.045,0.015,0.06
JtgpbHRW5I8_first48h,JtgpbHRW5I8,UCLKsaKMS_5RQuM0wHLp2vVg,2026-05-17 13:17:52+00:00,4562,News & Politics,13.0,False,67,0,66200.0,11.10045084755119,923.1020408163265,2018.0,8165.714285714285,9544.902743142145,6.828822499328226,7.610357618312838,9.0078219387515,9.163867309282447,1094.8979591836735,6147.714285714285,1379.1884574278602,1.259650222068316,93.47714048212801,120.0,0.009793409424657552,0.012572155340840744,0.022365564765498294
u_nacVbNxBM_first48h,u_nacVbNxBM,UCgCkdBQj4Wu7UrEuITnypSA,2026-05-17 08:22:32+00:00,638,Film & Animation,8.0,False,51,7,7910.0,8.976009475021396,,,349.0,604.9783693843594,0.0,0.0,5.857933154483459,6.40684429134705,,,255.97836938435944,,5.0,,0.008264758300512662,0.0,0.008264758300512662
B7M9lefmmNA_first48h,B7M9lefmmNA,UCGnUbr6kmyTBkBhS3AotBfg,2026-05-17 10:00:15+00:00,370,People & Blogs,10.0,False,33,9,31000.0,10.34177474101152,,,4317.536159600997,6019.343047460449,0.0,0.0,8.37067177187065,8.702899521307286,,,1701.8068878594522,,97.0,28.510407993338884,0.016114715382590485,0.004736465054166895,0.020851180436757384
BElio1_mGJQ_first48h,BElio1_mGJQ,UCIdsEO5G1TZqku6aY04rpaQ,2026-05-17 12:06:16+00:00,662,News & Politics,12.0,False,50,37,86900.0,11.372524818667134,,,19703.6628003314,24691.0,0.0,0.0,9.888610577091486,10.114234583513786,,,4987.3371996686,,2432.0,761.0,0.09849742821270908,0.030820946903730103,0.12931837511643918
gnwpQ6xnFLY_first48h,gnwpQ6xnFLY,UCm_jnI7ubEWq57tEk6pDHBw,2026-05-17 10:05:33+00:00,570,Film & Animation,10.0,False,80,8,10900.0,9.296609807128359,,,382.510460251046,836.0,0.0,0.0,5.949366896187736,6.729824070489475,,,453.489539748954,,8.0,,0.009569377990430622,0.0,0.009569377990430622
EAlUx39GAZM_first48h,EAlUx39GAZM,UCuVUKYdrxPMO80uehUN17PA,2026-05-16 09:33:14+00:00,1014,Gaming,9.0,False,45,0,1010000.0,13.825461878915961,,,,10864.784053156147,0.0,0.0,0.0,9.2933740532858,,,,,139.0,1.0,0.012793627495948383,9.204048558236247e-05,0.012885667981530746
OhJUYEA2Izo_first48h,OhJUYEA2Izo,UCUvc8stvyTNLdCkW-Ok6lUQ,2026-05-17 09:44:21+00:00,522,Gaming,9.0,False,84,0,32300.0,10.382853468483827,,,7365.0058139534885,9609.638935108153,0.0,0.0,8.904630886300584,9.170625986237889,,,2244.633121154664,,39.0,3.0,0.004058425114966202,0.0003121865473050925,0.004370611662271295
dcZjlCPOw4U_first48h,dcZjlCPOw4U,UCZth0h2m8QBtFJCUUPyTVfQ,2026-05-17 05:25:50+00:00,586,Gaming,5.0,False,73,10,104000.0,11.552155793461898,,,6112.13216957606,6181.0,0.0,0.0,8.718194550860929,8.729397122692061,,,68.86783042394018,,,,0.0,0.0,0.0
ZTtXV4-z-sQ_first48h,ZTtXV4-z-sQ,UChWzrQNKjlk0E2Q2wSwEfjQ,2026-05-17 01:30:06+00:00,1143,Gaming,1.0,False,32,0,0.0,0.0,,,,26961.57404326123,0.0,0.0,0.0,10.202205036850756,,,,,879.9534109816972,275.9767054908486,0.032637315965669024,0.010235927065980265,0.042873243031649286
32iZQ4qG_L8_first48h,32iZQ4qG_L8,UCnVJ112p6NFV8VcyYAgPlMg,2026-05-17 03:05:57+00:00,302,People & Blogs,3.0,False,88,2,27400.0,10.21833478806055,,,,41.0,0.0,0.0,0.0,3.7376696182833684,,,,,1.0,,0.024390243902439025,0.0,0.024390243902439025
e7DxrIIQtlM_first48h,e7DxrIIQtlM,UCepcwD09CJjJUc4c1DWUdcg,2026-05-22 17:12:52+00:00,11124,Film & Animation,17.0,False,95,46,2080000.0,14.547878932446617,11023.0,24282.90099009901,166587.0,204593.83852566915,9.30782999325344,10.097568899075936,12.023278977309156,12.228786905034186,13259.90099009901,142304.099009901,38006.838525669154,2.866298817317592,3336.799473453269,107.50241333918386,0.01630938398486825,0.0005254430637494304,0.01683482704861768
A7VYiewHldc_first48h,A7VYiewHldc,UCEmMFWaRKZ6XyUpiZdYY8Qg,2026-05-22 17:15:38+00:00,328,Music,17.0,False,95,0,33500.0,10.419330568113901,10.86868686868687,15.0,,51.59597765363129,2.4739035764436696,2.772588722239781,0.0,3.9626396463563656,4.13131313131313,,,,1.0,,0.01938135578538884,0.0,0.01938135578538884
-tXTAoXKoKo_first48h,-tXTAoXKoKo,UCpMH8oi2tSVxlyJkimhPmug,2026-05-21 11:51:34+00:00,819,Gaming,11.0,False,58,23,486000.0,13.093965960493682,,,,43.0,0.0,0.0,0.0,3.784189633918261,,,,,0.0,,0.0,0.0,0.0
y5PT6UelDBU_first48h,y5PT6UelDBU,UCD8al0rwa1WeG1bIUkxYFsw,2026-05-22 18:00:00+00:00,20,People & Blogs,18.0,True,11,0,17500.0,9.770013301136158,1.0,5.0,20.0,18.0,0.6931471805599453,1.791759469228055,3.044522437723423,2.9444389791664403,4.0,15.0,0.0,0.0,2.0,,0.1111111111111111,0.0,0.1111111111111111
NbXUdr3tens_first48h,NbXUdr3tens,UC5ZsyMVLsVNknT_RE3IUhZA,2026-05-22 18:00:11+00:00,1746,People & Blogs,18.0,False,93,29,2530.0,7.836369760545124,15.0,34.75,161.0,187.98122485471615,2.772588722239781,3.5765502691400166,5.087596335232384,5.241647670732122,19.75,126.25,26.981224854716146,1.3661379673274,28.99463567277604,2.0,0.1542421893206885,0.010639360401793994,0.16488154972248248
2lbDI_iWsW4_first48h,2lbDI_iWsW4,UCMXR0GRIKcohg_YTzabuzvA,2026-05-22 10:00:46+00:00,580,Entertainment,10.0,False,40,57,127000.0,11.751950239425476,,,,1293.2900490852298,0.0,0.0,0.0,7.165717599158952,,,,,31.70905845604641,41.54529228023205,0.024518133792550918,0.03212372376143918,0.0566418575539901
WcZDiZohZks_first48h,WcZDiZohZks,UCIQIB0kPRitIH1Ievle0Q3A,2026-05-22 18:28:10+00:00,223,Entertainment,18.0,False,70,0,1230.0,7.115582126184454,10.499999999999998,102.43999999999998,724.8005565862709,1264.0,2.4423470353692043,4.638991734463602,6.5872752616376875,7.142827401161621,91.93999999999998,622.360556586271,539.1994434137291,5.864688312091899,11.0,1.0,0.00870253164556962,0.0007911392405063291,0.00949367088607595
VPQujNvsU-0_first48h,VPQujNvsU-0,UC0AqHHcbq0IwsKup1owg3OA,2026-05-22 18:33:39+00:00,184,Entertainment,18.0,False,56,0,13.0,2.6390573296152584,52.0,52.0,858.6618738404453,1216.0,3.970291913552122,3.970291913552122,6.756539141983012,7.104144092987527,0.0,806.6618738404453,357.3381261595547,357.3381261595547,1.0,,0.0008223684210526315,0.0,0.0008223684210526315
eztrO7Cc2LE_first48h,eztrO7Cc2LE,UCDSl-Bg1TPngM8lkHYpp0gw,2026-05-22 18:30:35+00:00,1022,Entertainment,18.0,False,59,0,73000.0,11.19822841866684,35.27450980392157,96.43564356435644,403.89239332096474,545.0,3.5911152853480446,4.579192094057726,6.003621336299444,6.302618975744905,61.16113376043487,307.4567497566083,141.10760667903526,2.307145044625019,83.0,20.0,0.15229357798165138,0.03669724770642202,0.1889908256880734
BM8h80SZk_I_first48h,BM8h80SZk_I,UChF5O40UBqAc82I7-i5ig6A,2026-05-22 18:44:35+00:00,217,News & Politics,18.0,False,59,7,487000.0,13.096021455450709,243.63636363636365,539.97,1660.3079777365492,1856.0,5.499772877928535,6.29336382444385,7.41536050948561,7.526717561352706,296.3336363636364,1120.3379777365492,195.69202226345078,0.6603773525841445,25.0,28.0,0.013469827586206896,0.015086206896551725,0.028556034482758622
2NyUb2Ko7M8_first48h,2NyUb2Ko7M8,UCIALMKvObZNtJ6AmdCLP7Lg,2026-05-22 18:47:45+00:00,1771,News & Politics,18.0,False,49,13,3160000.0,14.96608290201874,198.1818181818182,403.23,1337.2531293463144,1910.0,5.294218066797096,6.0019840228981325,7.1991204076576905,7.555381944240273,205.04818181818183,934.0231293463144,572.7468706536856,2.7932306718113,34.0,7.0,0.01780104712041885,0.0036649214659685864,0.021465968586387434
7mgptB07GqE_first48h,7mgptB07GqE,UCm_jnI7ubEWq57tEk6pDHBw,2026-05-22 09:38:23+00:00,552,Film & Animation,9.0,False,72,8,10900.0,9.296609807128359,,,,2058.0201703272073,0.0,0.0,0.0,7.629985503156207,,,,,14.751680860600628,,0.00716789906789652,0.0,0.00716789906789652
s_yEbkBceKw_first48h,s_yEbkBceKw,UC1J6F7AMqLbhC5NRDlA2hBA,2026-05-22 19:03:49+00:00,156,People & Blogs,19.0,False,67,0,10.0,2.3978952727983707,0.0,0.0,0.0,0.0,0.0,0.0,0.0,0.0,0.0,0.0,0.0,0.0,0.0,,0.0,0.0,0.0
VOWRZq4OIqs_first48h,VOWRZq4OIqs,UCNtyNnWf8gcIJ-I_miKjvdQ,2026-05-22 19:02:18+00:00,178,People & Blogs,19.0,False,78,0,11.0,2.4849066497880004,0.0,0.0,0.0,0.0,0.0,0.0,0.0,0.0,0.0,0.0,0.0,0.0,0.0,,0.0,0.0,0.0
AaMddw0anoE_first48h,AaMddw0anoE,UCLBn4iWVqV7morVZzGgSkrQ,2026-05-22 09:20:27+00:00,530,People & Blogs,9.0,False,75,22,141000.0,11.856522261533737,,,,22905.037963376508,0.0,0.0,0.0,10.039155821311414,,,,,133.15364001786511,1.0,0.005813290518477556,4.365851746672184e-05,0.005856949035944277
9r5BjwIVsVo_first48h,9r5BjwIVsVo,UCiE3sYdYLH-qIMp3tUTSYvg,2026-05-22 22:00:12+00:00,1725,People & Blogs,22.0,False,82,1,6.0,1.9459101490553132,4.702970297029703,8.0,18.183524027459953,20.0,1.7409871438546318,2.1972245773362196,2.9540517870651417,3.044522437723423,3.2970297029702973,10.183524027459953,1.8164759725400472,0.5509431628424768,2.0,,0.1,0.0,0.1
Dfk0CE_EIwk_first48h,Dfk0CE_EIwk,UC0FBv8ckxw1hrZxbUm3G7hA,2026-05-22 22:15:11+00:00,47,Education,22.0,True,48,29,92200.0,11.431726255472853,137.4950495049505,378.6470588235294,1558.9318077803202,2208.0,4.930834581342007,5.939242028555691,7.35239738632681,7.700295203420117,241.1520093185789,1180.2847489567907,649.0681922196798,2.6915313459495778,47.0,6.0,0.021286231884057972,0.002717391304347826,0.024003623188405796
im_FCu9nMKI_first48h,im_FCu9nMKI,UC3aYjI5335CrLcFx2Vaj4vA,2026-05-22 22:18:44+00:00,387,Science & Technology,22.0,False,51,8,3.0,1.3862943611198906,1.0,1.0,17.0,43.0,0.6931471805599453,0.6931471805599453,2.8903717578961645,3.784189633918261,0.0,16.0,26.0,26.0,0.0,,0.0,0.0,0.0
OC99zMNVNqg_first48h,OC99zMNVNqg,UCbAZjNzVr9N2RV9RgLD3VQw,2026-05-22 22:30:15+00:00,32,People & Blogs,22.0,True,100,17,9910.0,9.201400530406708,13.92,71.06060606060606,670.4275862068966,1184.0,2.702702594775615,4.277507515784247,6.50940617129033,7.077498053569231,57.14060606060606,599.3669801462906,513.5724137931034,8.987871309036937,47.0,1.0,0.03969594594594594,0.0008445945945945946,0.04054054054054054
YFUUvtoncW0_first48h,YFUUvtoncW0,UCFJUl1KI2eO9JtASAx5XdcQ,2026-05-22 22:30:15+00:00,822,People & Blogs,22.0,False,54,0,2690.0,7.897668150726906,79.68,249.3939393939394,1207.9095477386934,1468.0,4.390490713086011,5.523035435234704,7.097474032049778,7.292337176173877,169.7139393939394,958.515608344754,260.0904522613066,1.532522627134272,169.0,49.0,0.11512261580381472,0.03337874659400545,0.14850136239782016
_lBtY3AeLGw_first48h,_lBtY3AeLGw,UCAlQii6Zrl_OZCkRftlnJ5w,2026-05-22 18:00:26+00:00,324,Music,18.0,False,98,8,14000.0,9.546884034617925,,,7953.633240482823,9765.4556424581,0.0,0.0,8.98150983543285,9.186708899529368,,,1811.822401975278,,15.998435754189945,,0.0016382682324245258,0.0,0.0016382682324245258
oCnMrcxPteo_first48h,oCnMrcxPteo,UCA4CQI6AmD3dgqfSoErBWQA,2026-05-22 02:38:35+00:00,274,People & Blogs,2.0,False,93,14,6170000.0,15.635209557956111,,,,8956.699582753825,0.0,0.0,0.0,9.100268730008626,,,,,164.0,8.0,0.018310316036029936,0.0008931861480990212,0.01920350218412896
W5QcRDuHXXA_first48h,W5QcRDuHXXA,UCvQsOCVBZ2ptccZc00BjojA,2026-05-23 00:50:19+00:00,1369,Education,0.0,False,30,0,1020.0,6.928537818164665,0.0,,,8.0,0.0,0.0,0.0,2.1972245773362196,,,,,0.0,,0.0,0.0,0.0
gS1ZefD0MTE_first48h,gS1ZefD0MTE,UCOGwfHqnCnVDEVC5yAHqWWQ,2026-05-23 00:49:35+00:00,450,People & Blogs,0.0,False,40,0,0.0,0.0,0.0,,,1.0,0.0,0.0,0.0,0.6931471805599453,,,,,0.0,,0.0,0.0,0.0
vGThQoOUnf8_first48h,vGThQoOUnf8,UCGWjG2OzuoAfCTzis847yXg,2026-05-23 01:00:10+00:00,4010,People & Blogs,1.0,False,57,97,5.0,1.791759469228055,0.0,,,67.66938405797102,0.0,0.0,0.0,4.229303452998227,,,,,0.0,,0.0,0.0,0.0
0zaK0V30Y88_first48h,0zaK0V30Y88,UCI97E4xpFJrqCnmAtTYKphQ,2026-05-23 01:00:01+00:00,6099,People & Blogs,1.0,False,51,17,540.0,6.293419278846481,3.0,,,44.93342391304348,1.3862943611198906,0.0,0.0,3.827193041891583,,,,,0.0,,0.0,0.0,0.0
Sc9VBMy4sPs_first48h,Sc9VBMy4sPs,UCXm1PxGtg7tYnqc38QSe0uA,2026-05-23 01:08:57+00:00,4030,People & Blogs,1.0,False,61,0,76900.0,11.250274159310356,157.0,,17468.351501154735,28159.15108892922,5.062595033026967,0.0,9.768203281726732,10.245663175631492,,,10690.799587774483,,226.67127949183305,8.0,0.00804964889658726,0.0002840994735507209,0.008333748370137981
gBEtmG9Ier8_first48h,gBEtmG9Ier8,UCe50RwNh4mV2fYPFMVDDlgw,2026-05-23 01:09:53+00:00,278,People & Blogs,1.0,False,68,0,3240.0,8.083637203141548,,,34.0,42.0,0.0,0.0,3.5553480614894135,3.7612001156935624,,,8.0,,0.0,,0.0,0.0,0.0
-RIBCuk8eZM_first48h,-RIBCuk8eZM,UCz-ky16st5N9RdZzcqJuQ3w,2026-05-23 01:15:00+00:00,2282,People & Blogs,1.0,False,58,0,6310.0,8.75004942158424,,,107.50299401197604,112.0,0.0,0.0,4.6867777671802155,4.727387818712341,,,4.4970059880239575,,1.0,,0.008928571428571428,0.0,0.008928571428571428
powmXHQuQbA_first48h,powmXHQuQbA,UC_AWfoY19sIwrkprr7Gy8Ng,2026-05-23 01:15:02+00:00,1036,People & Blogs,1.0,False,100,0,74800.0,11.222586532857163,,,305.52694610778445,348.68775235531626,0.0,0.0,5.725305667034874,5.857040620165512,,,43.16080624753181,,23.0,2.0,0.06596159413297308,0.005735790794171572,0.07169738492714466
IJj7-B2fCNs_first48h,IJj7-B2fCNs,UCOCtiyIH-Dt00Ntv-WqPgfw,2026-05-23 01:20:47+00:00,865,Gaming,1.0,False,99,63,18900.0,9.846970109700957,,,341.33641404805917,395.53551168595413,0.0,0.0,5.835793920386633,5.982765599954561,,,54.199097637894965,,3.0,1.0,0.007584653997848692,0.0025282179992828975,0.01011287199713159
EDJ5YhroR9c_first48h,EDJ5YhroR9c,UCxyv_eWohWCtJvrLWda7sVQ,2026-05-23 01:19:57+00:00,1549,People & Blogs,1.0,False,90,22,4340.0,8.375860015299594,,,71.04018475750577,117.84437386569873,0.0,0.0,4.27722408495613,4.777814854576327,,,46.80418910819296,,2.0,,0.01697153571607329,0.0,0.01697153571607329
aqGychQ7060_first48h,aqGychQ7060,UCFKCclY7sxy1iLQgTsiIEoA,2026-05-23 01:30:07+00:00,11961,Film & Animation,1.0,False,53,35,241.0,5.488937726156687,,9.440287769784174,79.03510392609701,148.0,0.0,2.3456721462301804,4.382465337505933,5.003946305945459,,69.59481615631283,68.96489607390299,,0.0,,0.0,0.0,0.0
gdScb2RBqKs_first48h,gdScb2RBqKs,UCTiHa7dViX4eh-pqAPpkwOA,2026-05-23 01:34:01+00:00,4939,People & Blogs,1.0,False,81,57,2170.0,7.682943169878292,,23.476510067114095,113.0,236.0,0.0,3.197713884863221,4.736198448394496,5.4680601411351315,,89.52348993288591,123.0,,1.0,,0.00423728813559322,0.0,0.00423728813559322
SG4IOqp6p2Q_first48h,SG4IOqp6p2Q,UCpj_AT6Bt1_VT038hmfFGSQ,2026-05-23 01:44:15+00:00,1450,News & Politics,1.0,False,91,22,480000.0,13.081543466215237,,6455.22521655438,29337.482742751956,37245.0,0.0,8.772800094185557,10.28665533743384,10.52529983549145,,22882.257526197576,7907.517257248044,,1529.0,132.0,0.04105249026714995,0.003544099879178413,0.044596590146328365
H4ZIiyx2kdU_first48h,H4ZIiyx2kdU,UC30tRNT8b-19_uNaT7oMtJA,2026-05-23 01:49:44+00:00,52,Travel & Events,1.0,True,68,0,1400.0,7.244941546337007,,,109.61275415896488,132.0,0.0,0.0,4.706035400332629,4.890349128221754,,,22.387245841035124,,0.0,,0.0,0.0,0.0
j5_M_oU8_iU_first48h,j5_M_oU8_iU,UCDCJyLpbfgeVE9iZiEam-Kg,2026-05-22 02:21:03+00:00,19,News & Politics,2.0,True,62,9,1340000.0,14.108180918195472,,,,19940.206305053314,0.0,0.0,0.0,9.90054353842887,,,,,212.81316643486323,59.4394993045897,0.01067256592931696,0.002980886877259958,0.013653452806576918
AE0BVjm3vIU_first48h,AE0BVjm3vIU,UCprtb3ETSRIi17I7KFThtjw,2026-05-23 02:05:50+00:00,10931,Sports,2.0,False,55,0,178000.0,12.08954444723597,,,19243.379373848988,20283.0,0.0,0.0,9.864974316502028,9.91758767691491,,,1039.6206261510124,,330.0,5.0,0.016269782576541932,0.0002465118572203323,0.016516294433762263
7NpG4ha1FYY_first48h,7NpG4ha1FYY,UCXesRlotARgRsz3y8Gf20PA,2026-05-23 01:52:57+00:00,3767,Entertainment,1.0,False,88,0,63900.0,11.065090289695444,,,2837.029005524862,2853.0,0.0,0.0,7.950865078078212,7.956476798036782,,,15.970994475138014,,13.0,1.0,0.004556607080266386,0.0003505082369435682,0.004907115317209955
qtvLYKnxdfA_first48h,qtvLYKnxdfA,UCw0_9Iih3qM_I_gFLrJeNRg,2026-05-21 23:00:13+00:00,53,News & Politics,23.0,True,42,12,138000.0,11.835016210489899,,,,3962.3954022988505,0.0,0.0,0.0,8.284856361692789,,,,,57.0,3.0,0.014385237769792104,0.0007571177773574791,0.015142355547149582
sCpB-3wRYJk_first48h,sCpB-3wRYJk,UCV2vWdvIJ8txQw7oDtkLRuA,2026-05-23 02:40:53+00:00,14828,Gaming,2.0,False,40,5,173000.0,12.06105265381003,,,220730.36832412524,220788.0,0.0,0.0,12.304701713201466,12.304962773303497,,,57.63167587475618,,2016.0,15.0,0.009130931028860265,6.793847491711506e-05,0.00919886950377738
5d12Lzbb3-o_first48h,5d12Lzbb3-o,UC8CIM3d3zDYMk-3T5aAz0yw,2026-05-22 10:13:29+00:00,2841,Gaming,10.0,False,34,1,3010000.0,14.917450968950916,,,,385234.1344350156,0.0,0.0,0.0,12.861609165637134,,,,,15921.84010719071,1175.5931219294328,0.04133029418730425,0.0030516328041739023,0.04438192699147815
1Fd2czXe9Q4_first48h,1Fd2czXe9Q4,UCOD3MESjXSvqYZcWWnZkdMQ,2026-05-23 05:51:38+00:00,4495,News & Politics,5.0,False,82,42,975000.0,13.790193775620484,,,125847.67632634864,131380.0,0.0,0.0,11.742835482640439,11.785856777926098,,,5532.3236736513645,,1470.0,134.0,0.011188917643476936,0.0010199421525346323,0.01220885979601157
wLRa7vFMDH4_first48h,wLRa7vFMDH4,UCdq4Ji3772xudYRUatdzRrg,2026-05-23 06:41:06+00:00,10065,Sports,6.0,False,47,21,554000.0,13.224921770781943,,,83083.14973262032,85185.0,0.0,0.0,11.327609225377952,11.352592380066694,,,2101.8502673796756,,858.0,56.0,0.010072195809121325,0.0006573927334624641,0.010729588542583789
pcF-UdGa0xk_first48h,pcF-UdGa0xk,UCqly9F4Fr_jf2Y1Cy5hacRg,2026-05-22 15:12:55+00:00,4685,Gaming,15.0,False,42,25,1980000.0,14.498607907721096,,,,398980.0,0.0,0.0,0.0,12.896669075690559,,,,,,,0.0,0.0,0.0
4R8Xmunlc2I_first48h,4R8Xmunlc2I,UC6AG81pAkf6Lbi_1VC5NmPA,2026-05-22 09:39:47+00:00,126,News & Politics,9.0,False,70,7,3270000.0,15.000300848683787,,,,5713.374430264357,0.0,0.0,0.0,8.650740109216507,,,,,54.0,113.57611668185962,0.009451507276322765,0.019878990615464436,0.0293304978917872
2YZhHULhlk4_first48h,2YZhHULhlk4,UCGCZAYq5Xxojl_tSXcVJhiQ,2026-05-22 03:09:42+00:00,80,News & Politics,3.0,False,50,4,4990000.0,15.422946668128484,,,,1293.0,0.0,0.0,0.0,7.165493475060845,,,,,10.0,5.0,0.007733952049497293,0.0038669760247486465,0.01160092807424594
nLFApK4y7Kk_first48h,nLFApK4y7Kk,UCzzF1kdBgwv5RB6rbB6kVSA,2026-05-22 22:49:01+00:00,1059,Gaming,22.0,False,23,33,5890000.0,15.588766725407043,,,582559.0665083135,757669.0,0.0,0.0,13.275187577574856,13.538003213628956,,,175109.93349168648,,33000.0,403.0,0.04355463929499557,0.0005318945344207035,0.044086533829416276
bLa9FFxL9Vc_first48h,bLa9FFxL9Vc,UCzkqXztkVZzXBgpFOpBvyBg,2026-05-23 04:58:25+00:00,21,People & Blogs,4.0,True,70,1,28200.0,10.247112717290387,,,1163.2067510548522,1252.0481212920238,0.0,0.0,7.059795233699753,7.133334359020571,,,88.84137023717153,,20.0,,0.015973826931956446,0.0,0.015973826931956446
Mrl52wvGGDw_first48h,Mrl52wvGGDw,UCGQvBq8kuLYMRt_t13dtjIA,2026-05-23 04:44:18+00:00,12,Entertainment,4.0,True,92,4,134.0,4.90527477843843,,,1310.8898265353962,1350.5912296165711,0.0,0.0,7.179223992300758,7.2090378659293,,,39.70140308117493,,9.0,1.0,0.006663748292334961,0.0007404164769261067,0.007404164769261067
eY1TsEKPjdk_first48h,eY1TsEKPjdk,UCLeTrWA7zH4CREcJYcrdFfA,2026-05-23 05:10:10+00:00,48,Entertainment,5.0,True,44,4,170.0,5.14166355650266,,,693.0,693.0,0.0,0.0,6.542471960506805,6.542471960506805,,,0.0,,6.0,1.0,0.008658008658008658,0.001443001443001443,0.010101010101010102
gXrJDYj1YG4_first48h,gXrJDYj1YG4,UCu7byfBGUJm92nNJudjdBxw,2026-05-23 04:47:33+00:00,11,People & Blogs,4.0,True,53,0,432.0,6.07073772800249,,,703.2176360225141,720.9252974878801,0.0,0.0,6.557087450460911,6.581921667456573,,,17.707661465366073,,16.0,4.0,0.02219370031229759,0.005548425078074398,0.02774212539037199
rsnlIqz3fGc_first48h,rsnlIqz3fGc,UCL0_NxCvkcXwZHpvqgMZY-A,2026-05-23 01:10:54+00:00,335,News & Politics,1.0,False,68,66,1040000.0,13.854732232655556,,,30511.881270133454,32820.0,0.0,0.0,10.325904210162138,10.398823833405986,,,2308.1187298665463,,105.0,3.0,0.0031992687385740404,9.140767824497258e-05,0.0032906764168190127
HcTD-hbD5lw_first48h,HcTD-hbD5lw,UCBA9XaL5wCdHnC5EmEzwrqw,2026-05-22 13:32:34+00:00,2227,Gaming,13.0,False,33,4,786000.0,13.574713343675166,,,,247832.8371454712,0.0,0.0,0.0,12.420513789078901,,,,,1764.1408966148217,194.0,0.007118269382435866,0.0007827856963366288,0.007901055078772494
hbXyavNkqgc_first48h,hbXyavNkqgc,UCIu-aUArYq_H84dBpCAokMA,2026-05-22 14:05:07+00:00,10318,Gaming,14.0,False,52,15,414000.0,12.933623668263472,,,,61447.02603471295,0.0,0.0,0.0,11.025946991365334,,,,,1321.6751223854028,12.0,0.021509179657266987,0.00019529016739102886,0.021704469824658016
7fQK1aBguHY_first48h,7fQK1aBguHY,UCSRkC3h5WHvDFjE7uJ2zjIg,2026-05-22 14:21:48+00:00,3012,Gaming,14.0,False,36,7,256000.0,12.45293662970407,,,,162483.0,0.0,0.0,0.0,11.998334814365812,,,,,714.0,208.0,0.004394305865844427,0.0012801339217025781,0.005674439787547005
8tt9s7a-PjA_first48h,8tt9s7a-PjA,UCTHCOPwqNfZ0uiKOvFyhGwg,2026-05-22 14:29:55+00:00,35,News & Politics,14.0,False,50,8,2240000.0,14.621986870259695,,,,1515.0,0.0,0.0,0.0,7.323830566202317,,,,,10.0,3.0,0.006600660066006601,0.0019801980198019802,0.008580858085808581
7kOKVFNoWwQ_first48h,7kOKVFNoWwQ,UCh7bThzNArch6TgoHB1HVhA,2026-05-22 10:30:06+00:00,2517,Gaming,10.0,False,46,18,2400000.0,14.690979711984754,,,,539505.0,0.0,0.0,0.0,13.198409185027195,,,,,22000.0,734.0,0.04077812068470172,0.0013605063901168664,0.04213862707481859
tnhFHpHkJc0_first48h,tnhFHpHkJc0,UCJ8DkWXqMTXZnhTml51ke_Q,2026-05-22 22:29:31+00:00,0,Pets & Animals,22.0,False,85,29,1000.0,6.90875477931522,,,,568.0,0.0,0.0,0.0,6.343880434126331,,,,,5.0,,0.008802816901408451,0.0,0.008802816901408451
55QwzYH9_vU_first48h,55QwzYH9_vU,UCcT6w3xUyVshyR2_2vrMp1w,2026-05-22 22:19:54+00:00,40,News & Politics,22.0,False,63,6,615000.0,13.329379172803593,,,,11101.0,0.0,0.0,0.0,9.314880551250107,,,,,57.0,139.0,0.00513467255202234,0.01252139446896676,0.0176560670209891
207z8lB_9qo_first48h,207z8lB_9qo,UC1dVGItBqV4w-4xQHoX1UDg,2026-05-22 22:30:06+00:00,1236,News & Politics,22.0,False,56,0,311000.0,12.647551406590285,,,,3074.0,0.0,0.0,0.0,8.031060180240619,,,,,36.0,20.0,0.011711125569290826,0.006506180871828237,0.018217306441119064
N2TLlhTWLEg_first48h,N2TLlhTWLEg,UCKnodHJpZd8UbSvAufDd3_g,2026-05-23 06:38:40+00:00,10905,Sports,6.0,False,89,14,2030000.0,14.523546843628687,,,,254884.0,0.0,0.0,0.0,12.448567742026166,,,,,6225.0,358.0,0.024422874719480233,0.0014045605059556504,0.025827435225435885
UeBYcbEay2M_first48h,UeBYcbEay2M,UCQElBxJec9PsoGdHnBFmZCQ,2026-05-24 05:06:37+00:00,1935,People & Blogs,5.0,False,93,0,346000.0,12.754196944209095,,,,406.0,0.0,0.0,0.0,6.008813185442595,,,,,28.0,20.0,0.06896551724137931,0.04926108374384237,0.11822660098522167
bDDxxI9tGR4_first48h,bDDxxI9tGR4,UCL_OEjsHTwsHK6WKWs7s7Uw,2026-05-24 05:02:00+00:00,483,Sports,5.0,False,75,8,168000.0,12.031725210748633,,,,15304.0,0.0,0.0,0.0,9.635934851379513,,,,,217.0,10.0,0.014179299529534763,0.0006534239414532148,0.014832723470987977
KBXNr-EhxMU_first48h,KBXNr-EhxMU,UCBi2mrWuNuyYy4gbM6fU18Q,2026-05-26 04:54:05+00:00,33,News & Politics,4.0,True,69,6,19600000.0,16.791040175221152,,,,14134.10094637224,0.0,0.0,0.0,9.55641641169202,,,,,122.801261829653,61.0,0.008688296644801596,0.004315803334888216,0.013004099979689814
IMgRrUtqgcE_first48h,IMgRrUtqgcE,UCW6-BQWFA70Dyyc7ZpZ9Xlg,2026-05-26 09:51:54+00:00,62,Sports,9.0,True,29,6,950000.0,13.76421831620775,,,,10090.93591905565,0.0,0.0,0.0,9.219491960063387,,,,,223.97133220910624,6.0,0.022195298236525357,0.0005945930137827596,0.022789891250308114
IQTvx183sa4_first48h,IQTvx183sa4,UCeY0bbntWzzVIaj2z3QigXg,2026-05-26 23:32:04+00:00,25,News & Politics,23.0,True,67,0,12000000.0,16.300417291085605,,,,14179.0,0.0,0.0,0.0,9.559587800086119,,,,,174.0,38.0,0.01227166937019536,0.002680019747513929,0.01495168911770929
mwkaqjuT7w8_first48h,mwkaqjuT7w8,UCDCJyLpbfgeVE9iZiEam-Kg,2026-05-27 04:29:26+00:00,10,News & Politics,4.0,True,48,42,1340000.0,14.108180918195472,,,15111.560185185186,24388.0,0.0,0.0,9.623281477392219,10.101887489959422,,,9276.439814814814,,103.0,17.0,0.004223388551746761,0.0006970641298999508,0.004920452681646712
DhnInwKtY1I_first48h,DhnInwKtY1I,UC2TuODJhC03pLgd6MpWP0iw,2026-05-26 12:23:30+00:00,23,News & Politics,12.0,True,38,35,2140000.0,14.576316854287645,,,,40770.110114192496,0.0,0.0,0.0,10.615729024144898,,,,,481.1321370309951,43.93800978792822,0.011801099768516643,0.001077701523612833,0.012878801292129477
fjuhiCMVXPI_first48h,fjuhiCMVXPI,UC5l1Yto5oOIgRXlI4p4VKbw,2026-05-26 23:15:07+00:00,34,News & Politics,23.0,True,36,80,3760000.0,15.139929781323488,,,,12508.403565640194,0.0,0.0,0.0,9.434235925716893,,,,,106.0,1.0,0.00847430285117882,7.994625331300773e-05,0.008554249104491827
zZe1HmqN6oI_first48h,zZe1HmqN6oI,UCmdVfsLHu18lCkKYXSOGUxg,2026-05-27 13:00:06+00:00,38,News & Politics,13.0,True,47,29,1780000.0,14.392124484065864,,,3331.373688458434,3678.0,0.0,0.0,8.111440148396325,8.210396255104774,,,346.6263115415659,,31.0,,0.008428493746601413,0.0,0.008428493746601413
axr4x0aO0pI_first48h,axr4x0aO0pI,UC509MeWZhuAuqXaJPraaZtw,2026-05-27 05:00:01+00:00,55,People & Blogs,5.0,True,32,4,306000.0,12.631343648903034,,,3426.06588579795,3995.6149471974004,0.0,0.0,8.139459747192559,8.293203018618527,,,569.5490613994502,,35.0,1.0,0.008759602830235096,0.0002502743665781456,0.00900987719681324
EjmdlNr31OE_first48h,EjmdlNr31OE,UCbBGMhejKwczt9Ot9ZY0w6g,2026-05-27 14:00:34+00:00,29,People & Blogs,14.0,True,100,11,1500.0,7.313886831633462,,,4134.0,6484.0,0.0,0.0,8.327242607457793,8.777247096750544,,,2350.0,,,,0.0,0.0,0.0
t37AmGi21_0_first48h,t37AmGi21_0,UC_6NBDDE1RMtl_u37HQeTFQ,2026-05-27 14:00:15+00:00,3,Entertainment,14.0,True,55,98,27000.0,10.203629181337648,,,18.0,18.0,0.0,0.0,2.9444389791664403,2.9444389791664403,,,0.0,,0.0,,0.0,0.0,0.0
l6KMSEkgSek_first48h,l6KMSEkgSek,UCreOKmUqdRDQ3cTwXi-gP3w,2026-05-27 14:00:13+00:00,11,People & Blogs,14.0,True,30,0,785.0,6.666956792429207,,,919.8807947019868,2147.0,0.0,0.0,6.825330597587482,7.672292455628756,,,1227.1192052980132,,16.0,,0.007452258965999069,0.0,0.007452258965999069
xcv9cUQLbpY_first48h,xcv9cUQLbpY,UC7MN_FMUasDkj4uzuxQCdaQ,2026-05-27 13:51:23+00:00,50,People & Blogs,13.0,True,43,6,11800.0,9.375939552625749,,,1287.0074441687345,1693.0,0.0,0.0,7.160851686281708,7.434847875211999,,,405.99255583126546,,38.0,15.0,0.02244536326048435,0.008860011813349085,0.03130537507383343
v95iX4AGEpU_first48h,v95iX4AGEpU,UC-xOAFXNP22wZ6AuQXDulWQ,2026-05-27 14:00:00+00:00,60,People & Blogs,14.0,True,99,0,537.0,6.2878585601617845,,,3.0,3.0,0.0,0.0,1.3862943611198906,1.3862943611198906,,,0.0,,1.0,,0.3333333333333333,0.0,0.3333333333333333
D2fLi4Ly4hE_first48h,D2fLi4Ly4hE,UCmnZtsE4hjzE0p8quVnfyDQ,2026-05-27 14:00:00+00:00,5,Travel & Events,14.0,True,48,20,76500.0,11.245059091624615,,,2974.477685950413,3494.0,0.0,0.0,7.998159871796298,8.15908865466791,,,519.5223140495868,,15.0,,0.004293073840870063,0.0,0.004293073840870063
ER2y7JV9fWc_first48h,ER2y7JV9fWc,UCBBGyJ5XaSgTQ1yVJFqSErA,2026-05-27 14:03:07+00:00,23,Entertainment,14.0,True,54,0,151000.0,11.92504173829169,,,6778.962717481359,9544.0,0.0,0.0,8.821726882022768,9.163772736159848,,,2765.0372825186414,,78.0,1.0,0.008172673931265717,0.00010477787091366304,0.00827745180217938
ABzmE-9Rbd0_first48h,ABzmE-9Rbd0,UCyLVE-T7feGOUWPiZI4afpg,2026-05-27 14:38:14+00:00,13,Music,14.0,True,75,8,71700.0,11.180259973491848,,,17246.62142273099,44810.22312556459,0.0,0.0,9.755429524414673,10.710213903224773,,,27563.6017028336,,244.36224028906952,2.0,0.005453269884515681,4.463267220062076e-05,0.005497902556716302
u4jkPev48kI_first48h,u4jkPev48kI,UCmb5KL3t13-xRizgY7Bnq1A,2026-05-27 14:54:09+00:00,38,People & Blogs,14.0,True,100,0,848000.0,13.650637094018627,,,15564.024529844644,17447.539295392955,0.0,0.0,9.652781658836217,9.767011216126459,,,1883.5147655483106,,277.81120144534776,10.0,0.015922658017380374,0.0005731467246295592,0.016495804742009932
s2y5yqwiEEY_first48h,s2y5yqwiEEY,UCBfMhuwVBpUPC2y58AFEqtA,2026-05-27 14:51:40+00:00,5,People & Blogs,14.0,True,97,0,2110.0,7.65491704784832,,,2187.1100244498775,2203.1896243291594,0.0,0.0,7.690793447675171,7.698115203018869,,,16.079599879281886,,2.0,,0.0009077747906556034,0.0,0.0009077747906556034
eppwMxPUO6A_first48h,eppwMxPUO6A,UCOk0YlqBTCkQ1UEGuhK4z3A,2026-05-27 14:30:39+00:00,44,People & Blogs,14.0,True,69,0,35100.0,10.465984899076615,,,2144.6905537459284,2598.7016274864377,0.0,0.0,7.671216716029977,7.863151958765232,,,454.01107374050935,,67.0,2.0,0.025782105683600516,0.0007696150950328512,0.026551720778633367
2fcfN6JJmK8_first48h,2fcfN6JJmK8,UCHvKIWSxAPIsnA9xw5wOBGw,2026-05-27 14:10:38+00:00,16,People & Blogs,14.0,True,65,0,1500.0,7.313886831633462,,,1260.885993485342,1297.7974683544303,0.0,0.0,7.140362701053197,7.169194091007843,,,36.91147486908835,,26.0,,0.020033942609679497,0.0,0.020033942609679497
pmRAAkYTDXY_first48h,pmRAAkYTDXY,UCxZ63Pb6ACqeIpAOaF19s6A,2026-05-27 15:05:16+00:00,16,People & Blogs,15.0,True,70,0,485.0,6.186208623900494,,,560.6400651465798,714.4665461121157,0.0,0.0,6.330861191239918,6.572934841945502,,,153.8264809655359,,32.89330922242314,8.0,0.0460389774740572,0.011197165274614023,0.05723614274867122
Qt8KcbhRO7E_first48h,Qt8KcbhRO7E,UCr2n3UuvALBUej_V2w8czBg,2026-05-27 14:30:04+00:00,63,People & Blogs,14.0,True,84,17,32900.0,10.401258331428318,,,565.6618004866181,736.6449864498645,0.0,0.0,6.33976265396277,6.603462660688766,,,170.98318596324646,,10.0,1.0,0.01357506014965676,0.0013575060149656761,0.014932566164622437
u2UqnIp_Neo_first48h,u2UqnIp_Neo,UCQf1n6G-lFQ3xjn8qmojtBg,2026-05-27 15:06:47+00:00,34,People & Blogs,15.0,True,96,0,18700.0,9.83633227734872,,,3594.523114355231,6199.024390243902,0.0,0.0,8.187444771211979,8.732308504935752,,,2604.5012758886714,,175.15898825654924,2.0,0.02825589596521293,0.00032263141328297136,0.028578527378495904
clzbMGBi4JA_first48h,clzbMGBi4JA,UCyQDlmaWdUf730T_6Lmhuvg,2026-05-27 14:50:09+00:00,15,Music,14.0,True,86,14,2010.0,7.606387389772652,,,643.7396593673966,647.0,0.0,0.0,6.46884660642795,6.473890696352274,,,3.260340632603402,,,,0.0,0.0,0.0
vbVElE-kn4k_first48h,vbVElE-kn4k,UCX1eHc9Ri4up1phepb-3N0A,2026-05-27 14:33:20+00:00,25,Science & Technology,14.0,True,76,0,35600.0,10.480129006333248,,,20209.160453808752,48472.36913357401,0.0,0.0,9.91394074969365,10.788769836091037,,,28263.208679765256,,426.528880866426,4.0,0.008799423021619839,8.252123986300953e-05,0.008881944261482849
qdNJcRlGKk0_first48h,qdNJcRlGKk0,UCcO_OB1NMCBfNEjgDOfla-w,2026-05-27 15:09:01+00:00,38,Education,15.0,True,99,0,21200.0,9.961803629358965,,,1845.3,2097.431049436253,0.0,0.0,7.520938915401698,7.648945225162719,,,252.13104943625308,,277.60537727666957,1.0,0.132354947902237,0.00047677371814857977,0.1328317216203856
NfZ27zcRJ8Q_first48h,NfZ27zcRJ8Q,UCU2yYecaMiO0XxD09BpZD7A,2026-05-27 14:39:10+00:00,17,People & Blogs,14.0,True,69,0,105.0,4.663439094112067,,,4.0,5.0,0.0,0.0,1.6094379124341003,1.791759469228055,,,1.0,,0.0,,0.0,0.0,0.0
KHKOY8ba0Qs_first48h,KHKOY8ba0Qs,UCXvr7Tph5AL6xsZiKEG3v_w,2026-05-27 15:11:19+00:00,15,People & Blogs,15.0,True,75,0,4.0,1.6094379124341003,,,1257.765,1263.0,0.0,0.0,7.137886360545683,7.142036574706803,,,5.2349999999999,,9.0,,0.007125890736342043,0.0,0.007125890736342043
BMnojYkNDyY_first48h,BMnojYkNDyY,UCni3TsC_UvPaTKs1nOQ6MVQ,2026-05-27 15:18:59+00:00,59,Music,15.0,True,90,0,13.0,2.6390573296152584,,,60.0,70.0,0.0,0.0,4.110873864173311,4.2626798770413155,,,10.0,,3.0,2.0,0.04285714285714286,0.02857142857142857,0.07142857142857142
C3Htvk7oo4c_first48h,C3Htvk7oo4c,UCGXIZLlpgJJgKRsUjRavSXQ,2026-05-27 15:05:52+00:00,32,Entertainment,15.0,True,71,21,106000.0,11.571203807011969,,,10492.76821192053,13993.79376498801,0.0,0.0,9.258536856326003,9.546440665505711,,,3501.0255530674804,,73.68585131894484,7.0,0.005265609352004623,0.0005002217495525595,0.005765831101557182
04yTU3tk5ug_first48h,04yTU3tk5ug,UCKYDP3SDP3nf6y5fF88zE2w,2026-05-27 15:15:17+00:00,22,Entertainment,15.0,True,53,0,2110.0,7.65491704784832,,,1422.0,1425.0,0.0,0.0,7.260522598089852,7.262628600974241,,,3.0,,,,0.0,0.0,0.0
0b4mgqpw_EM_first48h,0b4mgqpw_EM,UCB-0knKxYwBVMtFGo1qa8Vw,2026-05-27 15:14:19+00:00,10,People & Blogs,15.0,True,84,7,138000.0,11.835016210489899,,,59694.967661691546,63535.707434052754,0.0,0.0,10.997019753744288,11.059373087690386,,,3840.7397723612085,,1409.4756195043965,13.0,0.022183991906714343,0.00020460935314985552,0.022388601259864197
Ms3qFhpBgp0_first48h,Ms3qFhpBgp0,UCIBmdW4NoJhRLDaaNCAcbeQ,2026-05-27 15:21:31+00:00,18,Music,15.0,True,59,13,9.0,2.302585092994046,,,90.0,89.0,0.0,0.0,4.51085950651685,4.499809670330265,,,0.0,,1.0,,0.011235955056179775,0.0,0.011235955056179775
GkgyI5_V75Q_first48h,GkgyI5_V75Q,UC4HMo-PBQXZhLPVEF8YqJVQ,2026-05-27 14:59:19+00:00,23,People & Blogs,14.0,True,100,0,221000.0,12.30592250537653,,,3175.5153526970953,4420.767571884984,0.0,0.0,8.06354007390665,8.394294798273194,,,1245.2522191878888,,608.6621405750799,3.0,0.13768245687604666,0.0006786151841773534,0.13836107206022402
ERoHEY0J_d4_first48h,ERoHEY0J_d4,UCsev3b2rJP0gK-b0ShYKM5w,2026-05-27 15:07:10+00:00,15,People & Blogs,15.0,True,33,0,450.0,6.111467339502679,,,802.0,803.0,0.0,0.0,6.688354713946762,6.6895992691789665,,,1.0,,36.0,,0.0448318804483188,0.0,0.0448318804483188
y9OQtgWLCOE_first48h,y9OQtgWLCOE,UCkIUfwXDAM_1Q7XZhdRt8eA,2026-05-27 15:06:33+00:00,11,Gaming,15.0,True,84,0,3040.0,8.019941687677365,,,3420.203150912106,24896.32268370607,0.0,0.0,8.137747566702375,10.122515553929086,,,21476.119532793964,,390.4376996805112,24.392971246006383,0.015682544954160698,0.0009797820969749435,0.016662327051135642
rcwXGhrtMjI_first48h,rcwXGhrtMjI,UCcd1FYbevlwzOSy-UeJ3gPg,2026-05-27 14:58:02+00:00,34,People & Blogs,14.0,True,96,0,4720.0,8.459775920546287,,,1765.3521126760563,2051.5419664268584,0.0,0.0,7.4766717455907745,7.626834287610545,,,286.18985375080206,,158.02957633892885,2.0,0.07702965814253691,0.0009748764747344515,0.07800453461727137
DK41z_PwypY_first48h,DK41z_PwypY,UCLRBIJS8pMWNRXhj4c30-JA,2026-05-27 15:10:57+00:00,50,People & Blogs,15.0,True,74,0,129000.0,11.767575435251748,,,1067.1814415907209,1332.2709832134292,0.0,0.0,6.973712894220505,7.195390587750586,,,265.08954162270834,,61.709032773780976,,0.04631867957143312,0.0,0.04631867957143312
CPTM3UhRUSY_first48h,CPTM3UhRUSY,UCAdANUwHq6yzY_8eBGBvFjw,2026-05-27 15:03:34+00:00,14,Music,15.0,True,81,20,3.0,1.3862943611198906,,,81.67880794701986,95.64988009592327,0.0,0.0,4.414963317039335,4.571094965052673,,,13.971072148903403,,4.0,,0.04181918467632753,0.0,0.04181918467632753
Bq7VztRym0g_first48h,Bq7VztRym0g,UCZiIpl4urOdPq-VJf2w6XBw,2026-05-27 15:10:48+00:00,18,People & Blogs,15.0,True,59,7,213.0,5.365976015021851,,,151.0,151.0,0.0,0.0,5.0238805208462765,5.0238805208462765,,,0.0,,2.0,,0.013245033112582781,0.0,0.013245033112582781
CSw11o_cumM_first48h,CSw11o_cumM,UClANzF9z-jsgquZdDLxJQsg,2026-05-27 15:11:01+00:00,20,People & Blogs,15.0,True,93,0,8450.0,9.042040056544483,,,458.0,487.12709832134294,0.0,0.0,6.129050210060545,6.190575819322417,,,29.12709832134294,,,,0.0,0.0,0.0
op9R1fihXUg_first48h,op9R1fihXUg,UCXi66wJ_lgAefyUeGCwLvqw,2026-05-27 15:09:26+00:00,30,Entertainment,15.0,True,90,17,2400.0,7.783640596221253,,,251.0735171261487,268.6956869009585,0.0,0.0,5.529720779592726,5.597294237807791,,,17.622169774809805,,14.0,12.0,0.05210355313652807,0.044660188402738346,0.09676374153926641
1_i9DsXFJf0_first48h,1_i9DsXFJf0,UCNo2-jfnUBTicwDoMKUnYbw,2026-05-27 14:35:24+00:00,9,People & Blogs,14.0,True,77,0,253.0,5.537334267018537,,,7.43859649122807,23.0,0.0,0.0,2.132816002271211,3.1780538303479458,,,15.56140350877193,,3.0,,0.13043478260869565,0.0,0.13043478260869565
xZ2z3akHe8Y_first48h,xZ2z3akHe8Y,UCucmU1W1WLuYY8GCEJgDZiw,2026-05-27 15:03:15+00:00,12,People & Blogs,15.0,True,89,0,1070.0,6.976348070447749,,,478.0,480.0,0.0,0.0,6.171700597410915,6.175867270105761,,,2.0,,9.0,1.0,0.01875,0.0020833333333333333,0.020833333333333332
AUbnJt35n8g_first48h,AUbnJt35n8g,UCEYhI_ZQHqf8CrQ9Mv6byZw,2026-05-27 14:58:07+00:00,28,Music,14.0,True,37,0,4330.0,8.373553741214627,,,2700.728323699422,3298.0,0.0,0.0,7.9016469670917475,8.101374671228582,,,597.2716763005778,,173.0,8.0,0.052456033959975744,0.002425712553062462,0.054881746513038204
NH7wjQKtbqA_first48h,NH7wjQKtbqA,UChR4JdPkWLv6y5Z8AXXha-w,2026-05-27 15:23:49+00:00,14,People & Blogs,15.0,True,84,0,269.0,5.598421958998375,,,207.0,215.0,0.0,0.0,5.337538079701318,5.375278407684165,,,8.0,,2.0,,0.009302325581395349,0.0,0.009302325581395349
0QdPN-1jhFc_first48h,0QdPN-1jhFc,UCZ_teo9vsA7LIqSyKgIALwQ,2026-05-27 15:03:36+00:00,55,Music,15.0,True,99,16,2920.0,7.979681302387741,,,99.32450331125828,120.91725768321513,0.0,0.0,4.608409965343399,4.803342598929589,,,21.592754371956843,,3.0,,0.02481035426605146,0.0,0.02481035426605146
N7NS-82JmO4_first48h,N7NS-82JmO4,UCueCny1DkbN65UcC-P_BDBw,2026-05-27 14:32:10+00:00,23,Entertainment,14.0,True,8,0,1460.0,7.2868764117507,,,124.0,130.0,0.0,0.0,4.8283137373023015,4.875197323201151,,,6.0,,5.0,2.0,0.038461538461538464,0.015384615384615385,0.05384615384615385
CYJ7TGF3z2A_first48h,CYJ7TGF3z2A,UC2Eyy2GwoYVwI2KNy5o3pvQ,2026-05-27 15:14:07+00:00,60,Education,15.0,True,95,19,457.0,6.126869184114185,,,1193.4658703071673,1626.68759936407,0.0,0.0,7.085454393990289,7.394915635866294,,,433.22172905690263,,21.0,1.0,0.012909669937982959,0.000614746187522998,0.013524416125505957
6uL4r2yqGj8_first48h,6uL4r2yqGj8,UCoUKNAem904b2kloBXq6OoA,2026-05-27 15:05:56+00:00,28,News & Politics,15.0,True,15,0,6970.0,8.849513965486398,,,2081.0,2081.0,0.0,0.0,7.641084249174914,7.641084249174914,,,0.0,,72.0,2.0,0.03459875060067275,0.0009610764055742432,0.035559827006247
DtGxikeBY4A_first48h,DtGxikeBY4A,UCGj8-5O1vGCXgFQVyYUwW8w,2026-05-27 15:30:04+00:00,54,Howto & Style,15.0,True,90,0,17200.0,9.75272280064639,,,1301.531197301855,1958.0,0.0,0.0,7.172064725203909,7.580189417944541,,,656.468802698145,,19.0,,0.009703779366700716,0.0,0.009703779366700716
QN-ekdjZnp4_first48h,QN-ekdjZnp4,UC6citVxbZE4DsUZPc54ezNQ,2026-05-27 16:01:49+00:00,29,Pets & Animals,16.0,True,99,0,1090.0,6.994849985833071,,,889.7618651124063,901.0,0.0,0.0,6.79207712475918,6.804614520062624,,,11.238134887593674,,8.0,,0.008879023307436182,0.0,0.008879023307436182
GIo1LumLSU4_first48h,GIo1LumLSU4,UCll7CGVldY5pVkL7wv5Ptew,2026-05-27 15:46:24+00:00,14,Education,15.0,True,92,12,1020.0,6.928537818164665,,,1522.0151133501258,1895.098901098901,0.0,0.0,7.328447276253756,7.54755384448137,,,373.0837877487752,,5.745682888540031,,0.003031864397793863,0.0,0.003031864397793863
8x2jjKHJtJg_first48h,8x2jjKHJtJg,UCZIxquQXSGsGq45p7Rfdeww,2026-05-27 16:00:00+00:00,19,Education,16.0,True,94,0,3850.0,8.25608813381491,,,1050.8898233809925,1242.4666666666667,0.0,0.0,6.958343657186587,7.1256584568260015,,,191.57684328567416,,8.0,1.0,0.006438804528625852,0.0008048505660782315,0.007243655094704083
veWQ1p3TiZI_first48h,veWQ1p3TiZI,UCiCpnKdBUFvSXJjAdg-u92g,2026-05-27 16:00:32+00:00,37,Entertainment,16.0,True,52,29,150.0,5.017279836814924,,,386.46661031276415,388.79336349924586,0.0,0.0,5.959629678146016,5.965616761528953,,,2.32675318648171,,8.0,3.0,0.020576482911122317,0.00771618109167087,0.028292664002793188
yh0-VjHnP1k_first48h,yh0-VjHnP1k,UCB6vI7pTZdE4oWJACmKCU-Q,2026-05-27 16:17:09+00:00,126,People & Blogs,16.0,True,62,0,19800.0,9.893487720457795,,,1573.330515638208,2379.3715146948,0.0,0.0,7.361585391456053,7.775011853094661,,,806.0409990565922,,213.91785983421252,11.0,0.08990519492776712,0.004623069550957014,0.09452826447872413
YoDU6zs-glQ_first48h,YoDU6zs-glQ,UCDgxxf79JdBKAGJbWxWXCWQ,2026-05-27 16:00:19+00:00,10,Science & Technology,16.0,True,68,0,5290.0,8.57376254290413,,,49.15758591785415,132.0,0.0,0.0,3.915169767532007,4.890349128221754,,,82.84241408214585,,3.0,,0.022727272727272728,0.0,0.022727272727272728
cLtItQisHpc_first48h,cLtItQisHpc,UCNpbSODxF1nNWW3ndrrrFAA,2026-05-27 15:30:27+00:00,45,Entertainment,15.0,True,72,12,14.0,2.70805020110221,,,802.4191114836547,807.0,0.0,0.0,6.688876509896732,6.694562058521095,,,4.58088851634534,,8.0,,0.009913258983890954,0.0,0.009913258983890954
5z9HDfp-YUo_first48h,5z9HDfp-YUo,UCvRhUD1CxS2iUyEt1jzmGrA,2026-05-27 16:00:11+00:00,12,Entertainment,16.0,True,88,20,36300.0,10.499600568082863,,,2337.3015075376884,6474.5422696115775,0.0,0.0,7.757180093314398,8.775787631263613,,,4137.240762073889,,74.57044935262758,,0.011517485908251121,0.0,0.011517485908251121
74uROijt5ig_first48h,74uROijt5ig,UCWxd3ksOuotZ1rc4dnyr_yg,2026-05-27 16:00:02+00:00,6,Science & Technology,16.0,True,90,23,683.0,6.52795791762255,,,0.0,0.0,0.0,0.0,0.0,0.0,,,0.0,,0.0,,0.0,0.0,0.0
rERjTj6pBfE_first48h,rERjTj6pBfE,UCIltaLhOBr8bRIV03cKjM6A,2026-05-27 16:00:08+00:00,18,Entertainment,16.0,True,48,0,574.0,6.354370040797351,,,418.35805626598466,425.0,0.0,0.0,6.0387251045633645,6.054439346269371,,,6.641943734015342,,7.0,,0.01647058823529412,0.0,0.01647058823529412
yHnyXIMosc4_first48h,yHnyXIMosc4,UC-QIigEjt_EWEpo0yW4zZCQ,2026-05-27 16:00:33+00:00,18,Entertainment,16.0,True,60,0,12200.0,9.409273194575334,,,123.17576791808874,127.0,0.0,0.0,4.821698045134459,4.852030263919617,,,3.824232081911262,,2.0,,0.015748031496062992,0.0,0.015748031496062992
Jlt4VNvXogw_first48h,Jlt4VNvXogw,UCHcLBGIfOr2VjeZZeyIfPyg,2026-05-27 15:55:04+00:00,50,Entertainment,15.0,True,58,4,4090.0,8.316544717929398,,,1066.0,1068.8984198645599,0.0,0.0,6.9726062513017535,6.975318988243348,,,2.8984198645598553,,9.0,,0.008419883342273431,0.0,0.008419883342273431
Sxgls_Tk5kE_first48h,Sxgls_Tk5kE,UCSIpy0JIfKp6viebuzj-l2A,2026-05-27 16:02:58+00:00,50,Gaming,16.0,True,39,10,42.0,3.7612001156935624,,,1028.0,1032.0,0.0,0.0,6.9363427358340495,6.940222469119639,,,4.0,,,1.0,0.0,0.0009689922480620155,0.0009689922480620155
p6h4KLv_B7o_first48h,p6h4KLv_B7o,UCHSoCacb_rwVeGusV08nD3g,2026-05-27 16:00:15+00:00,59,Gaming,16.0,True,40,16,1230.0,7.115582126184454,,,2010.4411262798637,7860.248332097849,0.0,0.0,7.6066067223956955,8.969700693690141,,,5849.807205817985,,303.53372868791695,4.686434395848776,0.038616302674359115,0.000596219635544008,0.039212522309903124
ZjkPny0cQT8_first48h,ZjkPny0cQT8,UC9KZMVIgDuVyGk2D7LDjovA,2026-05-27 15:42:50+00:00,60,Gaming,15.0,True,59,10,6050.0,8.707978826622321,,,69.44368600682594,89.67234988880652,0.0,0.0,4.254813610578432,4.507252458260546,,,20.22866388198058,,3.557449962935508,,0.03967164870048277,0.0,0.03967164870048277
qtFX0omJOTQ_first48h,qtFX0omJOTQ,UC2fZ6lTdx1UIELXpv_lfUng,2026-05-27 15:43:11+00:00,19,Sports,15.0,True,25,0,3640.0,8.200013648175434,,,7.0,7.0,0.0,0.0,2.0794415416798357,2.0794415416798357,,,0.0,,,,0.0,0.0,0.0
tPwGEN-lvQA_first48h,tPwGEN-lvQA,UCc7A2iDlgQYJOGIGdFLiDtg,2026-05-27 16:32:51+00:00,23,People & Blogs,16.0,True,97,0,769.0,6.646390514847729,,,207.0,179.85373134328358,0.0,0.0,5.337538079701318,5.197688590440081,,,0.0,,2.0,1.0,0.011120147383445918,0.005560073691722959,0.016680221075168877
GSH6oafC5I4_first48h,GSH6oafC5I4,UCGJw5XOl2WlDQ9kwc8OpcqQ,2026-05-27 16:15:01+00:00,49,Autos & Vehicles,16.0,True,59,26,1350.0,7.208600337960199,,,1.0,1.0,0.0,0.0,0.6931471805599453,0.6931471805599453,,,0.0,,0.0,,0.0,0.0,0.0
lF2HikFH0sY_first48h,lF2HikFH0sY,UCAz4iPSNIis8igHw_qCOgxQ,2026-05-27 16:00:15+00:00,31,Gaming,16.0,True,83,24,1500.0,7.313886831633462,,,261.0,260.68334578043317,0.0,0.0,5.568344503761097,5.567135168918925,,,0.0,,1.0,,0.0038360716792482557,0.0,0.0038360716792482557
4dT8cwVCLro_first48h,4dT8cwVCLro,UCgklncw2UD4vgCClMWBvjpA,2026-05-27 16:00:31+00:00,57,Gaming,16.0,True,51,15,253.0,5.537334267018537,,,996.7455166524338,1084.739357729649,0.0,0.0,6.9054982504609015,6.990016469598207,,,87.99384107721528,,31.0,4.0,0.02857829374319261,0.0036875217733151754,0.032265815516507784
ItvjWH5IP0I_first48h,ItvjWH5IP0I,UCqDFINw76mYfwXEXM0ZimiA,2026-05-27 15:43:52+00:00,51,Entertainment,15.0,True,70,0,120.0,4.795790545596741,,,901.600341588386,905.2175226586103,0.0,0.0,6.8052798658421825,6.80927936846036,,,3.6171810702243192,,12.0,,0.013256482226234618,0.0,0.013256482226234618
b1fquC2FqKg_first48h,b1fquC2FqKg,UC8kYEuP5mnjZZqItQBIkOfw,2026-05-27 16:30:00+00:00,29,Entertainment,16.0,True,34,0,222000.0,12.310437165348775,,,3378.35439795047,4375.124716553288,0.0,0.0,8.125439963709466,8.383918843822133,,,996.770318602818,,,1.0,0.0,0.00022856491295356662,0.00022856491295356662
WznGcf7xGDY_first48h,WznGcf7xGDY,UCAbo0OJ9Tpbgk68yIM5cD1Q,2026-05-27 16:00:03+00:00,78,Gaming,16.0,True,78,26,14600.0,9.588845298501564,,,339.19128949615714,890.5419501133787,0.0,0.0,5.829508075566238,6.792952491847688,,,551.3506606172216,,30.675736961451246,1.0,0.03444614479704835,0.00112291172793453,0.03556905652498288
Zhu5Ms-G1CQ_first48h,Zhu5Ms-G1CQ,UCTMqqoxloTiXMUlpJaFlrYw,2026-05-27 16:17:23+00:00,40,People & Blogs,16.0,True,39,0,43.0,3.784189633918261,,,1355.0,1438.3842662632376,0.0,0.0,7.212294468500341,7.271970708253394,,,83.38426626323758,,24.806354009077157,5.806354009077157,0.01724598536768016,0.004036719634149933,0.021282705001830094
Kyqojr1v5HA_first48h,Kyqojr1v5HA,UCBPZ8FJJilBgW4gMCm-TmPA,2026-05-27 16:04:37+00:00,28,People & Blogs,16.0,True,98,0,49800.0,10.815790343132422,,,2407.429547395389,15079.26702371844,0.0,0.0,7.786730173990118,9.62114234854831,,,12671.83747632305,,117.8867635807192,1.0,0.007817804631703456,6.631622070403573e-05,0.007884120852407491
5x7md197n-8_first48h,5x7md197n-8,UCYP5GdlwqeMmTDufu2rwIXg,2026-05-27 16:00:01+00:00,15,Science & Technology,16.0,True,25,0,791.0,6.674561391814426,,,88.43808710503843,100.0,0.0,0.0,4.493546621712046,4.61512051684126,,,11.561912894961566,,0.0,,0.0,0.0,0.0
b3pr8yHRCJk_first48h,b3pr8yHRCJk,UCWD6dFtVgKic12AMGV_jiSQ,2026-05-27 16:35:00+00:00,23,People & Blogs,16.0,True,60,0,715.0,6.573680166960646,,,1618.0,1765.6937212863706,0.0,0.0,7.389563953677635,7.476865124690528,,,147.69372128637065,,20.0,1.0,0.011326992761479204,0.0005663496380739603,0.011893342399553164
IAP9oCf6EIc_first48h,IAP9oCf6EIc,UC3DL9Msm3Ii_CXP4IbF68jQ,2026-05-27 15:56:04+00:00,38,People & Blogs,15.0,True,29,12,0.0,0.0,,,6002.471391972673,11519.30298393267,0.0,0.0,8.700093146234579,9.351866234592626,,,5516.831591959997,,160.56159143075746,1.0,0.013938481490999207,8.681080803194584e-05,0.014025292299031154
egAgtPE54AM_first48h,egAgtPE54AM,UCkFFtKIYJIjUdceuR1B8Czg,2026-05-27 16:25:34+00:00,16,Howto & Style,16.0,True,66,0,740.0,6.608000625296087,,,1128.0392826643895,1419.1170619739862,0.0,0.0,7.029122357755509,7.2584945852073295,,,291.07777930959674,,19.0,1.0,0.01338860655622805,0.0007046635029593711,0.014093270059187422
O7NTgLvKZh4_first48h,O7NTgLvKZh4,UCPKwL7f1WqnRAXvPMowCldg,2026-05-27 16:08:38+00:00,55,Entertainment,16.0,True,88,0,761.0,6.635946555686647,,,420.0,425.73542944785277,0.0,0.0,6.042632833682381,6.056164218028634,,,5.735429447852766,,7.0,,0.01644213639696015,0.0,0.01644213639696015
6qNhwk0xLP0_first48h,6qNhwk0xLP0,UCkH68oQLZGngN3GzaSxx8PQ,2026-05-27 16:37:15+00:00,36,Education,16.0,True,96,0,18200.0,9.809231816610408,,,948.0,957.9547198772065,0.0,0.0,6.855408798609928,6.865843857790842,,,9.954719877206458,,9.0,3.0,0.009395016082966477,0.003131672027655492,0.012526688110621968
LG4elnmR0-o_first48h,LG4elnmR0-o,UCkcxh0lV9QtRA43bvu6y_cw,2026-05-27 16:00:00+00:00,12,Howto & Style,16.0,True,73,0,25900.0,10.16203685698089,,,286.0,295.0,0.0,0.0,5.659482215759621,5.69035945432406,,,9.0,,0.0,,0.0,0.0,0.0
2TQEAoS7m4E_first48h,2TQEAoS7m4E,UC24cxSwgtYonX_B4kNAp4KA,2026-05-27 16:12:37+00:00,9,People & Blogs,16.0,True,100,0,11299.0,9.332558004700433,,,1669.8695652173913,5144.214996174445,0.0,0.0,7.42109946762974,8.545822434795362,,,3474.3454309570543,,34.0,,0.006609366059794252,0.0,0.006609366059794252
t8sWbT920gw_first48h,t8sWbT920gw,UCwzWWXvKaNe6IPOsU2r7bwQ,2026-05-27 16:02:13+00:00,30,Entertainment,16.0,True,75,0,2480.0,7.816416983691801,,,954.0,957.6687069625095,0.0,0.0,6.86171134048073,6.865545558434655,,,3.668706962509532,,4.0,,0.004176809757820134,0.0,0.004176809757820134
jj1oAwp1A18_first48h,jj1oAwp1A18,UCI7GxSSCx3Uhv6w1xtVnh7w,2026-05-27 16:45:39+00:00,60,Howto & Style,16.0,True,100,9,7240.0,8.88751459738882,,,1083.0049220672684,1285.0,0.0,0.0,6.988417722641745,7.1592919047975645,,,201.99507793273165,,20.0,,0.01556420233463035,0.0,0.01556420233463035
d6d_PUYmDm4_first48h,d6d_PUYmDm4,UCgChqikOKFyIEGAe-8v3FwA,2026-05-27 16:33:24+00:00,35,Education,16.0,True,57,0,750.0,6.621405651764134,,,198.81725888324874,275.21495327102804,0.0,0.0,5.297403243280888,5.621179378796564,,,76.3976943877793,,7.0,,0.0254346644933442,0.0,0.0254346644933442
XBJW0XyXFVM_first48h,XBJW0XyXFVM,UCBGchq7yt7b1L5ZIJkuR3LQ,2026-05-28 02:30:23+00:00,15,Music,2.0,True,97,4,1860.0,7.528869256642251,,458.58011049723757,505.8340353833193,509.0,0.0,6.130313269357671,6.2281836036176745,6.234410725718371,,47.253924886081734,3.1659646166806965,,10.0,3.0,0.019646365422396856,0.005893909626719057,0.025540275049115914
M1pWfmfsIkM_first48h,M1pWfmfsIkM,UC-W-mflkiOqw79UxCaGeD7A,2026-05-28 03:34:34+00:00,24,People & Blogs,3.0,True,99,0,552.0,6.315358001522335,,3.0,5.0,6.0,0.0,1.3862943611198906,1.791759469228055,1.9459101490553132,,2.0,1.0,,2.0,,0.3333333333333333,0.0,0.3333333333333333
yUj1OzuDglU_first48h,yUj1OzuDglU,UCeY0bbntWzzVIaj2z3QigXg,2026-05-28 01:42:24+00:00,36,News & Politics,1.0,True,90,0,12000000.0,16.300417291085605,,,6331.457311918851,6640.797996661102,0.0,0.0,8.75344364074278,8.801137988445165,,,309.34068474225114,,84.51752921535893,3.0,0.012727014021184372,0.00045175293714827,0.013178766958332642
NBGom-mRoRI_first48h,NBGom-mRoRI,UCEfe80CP2cs1eLRNQazffZw,2026-05-26 12:30:06+00:00,4354,Comedy,12.0,False,69,21,511000.0,13.144126826131089,,,,154286.5128,0.0,0.0,0.0,11.946573107014183,,,,,5056.8848,1121.952,0.03277593555150985,0.007271873475125948,0.0400478090266358
59sS8T-mLJ4_first48h,59sS8T-mLJ4,UC2TuODJhC03pLgd6MpWP0iw,2026-05-27 13:28:55+00:00,17,News & Politics,13.0,True,41,35,2140000.0,14.576316854287645,,,15636.68815471394,16445.816023738873,0.0,0.0,9.657439186978651,9.707887182671461,,,809.1278690249328,,92.0,47.0,0.0055941280060047924,0.0028578697421981,0.008451997748202893
HTvq8-suTDs_first48h,HTvq8-suTDs,UCBVlCw5dnEcpzCyW3EMwNRg,2026-05-29 13:10:51+00:00,1400,Comedy,13.0,False,95,4,1320.0,7.186144304522325,26.0,29.0,57.34713656387665,58.0,3.295836866004329,3.4011973816621555,4.066410284073011,4.07753744390572,3.0,28.347136563876653,0.6528634361233472,0.21762114537444907,2.0,,0.034482758620689655,0.0,0.034482758620689655
I9xE2Pb3zUM_first48h,I9xE2Pb3zUM,UCgmjmEpkx4zC-Rh_WUrhtzQ,2026-05-29 13:15:46+00:00,132,Comedy,13.0,False,90,20,157.0,5.062595033026967,4.0,23.0,67.94713656387665,82.0,1.6094379124341003,3.1780538303479458,4.233340074209099,4.418840607796598,19.0,44.947136563876654,14.052863436123346,0.739624391374913,4.0,,0.04878048780487805,0.0,0.04878048780487805
uM9VrHpuRck_first48h,uM9VrHpuRck,UCmorARX4_iz23iCYiXEeB1w,2026-05-29 13:06:19+00:00,3701,Entertainment,13.0,False,69,12,52699.0,10.872370734529454,,41.62011173184357,69.0,72.0,0.0,3.7523262482494744,4.248495242049359,4.290459441148391,,27.379888268156428,3.0,,1.0,,0.013888888888888888,0.0,0.013888888888888888
Da4sP5iaQUQ_first48h,Da4sP5iaQUQ,UCmorARX4_iz23iCYiXEeB1w,2026-05-29 13:00:57+00:00,3485,Entertainment,13.0,False,66,12,52699.0,10.872370734529454,,16.0,50.0,52.4001743679163,0.0,2.833213344056216,3.9318256327243257,3.977814011277603,,34.0,2.4001743679163,,1.0,,0.019083905961432876,0.0,0.019083905961432876
b4AyxGSRS3Q_first48h,b4AyxGSRS3Q,UCmorARX4_iz23iCYiXEeB1w,2026-05-29 13:05:35+00:00,3266,Entertainment,13.0,False,64,12,52699.0,10.872370734529454,,9.0,43.0,46.0,0.0,2.302585092994046,3.784189633918261,3.8501476017100584,,34.0,3.0,,1.0,,0.021739130434782608,0.0,0.021739130434782608
0qNRyUAczAs_first48h,0qNRyUAczAs,UC9m70tRHsSNa6B-VW3g_yeg,2026-05-29 13:15:06+00:00,4535,Music,13.0,False,96,30,136.0,4.919980925828125,,1.0,5.0,4.0,0.0,0.6931471805599453,1.791759469228055,1.6094379124341003,,4.0,0.0,,6.0,2.0,1.5,0.5,2.0
lpdhsex2OJY_first48h,lpdhsex2OJY,UC64sTVJkeSA_wu51XasucGQ,2026-05-29 15:15:28+00:00,810,People & Blogs,15.0,False,90,12,2130.0,7.664346632098617,3.612244897959184,10.0,43.39087136929461,47.0,1.5287147011616593,2.3978952727983707,3.7930338485089825,3.871201010907891,6.387755102040816,33.39087136929461,3.609128630705392,0.5650073575225694,,1.0,0.0,0.02127659574468085,0.02127659574468085
Z_LgQPvY04w_first48h,Z_LgQPvY04w,UC_wIGmvdyAQLtl-U2nHV9rg,2026-05-29 15:00:27+00:00,113,Entertainment,15.0,False,82,38,17800000.0,16.694709071442087,647.6236559139785,1439.4782608695652,4928.29924559933,6941.2677824267785,6.474852665477591,7.272730463032412,8.502952116081705,8.845383769925355,791.8546049555868,3488.820984729765,2012.9685368274486,2.5420936169719583,76.29539748953975,1.0,0.010991565212726264,0.00014406590140949495,0.011135631114135758
ATH0NVJfI5g_first48h,ATH0NVJfI5g,UClnRmcbZpJb6Va2gKcCrbUQ,2026-05-29 15:00:20+00:00,30,Education,15.0,False,37,20,151.0,5.0238805208462765,,1.0,5.0,5.0,0.0,0.6931471805599453,1.791759469228055,1.791759469228055,,4.0,0.0,,2.0,1.0,0.4,0.2,0.6
zcJtUlNahHw_first48h,zcJtUlNahHw,UC6_bHS_xZcxEdwkBaX0sw7w,2026-05-29 15:01:01+00:00,0,Gaming,15.0,False,65,0,79500.0,11.283524879179666,,37558.049999999996,41799.95477386934,41801.43718592965,0.0,10.53366964013758,10.640674459732113,10.64070992269661,,4241.904773869348,1.4824120603079791,,111.0,,0.002655411092835884,0.0,0.002655411092835884
vKIbulG4Tyw_first48h,vKIbulG4Tyw,UCDKjhgRoPF1CQk7HluMz23A,2026-05-29 15:19:21+00:00,435,News & Politics,15.0,False,94,11,2820000.0,14.852247797524162,1077.111111111111,4130.099999999999,24125.551867219918,36995.216374269,6.98296581768908,8.326298994317524,10.091068250240731,10.518570926242544,3052.988888888888,19995.45186721992,12869.664507049085,4.215431164485142,299.9966583124478,80.49958228905598,0.008109066190544087,0.002175945708079308,0.010285011898623395
jcEYEu-OldY_first48h,jcEYEu-OldY,UCDKjhgRoPF1CQk7HluMz23A,2026-05-29 15:19:17+00:00,175,News & Politics,15.0,False,82,11,2820000.0,14.852247797524162,195.75324675324674,328.4029850746269,864.0930232558139,1302.453634085213,5.281950389083831,5.797281879859816,6.762837042485925,7.172772662418872,132.64973832138014,535.690038181187,438.3606108293991,3.3046473847340057,19.0,,0.01458785134669671,0.0,0.01458785134669671
wJ17IQ__MIo_first48h,wJ17IQ__MIo,UCPQJZNC8PRXTjy10plpNkvg,2026-05-29 15:15:24+00:00,752,Entertainment,15.0,False,51,25,32800.0,10.39821428171237,,848.2648648648649,3112.9147157190637,3616.797391304348,0.0,6.744371110408103,8.043635964645448,8.193620664194896,,2264.649850854199,503.88267558528423,,167.0208695652174,39.0,0.046179216443468965,0.01078302038531807,0.05696223682878703
X0U3UaG6OE0_first48h,X0U3UaG6OE0,UCc_Ur8cfKRlMLEO1Jp3uY3A,2026-05-29 15:13:11+00:00,498,Entertainment,15.0,False,69,0,22.0,3.1354942159291497,,0.0,1.0,0.0,0.0,0.0,0.6931471805599453,0.0,,1.0,0.0,,0.0,,0.0,0.0,0.0
gqmoD3oR1a4_first48h,gqmoD3oR1a4,UC8VKZLxBaNdlvBOXDwJKjkg,2026-05-29 15:07:04+00:00,89,Music,15.0,False,58,0,176.0,5.176149732573829,,247.0,337.3492063492063,422.17456359102243,0.0,5.5134287461649825,5.82407851702514,6.047784773801568,,90.34920634920633,84.8253572418161,,4.0,4.0,0.009474753680032134,0.009474753680032134,0.018949507360064267
WSnAMtusMZ0_first48h,WSnAMtusMZ0,UC2JbvWG-Fv7CM13903JThTQ,2026-05-29 15:13:17+00:00,0,Gaming,15.0,False,36,0,26.0,3.295836866004329,,25.90967741935484,66.40350877192982,69.51827242524917,0.0,3.2924859772776984,4.210697075493952,4.255871859572892,,40.493831352574986,3.1147636533193435,,4.0,,0.05753882915173238,0.0,0.05753882915173238
TJipYhJneRc_first48h,TJipYhJneRc,UC7TNdTB05_Z0GfG6bxQRLbg,2026-05-29 15:18:58+00:00,711,Education,15.0,False,86,23,5270.0,8.569975376855206,,0.0,10.833195020746889,35.98830409356725,0.0,0.0,2.470908719357364,3.610601757093061,,10.833195020746889,25.155109072820363,,0.0,,0.0,0.0,0.0
D1vuJo9JwS8_first48h,D1vuJo9JwS8,UCpUP2Phk-HpAF6IK-raIl_g,2026-05-29 15:02:45+00:00,1000,Gaming,15.0,False,55,0,1490.0,7.307202314764738,,3.0,3.0,4.0,0.0,1.3862943611198906,1.3862943611198906,1.6094379124341003,,0.0,1.0,,2.0,,0.5,0.0,0.5
-2aB4AMQp_o_first48h,-2aB4AMQp_o,UCUyZxwyZWD0b22sthRIMYig,2026-05-29 15:20:35+00:00,0,People & Blogs,15.0,False,34,0,40500.0,10.609081944147828,,726.0,958.8305647840532,970.0,0.0,6.588926477533519,6.866756773868192,6.878326468291325,,232.8305647840532,11.169435215946805,,76.0,2.0,0.07835051546391752,0.002061855670103093,0.08041237113402062
rm9gPXZw0tI_first48h,rm9gPXZw0tI,UCThqrNqzKngrnnfJaqhHGnQ,2026-05-29 15:18:12+00:00,4770,Film & Animation,15.0,False,100,7,56600.0,10.943781931879723,,586.9629629629629,3241.4941471571906,5349.0952380952385,0.0,6.376663957756564,8.084098111148782,8.584869641244737,,2654.5311841942275,2107.601090938048,,46.0,2.0,0.00859958515458778,0.0003738950067212078,0.008973480161308988
u4QwDiF7E7o_first48h,u4QwDiF7E7o,UCXA8jBbuArlxWfUsIS8T0sQ,2026-05-29 15:31:50+00:00,72,Gaming,15.0,False,66,19,85700.0,11.358619773129229,,127.78106508875739,178.0,121.58228905597326,0.0,4.858113792682742,5.187385805840755,4.80878255185919,,50.21893491124261,0.0,,0.0,,0.0,0.0,0.0
uD92JGv-1P0_first48h,uD92JGv-1P0,UCyuLxYiJ2zJm2dpoWvpHj7g,2026-05-29 17:00:22+00:00,456,Entertainment,17.0,False,69,31,6030.0,8.704668113450987,,2.9485714285714284,36.0,129.0,0.0,1.3733538498441558,3.6109179126442243,4.867534450455582,,33.05142857142857,93.0,,1.0,,0.007751937984496124,0.0,0.007751937984496124
5c8h7VostFo_first48h,5c8h7VostFo,UCrtWuoUi3W7BTfVF8eEi0fw,2026-05-29 17:15:26+00:00,180,Music,17.0,False,99,53,2530.0,7.836369760545124,2.0,4.0,6.0,10.0,1.0986122886681098,1.6094379124341003,1.9459101490553132,2.3978952727983707,2.0,2.0,4.0,2.0,2.0,2.0,0.2,0.2,0.4
6p8YVRpstDQ_first48h,6p8YVRpstDQ,UC4obW4vyfduB2RPSp_JEc-Q,2026-05-29 17:03:32+00:00,15,Entertainment,17.0,False,53,0,5260.0,8.568076401730806,,0.0,8.0,16.86783042394015,0.0,0.0,2.1972245773362196,2.883001912955703,,8.0,8.867830423940148,,0.0,,0.0,0.0,0.0
Pabz6GAPXro_first48h,Pabz6GAPXro,UCc0PfB8ObIq9weLpFySDrFg,2026-05-29 17:00:06+00:00,119,Entertainment,17.0,False,65,36,377000.0,12.840003118946523,,138.0,503.141186299081,678.732558139535,0.0,4.9344739331306915,6.222856360387649,6.521699423955035,,365.141186299081,175.59137184045392,,23.430232558139537,3.0,0.03452056671977523,0.004420003083723081,0.03894056980349831
r2US2Nf7t-U_first48h,r2US2Nf7t-U,UCKTwmxWX2B_A2BmVpnDZtEw,2026-05-29 17:00:06+00:00,648,Film & Animation,17.0,False,55,18,153.0,5.0369526024136295,,20.0,109.0,398.0,0.0,3.044522437723423,4.700480365792417,5.988961416889864,,89.0,289.0,,12.0,12.0,0.03015075376884422,0.03015075376884422,0.06030150753768844
4Are80fai3Q_first48h,4Are80fai3Q,UCGob03avAePOE8IUgdUgFjw,2026-05-29 16:58:58+00:00,257,People & Blogs,16.0,False,98,10,287.0,5.662960480135946,,24.0,162.0,339.0,0.0,3.2188758248682006,5.093750200806762,5.8289456176102075,,138.0,177.0,,53.0,30.0,0.15634218289085547,0.08849557522123894,0.2448377581120944
uPPiPNSsfQY_first48h,uPPiPNSsfQY,UC0EOeoDDmKsk91afGHQbroA,2026-05-29 17:16:21+00:00,834,People & Blogs,17.0,False,49,0,18900.0,9.846970109700957,2.426966292134831,151.0,156.0,156.0,1.2316754068752718,5.0238805208462765,5.056245805348308,5.056245805348308,148.57303370786516,5.0,0.0,0.0,5.0,,0.03205128205128205,0.0,0.03205128205128205
-reISarw2lk_first48h,-reISarw2lk,UCt9bwX3_hGmMm-f4whzthcw,2026-05-29 17:18:27+00:00,25335,Gaming,17.0,False,64,35,806.0,6.693323668269949,44.674157303370784,44.32110091743118,62.0,65.0,3.821532652249771,3.8137727279528244,4.143134726391533,4.189654742026425,0.0,17.67889908256882,3.0,3.0,,,0.0,0.0,0.0
ncGd0I_58pU_first48h,ncGd0I_58pU,UCzmfBS0hMneF-4E4hnLPxug,2026-05-29 17:19:30+00:00,6614,Gaming,17.0,False,63,3,4080.0,8.314097335405807,502.0,502.0,513.0,520.0,6.220590170099739,6.220590170099739,6.2422232654551655,6.255750041753367,0.0,11.0,7.0,7.0,28.0,,0.05384615384615385,0.0,0.05384615384615385
yWMGmbRwE20_first48h,yWMGmbRwE20,UC4AS-_V3hbJQlp7FtSk1wwg,2026-05-29 17:00:39+00:00,42,Comedy,17.0,False,30,26,4130.0,8.326274787396764,,0.0,4.292803970223326,6.811305070656694,0.0,0.0,1.6663481565246678,2.0555720524083863,,4.292803970223326,2.518501100433368,,,1.0,0.0,0.14681474249450813,0.14681474249450813
E-XnJODLNHg_first48h,E-XnJODLNHg,UCOI3NdRFtdUvbschY0OcVUQ,2026-05-29 17:14:16+00:00,0,Entertainment,17.0,False,74,0,2150.0,7.67368812926773,,136.609756097561,144.0,143.0,0.0,4.9244218248576335,4.976733742420574,4.969813299576001,,7.3902439024390105,0.0,,9.0,,0.06293706293706294,0.0,0.06293706293706294
Vev_ArszfZo_first48h,Vev_ArszfZo,UCRI1YSyadnyT_oD875UpDGA,2026-05-29 17:17:10+00:00,313,People & Blogs,17.0,False,87,0,413.0,6.025865973825314,,5.0,41.0,101.0,0.0,1.791759469228055,3.7376696182833684,4.624972813284271,,36.0,60.0,,6.0,6.0,0.0594059405940594,0.0594059405940594,0.1188118811881188
2vyZT8w6HxA_first48h,2vyZT8w6HxA,UC90exWKwDEU4HQWaOC0PMyA,2026-05-29 17:00:08+00:00,322,Howto & Style,17.0,False,19,0,82500.0,11.320565693461432,,1334.9764705882353,8216.520467836257,11075.640365448506,0.0,7.197417742106348,9.014023796297215,9.312593698207218,,6881.543997248022,2859.1198976122487,,668.9476744186046,104.0,0.060398103617146086,0.009389976251345043,0.06978807986849113
v4RSOkFibW8_first48h,v4RSOkFibW8,UCmorARX4_iz23iCYiXEeB1w,2026-05-29 17:10:20+00:00,7837,Entertainment,17.0,False,66,12,52800.0,10.874285408908944,,44.0,132.0,172.72425249169436,0.0,3.8066624897703196,4.890349128221754,5.157469286365947,,88.0,40.72425249169436,,2.0,,0.01157914983650702,0.0,0.01157914983650702
0MkvX3gkZXk_first48h,0MkvX3gkZXk,UCWY-Ki0awJxuYS9tofGdpHw,2026-05-29 16:57:32+00:00,169,Pets & Animals,16.0,False,79,18,4.0,1.6094379124341003,,3.0,7.0,8.0,0.0,1.3862943611198906,2.0794415416798357,2.1972245773362196,,4.0,1.0,,,,0.0,0.0,0.0
rVWOdAB19MI_first48h,rVWOdAB19MI,UCKd-j95bXlOhXa0m-guwUNg,2026-05-29 17:15:29+00:00,179,Gaming,17.0,False,82,13,2060.0,7.630946580890459,,9.0,11.0,11.0,0.0,2.302585092994046,2.4849066497880004,2.4849066497880004,,2.0,0.0,,2.0,,0.18181818181818182,0.0,0.18181818181818182
vSoyUSLNZaE_first48h,vSoyUSLNZaE,UCLZbqoB9tcrrDTNElSP9Y0Q,2026-05-29 17:18:08+00:00,1623,Gaming,17.0,False,66,13,881.0,6.782192056006791,,0.9157303370786517,225.0,257.0,0.0,0.6500989269914317,5.420534999272286,5.552959584921617,,224.08426966292134,32.0,,,,0.0,0.0,0.0
Q1L-4VRbqtA_first48h,Q1L-4VRbqtA,UCgHqr968SKNmw9KZUDHiWJQ,2026-05-29 17:11:41+00:00,9117,Gaming,17.0,False,40,0,20600.0,9.933094897288786,,3600.6516853932585,3632.0,3642.0,0.0,8.189147820725102,8.197814032221203,8.200562797008564,,31.348314606741496,10.0,,115.0,,0.03157605711147721,0.0,0.03157605711147721
LeOIQoAz3KU_first48h,LeOIQoAz3KU,UCBMiWGfsy5_fVuYRRxmPWRQ,2026-05-29 17:07:48+00:00,2199,Gaming,17.0,False,55,0,317.0,5.762051382780177,,2.0,2.0,2.0,0.0,1.0986122886681098,1.0986122886681098,1.0986122886681098,,0.0,0.0,,1.0,,0.5,0.0,0.5
KtrMNBNvqCY_first48h,KtrMNBNvqCY,UC3TQRUN7LLuEiWliTWhgyCg,2026-05-29 16:59:34+00:00,3911,Gaming,16.0,False,88,0,381.0,5.945420608606575,,328.0,332.0,332.0,0.0,5.796057750765372,5.808142489980444,5.808142489980444,,4.0,0.0,,5.0,,0.015060240963855422,0.0,0.015060240963855422
6nzZpGLg1o4_first48h,6nzZpGLg1o4,UC0AhdnL4UoseFVCsAL2X59A,2026-05-29 17:06:18+00:00,2932,People & Blogs,17.0,False,76,37,73800.0,11.209127560632263,,232888.0,233404.8552301255,233433.0,0.0,12.358317224185972,12.3605340851957,12.360654660890313,,516.8552301255113,28.144769874488702,,441.0,2.0,0.0018891930446851988,8.567768910136956e-06,0.0018977608135953357
4oJZ5Drxa88_first48h,4oJZ5Drxa88,UChwh1KpZf0Y5KsmaCCMSt6A,2026-05-29 17:13:46+00:00,18593,Gaming,17.0,False,58,51,542000.0,13.20302312543853,,14458.018348623853,17089.69899665552,18469.183486238533,0.0,9.579073606037893,9.74628967618928,9.823913007428647,,2631.6806480316664,1379.4844895830138,,281.45621351125936,5.0,0.015239234247738867,0.0002707212261833622,0.015509955473922228
Gu2AjXRT_5Q_first48h,Gu2AjXRT_5Q,UCWpcV8iCnC5JDYtlsqkkFwA,2026-05-29 17:24:41+00:00,14621,Gaming,17.0,False,91,10,263.0,5.575949103146316,,55.9748427672956,60.0,60.0,0.0,4.042609815449056,4.110873864173311,4.110873864173311,,4.025157232704402,0.0,,1.0,,0.016666666666666666,0.0,0.016666666666666666
sFZyRAnXEDo_first48h,sFZyRAnXEDo,UCmorARX4_iz23iCYiXEeB1w,2026-05-29 17:13:54+00:00,8122,Entertainment,17.0,False,72,12,52800.0,10.874285408908944,,65.04545454545455,506.0643274853801,693.6882793017456,0.0,4.190343210211967,6.228637874212154,6.543463225959769,,441.01887293992553,187.62395181636555,,7.0,,0.010090987852708245,0.0,0.010090987852708245
SrBxwdsuYPE_first48h,SrBxwdsuYPE,UCUcpg5y1hBqbPR-4XuTq_2Q,2026-05-29 17:21:54+00:00,110,Gaming,17.0,False,74,12,16800.0,9.729193687429403,,3.0,19.0,24.0,0.0,1.3862943611198906,2.995732273553991,3.2188758248682006,,16.0,5.0,,5.0,,0.20833333333333334,0.0,0.20833333333333334
pEq7S4riRik_first48h,pEq7S4riRik,UCVH_aeHYl6n2T_Ms1lnHgxw,2026-05-29 17:19:17+00:00,0,Entertainment,17.0,False,68,0,2890.0,7.969357742016346,,0.0,113.0,124.0,0.0,0.0,4.736198448394496,4.8283137373023015,,113.0,11.0,,13.0,,0.10483870967741936,0.0,0.10483870967741936
2Ni5V2HrdRY_first48h,2Ni5V2HrdRY,UCMS-Bl9e81xMdKjSItwKqDA,2026-05-29 19:00:07+00:00,46,News & Politics,19.0,False,27,64,4110.0,8.321421586897879,,0.0,2.0,2.0,0.0,0.0,1.0986122886681098,1.0986122886681098,,2.0,0.0,,0.0,,0.0,0.0,0.0
XI7IJIs9Qto_first48h,XI7IJIs9Qto,UCMS-Bl9e81xMdKjSItwKqDA,2026-05-29 19:00:15+00:00,35,News & Politics,19.0,False,62,64,4110.0,8.321421586897879,,0.0,0.0,0.0,0.0,0.0,0.0,0.0,,0.0,0.0,,0.0,,0.0,0.0,0.0
aqqaqXIAOKw_first48h,aqqaqXIAOKw,UCMS-Bl9e81xMdKjSItwKqDA,2026-05-29 19:00:06+00:00,35,News & Politics,19.0,False,61,64,4110.0,8.321421586897879,,2.0,3.0,4.0,0.0,1.0986122886681098,1.3862943611198906,1.6094379124341003,,1.0,1.0,,0.0,,0.0,0.0,0.0
D0K19QH8t_w_first48h,D0K19QH8t_w,UCD9ka1QHdW5B4XibNY069Ng,2026-05-29 19:01:53+00:00,4437,People & Blogs,19.0,False,95,0,835.0,6.728628613084702,,2992.0,3025.0,3027.0,0.0,8.0040315078527,8.014996894348302,8.01565761455734,,33.0,2.0,,27.0,,0.008919722497522299,0.0,0.008919722497522299
792f8VRoqC0_first48h,792f8VRoqC0,UCiJQI_jFpNglw-sewLg5wPw,2026-05-29 19:00:11+00:00,125,People & Blogs,19.0,False,94,0,112.0,4.727387818712341,,0.0,23.0,24.0,0.0,0.0,3.1780538303479458,3.2188758248682006,,23.0,1.0,,0.0,,0.0,0.0,0.0
RDDQxJ5a0dU_first48h,RDDQxJ5a0dU,UCFe0zIh8H3aSQ8Y8aaldXwg,2026-05-29 19:00:39+00:00,1502,Gaming,19.0,False,96,33,20.0,3.044522437723423,,0.0,0.0,4.0,0.0,0.0,0.0,1.6094379124341003,,0.0,4.0,,2.0,,0.5,0.0,0.5
naEJqMvfQbA_first48h,naEJqMvfQbA,UCPgL6iFGdFI3n8SuboH3oig,2026-05-29 19:00:26+00:00,2847,Entertainment,19.0,False,91,1,5990.0,8.698013622083925,,1.0594059405940588,5.0,1368.2889637742207,0.0,0.7224175628600582,1.791759469228055,7.222046879548329,,3.9405940594059414,1363.2889637742207,,10.0,,0.007308397761549208,0.0,0.007308397761549208
Jp7WSBF5_Pc_first48h,Jp7WSBF5_Pc,UCLS1LOupDlBPrVeBzAJse-w,2026-05-29 19:00:12+00:00,569,People & Blogs,19.0,False,77,0,832.0,6.725033642166843,,0.0,0.0,0.0,0.0,0.0,0.0,0.0,,0.0,0.0,,0.0,,0.0,0.0,0.0
-33C4pGfikc_first48h,-33C4pGfikc,UC_f7ttDruDMot8fh0v7itzw,2026-05-29 19:03:16+00:00,2855,Entertainment,19.0,False,16,0,1370.0,7.223295679562314,,111.0,115.0,119.0,0.0,4.718498871295094,4.7535901911063645,4.787491742782046,,4.0,4.0,,10.0,1.0,0.08403361344537816,0.008403361344537815,0.09243697478991597
rywN5kOId6w_first48h,rywN5kOId6w,UCHBA57jUyETKYC4SnxoOS8w,2026-05-29 19:12:10+00:00,3438,Gaming,19.0,False,65,9,492.0,6.20050917404269,,244.0,245.0,245.0,0.0,5.501258210544727,5.5053315359323625,5.5053315359323625,,1.0,0.0,,,,0.0,0.0,0.0
jEOiD6SZ8Vk_first48h,jEOiD6SZ8Vk,UC-n3zWnMLLJr8Q15T6vbU3g,2026-05-29 19:07:51+00:00,3192,People & Blogs,19.0,False,82,20,1410.0,7.252053951852814,,9.0,9.0,12.0,0.0,2.302585092994046,2.302585092994046,2.5649493574615367,,0.0,3.0,,0.0,,0.0,0.0,0.0
HGHO7cVVbko_first48h,HGHO7cVVbko,UCJenlQ6sX3AptaBnSSscrlw,2026-05-29 19:03:31+00:00,793,People & Blogs,19.0,False,7,0,23400.0,10.060534035475412,,596.1978609625669,2000.1219512195123,2419.1923076923076,0.0,6.392248483881271,7.601463277863841,7.791602281982034,,1403.9240902569454,419.0703564727953,,512.6588628762541,82.65886287625418,0.21191323287782968,0.03416795870812904,0.2460811915859587
_VYKXsnVS9U_first48h,_VYKXsnVS9U,UCILXmITgY0IuTCHBpTHYyLw,2026-05-29 19:00:09+00:00,5214,People & Blogs,19.0,False,77,24,1470.0,7.293697720601438,,1.0,566.0,987.0,0.0,0.6931471805599453,6.340359303727752,6.895682697747868,,565.0,421.0,,5.0,1.0,0.005065856129685917,0.0010131712259371835,0.0060790273556231
gdr051P_nIE_first48h,gdr051P_nIE,UC6duK5pWAnsghAnVndCjIEA,2026-05-29 19:10:49+00:00,35771,Gaming,19.0,False,18,7,315.0,5.755742213586912,,1359.539603960396,1361.0,1360.0,0.0,7.215636667656579,7.216709486709457,7.215975002651466,,1.4603960396038929,0.0,,17.0,,0.0125,0.0,0.0125
kdRHYQ1MEek_first48h,kdRHYQ1MEek,UCSC-2AO4J04bQgIws5Fj4Vw,2026-05-29 19:15:07+00:00,8858,Gaming,19.0,False,53,0,52000.0,10.859018228147887,,51761.60396039604,51846.0,51734.0,0.0,10.854423236263225,10.856052352774507,10.853889814039052,,84.39603960396198,0.0,,1190.0,,0.02300228089844203,0.0,0.02300228089844203
Ny4xrbNvNTY_first48h,Ny4xrbNvNTY,UCf0jyMJxnIgwfqqojNFUdiQ,2026-05-29 19:05:32+00:00,3784,Gaming,19.0,False,94,2,642000.0,13.372345140303285,,130878.7881773399,131024.0,130986.2195945946,0.0,11.782034533385843,11.783143423670367,11.782855037077363,,145.21182266010146,0.0,,5988.0,,0.045714732576701576,0.0,0.045714732576701576
dBPhUCUVJjc_first48h,dBPhUCUVJjc,UCJA-ySshmTitzQqww96buVA,2026-05-29 19:04:16+00:00,14856,Gaming,19.0,False,65,0,15100.0,9.62251624577579,,1590.0,1609.0,1615.0,0.0,7.372118028337787,7.383989457978509,7.38770923908104,,19.0,6.0,,317.0,,0.19628482972136224,0.0,0.19628482972136224
67oRmKG3CuM_first48h,67oRmKG3CuM,UCgUcR0bvoIiIXrPtFBPI1bQ,2026-05-29 19:16:57+00:00,12338,Entertainment,19.0,False,78,0,935.0,6.841615476477592,,21214.0,21219.0,21224.0,0.0,9.962463757636426,9.962699412167973,9.962935011179548,,5.0,5.0,,176.0,,0.008292499057670561,0.0,0.008292499057670561
OAzaCzVDEZ4_first48h,OAzaCzVDEZ4,UCoLyxcukjae4SyxiO7uU5tg,2026-05-29 19:07:20+00:00,4494,People & Blogs,19.0,False,81,0,2340.0,7.75833346749091,,423.0,423.0,424.0,0.0,6.049733455231958,6.049733455231958,6.052089168924417,,0.0,1.0,,12.0,,0.02830188679245283,0.0,0.02830188679245283
eC3maUhMl3g_first48h,eC3maUhMl3g,UCX9MdHO9vatVhQ68VfC75qA,2026-05-29 19:18:23+00:00,9342,Gaming,19.0,False,32,6,136.0,4.919980925828125,,95.0,100.39366883116882,101.0,0.0,4.564348191467836,4.61901065164534,4.624972813284271,,5.393668831168824,0.6063311688311757,,3.0,,0.0297029702970297,0.0,0.0297029702970297
5UN26sbZA3o_first48h,5UN26sbZA3o,UClErHbdZKUnD1NyIUeQWvuQ,2026-05-29 21:00:35+00:00,179,News & Politics,21.0,False,44,24,1170000.0,13.972515161474428,,14426.75939849624,49251.38328792007,64069.56596091205,0.0,9.5769093658722,10.804713037062292,11.067740348071688,,34824.623889423834,14818.182672991978,,584.2630293159609,77.0,0.009119197555863132,0.0012018186614058948,0.010321016217269028
lWIII0lIv88_first48h,lWIII0lIv88,UCERTKUMXl6x8G79BmG6KtpQ,2026-05-29 21:04:56+00:00,1423,Howto & Style,21.0,False,85,51,2180000.0,14.594835893480763,,737.1567164179104,4679.114545454546,7158.685245901639,0.0,6.60415615492659,8.451077864136646,8.876221298918816,,3941.9578290366353,2479.5707004470933,,284.6983606557377,31.0,0.03976964356949875,0.004330404108456585,0.044100047677955334
rOhq24BIoJU_first48h,rOhq24BIoJU,UCxUmJSN1YYkK-XXQ4p-qnHA,2026-05-29 21:06:15+00:00,613,Gaming,21.0,False,73,0,54.0,4.007333185232471,,3.0,4.0,12.0,0.0,1.3862943611198906,1.6094379124341003,2.5649493574615367,,1.0,8.0,,2.0,,0.16666666666666666,0.0,0.16666666666666666
ijDYTS9-Sc4_first48h,ijDYTS9-Sc4,UChGYNeCS9AmTQ-dbHHMdlhw,2026-05-29 21:00:15+00:00,4126,People & Blogs,21.0,False,95,0,1560.0,7.353081920515432,,2.8917910447761193,621.5945454545455,1061.0,0.0,1.3588694744899157,6.4338954970544915,6.967909201801884,,618.7027544097693,439.4054545454545,,18.0,1.0,0.016965127238454288,0.000942507068803016,0.017907634307257305
7KKQ9L-NoKo_first48h,7KKQ9L-NoKo,UCNngyMNoVYWlfeBnQ2BChuA,2026-05-29 21:00:06+00:00,1083,Film & Animation,21.0,False,71,0,5.0,1.791759469228055,,0.0,1.0,1.0,0.0,0.0,0.6931471805599453,0.6931471805599453,,1.0,0.0,,0.0,,0.0,0.0,0.0
pKgLTqdXxD0_first48h,pKgLTqdXxD0,UCaAj0cvEbcgsScBHXUz39yQ,2026-05-29 21:00:30+00:00,68,People & Blogs,21.0,False,59,0,272.0,5.60947179518496,,4.0,4.0,4.0,0.0,1.6094379124341003,1.6094379124341003,1.6094379124341003,,0.0,0.0,,1.0,,0.25,0.0,0.25
6vN3iHetLy0_first48h,6vN3iHetLy0,UCWGXle5lMVN2_Gol7d7ehLg,2026-05-29 21:06:13+00:00,0,Gaming,21.0,False,67,9,47900.0,10.776891660007811,,33945.604240282686,35417.88193202147,35368.407258064515,0.0,10.432544105606736,10.475000344831308,10.473602523734662,,1472.2776917387819,0.0,,78.0,1.0,0.0022053580030018134,2.82738205513053e-05,0.0022336318235531187
RldEJP7jb9M_first48h,RldEJP7jb9M,UCAfYfMovPcPm5RaAaSzcSqQ,2026-05-29 21:09:35+00:00,299,Entertainment,21.0,False,100,0,118.0,4.77912349311153,,1.0,3.0,3.0,0.0,0.6931471805599453,1.3862943611198906,1.3862943611198906,,2.0,0.0,,1.0,,0.3333333333333333,0.0,0.3333333333333333
Zi_3U4dBdr8_first48h,Zi_3U4dBdr8,UCPhuoopHgTkT1KESGjBy0UQ,2026-05-29 20:57:48+00:00,0,Travel & Events,20.0,False,40,25,977.0,6.885509670034818,,1.0,75.0,78.19365337672905,0.0,0.6931471805599453,4.330733340286331,4.3718961614772605,,74.0,3.1936533767290456,,5.0,,0.06394380853277835,0.0,0.06394380853277835
CzuYy5WOaFs_first48h,CzuYy5WOaFs,UCrIGSYWf5mLF8KBrg6uUVeA,2026-05-29 21:00:37+00:00,1063,People & Blogs,21.0,False,23,0,53.0,3.9889840465642745,,0.0,12.302158273381295,15.0,0.0,0.0,2.5879262982564333,2.772588722239781,,12.302158273381295,2.697841726618705,,3.0,2.0,0.2,0.13333333333333333,0.3333333333333333
cDR2_0InkJ8_first48h,cDR2_0InkJ8,UC7NDgazJaVpBk0BYQ7o5ASA,2026-05-29 21:22:12+00:00,0,Gaming,21.0,False,99,0,45900.0,10.734242182303689,,3060.8225255972693,8959.300979519145,8965.0,0.0,8.02676561424958,9.100559096868986,9.101194924715385,,5898.478453921875,5.699020480855324,,140.0,,0.015616285554935862,0.0,0.015616285554935862
1ugzDx0uDUo_first48h,1ugzDx0uDUo,UCtvdpCqLj_cdc9dWIJclqDQ,2026-05-29 21:30:24+00:00,1282,Entertainment,21.0,False,43,15,9.0,2.302585092994046,,0.0,0.0,0.0,0.0,0.0,0.0,0.0,,0.0,0.0,,0.0,,0.0,0.0,0.0
yTQPUaiRQ9g_first48h,yTQPUaiRQ9g,UC6yf4fnxPISZlouEnwS-JRg,2026-05-29 21:21:48+00:00,25902,Gaming,21.0,False,99,7,5360.0,8.586905803827538,,770.0,810.026690391459,818.4894480519481,0.0,6.647688373563329,6.698300964044232,6.708681522020386,,40.026690391459056,8.462757660489046,,83.0,1.0,0.10140631647426215,0.0012217628490874958,0.10262807932334965
6AtcJlCTU-0_first48h,6AtcJlCTU-0,UCQGICCCbbn1WNTFWDIKZXpw,2026-05-29 21:14:42+00:00,34956,Gaming,21.0,False,43,22,2550.0,7.844240718141811,,1420.0,1430.791327913279,1439.0,0.0,7.259116128097101,7.2666816161713434,7.272398392570047,,10.79132791327902,8.20867208672098,,16.0,,0.011118832522585128,0.0,0.011118832522585128
0hXeawBjdjE_first48h,0hXeawBjdjE,UCmorARX4_iz23iCYiXEeB1w,2026-05-29 23:04:15+00:00,6242,Entertainment,23.0,False,66,12,52800.0,10.874285408908944,,16.0,80.0,84.42644628099174,0.0,2.833213344056216,4.394449154672439,4.447655728276437,,64.0,4.42644628099174,,2.0,,0.023689259563804375,0.0,0.023689259563804375
Rq2k83EEn8g_first48h,Rq2k83EEn8g,UCjmsBzvisGU7ILqOJ08E59g,2026-05-29 23:18:42+00:00,4308,Gaming,23.0,False,66,4,98000.0,11.49273296168228,2833.0,2833.0,2852.0,2856.0,7.949444420250626,7.949444420250626,7.9561263512135,7.957527402230773,0.0,19.0,4.0,4.0,23.0,,0.008053221288515405,0.0,0.008053221288515405
ZwSEHS-_Izk_first48h,ZwSEHS-_Izk,UC0_z5GTrj1IZFkmMMg1rwLw,2026-05-29 23:06:36+00:00,6898,Gaming,23.0,False,47,1,333000.0,12.715900771961074,84.81294964028777,115.0,119.39765100671141,120.0,4.452169923313883,4.7535901911063645,4.790800022773365,4.795790545596741,30.18705035971223,4.397651006711413,0.6023489932885866,0.019953887051266335,8.0,,0.06666666666666667,0.0,0.06666666666666667
De6Rw-GxPN0_first48h,De6Rw-GxPN0,UC_Ta6OPkZKIxHKb60iGvLmw,2026-05-29 23:03:00+00:00,18546,Gaming,23.0,False,87,25,194.0,5.272999558563747,,239.0,245.0,245.0,0.0,5.480638923341991,5.5053315359323625,5.5053315359323625,,6.0,0.0,,6.0,,0.024489795918367346,0.0,0.024489795918367346
j9cAuTqV78M_first48h,j9cAuTqV78M,UCV-qZtDFhw86vQrmNwcWtdA,2026-05-29 23:19:54+00:00,3136,People & Blogs,23.0,False,24,0,3400.0,8.131824785007195,,64.0,70.0,73.0,0.0,4.174387269895637,4.2626798770413155,4.30406509320417,,6.0,3.0,,3.0,,0.0410958904109589,0.0,0.0410958904109589
U2iwNEJfRWw_first48h,U2iwNEJfRWw,UCG_mKXUHOnDU-pP6ZtY69xQ,2026-05-29 23:22:53+00:00,0,Gaming,23.0,False,70,6,2800.0,7.937731775260109,,,44.0,48.0,0.0,0.0,3.8066624897703196,3.8918202981106265,,,4.0,,10.0,,0.20833333333333334,0.0,0.20833333333333334
eGvccxXHiBY_first48h,eGvccxXHiBY,UC7jAMs7ojn1T4S11QDDrpjw,2026-05-30 01:19:55+00:00,1711,Education,1.0,False,50,0,2640.0,7.878912912297133,38.0,38.0,44.383846794338055,46.0,3.6635616461296463,3.6635616461296463,3.81515624425482,3.8501476017100584,0.0,6.383846794338055,1.616153205661945,1.616153205661945,,,0.0,0.0,0.0
NQ2MDlAJLQY_first48h,NQ2MDlAJLQY,UCVXyVZaghlQeF4sCo-tGbSQ,2026-05-30 01:21:38+00:00,113,People & Blogs,1.0,False,54,0,15.0,2.772588722239781,,0.0,3.0738916256157633,9.0,0.0,0.0,1.404598715981904,2.302585092994046,,3.0738916256157633,5.926108374384237,,3.0,,0.3333333333333333,0.0,0.3333333333333333
g0dIRjd53K4_first48h,g0dIRjd53K4,UCkRfArvrzheW2E7b6SVT7vQ,2026-05-30 01:08:04+00:00,205,Education,1.0,False,87,4,10100000.0,16.128046080821385,,4611.188191881919,20685.919540229886,27491.386287625417,0.0,8.436457685387747,9.937256873247458,10.221664383053064,,16074.731348347967,6805.466747395531,,3004.918060200669,877.2391304347826,0.10930398448306916,0.03190959965629855,0.14121358413936771
CPJZyM-tOpo_first48h,CPJZyM-tOpo,UCa0vGaTSTNsKBopJxnnK4pA,2026-05-30 02:57:59+00:00,123,People & Blogs,2.0,False,74,0,426.0,6.056784013228625,0.0,0.0,3.3168316831683162,98.0,0.0,0.0,1.4625217265077748,4.59511985013459,0.0,3.3168316831683162,94.68316831683168,94.68316831683168,0.0,,0.0,0.0,0.0
fbbhhn1wBN0_first48h,fbbhhn1wBN0,UCCpcp-ZlzZU4WAreMmAdgPQ,2026-05-30 03:00:03+00:00,62,People & Blogs,3.0,False,14,0,3.0,1.3862943611198906,,2.0,39.323574730354395,41.0,0.0,1.0986122886681098,3.6969362788201017,3.7376696182833684,,37.323574730354395,1.6764252696456055,,2.0,,0.04878048780487805,0.0,0.04878048780487805
QiPZWkqn7Mo_first48h,QiPZWkqn7Mo,UCgJbyVohLMt-yAmt3frUm2w,2026-05-30 03:00:36+00:00,105,People & Blogs,3.0,False,28,0,0.0,0.0,,0.0,1.0,1.0,0.0,0.0,0.6931471805599453,0.6931471805599453,,1.0,0.0,,0.0,,0.0,0.0,0.0
nNasUkJQH3g_first48h,nNasUkJQH3g,UClk8k4D7hkHMdAKezh6pr-w,2026-05-30 03:08:58+00:00,0,Gaming,3.0,False,75,16,101000.0,11.522885696764481,288.6934306569343,4163.425531914893,7378.079536679536,7389.0,5.6688232281527595,8.33433361757664,8.906404185788666,8.907883013942248,3874.732101257959,3214.654004764643,10.920463320463568,0.0028183789317765126,228.0,2.0,0.030856678846934632,0.0002706726214643389,0.03112735146839897
0PDpHpXaoC0_first48h,0PDpHpXaoC0,UCY-yVDTJWuwAq0R-0_EubQw,2026-05-30 11:07:48+00:00,14202,Gaming,11.0,False,79,30,124000.0,11.728044909070785,,22290.11320754717,22363.871339840283,22398.576470588236,0.0,10.011943367149327,10.015246763104606,10.016797330101356,,73.75813229311461,34.70513074795235,,717.0,,0.03201096288156968,0.0,0.03201096288156968
wAKQ5W06CVM_first48h,wAKQ5W06CVM,UCMYlXK0jyerVnc3dmz-vjCA,2026-05-29 18:54:22+00:00,57,News & Politics,18.0,True,24,5,543000.0,13.204866440535003,,,,309.0,0.0,0.0,0.0,5.736572297479192,,,,,1.0,,0.003236245954692557,0.0,0.003236245954692557
kgNkuOgSz0E_first48h,kgNkuOgSz0E,UCMYlXK0jyerVnc3dmz-vjCA,2026-05-30 02:40:12+00:00,61,News & Politics,2.0,True,78,2,543000.0,13.204866440535003,,,,7541.0,0.0,0.0,0.0,8.928242677818302,,,,,120.0,17.0,0.015913008884763293,0.0022543429253414665,0.01816735181010476
F_bFf0jsoUM_first48h,F_bFf0jsoUM,UCMYlXK0jyerVnc3dmz-vjCA,2026-05-29 18:57:16+00:00,27,News & Politics,18.0,True,23,2,543000.0,13.204866440535003,,,,94.0,0.0,0.0,0.0,4.553876891600541,,,,,3.0,2.0,0.031914893617021274,0.02127659574468085,0.05319148936170213
IgrL9hGxbKQ_first48h,IgrL9hGxbKQ,UCgnEwnB-WYp9DosoTYmS_7Q,2026-05-30 00:00:22+00:00,4,People & Blogs,0.0,True,97,0,351000.0,12.768544351446794,,,,11980.255230125524,0.0,0.0,0.0,9.391098643319724,,,,,40.82510460251046,4.0,0.003407699069703602,0.00033388270309480625,0.003741581772798408
gFknVBnDuhw_first48h,gFknVBnDuhw,UCp1KrVaZDZ7BOI_QBuTWWmg,2026-05-30 01:05:16+00:00,42,News & Politics,1.0,True,39,9,598000.0,13.301347705172173,,,,11266.559166666666,0.0,0.0,0.0,9.329683005641911,,,,,384.0,66.0,0.0340831654384868,0.005858044059739919,0.03994120949822672
d5l8zg6MOiU_first48h,d5l8zg6MOiU,UCP8YFuAGFPT544GT5JPBJdA,2026-05-30 02:48:19+00:00,15,Pets & Animals,2.0,True,40,0,1670.0,7.421177528595393,,,,5622.496569468268,0.0,0.0,0.0,8.634708914808906,,,,,,,0.0,0.0,0.0
x63vedgnMWw_first48h,x63vedgnMWw,UCp1KrVaZDZ7BOI_QBuTWWmg,2026-05-29 22:50:25+00:00,64,News & Politics,22.0,True,67,2,598000.0,13.301347705172173,,,,120.0,0.0,0.0,0.0,4.795790545596741,,,,,1.0,1.0,0.008333333333333333,0.008333333333333333,0.016666666666666666
jJlUNzirv-Y_first48h,jJlUNzirv-Y,UCp1KrVaZDZ7BOI_QBuTWWmg,2026-05-30 00:12:21+00:00,71,News & Politics,0.0,True,89,3,598000.0,13.301347705172173,,,,13543.46329113924,0.0,0.0,0.0,9.513733129602668,,,,,455.9341772151899,54.48354430379747,0.03366451899444975,0.00402286646573208,0.037687385460181834
J3jBZ5di3Ig_first48h,J3jBZ5di3Ig,UCp1KrVaZDZ7BOI_QBuTWWmg,2026-05-30 03:48:48+00:00,33,News & Politics,3.0,True,63,2,598000.0,13.301347705172173,,,,214352.27990235965,0.0,0.0,0.0,12.27538077352958,,,,,5451.161920260374,2068.2774613506917,0.02543085579842422,0.00964896413648047,0.035079819934904694
cyIdmBIf7LI_first48h,cyIdmBIf7LI,UCp1KrVaZDZ7BOI_QBuTWWmg,2026-05-30 02:27:27+00:00,51,News & Politics,2.0,True,22,3,598000.0,13.301347705172173,,,,349.79350541215655,0.0,0.0,0.0,5.860197746678292,,,,,11.0,,0.03144712474589504,0.0,0.03144712474589504
W1SDuEg_tr0_first48h,W1SDuEg_tr0,UCp1KrVaZDZ7BOI_QBuTWWmg,2026-05-29 21:11:25+00:00,42,News & Politics,21.0,True,80,2,598000.0,13.301347705172173,,,,166.90255986787778,0.0,0.0,0.0,5.123383810351295,,,,,1.0,,0.005991519847218718,0.0,0.005991519847218718
OzYkmS9cDWg_first48h,OzYkmS9cDWg,UCp1KrVaZDZ7BOI_QBuTWWmg,2026-05-30 01:28:13+00:00,42,News & Politics,1.0,True,70,2,598000.0,13.301347705172173,,,,499.0,0.0,0.0,0.0,6.214608098422191,,,,,6.0,2.0,0.012024048096192385,0.004008016032064128,0.01603206412825651
10LW9KUv6aA_first48h,10LW9KUv6aA,UCp1KrVaZDZ7BOI_QBuTWWmg,2026-05-29 23:52:12+00:00,119,News & Politics,23.0,True,35,2,598000.0,13.301347705172173,,,,123.0,0.0,0.0,0.0,4.820281565605037,,,,,3.0,,0.024390243902439025,0.0,0.024390243902439025
e-ebTSv0GCU_first48h,e-ebTSv0GCU,UCupvZG-5ko_eiXAupbDfxWw,2026-05-30 01:56:45+00:00,112,News & Politics,1.0,True,45,0,19600000.0,16.791040175221152,,,,130708.08474576271,0.0,0.0,0.0,11.780729405580518,,,,,1563.978813559322,510.9677966101695,0.011965432869752327,0.003909228703060268,0.015874661572812598
ot4mh-V3bZo_first48h,ot4mh-V3bZo,UCxXTyFekH99JnS3qaXIQW7A,2026-05-30 02:27:57+00:00,49,News & Politics,2.0,True,82,4,259000.0,12.464587201678082,,,,3562.0,0.0,0.0,0.0,8.178358165605836,,,,,86.0,6.0,0.024143739472206625,0.0016844469399213925,0.02582818641212802
E8bkgoY-eog_first48h,E8bkgoY-eog,UCxXTyFekH99JnS3qaXIQW7A,2026-05-29 22:30:18+00:00,37,News & Politics,22.0,True,57,3,259000.0,12.464587201678082,,,,406.0,0.0,0.0,0.0,6.008813185442595,,,,,4.0,,0.009852216748768473,0.0,0.009852216748768473
px7vPGeuRcY_first48h,px7vPGeuRcY,UCxXTyFekH99JnS3qaXIQW7A,2026-05-30 02:26:32+00:00,72,News & Politics,2.0,True,79,8,259000.0,12.464587201678082,,,,5917.0,0.0,0.0,0.0,8.685753832960154,,,,,64.0,46.0,0.010816292039885076,0.007774209903667399,0.018590501943552475
5cMfKfDT4_8_first48h,5cMfKfDT4_8,UCxXTyFekH99JnS3qaXIQW7A,2026-05-30 03:27:29+00:00,40,News & Politics,3.0,True,67,6,259000.0,12.464587201678082,,,,889.0,0.0,0.0,0.0,6.7912214627261855,,,,,9.0,,0.010123734533183352,0.0,0.010123734533183352
ZNGDAQtSx-o_first48h,ZNGDAQtSx-o,UCu0VKWciIfgmUj9eO_uGvVA,2026-05-30 09:00:16+00:00,19,People & Blogs,9.0,True,63,1,246000.0,12.413090879946887,,,,7187.150753768844,0.0,0.0,0.0,8.880189220661935,,,,,34.879396984924625,,0.0048530214795667595,0.0,0.0048530214795667595
42w3NjTeDic_first48h,42w3NjTeDic,UCKgAB8lqTbqbwXC-e6_9lhQ,2026-05-30 02:39:31+00:00,66,News & Politics,2.0,True,55,2,297000.0,12.601490784782536,,,,1223.0,0.0,0.0,0.0,7.1098794630722715,,,,,53.0,1.0,0.04333605887162715,0.0008176614881439084,0.044153720359771054
FpyGiW-QNZs_first48h,FpyGiW-QNZs,UCiBO4dvkDhFhP3wULb0mbGQ,2026-05-30 06:30:40+00:00,22,People & Blogs,6.0,True,45,0,117000.0,11.669937760751914,,,,35799.06960950764,0.0,0.0,0.0,10.485705116786557,,,,,250.62308998302208,1.0,0.007000826913011749,2.7933686850186087e-05,0.007028760599861935
-dP3BZAiABY_first48h,-dP3BZAiABY,UCiBO4dvkDhFhP3wULb0mbGQ,2026-05-30 04:30:38+00:00,11,People & Blogs,4.0,True,45,0,117000.0,11.669937760751914,,,,37812.95348837209,0.0,0.0,0.0,10.54043345339633,,,,,179.0,,0.004733827524344125,0.0,0.004733827524344125
I4AuchTp7OI_first48h,I4AuchTp7OI,UCiBO4dvkDhFhP3wULb0mbGQ,2026-05-30 05:30:05+00:00,13,People & Blogs,5.0,True,45,0,117000.0,11.669937760751914,,,,20721.0,0.0,0.0,0.0,9.938951216811697,,,,,122.0,,0.005887746730370156,0.0,0.005887746730370156
HZuSxS28YME_first48h,HZuSxS28YME,UCnGo9wgD2SuRTQTOaQsaUqg,2026-05-30 10:00:27+00:00,9,Entertainment,10.0,True,99,0,37200.0,10.524090921620362,,,,107.0,0.0,0.0,0.0,4.68213122712422,,,,,,,0.0,0.0,0.0
-5a3d620728_first48h,-5a3d620728,UCxQv2bOwx8y6nyj0cZxWNag,2026-05-30 14:47:04+00:00,12,Entertainment,14.0,True,95,0,12500.0,9.433563920090563,,,,2241.272430668842,0.0,0.0,0.0,7.715245108591222,,,,,8.0,,0.0035694009753257146,0.0,0.0035694009753257146
HBVV2i2CQFU_first48h,HBVV2i2CQFU,UCxQv2bOwx8y6nyj0cZxWNag,2026-05-30 14:51:16+00:00,3,Entertainment,14.0,True,97,0,12500.0,9.433563920090563,,,,2126.2873469387755,0.0,0.0,0.0,7.662602901016394,,,,,5.0,,0.002351516603434865,0.0,0.002351516603434865
qO_2bf6OcD8_first48h,qO_2bf6OcD8,UCp8V0coxnANxi3d6s-DLG8A,2026-05-30 13:30:54+00:00,9,Gaming,13.0,True,52,8,30000.0,10.308985993422082,,,,441208.0,0.0,0.0,0.0,12.997273965065487,,,,,7283.0,122.0,0.01650695363638012,0.0002765135718300665,0.016783467208210185
VOTHq2ohPak_first48h,VOTHq2ohPak,UC6AG81pAkf6Lbi_1VC5NmPA,2026-05-30 09:45:24+00:00,96,News & Politics,9.0,True,79,7,3280000.0,15.003354285238329,,,,20796.272727272728,0.0,0.0,0.0,9.942577138211458,,,,,222.9090909090909,125.63636363636364,0.010718703963559903,0.006041292364453421,0.016759996328013324
_JwLUtpVWFo_first48h,_JwLUtpVWFo,UC_DMT5OBL-Znu_gtFpWLXCw,2026-05-30 07:28:16+00:00,5,Pets & Animals,7.0,True,100,0,32.0,3.4965075614664802,,,,1520.0,0.0,0.0,0.0,7.327123292259293,,,,,4.0,,0.002631578947368421,0.0,0.002631578947368421
hTSJ68tWK-g_first48h,hTSJ68tWK-g,UCeY0bbntWzzVIaj2z3QigXg,2026-05-30 15:15:40+00:00,28,News & Politics,15.0,True,51,0,12000000.0,16.300417291085605,,,,13107.981324278438,0.0,0.0,0.0,9.481052871547961,,,,,250.9490662139219,62.0509337860781,0.019144753109246286,0.004733828363879962,0.02387858147312625
V1owTpqwJUQ_first48h,V1owTpqwJUQ,UCeY0bbntWzzVIaj2z3QigXg,2026-05-30 15:19:07+00:00,67,News & Politics,15.0,True,51,0,12000000.0,16.300417291085605,,,,20100.364785172704,0.0,0.0,0.0,9.90854299150192,,,,,1139.742207245156,33.0,0.05670256333287551,0.0016417612492457291,0.05834432458212124
